RecordID,LastName,FirstName,MiddleInit,DOB,SSN4,PrimaryPhone,SecondaryPhone,EmailAddr,AddressLine1,AddressLine2,City,St,Zipcode,LoadDate
VC000000,Allen,Sandra,,11-Feb-1946,7206,+12989631585,,,1998 Jefferson Dr,Apt 847,Franklin,WI,81572,2026-05-18
VC000001,Wright,Charles,U,09-08-1979,5201,991.349.5758,7403122838,,690 Park Blvd,Apt 304,Burlington,CO,55398,2026-05-09
VC000002,Williams,David,,10/12/1941,9426,(462) 605-7875,,,3318 Park Blvd,,Madison,MS,56637-5948,2026-05-12
VC000003,Brown,James,J,1983-02-23,1151,9643061456,+12248243732,james.brown72@gmail.com,1030 Valley Ln,Apt 972,Franklin,NC,67360,2026-05-10
VC000004,Garcia,Jessica,I,22-Oct-1980,3747,604-873-3970,712.769.6204,jessica.garcia41@icloud.com,7609 Cedar Ln,Apt 199,Madison,VT,43800,2026-05-05
VC000005,Adams,Daniel,N,08-22-1959,7420,+18515163893,,,4798 Sunset Blvd,Apt 781,Salem,VT,96653-4189,2026-05-19
VC000006,Scott,Jennifer,,10/02/2000,2574,685.236.6595,,,7120 Park Blvd,,Oxford,WY,70429,2026-05-21
VC000007,Harris,Anthony,D,1992-08-28,5515,(793) 588-1485,752-804-3206,anthony.harris1@outlook.com,6586 Oak Ave,,Arlington,TX,65543,2026-05-23
VC000008,Young,Jennifer,,15-Oct-1956,5141,5548148307,+16319501330,jennifer.young29@aol.com,4261 Washington St,,Oxford,NV,96667-3364,2026-05-29
VC000009,Jackson,Karen,,07-21-1943,1730,269-394-8495,,karen.jackson53@hotmail.com,8635 Sunset Blvd,Apt 180,Richmond,NY,32805,2026-05-25
VC000010,Allen,Betty,,08/24/1965,6542,+15739673326,,,1320 River Dr,Apt 188,Clinton,KY,43272,2026-05-27
VC000011,Williams,Daniel,H,1979-06-17,6823,446.778.2795,7695886104,daniel.williams23@icloud.com,9948 Main St,,Marion,CO,95826-9498,2026-05-28
VC000012,Williams,William,C,10-Jan-1984,2671,(737) 304-7980,,william.williams5@icloud.com,8130 Valley Ln,Apt 515,Clinton,OK,73053,2026-05-29
VC000013,Jones,William,J,06-18-1994,5654,9333523209,,william.jones54@icloud.com,3308 River Dr,Apt 475,Arlington,SC,55873,2026-06-02
VC000014,Smith,Thomas,T,10/24/1994,8250,363-753-9878,,thomas.smith4@aol.com,9511 Cedar Ln,,Springfield,MA,86555-7127,2026-06-02
VC000015,White,Mary,,1976-03-05,2499,+12953844095,,mary.white61@icloud.com,6231 Valley Ln,Apt 543,Franklin,MD,88077,2026-06-03
VC000016,Martin,Sandra,,01-Mar-1962,6749,932.273.5110,,sandra.martin75@icloud.com,6306 Park Blvd,,Oxford,PA,82791,2026-05-29
VC000017,Davis,Margaret,A,12-01-1949,1329,(358) 569-7233,,margaret.davis87@aol.com,4164 Lincoln Ave,,Oxford,OR,74866-7948,2026-05-19
VC000018,Nelson,John,,06/26/1990,9838,3732336235,,john.nelson80@gmail.com,9693 Jefferson Dr,,Franklin,ND,75407,2026-05-22
VC000019,Thompson,Daniel,X,1956-02-29,6617,895-415-6471,276.991.9460,daniel.thompson15@hotmail.com,3474 Lake Rd,,Arlington,SD,44360,2026-05-31
VC000020,Nelson,Charles,J,16-Oct-1999,7834,+13538732191,,charles.nelson66@icloud.com,4760 Jefferson Dr,Apt 479,Richmond,IL,80461-1873,2026-05-18
VC000021,Harris,John,M,10-02-1980,1477,580.904.3352,,,9067 Park Blvd,Apt 320,Georgetown,KY,94200,2026-05-17
VC000022,Wright,James,,09/01/1941,9253,(203) 629-3118,,james.wright17@yahoo.com,3188 Washington St,Apt 692,Salem,FL,46489,2026-05-10
VC000023,Brown,Lisa,Y,1994-08-18,4060,5709479016,+13507275796,,3346 Main St,,Franklin,IL,92284-8816,2026-06-03
VC000024,Thomas,John,R,19-Dec-1997,7134,338-959-2104,,john.thomas11@icloud.com,8623 Park Blvd,,Greenville,VT,91972,2026-05-25
VC000025,Johnson,Susan,Q,07-21-1967,3523,+15062942407,,susan.johnson66@hotmail.com,4459 Cedar Ln,Apt 216,Franklin,IL,53667,2026-05-28
VC000026,King,Linda,,01/07/2003,4151,226.951.9350,6839139489,,4384 Hill Rd,,Georgetown,MI,69812-9209,2026-05-21
VC000027,Smith,Barbara,O,1972-12-13,4189,(302) 608-5405,,,7692 Main St,,Marion,SC,11971,2026-05-12
VC000028,Scott,Anthony,V,20-Apr-1941,6054,8569632114,,anthony.scott55@aol.com,9092 River Dr,,Clinton,AK,71900,2026-05-25
VC000029,Adams,Patricia,O,11-12-1996,4564,352-843-2066,,,1377 Forest Ave,Apt 82,Marion,NE,48688-9155,2026-06-04
VC000030,White,Barbara,,02/05/1978,7167,+15929998034,(212) 792-9912,,2279 Park Blvd,,Greenville,PA,87723,2026-05-28
VC000031,Adams,John,,1960-12-19,4179,519.452.7184,4732907394,,8120 Hill Rd,,Georgetown,ND,69190,2026-05-19
VC000032,Martin,Thomas,,31-May-1972,9445,(220) 255-3295,,thomas.martin33@outlook.com,5163 Cedar Ln,Apt 741,Springfield,AL,91468-7700,2026-05-24
VC000033,Nguyen,Sarah,,12-28-1983,8482,3045214046,+19088194226,,8214 Park Blvd,,Greenville,NJ,59814,2026-06-01
VC000034,Jackson,Jessica,W,02/04/1944,6054,466-255-5396,857.554.2894,jessica.jackson55@outlook.com,7955 Washington St,Apt 527,Fairview,MI,93396,2026-05-05
VC000035,Adams,Robert,,1966-06-06,4791,+12713277570,,robert.adams76@gmail.com,9434 Forest Ave,,Georgetown,IA,18080-4392,2026-05-09
VC000036,Taylor,Ashley,,31-May-1962,5757,591.247.3988,,ashley.taylor79@aol.com,564 Jefferson Dr,,Fairview,KY,88661,2026-05-15
VC000037,Hill,Robert,,12-14-2003,7948,(897) 848-1506,,,5495 Park Blvd,,Oxford,ID,58336,2026-05-30
VC000038,Brown,James,,03/31/1976,5306,4632252928,,james.brown68@yahoo.com,3660 Lincoln Ave,,Marion,WA,14168-7653,2026-05-11
VC000039,Taylor,Nancy,Y,1984-05-27,6762,411-558-5057,,nancy.taylor83@hotmail.com,8240 Washington St,,Franklin,CA,53309,2026-05-17
VC000040,Allen,David,T,24-Mar-1994,4366,+14289007809,(664) 794-2268,david.allen13@hotmail.com,9396 Lincoln Ave,,Madison,NM,43147,2026-05-24
VC000041,Wright,Karen,Q,03-18-1943,3163,421.941.6997,5634258436,,6860 Oak Ave,,Richmond,CA,34899-3130,2026-06-03
VC000042,Miller,Lisa,D,04/08/1971,7608,(889) 790-4132,892-770-1957,lisa.miller57@gmail.com,2281 Park Blvd,Apt 436,Burlington,UT,85934,2026-05-27
VC000043,Allen,Ashley,I,1971-08-20,3852,7256859290,+13422653666,,8765 Maple Dr,,Manchester,OK,18954,2026-05-21
VC000044,Taylor,Sarah,Z,10-Aug-1948,6226,765-438-9726,471.574.8140,sarah.taylor43@gmail.com,8717 Valley Ln,Apt 34,Oxford,VA,52151-8925,2026-05-13
VC000045,Smith,Barbara,I,12-02-1980,6129,+18038746907,,barbara.smith71@outlook.com,7508 Cedar Ln,,Clinton,KS,93814,2026-05-21
VC000046,Martin,Richard,,01/02/1944,5741,718.678.4324,,,9328 Park Blvd,Apt 78,Burlington,KY,72629,2026-05-29
VC000047,Williams,Jennifer,G,1988-08-29,8229,(360) 383-4271,283-588-8202,jennifer.williams2@yahoo.com,8044 Oak Ave,Apt 610,Arlington,MD,29289-2587,2026-05-25
VC000048,Torres,Richard,,14-Dec-1945,2767,5533886796,+17937475632,richard.torres72@icloud.com,6990 Forest Ave,,Fairview,IA,91715,2026-05-16
VC000049,Walker,Nancy,L,01-26-1943,7308,978-334-6373,,nancy.walker74@hotmail.com,6915 Lake Rd,,Dayton,GA,85938,2026-05-13
VC000050,Jackson,Michael,,12/16/1961,3018,+16925173001,,michael.jackson36@gmail.com,9187 Cedar Ln,,Marion,NH,69222-8220,2026-05-06
VC000051,Miller,Jennifer,K,1956-03-10,3979,318.460.6499,,jennifer.miller49@yahoo.com,4434 Sunset Blvd,,Clinton,CO,57505,2026-05-31
VC000052,Nelson,Mary,R,25-Jan-1993,7113,(251) 833-5451,,mary.nelson59@yahoo.com,8448 Main St,,Burlington,IL,59877,2026-05-15
VC000053,Taylor,Joseph,,01-28-1998,5631,7983041120,+19545909672,joseph.taylor80@outlook.com,8381 Sunset Blvd,,Richmond,MS,83591-4504,2026-05-16
VC000054,White,Jennifer,W,06/17/1954,3781,954-357-1893,,jennifer.white77@icloud.com,3784 Oak Ave,,Georgetown,CT,92345,2026-06-03
VC000055,Taylor,Margaret,,1988-12-12,9759,+16713618318,,margaret.taylor32@aol.com,8011 Valley Ln,Apt 233,Burlington,OR,57211,2026-05-26
VC000056,Williams,Christopher,,07-Sep-1989,7562,310.299.9909,8983857036,christopher.williams60@hotmail.com,1238 Lincoln Ave,Apt 310,Dayton,MN,60631-5076,2026-05-15
VC000057,Thompson,Nancy,I,01-10-1997,3985,(946) 423-2960,,nancy.thompson73@yahoo.com,3920 Hill Rd,,Salem,AK,43977,2026-05-15
VC000058,Jones,Ashley,N,12/27/1946,4970,9228977160,+17749712109,,2411 Lake Rd,,Georgetown,TN,77887,2026-05-29
VC000059,Jackson,James,X,2001-05-22,3582,970-528-5273,213.204.9083,james.jackson65@gmail.com,137 Jefferson Dr,,Oxford,ND,57781-6363,2026-05-30
VC000060,Baker,Charles,D,09-May-2003,9830,+18607545151,,charles.baker43@outlook.com,327 Main St,,Clinton,WI,55062,2026-05-19
VC000061,Nelson,Mark,Y,01-04-1983,7774,809.947.3809,,mark.nelson75@yahoo.com,793 Oak Ave,Apt 615,Greenville,TN,72305,2026-05-29
VC000062,Williams,Robert,R,07/12/1942,4783,(212) 684-6022,,,4370 Cedar Ln,,Salem,DE,16162-9142,2026-05-24
VC000063,Wright,Barbara,W,1981-05-20,6544,3076905816,+14657008279,barbara.wright25@icloud.com,1338 Jefferson Dr,Apt 162,Clinton,TN,42775,2026-05-21
VC000064,Hill,William,,18-Jun-1991,3635,675-652-9195,340.768.3603,william.hill66@gmail.com,9665 Valley Ln,,Greenville,KY,62945,2026-05-17
VC000065,Davis,Robert,X,09-21-1985,3511,+17764108338,,robert.davis59@outlook.com,6988 Oak Ave,Apt 824,Madison,TN,65979-9285,2026-05-19
VC000066,Wilson,Nancy,E,04/24/1966,9274,721.209.7375,6894275504,nancy.wilson87@aol.com,3811 Hill Rd,,Richmond,IN,67900,2026-05-30
VC000067,Garcia,Betty,,1983-10-01,3432,(720) 715-3732,,betty.garcia72@hotmail.com,998 Main St,,Clinton,AK,70275,2026-05-11
VC000068,Walker,Barbara,F,13-Jul-1965,9806,2104394945,+15478404035,,5593 Cedar Ln,,Springfield,AK,39600-9850,2026-05-06
VC000069,Brown,Ashley,,01-05-1977,5429,917-834-2527,293.528.4531,,2617 Main St,,Dayton,WV,77966,2026-05-12
VC000070,Young,David,,01/31/1946,6657,+16415645915,,david.young19@outlook.com,6364 Jefferson Dr,,Arlington,SC,86910,2026-05-10
VC000071,Miller,Patricia,E,1993-12-02,5869,809.777.3440,7745635189,,9783 Sunset Blvd,,Franklin,UT,64904-2456,2026-06-04
VC000072,Smith,John,,30-Jul-1989,2902,(362) 672-4762,726-730-6987,john.smith82@aol.com,1704 Oak Ave,Apt 534,Richmond,MT,60301,2026-05-19
VC000073,Martin,Jennifer,G,07-19-1952,9195,9124313163,,jennifer.martin69@aol.com,9473 Washington St,,Springfield,WI,98581,2026-05-25
VC000074,Johnson,Jennifer,K,12/14/1967,5822,541-553-2757,,jennifer.johnson78@aol.com,7412 Oak Ave,,Springfield,OK,79708-4187,2026-05-11
VC000075,Miller,John,M,1961-04-01,7744,+15816502311,,john.miller75@hotmail.com,7649 Sunset Blvd,,Oxford,VT,49934,2026-05-16
VC000076,King,Nancy,,15-Dec-1975,7557,836.474.2522,8923774560,,6106 Jefferson Dr,,Georgetown,ID,24920,2026-05-13
VC000077,Jackson,Ashley,,08-03-1942,9037,(668) 868-2396,371-696-7315,,9523 Lake Rd,Apt 386,Dayton,NC,80173-1592,2026-06-02
VC000078,Miller,Daniel,C,08/02/1979,1914,4575599298,,daniel.miller39@yahoo.com,8789 Sunset Blvd,Apt 490,Marion,GA,26874,2026-05-16
VC000079,Walker,Lisa,S,1984-05-12,4677,653-241-5028,945.245.5250,lisa.walker42@yahoo.com,8979 Maple Dr,Apt 295,Dayton,LA,13454,2026-05-11
VC000080,Davis,Matthew,,18-Jun-1965,2228,+17316037454,,,6839 Park Blvd,,Madison,IL,26001-8620,2026-05-17
VC000081,Brown,William,,05-18-1959,6526,973.372.1644,,,7258 River Dr,,Georgetown,CT,39223,2026-05-31
VC000082,Harris,Christopher,R,11/05/1958,9631,(612) 373-6579,955-399-6775,christopher.harris28@outlook.com,3011 Forest Ave,Apt 238,Marion,PA,69816,2026-05-29
VC000083,Garcia,Daniel,,1972-07-06,6017,7552683669,,,375 Sunset Blvd,Apt 381,Georgetown,NY,76979-2519,2026-05-28
VC000084,King,Margaret,T,17-Dec-1944,6983,283-406-8947,,margaret.king82@gmail.com,1883 Jefferson Dr,Apt 649,Georgetown,MI,50540,2026-05-11
VC000085,Jackson,Barbara,B,12-22-1972,3405,+19895488996,(706) 911-8313,barbara.jackson86@hotmail.com,796 Main St,,Dayton,TN,11334,2026-06-01
VC000086,Hall,Karen,,02/05/1983,2409,974.707.8483,8055912323,karen.hall7@aol.com,8795 Maple Dr,Apt 260,Manchester,FL,89247-6908,2026-05-23
VC000087,Johnson,Daniel,J,1943-04-03,2669,(458) 651-5173,,daniel.johnson52@yahoo.com,2799 Sunset Blvd,,Richmond,NY,30132,2026-06-02
VC000088,Scott,Robert,B,18-Jul-1962,1745,5827773082,,robert.scott16@yahoo.com,7209 Valley Ln,,Salem,MT,10592,2026-05-13
VC000089,Thompson,Sarah,E,01-29-1947,9915,607-285-7622,315.863.8132,,4139 Sunset Blvd,Apt 295,Burlington,DE,36968-6542,2026-05-31
VC000090,Davis,David,C,07/04/1988,5982,+14982911808,,david.davis23@aol.com,8392 Park Blvd,,Dayton,MD,43308,2026-05-24
VC000091,Garcia,Sarah,P,1949-11-25,8963,243.466.2131,4432339645,,2852 Hill Rd,Apt 164,Franklin,NM,75524,2026-05-20
VC000092,Nguyen,Daniel,G,17-Nov-1941,6746,(316) 551-4740,,daniel.nguyen8@icloud.com,9364 Hill Rd,Apt 14,Dayton,NJ,45144-2279,2026-05-30
VC000093,Walker,Susan,,04-08-1979,9351,5294817811,,susan.walker53@outlook.com,3544 Hill Rd,,Dayton,SC,65696,2026-05-24
VC000094,Young,Joseph,U,12/04/1942,5685,644-316-1999,283.785.3452,,2854 River Dr,,Georgetown,NH,29766,2026-05-05
VC000095,King,Barbara,,1974-04-02,7294,+16056172365,,barbara.king90@gmail.com,5599 Hill Rd,Apt 307,Burlington,VT,31621-8650,2026-05-12
VC000096,Scott,Patricia,R,13-Jun-1963,7181,241.270.9623,4245377198,patricia.scott85@aol.com,837 Hill Rd,Apt 728,Dayton,AK,33034,2026-05-27
VC000097,Torres,Mark,,08-02-1989,1428,(278) 818-9421,594-398-2844,mark.torres71@outlook.com,6567 Lincoln Ave,Apt 450,Oxford,WV,84427,2026-05-31
VC000098,Hill,Michael,,10/30/1957,2856,8518008969,,michael.hill40@hotmail.com,1308 Cedar Ln,Apt 618,Arlington,NE,51276-7171,2026-05-05
VC000099,Jackson,Thomas,,1978-05-19,5718,553-236-8680,335.642.8583,,7411 Park Blvd,,Fairview,WY,32837,2026-05-05
VC000100,Baker,Daniel,C,13-Jan-1946,8230,+18739819065,(408) 294-3921,daniel.baker85@outlook.com,6257 Maple Dr,,Manchester,WV,85141,2026-05-06
VC000101,Smith,Robert,K,05-20-1965,4781,590.436.1927,2308644545,robert.smith64@aol.com,1629 Lake Rd,,Salem,AZ,28874-4213,2026-05-27
VC000102,Scott,Matthew,M,05/06/1951,4717,(472) 407-2514,,,2856 Main St,,Burlington,PA,94584,2026-05-26
VC000103,Davis,Jennifer,U,2002-12-17,1333,4399552890,+15846092584,,5454 Maple Dr,Apt 291,Franklin,KS,78422,2026-05-20
VC000104,Martin,Joseph,C,17-Dec-1956,8295,532-647-5534,,joseph.martin56@aol.com,4141 Washington St,,Salem,TX,89446-3146,2026-05-28
VC000105,Smith,William,,05-05-1966,4245,+17255666585,,william.smith46@outlook.com,9900 Jefferson Dr,,Burlington,NY,94544,2026-05-19
VC000106,Nelson,Lisa,,02/04/1999,2222,219.242.9187,8339964201,,9864 Park Blvd,,Franklin,OK,58609,2026-05-11
VC000107,Jackson,Jennifer,E,1992-09-30,8708,(924) 988-5144,394-566-2130,jennifer.jackson34@gmail.com,5044 Valley Ln,,Arlington,KS,79954-5234,2026-06-03
VC000108,Thomas,Mary,C,05-Oct-1950,9536,8048645325,+19683809934,,8371 Valley Ln,,Marion,IA,10864,2026-05-10
VC000109,Smith,Matthew,,03-28-1940,8281,514-224-7271,,matthew.smith24@outlook.com,2621 Hill Rd,,Greenville,NC,52664,2026-05-21
VC000110,Miller,Patricia,T,01/07/1995,6549,+14773445641,,patricia.miller71@hotmail.com,9406 Cedar Ln,Apt 753,Greenville,CA,50812-5751,2026-05-11
VC000111,Davis,Christopher,,1996-08-29,3537,958.260.2153,,christopher.davis56@yahoo.com,7194 Jefferson Dr,,Arlington,RI,78129,2026-05-28
VC000112,Taylor,William,,09-Jun-1995,7790,(966) 245-5344,,,3251 Forest Ave,Apt 910,Salem,AZ,31883,2026-05-13
VC000113,Hall,Sandra,X,10-03-1997,5405,2105738753,+16527332203,sandra.hall40@outlook.com,1089 River Dr,Apt 712,Salem,MI,39257-1841,2026-05-08
VC000114,Garcia,Nancy,B,12/25/1993,8286,380-714-5933,,nancy.garcia25@yahoo.com,6963 Lincoln Ave,Apt 735,Richmond,MT,25658,2026-05-20
VC000115,Martin,Mary,G,2000-01-21,4447,+15629785808,,mary.martin42@yahoo.com,2748 Washington St,,Fairview,NV,58525,2026-06-01
VC000116,Taylor,Matthew,M,06-Feb-1948,2062,304.719.4954,,matthew.taylor83@icloud.com,1010 Forest Ave,,Richmond,DE,44301-7826,2026-06-02
VC000117,Anderson,Ashley,,07-07-1977,3979,(459) 323-3113,594-762-9112,ashley.anderson66@hotmail.com,7135 Cedar Ln,Apt 438,Greenville,TN,94823,2026-05-06
VC000118,Nelson,Anthony,J,08/27/1987,1706,9338019050,,anthony.nelson77@icloud.com,9804 Cedar Ln,,Oxford,OH,29198,2026-06-04
VC000119,Adams,Margaret,,1974-01-02,3686,394-751-7763,981.614.4527,,3840 Jefferson Dr,,Springfield,GA,91654-3663,2026-05-10
VC000120,Jones,Anthony,,16-Feb-1944,4830,+18628969122,,anthony.jones78@yahoo.com,7805 Lake Rd,,Marion,SC,78527,2026-05-30
VC000121,Hall,Mark,D,11-12-1947,9869,713.518.6340,8204749807,mark.hall79@aol.com,2884 Jefferson Dr,,Burlington,NM,64334,2026-05-22
VC000122,Wright,Ashley,D,09/19/1994,6724,(328) 220-1398,,,4474 Maple Dr,,Salem,MO,52351-9922,2026-05-07
VC000123,Walker,Mary,J,1989-06-05,6138,7228048743,+12533865974,mary.walker50@aol.com,9166 Cedar Ln,Apt 33,Georgetown,AZ,67466,2026-05-14
VC000124,Thomas,Margaret,I,16-May-1993,3980,459-719-2670,458.448.1112,,7450 Lake Rd,,Manchester,IN,99737,2026-05-17
VC000125,Hall,Richard,,03-02-1946,3147,+15198652401,,,9993 Forest Ave,,Salem,AL,39727-3694,2026-05-14
VC000126,White,Joseph,,07/10/1977,5392,636.644.1641,,,4551 Lake Rd,,Richmond,AZ,90683,2026-05-28
VC000127,Adams,Robert,W,1970-04-03,2151,(216) 271-5553,454-800-7410,robert.adams96@yahoo.com,5765 Sunset Blvd,,Fairview,NV,44733,2026-05-10
VC000128,Harris,Margaret,,21-Aug-2000,5440,3795664754,,,2308 Main St,Apt 726,Fairview,NJ,34116-2251,2026-05-13
VC000129,Johnson,John,Z,01-05-2000,8798,601-547-9229,,john.johnson18@gmail.com,76 Hill Rd,,Salem,GA,59609,2026-05-13
VC000130,King,Richard,H,03/11/1997,1077,+14034747680,(669) 792-8411,richard.king86@hotmail.com,3093 Forest Ave,,Franklin,MO,45796,2026-05-18
VC000131,Walker,Matthew,L,1954-06-08,4626,547.741.9978,,,1544 Lincoln Ave,Apt 64,Burlington,NE,91910-8119,2026-05-27
VC000132,Miller,Karen,,04-Jan-1961,2985,(953) 336-2631,,,1497 Sunset Blvd,,Fairview,MT,85075,2026-05-23
VC000133,Young,Nancy,,07-23-1994,4197,2256114610,,,7307 Lake Rd,,Franklin,MA,17213,2026-06-04
VC000134,Brown,Thomas,A,07/28/1967,6469,710-688-6734,316.512.5668,thomas.brown76@hotmail.com,58 Jefferson Dr,,Arlington,AZ,35405-2904,2026-06-02
VC000135,Martin,Sandra,U,1950-07-09,2589,+14445735471,(530) 855-5771,sandra.martin54@icloud.com,8514 Washington St,Apt 239,Springfield,NH,49705,2026-05-18
VC000136,Smith,Anthony,B,14-Feb-2000,8723,236.607.3379,,,6000 Main St,,Arlington,SC,20553,2026-05-12
VC000137,Hall,Susan,H,04-15-1961,1686,(776) 589-5573,328-444-1525,susan.hall10@hotmail.com,8635 Jefferson Dr,,Fairview,KY,49216-4721,2026-05-30
VC000138,Baker,Charles,S,12/08/1955,4806,9108535683,,,8005 Forest Ave,,Madison,MN,76088,2026-05-08
VC000139,Davis,William,L,1952-01-15,9475,428-388-4640,543.571.1147,,1537 Park Blvd,,Oxford,IA,89234,2026-05-26
VC000140,Taylor,Matthew,O,19-Oct-1962,6046,+18715653050,,matthew.taylor13@aol.com,5269 Forest Ave,,Franklin,UT,53691-9277,2026-05-20
VC000141,Thomas,Sarah,L,10-20-1978,3380,832.815.4445,7038227334,sarah.thomas22@icloud.com,9904 Oak Ave,Apt 26,Clinton,NC,91222,2026-05-06
VC000142,Baker,Nancy,Z,08/31/1950,1160,(704) 267-8674,,,2483 Oak Ave,Apt 387,Greenville,NC,41968,2026-05-12
VC000143,Williams,Betty,,1981-01-09,1367,4022104387,,,4844 Sunset Blvd,Apt 21,Franklin,NH,38728-9386,2026-05-27
VC000144,Thomas,Anthony,K,27-Jan-1943,4755,717-780-2930,,anthony.thomas60@aol.com,2883 Washington St,Apt 974,Fairview,WI,13254,2026-06-03
VC000145,Young,Thomas,,11-03-1958,2000,+16995055834,,thomas.young86@hotmail.com,6932 Lake Rd,Apt 118,Oxford,MN,84845,2026-05-22
VC000146,Wright,Richard,,01/09/1992,7503,344.960.5568,,richard.wright38@yahoo.com,4996 Washington St,Apt 908,Oxford,OR,58788-5001,2026-05-31
VC000147,Taylor,Joseph,,1952-11-11,4136,(714) 947-1034,,,3541 River Dr,Apt 509,Dayton,NJ,94376,2026-06-02
VC000148,White,Anthony,,01-Apr-1961,1432,6143053520,,,2767 Jefferson Dr,,Greenville,OH,95079,2026-05-30
VC000149,Williams,James,,04-07-1997,4005,306-354-8712,649.542.6068,james.williams14@hotmail.com,2820 Lake Rd,Apt 848,Oxford,ID,24213-5049,2026-05-19
VC000150,Taylor,Karen,Q,07/06/1944,5740,+12959894979,,,3774 Lincoln Ave,Apt 91,Springfield,AR,94740,2026-05-14
VC000151,Young,Matthew,R,1945-06-06,5145,394.390.5207,4642989153,matthew.young81@yahoo.com,9227 Jefferson Dr,,Madison,IN,45305,2026-05-21
VC000152,Jackson,Daniel,G,24-Aug-1973,2247,(751) 590-2937,,daniel.jackson10@outlook.com,1671 Park Blvd,Apt 254,Clinton,AK,35984-5494,2026-05-13
VC000153,Miller,Patricia,,02-14-1971,8560,2184533554,,patricia.miller51@hotmail.com,4400 Hill Rd,,Salem,SD,35939,2026-06-02
VC000154,Williams,Linda,T,05/22/1954,2472,325-734-2418,,linda.williams60@icloud.com,3813 Main St,,Burlington,MO,26135,2026-05-16
VC000155,King,Mary,W,1982-04-05,8543,+14988215779,(458) 877-8856,mary.king14@hotmail.com,8423 Maple Dr,,Greenville,AL,30125-7061,2026-05-07
VC000156,Allen,Lisa,D,16-Sep-1965,1812,649.909.5148,3856747780,,805 Maple Dr,Apt 932,Clinton,IN,93444,2026-05-20
VC000157,Garcia,Joseph,,12-21-1984,2696,(348) 880-8566,,joseph.garcia68@aol.com,4970 Jefferson Dr,,Richmond,MA,81421,2026-05-18
VC000158,Brown,Ashley,T,07/17/1969,7388,4577082478,,ashley.brown75@aol.com,3901 Valley Ln,,Franklin,WY,51079-6448,2026-05-19
VC000159,Johnson,Matthew,B,2001-08-13,5681,754-933-6120,912.237.5008,,9644 Park Blvd,,Clinton,HI,48163,2026-05-28
VC000160,Nelson,Anthony,P,24-Apr-1950,2761,+14946188503,(821) 404-9260,anthony.nelson68@aol.com,2275 Park Blvd,,Salem,AL,51096,2026-05-19
VC000161,Nelson,William,,04-04-1941,9376,778.916.7513,,,7296 Oak Ave,,Dayton,VT,97908-5726,2026-05-12
VC000162,Jones,Linda,,08/09/1953,3437,(585) 422-9223,844-368-6260,linda.jones51@gmail.com,4605 Hill Rd,Apt 138,Franklin,DE,70101,2026-05-30
VC000163,Scott,Sarah,,1994-08-06,8148,5487032765,+18438029229,,7013 Cedar Ln,Apt 357,Burlington,MA,59420,2026-05-11
VC000164,Taylor,Sandra,I,22-Dec-1955,3099,781-634-5965,,,2545 River Dr,Apt 608,Oxford,FL,51955-9519,2026-05-17
VC000165,Brown,Thomas,F,03-02-1965,2876,+18146437345,,thomas.brown94@aol.com,8004 River Dr,,Clinton,UT,64932,2026-05-09
VC000166,Miller,James,,02/16/1968,8209,856.914.6783,,james.miller21@aol.com,7921 Jefferson Dr,Apt 778,Richmond,ID,22260,2026-05-21
VC000167,Wilson,Sarah,D,1984-09-08,6444,(747) 769-6771,,sarah.wilson35@yahoo.com,9314 Hill Rd,,Manchester,TX,85098-2135,2026-06-02
VC000168,Hall,Mary,,12-Nov-2004,4418,7186374307,,,8037 Cedar Ln,,Georgetown,NC,32099,2026-05-29
VC000169,Baker,Barbara,M,11-10-1994,6470,246-716-7751,528.558.8226,barbara.baker35@outlook.com,4647 Jefferson Dr,,Oxford,RI,16921,2026-05-26
VC000170,Williams,Mary,Z,03/13/1960,5188,+14468632987,(717) 674-8999,mary.williams56@aol.com,4391 River Dr,Apt 680,Georgetown,AL,12331-7681,2026-05-06
VC000171,Torres,Susan,,1988-12-28,8556,372.300.6695,7467081450,susan.torres37@icloud.com,347 Sunset Blvd,Apt 830,Richmond,GA,46328,2026-06-01
VC000172,Torres,Lisa,,13-Aug-1945,9991,(270) 679-2234,,lisa.torres61@gmail.com,4796 Washington St,,Springfield,VA,61458,2026-05-14
VC000173,Jackson,Susan,,05-17-1953,7708,5032311292,+12403096301,susan.jackson65@gmail.com,5003 Lake Rd,,Georgetown,ID,59086-5692,2026-05-20
VC000174,Adams,Karen,N,10/14/1940,1591,598-320-3839,,karen.adams59@hotmail.com,3842 Sunset Blvd,Apt 712,Franklin,RI,96788,2026-05-08
VC000175,Garcia,Mark,Y,1948-11-14,4734,+18802967627,(423) 619-1708,,9250 Hill Rd,Apt 329,Franklin,TN,47575,2026-05-19
VC000176,Smith,David,,05-Sep-1981,7579,989.791.2102,,,4583 Oak Ave,Apt 912,Arlington,OH,43602-1908,2026-05-17
VC000177,Allen,Jennifer,,08-09-1987,9806,(760) 708-1401,,jennifer.allen56@outlook.com,1838 Hill Rd,Apt 81,Franklin,WY,74235,2026-05-16
VC000178,Jackson,Nancy,H,03/01/1958,2436,8554969779,,,1900 Maple Dr,Apt 499,Richmond,AK,50288,2026-05-20
VC000179,Anderson,Christopher,F,1999-11-12,9916,541-707-6692,,christopher.anderson21@hotmail.com,9981 Forest Ave,Apt 104,Dayton,MD,81611-4565,2026-05-28
VC000180,Torres,Jennifer,L,02-Sep-1946,4340,+19187126107,(371) 218-3124,jennifer.torres21@hotmail.com,5969 Park Blvd,,Clinton,NH,38420,2026-05-22
VC000181,Martin,Sandra,O,09-09-1988,5378,902.578.5134,,,6975 Lake Rd,,Dayton,ME,13084,2026-05-13
VC000182,Young,Jessica,,07/11/1996,8974,(826) 311-6925,342-381-7336,,6762 Forest Ave,Apt 681,Madison,TN,12387-1587,2026-05-21
VC000183,Garcia,Karen,N,1991-11-13,4334,2893174940,,karen.garcia87@icloud.com,4319 Jefferson Dr,,Manchester,SD,63244,2026-05-14
VC000184,Taylor,Patricia,,01-May-1979,8020,634-632-3905,,patricia.taylor20@icloud.com,2384 Lincoln Ave,,Dayton,KY,74397,2026-05-14
VC000185,Wilson,Jennifer,B,06-20-1968,7630,+14319239765,,,3853 Jefferson Dr,Apt 129,Georgetown,FL,75272-7674,2026-05-23
VC000186,Brown,Charles,F,01/30/1987,9812,443.234.7937,,charles.brown91@aol.com,2077 River Dr,,Arlington,MN,75470,2026-05-07
VC000187,Hall,Jennifer,,1997-05-13,9176,(944) 553-5339,834-684-1034,jennifer.hall77@hotmail.com,2306 Lake Rd,,Fairview,WA,42298,2026-05-13
VC000188,Williams,Lisa,,23-Jul-1962,6379,6936493755,,lisa.williams80@aol.com,2949 Maple Dr,Apt 236,Marion,KS,60204-9042,2026-05-22
VC000189,Martin,Mark,,02-04-1998,5621,385-670-4031,257.331.2081,,2886 Cedar Ln,,Oxford,NY,33646,2026-05-14
VC000190,Davis,Matthew,Y,01/25/2002,3022,+19462564153,(962) 324-7754,matthew.davis46@icloud.com,7147 River Dr,,Dayton,NC,95826,2026-05-13
VC000191,Nguyen,Robert,V,1968-03-22,8975,286.485.7207,,,7610 Lake Rd,,Fairview,AZ,21961-5241,2026-05-28
VC000192,Scott,John,X,18-Apr-1949,5815,(469) 349-6573,,john.scott85@outlook.com,8730 Lake Rd,,Clinton,FL,60494,2026-05-16
VC000193,Scott,Ashley,E,01-30-1949,4981,6353744829,,,5344 Cedar Ln,,Franklin,MD,35820,2026-06-01
VC000194,Hill,Patricia,,04/19/1963,6995,708-201-6064,,patricia.hill26@outlook.com,6211 Main St,Apt 615,Burlington,AZ,93547-9111,2026-05-11
VC000195,Hill,Margaret,V,1950-10-23,4787,+19888728561,,margaret.hill15@yahoo.com,435 Lake Rd,,Salem,SD,24443,2026-05-08
VC000196,Martin,Barbara,,29-Oct-1967,4720,812.670.5985,,barbara.martin76@aol.com,2020 Cedar Ln,,Richmond,PA,63066,2026-05-13
VC000197,Smith,Anthony,Q,04-14-1957,1409,(578) 625-7855,,anthony.smith36@aol.com,869 Cedar Ln,,Georgetown,NV,33691-7893,2026-05-09
VC000198,Garcia,Betty,,11/01/1990,9322,4912907189,,betty.garcia15@hotmail.com,4471 Valley Ln,Apt 684,Franklin,ND,52757,2026-06-03
VC000199,Nelson,Anthony,H,1999-04-22,1422,202-483-3370,659.737.7171,anthony.nelson19@aol.com,2130 Hill Rd,,Madison,ID,24408,2026-05-11
VC000200,Wright,Robert,,05-Jan-1940,9384,+18979352985,(872) 779-4791,robert.wright39@hotmail.com,3604 Main St,Apt 142,Dayton,MO,23240-8857,2026-05-23
VC000201,Garcia,Joseph,U,11-23-1974,6648,478.601.8642,,joseph.garcia9@icloud.com,1248 Lake Rd,Apt 300,Clinton,MI,76562,2026-05-30
VC000202,Thompson,Jessica,,10/20/1977,8783,(850) 325-2157,,,4058 Cedar Ln,Apt 89,Dayton,WI,22040,2026-06-01
VC000203,Jones,Michael,E,1985-04-18,9137,2406161569,+18825449504,michael.jones42@yahoo.com,1259 Oak Ave,Apt 536,Arlington,WI,90199-3937,2026-05-30
VC000204,Hall,Ashley,E,22-Dec-1948,8060,443-205-8459,708.443.3825,,7150 River Dr,Apt 340,Georgetown,UT,74906,2026-06-04
VC000205,Nguyen,David,W,01-23-1980,5015,+18602314404,,david.nguyen44@gmail.com,1218 Main St,Apt 600,Marion,HI,67537,2026-05-13
VC000206,King,Sarah,,03/29/1947,1003,216.391.8967,6707423777,sarah.king41@aol.com,1507 Oak Ave,,Madison,AZ,75474-1000,2026-05-23
VC000207,Hall,William,,1969-11-24,3848,(894) 953-8503,921-342-4018,,619 Forest Ave,,Burlington,OR,64094,2026-06-04
VC000208,Anderson,Linda,,18-Oct-1944,7360,9846491466,,linda.anderson47@aol.com,3678 Lake Rd,Apt 427,Springfield,LA,55013,2026-05-30
VC000209,White,Mark,,12-31-1953,3882,533-430-4757,,,6786 Oak Ave,Apt 796,Manchester,WA,28536-8905,2026-05-25
VC000210,Thomas,Daniel,H,03/07/1985,3822,+15926303064,,daniel.thomas84@hotmail.com,539 Park Blvd,,Madison,AL,48425,2026-05-28
VC000211,Scott,Karen,V,1983-10-07,8708,354.994.2933,,karen.scott77@hotmail.com,8428 Maple Dr,,Clinton,KS,98925,2026-05-20
VC000212,Thompson,Anthony,,21-May-1979,2387,(277) 946-2481,,anthony.thompson84@icloud.com,4054 Oak Ave,,Arlington,NY,88001-3127,2026-06-02
VC000213,Jones,David,,03-28-1981,8854,7508665808,,,1478 Lincoln Ave,,Georgetown,SD,34039,2026-05-17
VC000214,Brown,Richard,U,07/07/1978,7431,295-698-5987,,richard.brown71@yahoo.com,2808 Valley Ln,,Oxford,DE,35664,2026-05-09
VC000215,Thompson,Richard,,1955-01-25,1033,+13824951124,,,9853 Lincoln Ave,,Georgetown,CT,99434-8204,2026-05-11
VC000216,Nguyen,Margaret,,03-Apr-1998,7228,617.549.3523,4293006686,,8031 Cedar Ln,Apt 411,Georgetown,VA,88292,2026-05-18
VC000217,Young,Susan,S,10-22-1983,3873,(407) 741-4278,543-579-4100,susan.young35@icloud.com,1629 Lincoln Ave,,Madison,CO,49292,2026-06-03
VC000218,Adams,Ashley,Y,06/05/1959,6600,2454629246,+12057741073,ashley.adams2@hotmail.com,5649 Lake Rd,Apt 424,Burlington,VA,93800-3408,2026-05-14
VC000219,Adams,Daniel,,1980-06-16,5671,527-496-2376,480.557.3696,daniel.adams44@aol.com,392 Cedar Ln,Apt 125,Richmond,PA,17235,2026-06-01
VC000220,Taylor,David,,19-Oct-1940,9289,+14242036685,(901) 593-5049,,8477 Oak Ave,Apt 245,Clinton,IA,92508,2026-05-05
VC000221,Wright,Daniel,,10-27-1993,8258,384.763.7579,5434275815,daniel.wright14@yahoo.com,8269 Lake Rd,Apt 665,Dayton,HI,79979-4585,2026-05-20
VC000222,Smith,Daniel,,10/01/1958,6924,(219) 356-4576,641-402-8950,daniel.smith44@aol.com,9670 Sunset Blvd,Apt 194,Burlington,SD,33193,2026-05-14
VC000223,Thomas,James,J,1956-07-09,5587,9737073506,+14045567269,,7372 Valley Ln,,Georgetown,CA,37833,2026-05-28
VC000224,Williams,Lisa,C,12-Dec-1954,3433,576-979-5350,,lisa.williams90@icloud.com,6196 Maple Dr,,Clinton,CA,38220-2363,2026-05-10
VC000225,Hill,Michael,B,01-11-1988,2341,+13047621148,,michael.hill64@yahoo.com,9363 Cedar Ln,Apt 148,Dayton,IL,30032,2026-05-25
VC000226,Harris,William,,09/24/1964,8674,201.287.9369,,william.harris53@icloud.com,3815 River Dr,,Dayton,KS,24204,2026-05-27
VC000227,Miller,James,,1971-09-19,4350,(863) 257-5216,,james.miller93@hotmail.com,3359 Hill Rd,Apt 514,Marion,AL,21575-5715,2026-05-24
VC000228,White,Sandra,,22-Apr-2002,9293,4699511663,,sandra.white90@icloud.com,7537 Park Blvd,Apt 610,Georgetown,MO,41346,2026-05-05
VC000229,Nelson,Christopher,G,09-30-1976,5593,785-686-6614,,,5871 Cedar Ln,,Burlington,MO,12692,2026-05-19
VC000230,Scott,Ashley,,12/28/1987,1130,+16283476366,(894) 705-6532,ashley.scott50@icloud.com,2984 Forest Ave,Apt 954,Springfield,NH,89950-1427,2026-05-23
VC000231,Anderson,Lisa,O,1993-06-29,6021,693.234.3789,,lisa.anderson89@outlook.com,3056 Sunset Blvd,Apt 202,Salem,AR,35467,2026-05-13
VC000232,Wilson,Joseph,,05-Nov-1985,9338,(971) 629-7519,953-289-1356,,3232 Sunset Blvd,,Salem,IA,27497,2026-05-24
VC000233,Garcia,Richard,B,05-22-1965,5146,7243204439,+16726121422,richard.garcia72@aol.com,6334 Valley Ln,,Richmond,MS,77986-1780,2026-05-31
VC000234,Scott,Linda,W,07/01/1959,8946,263-876-8970,654.447.1043,,3826 Jefferson Dr,,Franklin,AK,76722,2026-06-04
VC000235,Garcia,Linda,N,1970-07-31,4157,+17866124595,(845) 798-8482,linda.garcia59@outlook.com,3203 Jefferson Dr,,Richmond,NH,91187,2026-06-03
VC000236,Davis,Robert,M,19-Dec-1973,5297,911.501.5153,,robert.davis31@yahoo.com,3205 Maple Dr,,Springfield,NC,43861-6037,2026-06-03
VC000237,Johnson,William,L,08-28-1957,3322,(715) 409-1136,,william.johnson34@outlook.com,7415 Lake Rd,,Springfield,CT,62413,2026-05-22
VC000238,Thompson,Lisa,V,09/08/1988,7492,8376191506,+12942568677,lisa.thompson12@gmail.com,2067 Oak Ave,,Fairview,ND,65456,2026-05-19
VC000239,King,Richard,Y,1985-06-15,4248,878-628-6798,940.478.8867,richard.king71@aol.com,8424 Cedar Ln,,Dayton,WV,45083-7460,2026-06-04
VC000240,Baker,Michael,H,13-Nov-1979,1319,+13938585725,,michael.baker72@gmail.com,4951 Sunset Blvd,,Springfield,CT,16679,2026-05-29
VC000241,Jackson,Sarah,F,02-14-1964,5740,208.268.7009,,sarah.jackson22@hotmail.com,7762 Forest Ave,Apt 750,Springfield,VT,30773,2026-05-17
VC000242,Torres,Betty,N,03/11/1959,7584,(753) 904-2353,,,6641 Sunset Blvd,,Salem,HI,41990-9438,2026-05-09
VC000243,Martin,Barbara,,1948-05-09,8939,5467387536,,barbara.martin16@icloud.com,9096 Lake Rd,,Oxford,KY,30424,2026-05-20
VC000244,Thompson,Matthew,H,18-Jan-1952,2569,287-955-1827,,matthew.thompson67@hotmail.com,7136 Cedar Ln,,Marion,RI,89001,2026-05-05
VC000245,Nelson,Linda,,07-30-1962,9320,+16426311928,(841) 836-5377,,1724 Jefferson Dr,,Manchester,LA,46158-9635,2026-05-28
VC000246,Hill,David,,06/21/1976,9954,452.459.9723,6765863706,david.hill74@yahoo.com,8256 River Dr,,Oxford,MA,50411,2026-05-31
VC000247,Torres,John,,1984-05-20,6228,(253) 748-9876,,,4894 Jefferson Dr,Apt 932,Springfield,IL,81322,2026-05-20
VC000248,Harris,Lisa,E,23-Jul-1965,3229,5738455644,,lisa.harris5@yahoo.com,5819 Hill Rd,,Manchester,MA,51201-1905,2026-05-13
VC000249,Scott,Barbara,,10-02-2001,5886,813-986-6067,,,4891 Oak Ave,Apt 287,Manchester,OK,47868,2026-05-17
VC000250,Smith,Sarah,J,10/03/1990,8874,+17062697078,,sarah.smith3@aol.com,3362 Oak Ave,Apt 439,Arlington,KY,46626,2026-06-01
VC000251,Jackson,Mark,,1943-05-04,8147,453.812.9155,,mark.jackson33@yahoo.com,1137 Maple Dr,Apt 449,Fairview,NE,38888-8821,2026-06-02
VC000252,Thompson,Michael,Y,08-Feb-1981,4114,(656) 438-3494,356-660-4640,michael.thompson96@outlook.com,379 Valley Ln,,Richmond,NC,37457,2026-05-22
VC000253,Garcia,Richard,,05-05-2001,5712,4447885877,,,518 Lake Rd,,Richmond,SD,86012,2026-05-28
VC000254,Jones,Sandra,,04/29/1947,1438,468-609-4531,,sandra.jones84@yahoo.com,8449 Jefferson Dr,,Oxford,CT,66973-6185,2026-05-30
VC000255,Harris,Mary,K,1955-11-28,1007,+16003946526,,,2187 Oak Ave,,Madison,SD,21194,2026-06-04
VC000256,Torres,William,,17-Jan-1951,2309,896.527.8660,3789258754,william.torres28@gmail.com,9561 Main St,Apt 431,Georgetown,WA,70323,2026-05-06
VC000257,White,James,,03-04-1979,2465,(774) 673-1544,,james.white57@hotmail.com,8518 Park Blvd,Apt 251,Georgetown,DE,91274-1566,2026-05-23
VC000258,Williams,Mary,U,02/19/1964,8548,8903768711,,,5972 Valley Ln,Apt 647,Manchester,RI,72045,2026-05-06
VC000259,Williams,Joseph,Z,1965-06-25,6812,322-526-2531,,joseph.williams42@icloud.com,5529 Sunset Blvd,,Greenville,NC,57236,2026-05-19
VC000260,Brown,Betty,,28-Jan-1941,6250,+19324087898,,,918 River Dr,Apt 820,Fairview,WA,75116-1817,2026-06-03
VC000261,Martin,Joseph,T,07-01-1958,4535,866.978.2522,9739725774,joseph.martin25@hotmail.com,6858 River Dr,,Marion,CA,18721,2026-05-17
VC000262,Jones,Susan,D,09/27/1974,2161,(938) 751-3322,,susan.jones5@outlook.com,9044 Maple Dr,Apt 837,Madison,MO,23747,2026-05-12
VC000263,Jones,William,Z,1985-04-10,6462,4132366153,,william.jones13@aol.com,8626 Park Blvd,,Dayton,AK,94224-1951,2026-05-20
VC000264,Williams,Robert,Z,02-May-1994,6905,282-750-1500,984.407.4635,robert.williams52@hotmail.com,6464 Lake Rd,,Oxford,WY,43730,2026-06-04
VC000265,Nguyen,Betty,L,01-04-1977,7207,+14282001582,(405) 220-9133,betty.nguyen78@hotmail.com,2366 Maple Dr,Apt 654,Burlington,ME,66458,2026-05-17
VC000266,Allen,Lisa,,06/06/2002,8153,721.821.2282,2607436603,lisa.allen69@outlook.com,9826 Washington St,,Georgetown,AL,73137-8897,2026-05-29
VC000267,Garcia,Sarah,U,1948-10-22,5221,(358) 908-9773,,sarah.garcia75@outlook.com,2083 Oak Ave,Apt 12,Dayton,OH,11875,2026-05-19
VC000268,Jackson,Jessica,C,27-Mar-1981,4940,9524853349,+15487292917,,6195 Forest Ave,,Springfield,LA,88537,2026-05-14
VC000269,Garcia,Margaret,N,09-01-2000,6375,467-713-4968,,margaret.garcia75@outlook.com,4189 Main St,,Dayton,UT,44913-7557,2026-05-21
VC000270,Wilson,Patricia,,10/26/2002,7741,+15429641635,(719) 554-9037,patricia.wilson30@gmail.com,4393 Jefferson Dr,Apt 334,Arlington,LA,55264,2026-05-17
VC000271,Harris,Margaret,,1947-12-25,3356,292.946.8872,2217485394,margaret.harris35@outlook.com,1777 Park Blvd,,Fairview,IA,30478,2026-05-19
VC000272,Taylor,Richard,,25-Feb-1971,2280,(396) 612-9018,,richard.taylor39@yahoo.com,1832 Main St,,Arlington,CT,89246-5112,2026-05-08
VC000273,Young,John,,02-17-1988,2871,3604878861,,,2033 Hill Rd,,Fairview,AK,21469,2026-05-26
VC000274,Anderson,Margaret,K,07/24/1954,6094,467-769-2080,882.695.2919,margaret.anderson61@gmail.com,4643 Valley Ln,,Oxford,IA,93140,2026-05-10
VC000275,Brown,David,O,1960-04-28,5445,+19038456075,(428) 336-6393,,4989 Lake Rd,,Arlington,MS,74232-9823,2026-05-06
VC000276,Martin,Margaret,H,18-Mar-1961,1348,322.327.8418,,margaret.martin36@outlook.com,2804 Valley Ln,Apt 443,Georgetown,PA,60181,2026-05-16
VC000277,White,Sarah,B,02-26-1959,7439,(474) 812-5814,299-404-8007,sarah.white76@hotmail.com,5918 Cedar Ln,,Richmond,MI,96476,2026-05-20
VC000278,Walker,Sarah,P,01/14/1959,4286,6482664925,,sarah.walker42@yahoo.com,1113 Valley Ln,,Madison,OK,43690-7536,2026-05-24
VC000279,Thomas,Robert,,1968-11-12,1233,502-395-1425,641.310.1507,robert.thomas45@hotmail.com,7234 Valley Ln,,Clinton,AR,73509,2026-05-17
VC000280,Martin,Ashley,,04-Feb-1985,6144,+15828132447,(842) 748-3713,,3286 Maple Dr,,Greenville,NJ,86003,2026-05-27
VC000281,Davis,Jessica,,09-04-1957,3522,218.986.9866,,jessica.davis75@icloud.com,3376 Hill Rd,,Salem,NC,50860-1910,2026-05-30
VC000282,Harris,Barbara,,02/27/1966,3140,(436) 648-2451,,barbara.harris66@icloud.com,9250 Oak Ave,,Oxford,AZ,74316,2026-05-19
VC000283,Harris,Daniel,O,1950-07-29,5751,4257798436,+17215912063,,4252 Lincoln Ave,Apt 305,Georgetown,AZ,31301,2026-05-23
VC000284,Hall,Joseph,W,02-Dec-1983,2770,723-781-7889,975.347.3433,joseph.hall75@hotmail.com,3264 Park Blvd,,Springfield,NV,92327-8940,2026-05-12
VC000285,Garcia,Thomas,G,09-17-1996,4848,+19288674962,,thomas.garcia70@outlook.com,2109 Lake Rd,,Manchester,KS,59090,2026-05-27
VC000286,Jones,Ashley,E,07/25/1994,9594,973.220.9814,6702416649,ashley.jones96@hotmail.com,897 Hill Rd,,Fairview,TN,57187,2026-05-12
VC000287,Johnson,Michael,Q,1998-01-10,6947,(434) 362-2684,,michael.johnson77@hotmail.com,8874 Valley Ln,,Richmond,KS,23885-5260,2026-05-22
VC000288,Anderson,Michael,,01-Dec-1998,4957,6637859949,+16595622521,,3273 Sunset Blvd,Apt 709,Marion,NJ,21664,2026-05-29
VC000289,Thompson,David,,06-27-1947,2214,696-411-3260,603.805.8441,david.thompson23@yahoo.com,8091 Hill Rd,,Manchester,KY,58336,2026-05-23
VC000290,Nelson,Linda,,03/27/1941,7658,+18299315678,,linda.nelson12@icloud.com,8770 Park Blvd,,Franklin,WI,82080-8393,2026-05-22
VC000291,Thompson,Lisa,M,1995-07-14,1920,214.390.7312,5516047895,,5911 Main St,,Franklin,OK,14965,2026-05-18
VC000292,Taylor,Jessica,L,22-Oct-1946,9741,(901) 823-2638,270-298-9114,jessica.taylor56@icloud.com,8228 Lake Rd,,Madison,AL,41401,2026-05-09
VC000293,Taylor,Sandra,Z,04-28-1982,2160,2124069734,+12386814546,sandra.taylor70@hotmail.com,8886 Washington St,,Georgetown,IA,66962-4418,2026-05-10
VC000294,Nguyen,Matthew,Q,07/17/1984,6428,208-451-4994,789.543.9814,matthew.nguyen98@hotmail.com,3823 Washington St,Apt 672,Greenville,KY,33189,2026-06-04
VC000295,Martin,Ashley,S,1974-10-17,4665,+13237249665,,,4948 Valley Ln,,Salem,ME,18382,2026-05-13
VC000296,Hill,Ashley,Q,07-Aug-1952,4432,234.218.8476,5097659066,ashley.hill28@aol.com,2116 Lincoln Ave,,Arlington,TX,84574-5564,2026-05-10
VC000297,Taylor,Michael,V,01-10-1988,6331,(407) 908-1833,815-959-6232,michael.taylor40@outlook.com,1763 Cedar Ln,Apt 281,Manchester,CA,51703,2026-05-11
VC000298,Davis,Charles,I,05/19/1996,4479,6754229405,,charles.davis95@gmail.com,6128 Oak Ave,Apt 458,Georgetown,IN,47834,2026-05-24
VC000299,Hall,Jessica,E,1988-04-16,7657,637-574-8500,537.788.2916,jessica.hall92@outlook.com,1037 Maple Dr,Apt 785,Clinton,VA,42223-9670,2026-05-12
VC000300,Smith,Matthew,,17-Apr-1964,7226,+16893242774,(779) 270-1544,matthew.smith91@yahoo.com,3299 Park Blvd,,Clinton,KS,14212,2026-06-03
VC000301,Young,Christopher,N,04-18-1992,4220,705.661.6801,6703536174,christopher.young11@icloud.com,8429 River Dr,,Marion,TX,66511,2026-06-04
VC000302,Jackson,Michael,H,02/25/1993,6907,(638) 524-2577,,michael.jackson33@gmail.com,2942 Hill Rd,,Manchester,OR,46129-3013,2026-05-18
VC000303,Anderson,Linda,S,1979-05-09,2346,5684016449,,,4990 Sunset Blvd,Apt 333,Georgetown,NC,68384,2026-05-29
VC000304,Garcia,Richard,V,30-Dec-1989,9683,430-507-3365,,richard.garcia61@yahoo.com,7587 Main St,,Marion,NE,64592,2026-05-20
VC000305,Taylor,Karen,,11-10-1969,1006,+18772162737,,,4982 Main St,Apt 367,Arlington,MI,66708-1041,2026-05-14
VC000306,Thompson,Mary,V,03/15/1998,5024,555.334.9709,9543349266,mary.thompson38@hotmail.com,2737 River Dr,,Burlington,WA,22268,2026-05-19
VC000307,Miller,Nancy,L,1963-08-25,4061,(962) 201-9011,933-206-7796,nancy.miller77@outlook.com,5527 Park Blvd,Apt 283,Manchester,WY,55224,2026-05-23
VC000308,Davis,Barbara,,28-May-1974,4359,7395537406,,barbara.davis54@yahoo.com,4381 Valley Ln,,Fairview,WI,22513-9117,2026-05-29
VC000309,Wilson,Linda,M,08-07-1970,3983,306-837-8247,,,4134 Park Blvd,Apt 109,Arlington,NJ,65748,2026-06-01
VC000310,Smith,Susan,,11/12/1977,6633,+13482584889,(252) 635-1139,susan.smith85@icloud.com,8309 Jefferson Dr,,Richmond,OK,17157,2026-05-11
VC000311,Walker,John,,1975-12-11,4324,984.546.5584,4823065688,,3416 Jefferson Dr,Apt 53,Greenville,NY,25013-6891,2026-05-31
VC000312,Nguyen,Mark,,24-Jun-1958,1586,(521) 821-4234,,mark.nguyen59@aol.com,8964 River Dr,,Oxford,IN,82663,2026-05-17
VC000313,Baker,Charles,,11-10-1982,3619,7139219298,+19022549224,charles.baker57@aol.com,7236 Oak Ave,,Richmond,NY,10760,2026-06-04
VC000314,Adams,David,,08/26/1960,4790,437-673-5557,,,552 Cedar Ln,,Burlington,FL,81031-1445,2026-05-14
VC000315,Wright,Jessica,I,1982-07-26,4888,+17268639190,(281) 244-5864,,6376 Jefferson Dr,,Burlington,KY,42378,2026-05-06
VC000316,Young,David,J,24-Sep-1947,9113,623.829.2664,8729398197,,1428 Maple Dr,,Marion,CT,48092,2026-05-14
VC000317,Wright,James,,07-05-2002,2676,(888) 658-3825,217-616-5112,james.wright21@hotmail.com,2014 Park Blvd,Apt 911,Georgetown,AL,95308-3511,2026-05-15
VC000318,Jackson,Joseph,T,05/06/1964,9343,3019293549,+16436914492,,6242 River Dr,Apt 591,Salem,WV,65217,2026-06-02
VC000319,Smith,Jessica,N,1940-09-18,9846,494-939-1234,,,3106 River Dr,,Springfield,IL,65019,2026-05-06
VC000320,Nguyen,Linda,,10-Sep-1988,4121,+15206328408,,,6087 Lake Rd,Apt 478,Salem,SD,46598-6154,2026-05-07
VC000321,Hall,Betty,,11-11-1969,2048,625.203.6378,,,9865 River Dr,,Greenville,VT,69464,2026-05-23
VC000322,Smith,Christopher,T,11/07/1989,4912,(359) 409-3326,,christopher.smith85@yahoo.com,4282 Hill Rd,,Arlington,OH,90275,2026-05-22
VC000323,Allen,Karen,,1968-08-04,2158,7602875963,,karen.allen50@yahoo.com,8905 Jefferson Dr,,Clinton,AL,59358-8070,2026-06-02
VC000324,Smith,Richard,U,09-Feb-1970,9363,205-979-7038,335.419.3069,richard.smith11@aol.com,2281 Oak Ave,,Manchester,NJ,57344,2026-05-17
VC000325,Garcia,Joseph,D,09-26-1967,7351,+14333073015,,joseph.garcia92@icloud.com,2614 River Dr,Apt 248,Georgetown,SC,67771,2026-05-15
VC000326,Scott,Jessica,Z,02/28/1973,3562,542.201.7820,8723832525,jessica.scott51@gmail.com,8469 Valley Ln,,Springfield,ID,57628-8678,2026-06-02
VC000327,Wright,Nancy,M,1981-07-05,3555,(598) 833-8595,,nancy.wright5@yahoo.com,6475 Cedar Ln,Apt 107,Clinton,WA,63125,2026-05-25
VC000328,Martin,Robert,,03-Mar-1953,8688,8408264769,+14088126858,robert.martin82@aol.com,8686 Main St,Apt 253,Greenville,NE,45169,2026-05-19
VC000329,Harris,Charles,,10-07-1950,7669,472-670-9035,,charles.harris64@outlook.com,173 Valley Ln,,Clinton,DE,39658-6352,2026-05-18
VC000330,Martin,Susan,J,01/05/1955,4973,+13037732317,(463) 292-6824,,5262 Washington St,Apt 964,Salem,WY,84922,2026-05-19
VC000331,Torres,William,,1976-03-13,5612,417.641.5370,2218703120,,1977 Park Blvd,,Oxford,FL,80025,2026-05-24
VC000332,Brown,Matthew,J,11-Jun-1951,2015,(287) 262-1546,,matthew.brown75@gmail.com,6184 Lake Rd,,Arlington,VT,18523-7325,2026-05-05
VC000333,Torres,John,X,04-07-1976,6340,3816154979,+12019364151,john.torres40@hotmail.com,8554 Main St,,Franklin,NJ,17329,2026-05-12
VC000334,King,Richard,L,03/06/1961,8723,345-951-2079,677.551.9269,richard.king40@gmail.com,6220 Jefferson Dr,Apt 307,Franklin,LA,91938,2026-05-28
VC000335,Davis,Daniel,,1963-03-03,9075,+16373379767,(241) 659-7374,daniel.davis78@gmail.com,7751 Lake Rd,,Marion,GA,64592-8113,2026-05-25
VC000336,Miller,David,Q,01-Mar-1989,5899,385.212.8550,,david.miller26@yahoo.com,3538 Washington St,Apt 100,Marion,AK,17632,2026-05-26
VC000337,Thomas,Charles,X,04-29-1983,4122,(688) 955-1029,,,5143 Forest Ave,,Springfield,VA,30945,2026-05-20
VC000338,Brown,Matthew,,02/22/1946,9876,9518475804,,matthew.brown33@aol.com,1933 Park Blvd,,Georgetown,MD,83094-2599,2026-05-28
VC000339,Scott,Matthew,F,1940-04-09,6976,956-312-2430,202.850.9051,,727 Jefferson Dr,,Oxford,WI,11230,2026-05-28
VC000340,Anderson,Jennifer,,17-Sep-1994,9903,+13178371292,(298) 597-7329,jennifer.anderson34@aol.com,6677 Main St,Apt 229,Madison,MI,94526,2026-05-21
VC000341,Martin,Daniel,,04-27-1946,3938,567.263.9447,,,3702 Cedar Ln,,Arlington,LA,51776-2702,2026-05-15
VC000342,Thomas,Robert,,11/24/2001,8857,(304) 697-3012,,robert.thomas58@gmail.com,2234 Main St,,Fairview,MD,58075,2026-05-15
VC000343,White,Barbara,,1974-03-26,9891,4622999647,,barbara.white81@outlook.com,1330 Forest Ave,,Marion,CO,16711,2026-05-19
VC000344,Jones,Mark,S,02-Aug-1978,7354,362-820-3379,271.876.1441,,5445 Valley Ln,Apt 77,Marion,KS,43562-6145,2026-05-25
VC000345,Taylor,Matthew,,06-21-1984,1887,+12332399614,,matthew.taylor43@yahoo.com,3294 Park Blvd,,Arlington,MA,60595,2026-05-28
VC000346,Baker,Mark,,02/24/1964,8794,507.894.7438,6475235015,mark.baker18@gmail.com,2993 Maple Dr,Apt 798,Franklin,NM,39132,2026-06-04
VC000347,Adams,John,,1961-11-29,1481,(255) 671-8321,833-562-4295,john.adams17@aol.com,4034 Lincoln Ave,,Madison,MA,22615-2250,2026-05-28
VC000348,Thomas,Christopher,,28-Dec-1973,6738,2905709663,,christopher.thomas74@aol.com,4277 Cedar Ln,,Madison,UT,55972,2026-05-28
VC000349,Allen,Joseph,K,07-31-1949,6364,419-246-5256,,,3798 Main St,Apt 515,Springfield,LA,23575,2026-05-16
VC000350,Davis,Betty,E,11/28/1977,6927,+19816069023,,betty.davis95@aol.com,4350 Forest Ave,Apt 638,Burlington,TN,24118-5333,2026-06-03
VC000351,Torres,Sarah,G,1992-07-23,8699,589.974.1431,,sarah.torres56@hotmail.com,886 Maple Dr,Apt 912,Dayton,OH,16029,2026-06-03
VC000352,Hall,Christopher,I,13-Nov-2003,2985,(235) 731-7643,785-224-1316,christopher.hall53@aol.com,3491 River Dr,,Arlington,NV,30666,2026-05-12
VC000353,Allen,Lisa,,02-05-1970,9221,2083112321,+13623592432,lisa.allen63@aol.com,8041 Washington St,,Clinton,GA,20692-2893,2026-05-22
VC000354,Nguyen,Nancy,O,09/07/2002,1910,807-780-5502,310.924.1121,nancy.nguyen19@yahoo.com,2072 Washington St,,Fairview,NY,86123,2026-05-16
VC000355,Miller,Ashley,C,1987-06-26,5192,+19617156552,,ashley.miller7@hotmail.com,6063 Oak Ave,,Fairview,CT,39058,2026-05-19
VC000356,Jones,Susan,C,07-Jun-1997,8905,846.405.3871,2059138717,susan.jones4@aol.com,3387 Park Blvd,,Fairview,MN,77948-7953,2026-06-02
VC000357,Harris,Joseph,B,12-01-1950,3668,(804) 327-2521,274-872-6879,joseph.harris27@outlook.com,2869 Hill Rd,,Arlington,PA,77698,2026-05-15
VC000358,Hall,William,S,02/20/2001,6159,7685773986,+18752176800,william.hall88@outlook.com,4830 Sunset Blvd,Apt 218,Richmond,ME,82334,2026-05-24
VC000359,Harris,Jennifer,,1970-02-13,9300,328-659-8326,301.278.5811,,7038 Forest Ave,Apt 28,Madison,NV,90531-2687,2026-05-25
VC000360,Davis,Ashley,,16-Jun-2000,8589,+18305796764,(553) 727-9600,,2461 Valley Ln,Apt 521,Clinton,LA,23747,2026-05-07
VC000361,Adams,Margaret,J,06-29-1949,3582,470.426.6775,,margaret.adams25@outlook.com,4372 Valley Ln,Apt 970,Dayton,VA,67515,2026-05-12
VC000362,King,Anthony,X,03/11/1982,4781,(571) 367-3072,,anthony.king19@icloud.com,1892 Oak Ave,Apt 10,Fairview,PA,26404-9059,2026-05-26
VC000363,Hall,John,,1985-07-05,4536,9095033969,,john.hall97@outlook.com,2579 Cedar Ln,,Franklin,OK,53038,2026-05-31
VC000364,Wright,Mark,,12-Jun-1963,8230,817-958-4800,,,618 Forest Ave,,Dayton,MS,15929,2026-05-28
VC000365,Williams,Matthew,,07-31-1974,7891,+12464768801,(470) 957-3761,matthew.williams67@hotmail.com,8710 Hill Rd,,Greenville,MI,57515-2559,2026-05-06
VC000366,Nguyen,Joseph,X,06/12/1986,6083,495.455.8344,,joseph.nguyen19@hotmail.com,6890 Park Blvd,,Georgetown,MO,19895,2026-06-02
VC000367,Anderson,Charles,H,1951-01-02,8560,(421) 711-5643,,charles.anderson67@icloud.com,6109 Washington St,,Manchester,MT,14860,2026-05-10
VC000368,Taylor,Daniel,,18-Dec-1960,7303,2603931492,+13523102061,,458 Maple Dr,,Dayton,CT,49354-7990,2026-05-09
VC000369,King,Betty,I,01-26-2003,1984,296-833-9826,,,1002 Valley Ln,,Manchester,MA,67309,2026-05-22
VC000370,Young,James,,03/27/1973,7052,+19678509759,(734) 530-5655,james.young54@icloud.com,8450 River Dr,,Arlington,DE,53210,2026-05-29
VC000371,Nguyen,Michael,G,1958-12-27,6299,250.709.6864,9637578071,michael.nguyen3@aol.com,588 Valley Ln,,Georgetown,AR,96228-1032,2026-05-12
VC000372,Garcia,James,,04-Oct-1959,8099,(970) 647-3101,621-623-1020,james.garcia31@hotmail.com,5485 Cedar Ln,Apt 713,Marion,LA,47634,2026-05-11
VC000373,Thomas,James,G,09-05-1958,6990,8439176582,,,7090 Forest Ave,,Georgetown,TX,62676,2026-05-21
VC000374,Jones,Patricia,,07/14/2000,5598,543-804-9074,,,218 Oak Ave,Apt 490,Greenville,UT,44208-6903,2026-05-12
VC000375,Brown,Sandra,S,1977-10-12,3087,+12105594437,,sandra.brown3@yahoo.com,4281 River Dr,,Franklin,IL,88406,2026-06-04
VC000376,Davis,Lisa,E,18-Jan-1946,9681,605.544.5260,,,5791 Lake Rd,,Arlington,WY,31895,2026-05-14
VC000377,Young,Daniel,N,07-16-2003,1766,(626) 222-8776,,daniel.young80@icloud.com,9374 Lincoln Ave,Apt 763,Georgetown,AZ,38371-4841,2026-06-02
VC000378,King,Margaret,G,06/04/1966,4236,2197534520,+19959367493,,6182 Maple Dr,,Manchester,NY,58212,2026-05-22
VC000379,Young,James,,1973-07-30,7407,939-710-7777,742.885.5506,james.young58@outlook.com,6799 Oak Ave,Apt 760,Marion,TX,10523,2026-05-12
VC000380,Smith,Sarah,Q,17-Oct-1992,6678,+16016137366,(890) 293-6173,sarah.smith26@gmail.com,4627 Main St,Apt 110,Dayton,WA,88087-7151,2026-05-09
VC000381,Thomas,Patricia,,05-14-1980,4461,686.409.6905,,patricia.thomas58@icloud.com,9029 Oak Ave,,Fairview,SC,78047,2026-05-26
VC000382,Thompson,Jessica,,12/24/1969,7998,(564) 946-1268,277-831-5366,jessica.thompson88@icloud.com,8674 Lake Rd,Apt 87,Georgetown,PA,33693,2026-05-09
VC000383,Torres,Barbara,,1980-05-12,9722,5688117992,,barbara.torres89@gmail.com,4272 Maple Dr,Apt 2,Georgetown,ME,89205-5647,2026-05-18
VC000384,Wilson,Sarah,D,21-Jan-1949,5664,204-832-5728,,,106 Park Blvd,,Fairview,NH,81927,2026-05-31
VC000385,Jones,John,S,12-10-1967,6535,+19407804808,,john.jones61@aol.com,966 Lincoln Ave,Apt 577,Salem,KY,63983,2026-05-28
VC000386,Harris,Anthony,P,02/13/1940,7438,328.770.1265,,anthony.harris52@outlook.com,5593 Washington St,,Madison,AL,48159-4904,2026-05-27
VC000387,Torres,Daniel,V,1976-11-05,1494,(513) 599-9508,,daniel.torres74@aol.com,5940 Hill Rd,,Manchester,MI,69957,2026-05-24
VC000388,Jackson,John,,03-Jan-1953,3676,7214718626,+15788169921,,8916 Sunset Blvd,,Franklin,OK,30726,2026-05-15
VC000389,Miller,Linda,M,02-10-1989,8974,495-474-3136,407.794.2808,linda.miller33@aol.com,3780 Valley Ln,Apt 249,Springfield,VT,27431-4573,2026-05-09
VC000390,Thomas,Lisa,T,10/22/1988,7241,+16628943034,,lisa.thomas84@icloud.com,5135 Maple Dr,,Fairview,MD,15894,2026-05-24
VC000391,Adams,Charles,,1986-07-20,6371,436.913.1440,,charles.adams61@aol.com,1779 River Dr,,Greenville,RI,77048,2026-06-04
VC000392,Williams,James,J,09-Jul-2003,7555,(435) 545-5179,227-695-6857,,6824 Lincoln Ave,,Georgetown,ND,86835-2952,2026-05-13
VC000393,Wright,Betty,,09-20-1949,8392,2127119520,+12359528072,betty.wright14@outlook.com,780 Sunset Blvd,,Fairview,OK,60894,2026-05-30
VC000394,Young,Christopher,H,06/13/1956,4469,822-894-4459,,,7896 Cedar Ln,,Richmond,KY,10793,2026-05-12
VC000395,Walker,Susan,U,1994-03-17,2672,+16013541842,,susan.walker14@hotmail.com,9959 Forest Ave,,Richmond,MI,92813-8934,2026-05-21
VC000396,Jones,Karen,,24-Jun-1950,2656,371.708.9591,,karen.jones4@icloud.com,6033 Lincoln Ave,,Burlington,KS,36175,2026-05-16
VC000397,Wright,Ashley,,02-16-1998,6260,(909) 363-6514,956-534-1698,ashley.wright53@hotmail.com,6553 Main St,,Oxford,CT,49286,2026-05-24
VC000398,King,Daniel,,10/24/2001,9727,5087138399,+13595295040,daniel.king26@icloud.com,1568 Cedar Ln,,Madison,SD,14699-3679,2026-05-20
VC000399,Allen,Betty,F,1944-11-26,9731,416-921-2718,,,2027 Lincoln Ave,,Richmond,CA,39243,2026-05-27
VC000400,Garcia,James,R,17-Dec-2001,7471,+16148738974,,,4962 Valley Ln,,Richmond,SC,57281,2026-05-10
VC000401,Wilson,Robert,,03-27-1961,6565,472.643.8886,,robert.wilson2@icloud.com,7694 Valley Ln,,Fairview,IL,82895-6910,2026-05-18
VC000402,Miller,Lisa,,12/17/1989,2377,(350) 261-7649,,lisa.miller43@icloud.com,3863 Cedar Ln,,Oxford,HI,39218,2026-05-30
VC000403,Johnson,Sandra,S,1979-10-07,6711,5808109636,+14399747789,sandra.johnson14@hotmail.com,6082 Lincoln Ave,,Greenville,WI,56283,2026-05-16
VC000404,Thompson,Ashley,S,01-Sep-1943,4725,540-733-5593,455.665.1612,ashley.thompson98@yahoo.com,288 Forest Ave,,Fairview,MD,30128-1432,2026-05-29
VC000405,Brown,Michael,A,07-05-1968,7431,+15893699667,,michael.brown33@yahoo.com,5725 Jefferson Dr,Apt 930,Salem,KS,68672,2026-05-25
VC000406,Allen,Daniel,,05/21/1945,1979,454.361.9190,2385034191,daniel.allen99@gmail.com,1498 Sunset Blvd,,Oxford,MI,91937,2026-05-15
VC000407,Garcia,Patricia,B,1944-12-24,6248,(689) 418-4547,987-534-7436,patricia.garcia72@aol.com,7306 Lincoln Ave,Apt 324,Salem,WV,81258-5363,2026-05-11
VC000408,Jackson,Ashley,L,05-Jan-1986,7713,2197276915,,ashley.jackson87@hotmail.com,2425 River Dr,Apt 899,Franklin,AR,65163,2026-05-25
VC000409,Martin,Robert,O,03-25-1982,9275,528-806-4667,716.624.3297,,1038 Forest Ave,Apt 358,Marion,MI,76199,2026-06-01
VC000410,Anderson,Daniel,J,09/09/1972,9016,+16875231203,,daniel.anderson3@yahoo.com,2033 Washington St,,Clinton,AL,52324-5936,2026-05-30
VC000411,King,David,B,1983-08-14,9384,390.394.2898,,david.king65@aol.com,3443 Maple Dr,,Oxford,SC,66033,2026-05-12
VC000412,Hill,Michael,,28-Mar-1985,2575,(922) 988-8468,418-745-9066,,4637 Maple Dr,,Dayton,CO,45752,2026-05-06
VC000413,Walker,Michael,D,12-10-1960,6192,9337536155,+13043884951,,8312 Oak Ave,,Madison,ID,74868-8599,2026-05-18
VC000414,Smith,Sarah,Q,08/07/1989,3158,674-314-7086,877.699.8902,,2631 Jefferson Dr,,Salem,NV,76342,2026-05-20
VC000415,Johnson,William,C,1960-01-04,6830,+13353806639,,william.johnson29@yahoo.com,2287 Washington St,,Fairview,UT,11459,2026-05-23
VC000416,Hill,Joseph,I,11-May-1960,4592,254.438.6615,,joseph.hill85@gmail.com,8067 Sunset Blvd,,Springfield,MI,79984-4560,2026-05-27
VC000417,Johnson,William,G,12-20-1972,3630,(278) 499-9411,212-530-7899,william.johnson74@icloud.com,8034 Cedar Ln,Apt 537,Georgetown,TN,51037,2026-05-17
VC000418,Nguyen,Thomas,P,04/09/1943,7612,3593963898,+18323111839,thomas.nguyen85@aol.com,1347 Lincoln Ave,Apt 123,Manchester,IA,33636,2026-05-26
VC000419,Thompson,Matthew,,2003-09-22,7956,257-978-3522,,,3384 Maple Dr,Apt 573,Marion,RI,48425-1574,2026-05-15
VC000420,Garcia,Sarah,,28-Apr-1978,9358,+18463968390,(371) 587-2817,sarah.garcia72@outlook.com,8123 Lake Rd,,Manchester,IL,98927,2026-05-26
VC000421,Hill,Christopher,,04-21-1995,4774,452.258.6487,,christopher.hill67@gmail.com,325 Washington St,,Fairview,HI,52300,2026-05-29
VC000422,White,Nancy,I,02/09/1994,3959,(709) 992-8393,,,9708 Oak Ave,Apt 714,Richmond,AK,88365-5466,2026-05-13
VC000423,Torres,Betty,I,1961-03-15,1705,6269641958,+18795061753,,4439 Hill Rd,,Fairview,NE,33833,2026-05-31
VC000424,Walker,Linda,M,19-Mar-1942,5238,687-242-9589,,linda.walker33@yahoo.com,2781 Main St,,Madison,WI,91645,2026-05-10
VC000425,Scott,John,P,05-06-1945,2242,+15302235960,(983) 766-3267,,1758 Maple Dr,,Richmond,HI,55033-6229,2026-06-03
VC000426,Miller,William,H,07/16/1952,7278,436.789.2291,,william.miller47@gmail.com,2036 Hill Rd,Apt 196,Dayton,NM,40798,2026-05-18
VC000427,Hill,Ashley,H,1944-05-17,8259,(367) 920-3676,,ashley.hill45@yahoo.com,5609 Lake Rd,,Salem,ND,44769,2026-06-02
VC000428,Martin,Robert,Q,10-Nov-1994,8706,6719936952,,,982 Jefferson Dr,,Richmond,NM,64981-4938,2026-05-10
VC000429,Davis,Ashley,,11-07-1999,3036,719-731-3132,202.692.2077,,3350 Park Blvd,,Marion,WA,23253,2026-05-07
VC000430,Garcia,Charles,F,05/18/1970,3367,+16184442780,,,2488 Cedar Ln,,Dayton,NJ,49472,2026-05-31
VC000431,Harris,Michael,L,1993-08-31,1076,856.878.2684,,michael.harris82@aol.com,6400 Washington St,,Madison,NH,16870-1958,2026-05-08
VC000432,Baker,Charles,,15-May-1978,4779,(752) 592-4806,592-353-7984,charles.baker73@outlook.com,6994 Washington St,Apt 881,Burlington,NY,69367,2026-05-31
VC000433,Martin,Betty,X,03-12-1998,1625,6826413954,,betty.martin1@aol.com,2871 Forest Ave,,Arlington,PA,77282,2026-05-22
VC000434,Jones,Joseph,D,12/22/1991,2397,462-335-7216,862.507.5926,joseph.jones76@gmail.com,909 Forest Ave,,Franklin,IA,36605-3990,2026-05-28
VC000435,Nelson,Michael,,1967-04-30,3258,+12615595298,(622) 723-9475,michael.nelson1@hotmail.com,8825 Oak Ave,,Richmond,AK,51537,2026-05-30
VC000436,Wilson,Betty,J,06-Jan-1940,3523,743.449.3160,,betty.wilson69@icloud.com,2486 Oak Ave,,Oxford,NM,50495,2026-05-13
VC000437,Wilson,Sandra,R,01-27-1970,8873,(986) 548-9075,243-276-9440,sandra.wilson5@yahoo.com,8894 Washington St,,Clinton,MI,40502-4823,2026-05-21
VC000438,Walker,Richard,F,09/26/1964,9744,5474617054,,richard.walker6@hotmail.com,5466 River Dr,Apt 583,Dayton,MT,67391,2026-05-09
VC000439,Young,Susan,L,1954-08-10,6748,792-953-3206,,susan.young41@gmail.com,6974 Hill Rd,Apt 593,Richmond,NH,61359,2026-05-27
VC000440,Brown,Jessica,,26-Apr-2002,8567,+17122852663,,jessica.brown29@icloud.com,6450 Lincoln Ave,Apt 607,Marion,TN,35786-1585,2026-05-30
VC000441,Hill,Joseph,,08-12-1964,1478,995.373.9679,,,3102 Jefferson Dr,,Manchester,WA,29529,2026-05-26
VC000442,Miller,Matthew,S,05/16/1972,2630,(676) 344-5562,,matthew.miller43@hotmail.com,502 Oak Ave,Apt 829,Marion,RI,18725,2026-05-18
VC000443,Brown,Jennifer,O,1952-10-17,1484,4689043008,,jennifer.brown25@aol.com,2843 Forest Ave,,Manchester,AZ,33627-2441,2026-05-28
VC000444,Scott,Charles,,08-Mar-1996,1576,537-332-6911,,charles.scott21@gmail.com,9398 Jefferson Dr,Apt 801,Clinton,CO,69189,2026-06-02
VC000445,Wright,Ashley,E,03-16-1959,1549,+13875796033,,,7926 Maple Dr,Apt 860,Madison,NV,36746,2026-05-21
VC000446,Hill,Lisa,D,07/31/1953,3975,500.580.7797,8192393772,lisa.hill95@icloud.com,2581 River Dr,,Greenville,ID,77973-9171,2026-05-08
VC000447,Anderson,Sandra,B,1992-12-05,7020,(212) 507-6172,589-513-9488,,2154 Jefferson Dr,,Manchester,MT,71326,2026-05-17
VC000448,Thompson,Linda,,20-Oct-1992,9199,9047894621,,linda.thompson72@aol.com,7304 Lake Rd,Apt 40,Clinton,NJ,99070,2026-05-25
VC000449,King,James,,03-13-1979,8985,755-394-9275,370.357.7804,,720 Hill Rd,,Richmond,NY,71918-8813,2026-05-22
VC000450,Baker,Jessica,,03/12/1960,1234,+17062782533,,jessica.baker95@outlook.com,5577 Cedar Ln,,Oxford,MS,72932,2026-06-02
VC000451,Taylor,Michael,M,1999-07-13,6939,409.536.9972,,,1636 River Dr,,Dayton,WV,96929,2026-05-21
VC000452,Young,Jennifer,O,31-Jul-2004,4357,(852) 772-4616,,,6014 Lake Rd,,Franklin,AL,80928-6270,2026-05-14
VC000453,Williams,Sandra,P,12-04-1967,7926,4702281351,+16314216249,sandra.williams85@icloud.com,5485 Park Blvd,Apt 666,Arlington,TN,49413,2026-05-21
VC000454,Brown,Mark,B,08/22/1973,9598,289-221-9904,,mark.brown94@yahoo.com,473 Washington St,,Arlington,GA,15740,2026-06-02
VC000455,Garcia,Ashley,,2004-09-03,9430,+18593666518,(765) 828-6341,ashley.garcia77@outlook.com,6407 Oak Ave,Apt 273,Madison,NM,61625-8106,2026-05-26
VC000456,Smith,Patricia,U,15-Apr-1998,5952,373.941.7251,,,317 Washington St,,Richmond,ID,78579,2026-05-31
VC000457,Baker,Robert,,04-13-1991,3534,(419) 522-1355,705-407-9702,robert.baker39@yahoo.com,4522 Hill Rd,,Marion,OK,84798,2026-05-14
VC000458,Garcia,Jennifer,Q,06/26/1956,4654,6164284770,+17708448624,jennifer.garcia41@hotmail.com,6921 River Dr,,Richmond,TX,10641-9551,2026-05-24
VC000459,Jackson,Sarah,,1991-03-21,7923,997-713-8957,,sarah.jackson90@hotmail.com,8284 Forest Ave,Apt 150,Burlington,KY,55327,2026-06-01
VC000460,Jones,Mark,W,17-Jun-1975,8893,+13952836477,(471) 256-7234,mark.jones65@icloud.com,2456 Washington St,Apt 79,Burlington,MO,44177,2026-05-08
VC000461,Miller,Anthony,C,08-14-1972,6715,502.465.8202,,anthony.miller26@yahoo.com,4335 Oak Ave,Apt 731,Salem,MN,85850-9768,2026-05-08
VC000462,Brown,James,C,02/20/1976,5581,(783) 939-4156,974-599-9507,james.brown54@outlook.com,888 Main St,Apt 160,Georgetown,MD,68466,2026-05-07
VC000463,King,Jennifer,I,1948-11-05,5239,8938627547,,jennifer.king73@icloud.com,5433 Lincoln Ave,Apt 254,Clinton,CT,11382,2026-05-21
VC000464,Jackson,Robert,A,26-Oct-1956,7655,405-623-5875,,robert.jackson81@outlook.com,2739 Forest Ave,,Arlington,GA,19717-9347,2026-05-07
VC000465,Harris,Thomas,S,04-13-1952,3183,+12742133252,,,9820 Maple Dr,,Salem,DE,80561,2026-05-29
VC000466,Anderson,Joseph,,05/07/1960,8833,417.777.1358,3329558872,joseph.anderson23@aol.com,5250 Cedar Ln,,Salem,AK,25404,2026-05-17
VC000467,Martin,John,A,1980-11-23,7019,(723) 816-6586,641-386-1120,john.martin91@gmail.com,4611 Washington St,,Dayton,AR,38677-6928,2026-05-12
VC000468,Smith,Mary,V,12-Oct-1992,7212,6689697623,,mary.smith99@gmail.com,2989 Main St,Apt 200,Georgetown,LA,53178,2026-05-17
VC000469,Miller,Karen,Z,01-10-1949,6289,942-949-3485,,karen.miller61@icloud.com,1050 Oak Ave,,Greenville,CA,27476,2026-05-23
VC000470,Taylor,Jessica,S,11/06/1942,3775,+15739841730,,,7706 Lincoln Ave,,Dayton,AR,26777-4574,2026-05-14
VC000471,White,Margaret,U,1990-07-19,7443,275.416.9809,,,9827 Forest Ave,,Greenville,IN,26193,2026-05-14
VC000472,Davis,Patricia,,29-Aug-1995,1109,(455) 279-1510,,patricia.davis31@yahoo.com,8961 Maple Dr,,Madison,AZ,30191,2026-05-12
VC000473,Garcia,Margaret,H,09-13-1947,5825,4467436314,+15862443872,margaret.garcia49@aol.com,4807 Sunset Blvd,Apt 306,Manchester,NC,59533-5512,2026-05-08
VC000474,Walker,Nancy,,03/31/1964,9094,890-891-5270,,,518 Jefferson Dr,,Clinton,MS,94279,2026-06-03
VC000475,Taylor,Mary,W,1972-04-12,6164,+15915483364,(696) 243-1651,mary.taylor58@icloud.com,121 Cedar Ln,Apt 763,Madison,WA,68702,2026-06-03
VC000476,Smith,Michael,,31-Jan-1965,6928,639.557.3639,,michael.smith40@aol.com,4659 Forest Ave,,Burlington,SC,16308-4816,2026-05-21
VC000477,Nelson,James,O,09-20-1998,6543,(290) 935-6922,940-476-8358,,65 Forest Ave,,Greenville,IA,78582,2026-05-28
VC000478,Davis,Sandra,,04/10/1992,9801,6486227211,,,3560 Valley Ln,Apt 784,Salem,MI,90420,2026-05-06
VC000479,Martin,Anthony,B,1948-10-18,2622,513-792-1508,,anthony.martin33@yahoo.com,9585 Lincoln Ave,,Georgetown,WV,21539-6207,2026-05-05
VC000480,Johnson,Christopher,,23-Sep-1960,5484,+19668976798,(639) 872-3060,christopher.johnson94@outlook.com,6472 Cedar Ln,,Franklin,NJ,52306,2026-06-01
VC000481,Baker,Susan,V,04-06-1953,9961,769.702.1423,7665841084,susan.baker70@hotmail.com,7163 Cedar Ln,,Springfield,TX,29839,2026-05-31
VC000482,Davis,Jennifer,L,11/13/1972,9011,(259) 814-9840,,jennifer.davis80@gmail.com,2033 Main St,,Burlington,KY,84368-4196,2026-05-09
VC000483,Jackson,Margaret,C,1988-10-26,7403,9562959009,,margaret.jackson97@gmail.com,1869 Jefferson Dr,,Fairview,OR,35053,2026-05-18
VC000484,White,Susan,E,29-Dec-2000,3106,358-845-2982,411.991.1466,susan.white81@hotmail.com,3695 River Dr,,Arlington,OR,72923,2026-05-24
VC000485,Smith,Linda,B,07-30-1978,3777,+12224017248,(945) 883-2771,,8604 Lincoln Ave,,Oxford,OR,26194-8408,2026-05-07
VC000486,Martin,John,H,06/04/1961,4439,668.455.2036,,john.martin97@aol.com,2008 Oak Ave,,Madison,RI,65479,2026-05-08
VC000487,Nelson,Christopher,,1996-01-15,8573,(425) 536-2919,480-922-1695,christopher.nelson62@outlook.com,785 Lake Rd,,Richmond,UT,93551,2026-05-17
VC000488,Jones,Mary,,15-Jan-2001,2796,8148763662,,,3171 Sunset Blvd,,Madison,SD,81278-3261,2026-05-09
VC000489,Hall,Thomas,P,08-11-1965,2652,759-994-2230,,,7367 Valley Ln,,Greenville,HI,92745,2026-05-20
VC000490,Torres,Linda,S,11/29/1950,4304,+13607861007,(778) 493-1012,,5878 Lincoln Ave,Apt 632,Clinton,LA,84214,2026-05-29
VC000491,Hill,Linda,W,1941-11-30,7791,741.791.5751,,linda.hill65@hotmail.com,7419 Main St,,Oxford,TX,86412-5671,2026-05-05
VC000492,Wilson,Jessica,,07-May-1970,4411,(586) 899-4389,579-991-9581,,2357 Forest Ave,Apt 648,Franklin,VA,37069,2026-05-22
VC000493,Martin,Anthony,D,09-10-1957,2476,7553125857,+19996689646,anthony.martin41@aol.com,316 Main St,,Greenville,DE,84522,2026-05-20
VC000494,Nguyen,Anthony,I,06/03/1976,1839,669-426-2154,849.923.7714,anthony.nguyen34@outlook.com,945 Oak Ave,Apt 117,Franklin,WA,14069-4318,2026-05-16
VC000495,Wilson,Nancy,,1979-09-06,4380,+16352453692,(682) 472-4934,,956 Washington St,Apt 973,Dayton,CA,78610,2026-05-18
VC000496,Jones,Robert,,04-Sep-1952,9387,541.282.6540,3672076880,robert.jones74@outlook.com,3879 Jefferson Dr,,Dayton,SC,73694,2026-05-17
VC000497,Brown,Sarah,,09-12-1947,1155,(565) 868-7010,501-684-7372,sarah.brown73@gmail.com,2975 Washington St,,Franklin,AL,49439-1412,2026-05-07
VC000498,Young,Mary,,05/18/2004,8248,5498216304,,mary.young55@gmail.com,1475 Forest Ave,,Franklin,UT,74174,2026-05-17
VC000499,Wright,Michael,V,1971-06-08,3708,568-705-3690,797.925.6486,,8881 Jefferson Dr,,Oxford,HI,58912,2026-05-20
VC000500,Harris,Patricia,B,29-Jul-2000,3931,+18114321944,(766) 314-6399,,4698 Washington St,,Clinton,MN,64521-2108,2026-05-07
VC000501,Wilson,Barbara,,12-09-1980,4903,821.692.3293,2859165520,barbara.wilson59@icloud.com,1056 Hill Rd,,Fairview,WV,61751,2026-05-12
VC000502,Martin,Joseph,,09/20/1987,4888,(327) 866-4612,,,3449 Hill Rd,,Fairview,CA,97307,2026-05-09
VC000503,Nguyen,Thomas,,1961-01-25,7253,9388218991,+17154769299,,6140 Park Blvd,,Fairview,ME,52151-5685,2026-05-16
VC000504,Torres,Christopher,E,29-Aug-1966,6136,416-985-7866,,christopher.torres52@aol.com,5416 Cedar Ln,,Madison,MN,91134,2026-05-24
VC000505,Thomas,Karen,,08-09-1969,6908,+14282634190,,karen.thomas2@icloud.com,2351 Lake Rd,Apt 410,Fairview,MS,52290,2026-05-30
VC000506,Martin,Matthew,Y,06/19/1955,4332,771.985.1331,9446937047,matthew.martin86@aol.com,1583 Valley Ln,,Arlington,NE,31423-5108,2026-05-27
VC000507,Anderson,Daniel,Q,1945-05-07,2236,(619) 237-1230,915-529-7730,,5663 Hill Rd,,Dayton,WY,57869,2026-05-16
VC000508,Thompson,Linda,M,01-Nov-2000,6902,9106057559,,linda.thompson75@gmail.com,8153 Forest Ave,,Dayton,AK,91850,2026-05-06
VC000509,Taylor,William,,08-27-1940,5731,728-456-6512,463.453.8129,william.taylor84@aol.com,8869 Cedar Ln,Apt 836,Franklin,UT,66186-3819,2026-05-08
VC000510,Jones,Nancy,C,05/11/1984,1519,+18569258842,,,8764 Park Blvd,Apt 537,Georgetown,AK,60192,2026-05-08
VC000511,Wilson,Ashley,D,1957-03-18,6488,433.520.6311,,ashley.wilson77@aol.com,3923 Valley Ln,Apt 804,Fairview,MN,50153,2026-06-04
VC000512,Taylor,James,,22-Oct-1954,5225,(273) 935-5977,811-646-4036,,8041 Hill Rd,,Salem,MT,44557-6573,2026-05-28
VC000513,Hill,Jennifer,,12-24-1951,2096,6967609557,,jennifer.hill43@aol.com,8139 Main St,,Arlington,WV,28030,2026-05-27
VC000514,Nelson,Barbara,G,01/19/1957,2962,881-984-4403,799.536.5309,,7840 Oak Ave,Apt 262,Georgetown,GA,44929,2026-05-12
VC000515,Hill,Nancy,G,1969-07-02,4108,+18222667662,(492) 872-3586,nancy.hill96@outlook.com,6936 Lincoln Ave,,Marion,WV,23137-7780,2026-06-01
VC000516,Miller,Matthew,,13-Sep-1985,8604,393.772.9552,,,8458 Cedar Ln,,Springfield,NJ,51367,2026-06-01
VC000517,Wright,Michael,O,10-07-1943,1511,(876) 978-2804,438-945-6775,,7079 Lake Rd,,Franklin,NE,81246,2026-05-08
VC000518,Davis,Sandra,,01/23/1940,2919,4192831173,+16616711812,sandra.davis25@icloud.com,8092 Washington St,Apt 364,Greenville,PA,71358-9407,2026-05-19
VC000519,Walker,Ashley,G,1942-09-27,9175,372-756-8090,815.735.6142,ashley.walker13@gmail.com,9625 Maple Dr,,Greenville,ID,30705,2026-05-19
VC000520,Torres,Matthew,T,20-Nov-2003,5395,+18914759181,,,5421 Lincoln Ave,Apt 717,Salem,MT,86916,2026-05-26
VC000521,Wilson,Margaret,A,07-26-1988,6575,889.561.7093,,margaret.wilson26@outlook.com,7331 Sunset Blvd,,Dayton,IA,74563-1963,2026-05-22
VC000522,Jackson,David,,11/11/2004,9589,(933) 682-2885,,,4498 Hill Rd,,Richmond,SD,91739,2026-05-16
VC000523,Garcia,John,V,1958-11-14,6215,9704664202,+12149499916,john.garcia2@icloud.com,9320 River Dr,,Marion,ME,77475,2026-05-14
VC000524,Brown,Daniel,,01-Apr-1974,3794,346-623-3037,689.580.7466,daniel.brown96@aol.com,1072 Oak Ave,,Burlington,ME,70459-7465,2026-06-02
VC000525,Martin,Mark,L,02-14-1949,7238,+16258989766,(347) 735-1871,mark.martin28@outlook.com,4225 Hill Rd,Apt 704,Franklin,MD,95590,2026-05-09
VC000526,Davis,Karen,,11/09/1977,2817,488.249.5765,,karen.davis91@gmail.com,8075 Valley Ln,,Madison,WV,21575,2026-05-26
VC000527,Allen,Nancy,N,1946-11-05,6299,(501) 206-8097,516-239-4973,,4726 Oak Ave,,Greenville,IL,93972-3614,2026-05-22
VC000528,Adams,Jennifer,,15-Apr-1998,8182,5032839799,+15285182432,,1271 Hill Rd,Apt 279,Manchester,IL,45183,2026-06-03
VC000529,Hill,Karen,T,07-06-1976,4458,708-991-2589,529.793.8450,karen.hill48@outlook.com,4807 Lake Rd,Apt 510,Franklin,WA,66486,2026-05-30
VC000530,Hill,James,F,03/26/1981,5708,+17866715083,,,7617 Valley Ln,Apt 901,Franklin,MS,97691-6717,2026-05-12
VC000531,Jones,Barbara,,1983-06-08,8518,886.608.9262,,,369 Washington St,,Oxford,AL,11841,2026-05-23
VC000532,Adams,Karen,,13-Mar-1951,8222,(959) 744-1403,559-472-3608,,5196 Main St,,Arlington,CA,48129,2026-05-13
VC000533,Garcia,Michael,P,06-26-1947,8094,7846495293,,michael.garcia82@hotmail.com,678 Lake Rd,Apt 878,Greenville,IL,66281-8526,2026-05-15
VC000534,Harris,David,C,02/11/1991,8034,666-610-4534,,david.harris85@outlook.com,4138 Forest Ave,,Franklin,WI,62332,2026-05-07
VC000535,Young,John,P,1998-10-18,9556,+14952379716,,john.young45@icloud.com,4125 Cedar Ln,,Greenville,MA,25151,2026-05-06
VC000536,Walker,Mark,,05-Jun-1945,3091,563.631.8887,,mark.walker66@hotmail.com,7285 Maple Dr,,Fairview,FL,15776-5142,2026-05-15
VC000537,Martin,Mary,D,10-06-1973,1347,(717) 682-6433,,mary.martin89@aol.com,3353 Washington St,,Burlington,MS,26330,2026-05-14
VC000538,Young,Karen,,02/02/2000,4420,2037056942,,,767 Lake Rd,,Franklin,MT,35282,2026-05-13
VC000539,Nelson,Karen,E,2001-09-05,9990,964-727-5643,,,7785 Cedar Ln,,Marion,NJ,17556-9166,2026-05-25
VC000540,Miller,Daniel,,22-Feb-1944,1868,+14859499427,(643) 414-5736,,9930 Forest Ave,Apt 513,Burlington,CO,99589,2026-05-18
VC000541,Adams,Jessica,A,03-19-1998,2654,394.374.1961,,jessica.adams62@gmail.com,1647 Lincoln Ave,Apt 44,Springfield,ID,89159,2026-05-31
VC000542,Nguyen,Patricia,S,02/28/1972,7141,(370) 910-5906,,patricia.nguyen13@outlook.com,475 Main St,,Georgetown,AR,48452-7787,2026-05-12
VC000543,Torres,Matthew,X,1948-03-11,8195,6734708600,+12856956558,matthew.torres52@gmail.com,2447 Valley Ln,,Georgetown,RI,76565,2026-05-05
VC000544,Williams,Charles,S,19-Mar-1995,9619,396-374-7403,245.653.9490,charles.williams79@gmail.com,8035 Oak Ave,,Madison,PA,48198,2026-06-02
VC000545,Jones,James,N,12-29-1989,3849,+14072881394,,james.jones1@hotmail.com,198 Forest Ave,,Salem,CT,97723-7724,2026-05-28
VC000546,Nelson,David,,09/16/1945,4690,673.405.1924,,david.nelson23@hotmail.com,6412 River Dr,Apt 44,Greenville,ME,76269,2026-05-15
VC000547,Smith,Sandra,H,1966-12-24,2563,(578) 402-3222,,,7361 Washington St,Apt 950,Springfield,WY,38184,2026-05-28
VC000548,Wright,Michael,,26-Jan-1976,9521,5625019078,,michael.wright1@icloud.com,5862 Lake Rd,Apt 466,Franklin,MI,96794-4152,2026-05-28
VC000549,Wright,Nancy,E,08-04-1941,8636,358-847-4164,,nancy.wright38@outlook.com,7506 Cedar Ln,Apt 31,Georgetown,NE,47056,2026-05-21
VC000550,Brown,Christopher,,05/21/1959,2576,+14144235481,(850) 385-7295,,963 Oak Ave,,Clinton,MT,42519,2026-05-08
VC000551,Torres,Jennifer,,1999-02-18,6302,740.434.3749,,,1934 Lake Rd,Apt 451,Greenville,NC,49170-7237,2026-05-31
VC000552,Anderson,Thomas,,11-Mar-1970,6545,(862) 678-7861,,thomas.anderson47@hotmail.com,8649 Lincoln Ave,Apt 724,Marion,TX,20389,2026-05-12
VC000553,Harris,Betty,M,01-16-1946,2500,3558635811,,,6755 Oak Ave,,Dayton,AR,52929,2026-05-29
VC000554,Smith,Thomas,M,02/04/1947,9537,480-384-4805,903.202.6717,thomas.smith95@gmail.com,5772 Forest Ave,,Manchester,TN,40275-1228,2026-05-14
VC000555,Anderson,David,,1945-04-03,8827,+12503133033,,david.anderson41@icloud.com,2209 Washington St,Apt 907,Oxford,UT,33669,2026-05-07
VC000556,White,Christopher,Y,23-Aug-2002,8505,935.902.5347,3038635640,,6002 Cedar Ln,Apt 645,Springfield,AZ,95834,2026-05-18
VC000557,White,Sarah,N,06-26-1959,3527,(642) 292-1037,797-587-8160,sarah.white82@aol.com,253 Sunset Blvd,,Richmond,NJ,58177-1445,2026-05-12
VC000558,Williams,Sarah,Z,09/06/1989,8108,8168839475,+13614674253,,9390 Maple Dr,,Richmond,WI,55405,2026-06-02
VC000559,Taylor,Daniel,X,1962-04-25,7039,924-756-7649,457.616.8337,daniel.taylor4@outlook.com,796 Oak Ave,,Richmond,WY,63620,2026-05-05
VC000560,Baker,Ashley,N,21-Dec-1999,1056,+17743063059,(561) 615-3686,ashley.baker66@gmail.com,6699 Washington St,,Dayton,CO,78078-4065,2026-05-09
VC000561,Hall,Richard,T,11-28-1983,2465,235.813.3882,,richard.hall92@gmail.com,2732 Forest Ave,Apt 897,Georgetown,AR,27223,2026-05-13
VC000562,Nguyen,Lisa,O,12/04/2001,9388,(432) 679-2834,,,6808 Oak Ave,,Clinton,AK,82420,2026-05-30
VC000563,King,James,N,2001-07-09,4552,5723554543,+13195939488,james.king75@gmail.com,1200 Cedar Ln,Apt 301,Fairview,MT,93513-4258,2026-05-13
VC000564,Nguyen,Mary,U,15-Apr-1956,8585,318-537-3607,,,5319 Lake Rd,,Marion,UT,67069,2026-05-21
VC000565,Scott,Barbara,H,05-01-1981,6655,+17675846411,,barbara.scott10@yahoo.com,5915 Lincoln Ave,Apt 818,Marion,DE,59386,2026-06-03
VC000566,Walker,David,,01/27/1954,2175,697.832.9463,3103557748,,6034 Sunset Blvd,,Arlington,UT,16649-8753,2026-05-28
VC000567,Nelson,Ashley,,1959-08-31,7010,(829) 549-1319,,,7818 Park Blvd,,Oxford,ID,62700,2026-06-01
VC000568,Walker,Betty,Z,01-Apr-1996,6806,9044654346,,betty.walker56@outlook.com,578 Oak Ave,,Arlington,MO,53152,2026-05-15
VC000569,Young,James,W,09-22-1958,1277,430-391-8757,325.426.8586,james.young55@icloud.com,2339 Oak Ave,,Marion,MN,32303-1938,2026-05-09
VC000570,Martin,Joseph,,04/10/1999,8182,+12658502035,,joseph.martin62@hotmail.com,2301 Cedar Ln,,Springfield,LA,70633,2026-05-27
VC000571,Taylor,Richard,,2001-12-16,1553,516.291.7877,,,3299 River Dr,Apt 650,Arlington,MN,65919,2026-05-08
VC000572,Wilson,Ashley,V,21-Mar-1996,7770,(630) 954-7377,827-605-5815,ashley.wilson2@outlook.com,1872 Washington St,,Springfield,MO,87979-9366,2026-05-08
VC000573,Scott,Michael,,11-09-1985,5737,4468359446,,,7173 Oak Ave,,Dayton,TX,48139,2026-06-04
VC000574,Thompson,Anthony,G,05/19/1985,6746,393-455-3090,496.984.6481,,8790 Washington St,,Salem,OR,39001,2026-05-14
VC000575,Garcia,Thomas,C,1952-01-04,6570,+15412378389,,,7965 Lincoln Ave,Apt 814,Madison,GA,17958-4757,2026-05-15
VC000576,Miller,Mark,I,07-Jun-2003,7728,276.599.9037,,mark.miller72@outlook.com,8680 Oak Ave,,Manchester,NH,63635,2026-05-18
VC000577,Hall,Susan,W,04-23-1974,9629,(246) 484-3169,,susan.hall98@gmail.com,2661 Lake Rd,Apt 401,Burlington,OH,37314,2026-05-18
VC000578,Jackson,Karen,S,07/04/1989,4815,6018183062,+17053532306,karen.jackson11@gmail.com,8041 Forest Ave,,Dayton,AR,41976-3808,2026-06-01
VC000579,Williams,Karen,T,2000-02-15,2973,818-736-2608,,,9763 Washington St,,Franklin,WY,86875,2026-05-12
VC000580,Scott,Joseph,I,19-Sep-1977,1763,+12179614492,(457) 575-9680,,2450 Lincoln Ave,,Springfield,IA,87100,2026-05-15
VC000581,Williams,Thomas,J,09-05-1985,8120,603.885.9877,7323689026,thomas.williams64@aol.com,4991 Jefferson Dr,,Fairview,IL,72891-4142,2026-05-15
VC000582,Williams,Robert,M,04/15/1985,6348,(273) 609-8794,,robert.williams68@aol.com,4266 River Dr,,Franklin,LA,49943,2026-05-11
VC000583,Taylor,Richard,,1974-03-28,3413,9492829778,+12857356452,richard.taylor22@gmail.com,6289 Cedar Ln,Apt 576,Springfield,OK,53309,2026-06-04
VC000584,Thomas,Michael,,12-Oct-1966,2986,838-692-4354,,michael.thomas21@icloud.com,6888 Lincoln Ave,,Arlington,CT,68891-3419,2026-05-21
VC000585,Harris,Daniel,I,04-26-1973,8597,+13542159086,,daniel.harris30@gmail.com,3559 Lake Rd,,Clinton,MD,75325,2026-05-23
VC000586,Smith,Karen,,08/08/1997,8435,244.481.4242,7692574371,karen.smith88@hotmail.com,8325 Washington St,,Salem,VT,28363,2026-05-23
VC000587,Baker,Michael,,1960-03-09,2385,(924) 407-5901,576-789-4918,,4076 River Dr,Apt 150,Arlington,SC,58825-8354,2026-05-21
VC000588,Harris,Daniel,C,27-Sep-1951,1521,6827048822,,daniel.harris41@yahoo.com,1331 Maple Dr,,Madison,WI,90040,2026-05-24
VC000589,Baker,Betty,V,03-21-1941,9184,955-861-3545,896.420.5218,betty.baker99@outlook.com,2489 Maple Dr,,Franklin,OH,34854,2026-06-04
VC000590,Young,Ashley,S,03/18/1950,4394,+14167381877,(435) 316-6206,ashley.young12@aol.com,6422 Hill Rd,,Greenville,VT,16207-1761,2026-05-31
VC000591,Johnson,Anthony,J,1957-08-11,2489,216.360.8287,9117202990,anthony.johnson69@hotmail.com,567 Sunset Blvd,Apt 793,Arlington,OR,45528,2026-05-05
VC000592,Taylor,Mary,,19-Jun-1942,6038,(804) 331-9875,,mary.taylor65@hotmail.com,6781 Lincoln Ave,,Fairview,WI,60926,2026-05-05
VC000593,Brown,Ashley,R,10-15-1978,3396,4407595264,,ashley.brown62@yahoo.com,7195 Jefferson Dr,Apt 945,Dayton,SC,26147-3374,2026-05-23
VC000594,Smith,Michael,,06/17/1980,5008,861-649-8490,,,6562 Jefferson Dr,Apt 884,Fairview,MO,55685,2026-05-07
VC000595,Thomas,James,R,1995-11-15,5610,+17213687507,(802) 886-1130,james.thomas75@hotmail.com,3487 Maple Dr,,Marion,AL,92271,2026-05-16
VC000596,King,Thomas,,28-Oct-1958,9771,808.598.6799,,thomas.king97@gmail.com,423 Forest Ave,,Georgetown,MO,64945-3891,2026-05-17
VC000597,Brown,James,Q,03-29-1943,9083,(353) 548-1216,676-941-4084,,1046 Sunset Blvd,,Marion,MT,91993,2026-05-29
VC000598,Torres,Patricia,,12/23/1978,4350,7946028061,+19678714084,patricia.torres27@icloud.com,899 Lincoln Ave,,Oxford,IN,93286,2026-05-08
VC000599,Miller,James,B,1961-05-31,8110,249-538-1849,363.910.8055,,6445 Cedar Ln,Apt 132,Springfield,MT,61879-3031,2026-05-31
VC000600,Smith,Richard,K,02-Feb-1955,1169,+12005107925,,,4198 Jefferson Dr,Apt 717,Salem,FL,13195,2026-05-31
VC000601,Walker,Linda,H,12-25-1994,9656,980.876.1356,9373507636,linda.walker48@icloud.com,9933 Oak Ave,,Marion,CO,47928,2026-05-27
VC000602,King,Mark,,05/14/1960,1144,(863) 526-3921,,mark.king75@outlook.com,6246 Sunset Blvd,Apt 800,Manchester,MS,31143-1085,2026-05-26
VC000603,Young,Linda,V,1971-03-18,4930,8452873525,,,6422 Maple Dr,,Marion,OH,68916,2026-06-02
VC000604,Hall,Michael,,15-Feb-1993,5529,532-253-6339,,michael.hall39@gmail.com,448 Maple Dr,,Richmond,TX,39780,2026-05-12
VC000605,Hall,Richard,E,03-04-1949,9369,+14343626084,,,9929 Cedar Ln,Apt 17,Burlington,WA,35467-5495,2026-05-30
VC000606,Allen,Betty,,05/25/1993,7429,440.846.3575,,betty.allen95@aol.com,6976 Main St,,Arlington,NJ,62113,2026-06-03
VC000607,White,Linda,H,1949-02-15,5617,(493) 431-7303,,linda.white46@icloud.com,1842 Forest Ave,,Greenville,DE,39428,2026-05-25
VC000608,Smith,William,I,12-Nov-1954,5847,4312152706,,william.smith19@outlook.com,542 Washington St,,Dayton,HI,55824-5392,2026-05-29
VC000609,King,Michael,,07-31-1986,7998,661-812-7283,,michael.king44@yahoo.com,1777 Cedar Ln,Apt 983,Dayton,NM,73606,2026-05-17
VC000610,Thomas,Susan,B,05/30/1951,9474,+12686498004,,,6163 Jefferson Dr,,Franklin,OR,20242,2026-05-24
VC000611,Walker,Susan,,1982-04-13,6058,447.476.3854,8872924471,susan.walker38@outlook.com,8217 Sunset Blvd,,Georgetown,IA,56012-5298,2026-05-18
VC000612,Hall,Matthew,N,24-Jul-1959,3517,(577) 599-7933,902-788-8598,,8200 Sunset Blvd,,Manchester,KS,16608,2026-05-21
VC000613,Davis,Sarah,J,10-22-2002,7952,4184235551,,,2930 Oak Ave,,Madison,LA,37221,2026-05-29
VC000614,Miller,Linda,,08/30/1947,1027,782-489-9567,637.687.7443,linda.miller20@gmail.com,1551 River Dr,Apt 871,Marion,MN,34981-6788,2026-05-21
VC000615,Wright,Karen,Y,1961-09-08,1481,+12023452160,(820) 918-5294,karen.wright44@yahoo.com,4896 River Dr,,Clinton,OK,99039,2026-05-19
VC000616,Thomas,Jessica,J,08-Oct-1998,7307,893.732.5517,6059297335,jessica.thomas99@yahoo.com,7946 Forest Ave,,Salem,KS,41661,2026-05-21
VC000617,White,Charles,U,06-20-2004,2924,(655) 276-3128,396-563-2927,charles.white42@icloud.com,6469 Washington St,Apt 933,Madison,IA,15564-1818,2026-05-27
VC000618,Scott,Jennifer,C,05/15/1961,5003,4053243338,,,7158 Maple Dr,,Marion,DE,75685,2026-05-23
VC000619,Davis,Lisa,I,1955-08-19,2852,341-999-6585,875.877.2117,lisa.davis51@icloud.com,2816 River Dr,,Manchester,AL,28428,2026-05-06
VC000620,Smith,Joseph,X,29-Jul-1949,4368,+17249887646,,joseph.smith84@icloud.com,3353 Maple Dr,Apt 501,Franklin,AZ,60784-5506,2026-06-03
VC000621,Williams,Jennifer,I,06-30-1969,4942,277.568.8413,,jennifer.williams46@outlook.com,8048 Cedar Ln,,Burlington,DE,72943,2026-05-21
VC000622,Jackson,Richard,P,09/27/1992,3448,(750) 283-9844,,richard.jackson80@aol.com,932 Jefferson Dr,Apt 707,Georgetown,FL,69060,2026-05-07
VC000623,Martin,Patricia,,1973-01-29,9997,4468664706,,,9603 Maple Dr,,Burlington,MS,36350-3491,2026-05-06
VC000624,Harris,Mary,G,27-Feb-1940,9318,948-559-8351,451.598.4886,mary.harris80@gmail.com,504 Oak Ave,,Greenville,TX,73680,2026-06-03
VC000625,Taylor,Jessica,R,07-17-1973,9495,+16388798668,(234) 315-7930,jessica.taylor98@hotmail.com,3082 River Dr,,Springfield,CO,34852,2026-05-05
VC000626,Jones,William,T,12/26/1988,1131,479.225.7263,,,5369 Jefferson Dr,,Springfield,WA,53453-4271,2026-05-27
VC000627,Baker,Robert,P,1962-07-11,7672,(507) 588-9648,,,4439 Park Blvd,,Oxford,TN,69514,2026-05-10
VC000628,Allen,Nancy,N,06-Aug-1958,8683,9722533933,,nancy.allen94@outlook.com,3062 Valley Ln,Apt 965,Oxford,MT,20329,2026-06-03
VC000629,Scott,Linda,A,12-16-1998,2788,706-234-1038,,linda.scott50@gmail.com,610 Park Blvd,Apt 274,Marion,MN,49900-2066,2026-05-27
VC000630,Jones,Joseph,B,07/16/1997,1578,+17203041909,,,1437 Forest Ave,,Georgetown,WA,62216,2026-05-19
VC000631,Nguyen,Michael,Y,1964-02-03,3939,974.687.8207,8716673979,,5315 Valley Ln,,Salem,WY,78946,2026-05-06
VC000632,Nguyen,Lisa,,10-May-1995,9040,(870) 663-5410,547-248-9030,lisa.nguyen14@aol.com,1010 Main St,Apt 387,Richmond,VA,57467-8994,2026-05-24
VC000633,Miller,Nancy,Z,06-15-1963,2587,9747503621,,,2730 Valley Ln,,Dayton,AZ,62737,2026-05-31
VC000634,Johnson,Matthew,H,05/15/1992,2911,865-499-1146,,matthew.johnson22@outlook.com,1506 Forest Ave,Apt 265,Fairview,VA,68977,2026-05-10
VC000635,Allen,Anthony,G,1950-03-30,5110,+17499721297,(993) 251-6945,,1081 Oak Ave,,Madison,ND,95510-4508,2026-06-03
VC000636,Taylor,Lisa,,25-Jan-1963,1688,836.327.3684,9783774386,lisa.taylor5@aol.com,6557 Maple Dr,,Georgetown,CA,97330,2026-05-09
VC000637,Jones,Sarah,K,06-07-1943,8595,(970) 325-2748,,,7193 Valley Ln,,Greenville,ME,77571,2026-05-08
VC000638,Martin,Margaret,,07/04/1996,2577,2486072621,,margaret.martin72@aol.com,2677 Main St,,Fairview,KY,72460-6232,2026-06-04
VC000639,Nelson,Christopher,U,1980-04-05,1759,940-873-3325,,christopher.nelson99@aol.com,8373 Oak Ave,,Georgetown,AL,36176,2026-05-17
VC000640,Torres,Linda,K,25-Sep-1987,8953,+13464966845,,,766 Main St,,Madison,SC,62714,2026-05-21
VC000641,Miller,Margaret,B,12-04-1982,3374,303.766.2062,4855325812,,6032 Oak Ave,,Georgetown,PA,48612-9035,2026-05-10
VC000642,Wright,Charles,B,09/07/1991,4012,(841) 436-8329,,charles.wright52@gmail.com,4538 Sunset Blvd,Apt 990,Burlington,NM,63511,2026-05-15
VC000643,Adams,Sarah,,2003-03-27,9183,3538431952,+19388623496,sarah.adams1@yahoo.com,1322 Oak Ave,Apt 904,Manchester,WI,90938,2026-05-24
VC000644,Adams,Barbara,,03-Jun-1941,5500,867-507-4757,618.233.1759,,1384 Sunset Blvd,,Dayton,MO,71782-3496,2026-05-17
VC000645,Taylor,John,Z,11-26-1990,5419,+19924484163,(353) 392-1006,john.taylor88@yahoo.com,7287 Sunset Blvd,,Burlington,GA,17353,2026-05-06
VC000646,Baker,Daniel,C,07/13/1982,8055,806.915.7285,7132354779,daniel.baker51@icloud.com,7896 River Dr,,Salem,OH,25785,2026-05-15
VC000647,Brown,John,X,1956-12-27,3151,(624) 815-7139,600-265-7967,john.brown20@yahoo.com,9227 River Dr,Apt 599,Clinton,OR,55045-1598,2026-05-09
VC000648,Brown,Barbara,D,30-Dec-1972,2854,3518958908,,barbara.brown20@outlook.com,6510 Lake Rd,,Fairview,CA,47096,2026-05-09
VC000649,Anderson,Nancy,E,06-01-1973,5577,802-411-9593,,nancy.anderson45@aol.com,9694 Valley Ln,Apt 796,Springfield,VA,29719,2026-05-07
VC000650,Adams,Jennifer,U,06/03/1944,9617,+18245491680,(621) 261-3769,jennifer.adams84@hotmail.com,6882 Hill Rd,,Marion,NC,97583-6108,2026-06-01
VC000651,Johnson,Margaret,,1947-05-30,6753,460.581.2082,8733148357,margaret.johnson85@yahoo.com,3858 Jefferson Dr,,Madison,KS,25023,2026-05-05
VC000652,Anderson,Barbara,D,08-Jul-2001,5026,(965) 921-7900,,barbara.anderson62@gmail.com,2540 Washington St,Apt 294,Madison,UT,42173,2026-05-19
VC000653,Jackson,Betty,,05-26-1941,2410,2968908295,,betty.jackson60@outlook.com,5953 Forest Ave,,Greenville,PA,30651-9197,2026-06-03
VC000654,Adams,Jessica,B,09/13/1977,5165,373-881-6288,532.644.6359,jessica.adams40@icloud.com,74 Maple Dr,Apt 423,Salem,MI,71357,2026-05-24
VC000655,Scott,Michael,D,1954-02-21,6041,+16606706286,,michael.scott76@hotmail.com,7498 Oak Ave,,Marion,ID,42588,2026-05-18
VC000656,Hill,Lisa,T,23-Oct-1969,1474,915.334.6635,6226016981,,9195 River Dr,Apt 95,Burlington,SD,18701-4621,2026-06-01
VC000657,Davis,Christopher,O,07-20-1951,4644,(300) 390-4134,921-661-2017,christopher.davis53@hotmail.com,7169 River Dr,Apt 261,Fairview,MN,93625,2026-05-06
VC000658,Taylor,Charles,,03/06/1976,7698,2744067833,,,8012 Lake Rd,,Dayton,NY,30576,2026-05-24
VC000659,Williams,Mark,D,1986-11-27,1886,585-424-6516,,mark.williams75@yahoo.com,4906 Forest Ave,Apt 223,Springfield,ME,17848-2988,2026-06-03
VC000660,Jackson,Sarah,K,06-Sep-1986,3066,+15444182341,,sarah.jackson35@icloud.com,4032 Lincoln Ave,,Marion,NE,72898,2026-05-21
VC000661,Baker,Sandra,,04-12-1955,5661,572.393.9812,6157733390,sandra.baker29@aol.com,2387 Sunset Blvd,,Georgetown,UT,19645,2026-06-03
VC000662,Torres,Mark,V,03/06/1978,5289,(678) 482-8562,,mark.torres77@icloud.com,9793 Lake Rd,Apt 499,Arlington,OR,60688-6492,2026-05-26
VC000663,Allen,Sarah,,1994-01-01,1991,4524701783,+14502841998,sarah.allen48@yahoo.com,2973 Jefferson Dr,,Burlington,CO,25805,2026-05-21
VC000664,Davis,Anthony,K,13-Apr-1971,5591,449-690-4867,,anthony.davis51@yahoo.com,3686 Washington St,,Dayton,DE,74564,2026-05-17
VC000665,Harris,Lisa,,06-09-1995,6457,+15223043660,,lisa.harris51@hotmail.com,8437 Jefferson Dr,Apt 710,Manchester,NC,98236-9701,2026-05-26
VC000666,Nguyen,Michael,,11/19/1988,5192,684.255.6206,8953041951,michael.nguyen33@yahoo.com,2876 Valley Ln,,Georgetown,MD,42390,2026-05-20
VC000667,Harris,John,R,1999-12-26,8038,(236) 701-8323,,john.harris82@outlook.com,2131 Lincoln Ave,Apt 503,Fairview,TX,14563,2026-05-19
VC000668,Garcia,Ashley,E,06-Jan-1950,3634,3614346918,,,8311 Valley Ln,Apt 314,Fairview,NJ,70567-1487,2026-05-19
VC000669,Martin,Jessica,,12-20-1966,9152,628-463-5479,,,2441 River Dr,,Greenville,WY,48318,2026-05-05
VC000670,Taylor,Michael,G,10/22/1955,5522,+13737113184,,,8197 Oak Ave,,Salem,GA,73455,2026-05-27
VC000671,Baker,Ashley,,1975-11-15,2736,711.992.4248,4688616843,,2587 Oak Ave,,Clinton,MT,58957-7013,2026-05-20
VC000672,Baker,Robert,S,31-Dec-1963,6093,(829) 415-7307,,robert.baker99@yahoo.com,4523 Lincoln Ave,,Clinton,OR,55809,2026-05-22
VC000673,Nelson,Matthew,I,01-19-1972,5847,9058161922,,,3976 Forest Ave,Apt 953,Dayton,HI,88823,2026-05-25
VC000674,Martin,Thomas,O,06/20/2003,7786,546-225-4738,919.221.6676,thomas.martin52@icloud.com,2875 Sunset Blvd,Apt 338,Arlington,ME,48449-2112,2026-05-22
VC000675,Anderson,Karen,X,1990-08-26,3740,+19686178505,(511) 968-6132,karen.anderson88@aol.com,1605 Maple Dr,,Dayton,MT,74443,2026-05-17
VC000676,Thomas,David,R,08-Jun-1940,9402,692.609.1611,,david.thomas74@outlook.com,1997 Park Blvd,,Georgetown,NC,49571,2026-05-18
VC000677,Nguyen,Barbara,,12-12-1962,6672,(911) 980-4207,,barbara.nguyen9@hotmail.com,5109 Jefferson Dr,,Arlington,MI,39155-3185,2026-05-21
VC000678,White,Sarah,Y,06/19/1973,8649,3885336687,+13329331649,sarah.white71@aol.com,9116 Forest Ave,,Oxford,RI,16448,2026-06-03
VC000679,Anderson,John,Y,1969-07-16,2101,810-325-6587,,john.anderson40@hotmail.com,194 Maple Dr,,Greenville,HI,88166,2026-05-31
VC000680,Allen,Sarah,,05-Apr-1944,7682,+15432542282,,sarah.allen20@yahoo.com,3917 Hill Rd,,Springfield,IA,91881-7945,2026-05-21
VC000681,Hill,Margaret,A,06-25-1974,3880,778.584.5426,2514317708,margaret.hill76@icloud.com,5171 Sunset Blvd,Apt 508,Oxford,WI,95413,2026-05-24
VC000682,Hill,Sandra,A,03/24/1977,2402,(477) 583-3686,,sandra.hill39@icloud.com,6961 Main St,,Fairview,OH,21475,2026-05-28
VC000683,Thomas,Sandra,W,1987-11-30,9423,5702235929,+18882831456,sandra.thomas98@aol.com,4731 Cedar Ln,Apt 901,Clinton,AK,45563-7962,2026-05-10
VC000684,King,Patricia,,11-Dec-1981,3057,469-253-4185,,patricia.king64@outlook.com,9910 Jefferson Dr,,Manchester,IA,29183,2026-05-05
VC000685,Williams,Betty,N,01-26-1969,5222,+19696824046,,betty.williams73@aol.com,3185 Cedar Ln,,Salem,MN,68978,2026-05-07
VC000686,Allen,Karen,O,05/11/1995,9114,419.924.9172,,,6399 Hill Rd,Apt 838,Marion,NM,77091-6464,2026-05-11
VC000687,Taylor,Barbara,Y,1976-05-27,4779,(469) 269-4477,,barbara.taylor17@outlook.com,9936 Forest Ave,Apt 803,Arlington,MD,64808,2026-06-02
VC000688,Young,Ashley,,10-Mar-1983,6415,9399208792,,ashley.young69@icloud.com,9149 Park Blvd,Apt 720,Greenville,TX,71881,2026-05-05
VC000689,Smith,Daniel,,07-05-2001,6391,720-410-7595,,,9042 Cedar Ln,,Fairview,MD,79521-2971,2026-05-19
VC000690,Baker,Sarah,,03/23/1946,4751,+12764624052,(299) 451-8137,sarah.baker87@gmail.com,4049 Main St,,Burlington,WI,83271,2026-05-23
VC000691,Walker,Michael,,2002-08-11,4784,502.319.8214,,,898 Hill Rd,,Clinton,UT,90229,2026-06-04
VC000692,Thompson,Barbara,Q,14-Feb-1964,8125,(475) 506-2495,320-285-3640,barbara.thompson54@aol.com,7919 Forest Ave,,Fairview,SD,49786-9016,2026-06-03
VC000693,Walker,Michael,F,01-17-1941,6161,7429031777,,,4197 Hill Rd,Apt 48,Salem,IN,45734,2026-05-19
VC000694,Thompson,Linda,,04/11/1965,5218,415-993-6780,,,9290 Cedar Ln,,Marion,DE,25092,2026-06-04
VC000695,King,Anthony,I,1941-05-07,5364,+18273597421,(277) 654-1754,,5950 Cedar Ln,Apt 501,Franklin,OR,55824-2983,2026-05-17
VC000696,Young,Michael,J,19-Sep-1974,8417,673.620.5171,4339616337,,7728 Oak Ave,,Madison,AZ,52796,2026-05-27
VC000697,Hall,Richard,H,03-24-1992,7094,(843) 451-4341,467-455-7745,,6880 Washington St,Apt 326,Madison,HI,43835,2026-05-13
VC000698,Hill,Christopher,,06/19/1987,4171,3748657242,+19292737589,,9314 Lincoln Ave,,Clinton,GA,13994-2670,2026-05-31
VC000699,Smith,Susan,W,1980-07-15,8833,789-869-4530,,,9841 Sunset Blvd,,Greenville,MA,61601,2026-05-14
VC000700,Scott,John,X,27-Feb-1998,4009,+12137777541,,,3175 Cedar Ln,,Springfield,CA,60130,2026-05-11
VC000701,Hill,Margaret,,11-05-1975,7636,788.710.4248,,margaret.hill46@icloud.com,3501 Washington St,Apt 976,Manchester,OK,85086-6084,2026-05-23
VC000702,Scott,Charles,V,11/16/1969,7355,(617) 871-4780,,,7178 Cedar Ln,,Arlington,AZ,65585,2026-05-19
VC000703,Taylor,Susan,,1993-07-12,7729,6234136806,+17797836793,,1798 Washington St,,Burlington,CT,13396,2026-05-11
VC000704,Martin,Joseph,X,21-Sep-1943,9942,246-409-1901,774.762.9483,,2358 Forest Ave,Apt 859,Georgetown,OR,64309-6064,2026-05-16
VC000705,Davis,Richard,B,11-10-1956,4345,+12375595393,,richard.davis58@aol.com,9085 Maple Dr,Apt 628,Marion,DE,68407,2026-06-04
VC000706,Thompson,Jessica,P,10/15/1973,5978,685.811.1825,,,3674 Washington St,Apt 142,Clinton,KY,89855,2026-05-22
VC000707,Hill,Betty,,1987-08-20,9427,(747) 464-2273,620-797-9749,,8674 Lake Rd,,Clinton,NJ,99481-5966,2026-05-06
VC000708,Garcia,Karen,,12-Jul-1969,1605,5867071007,+15908647600,,9611 Valley Ln,Apt 308,Salem,TX,76105,2026-05-31
VC000709,Harris,Daniel,E,02-10-1955,2271,374-218-2646,308.638.9363,daniel.harris36@yahoo.com,2904 Park Blvd,,Franklin,OH,61229,2026-05-11
VC000710,Jackson,Robert,W,04/22/1974,4950,+15333452478,,robert.jackson74@gmail.com,8372 Jefferson Dr,,Manchester,TX,69450-5257,2026-05-19
VC000711,Johnson,James,W,2004-11-24,3879,775.448.9558,7675389933,,2349 Forest Ave,,Franklin,AK,21761,2026-05-06
VC000712,Taylor,Linda,,17-Nov-1973,9723,(570) 980-4668,,linda.taylor46@gmail.com,9262 Cedar Ln,,Georgetown,LA,26626,2026-05-24
VC000713,Baker,Margaret,,03-14-1981,6669,5454751246,,margaret.baker69@gmail.com,2292 Sunset Blvd,Apt 433,Richmond,CO,65365-6450,2026-05-30
VC000714,Miller,Richard,,08/05/2002,2410,893-415-2495,201.604.9162,richard.miller45@aol.com,8588 Lake Rd,Apt 662,Georgetown,CT,30833,2026-05-25
VC000715,Thompson,Robert,S,1947-04-09,2613,+18438183925,(908) 972-1518,robert.thompson33@outlook.com,3285 Oak Ave,,Salem,VA,60419,2026-05-09
VC000716,Hall,Ashley,W,28-Jul-2003,8132,842.658.4476,5425071014,ashley.hall71@hotmail.com,4525 River Dr,,Oxford,WI,77590-3829,2026-05-07
VC000717,Anderson,Richard,W,10-21-2004,4878,(292) 591-5628,,richard.anderson90@hotmail.com,7166 Washington St,,Oxford,IN,36702,2026-05-18
VC000718,Williams,Joseph,,12/12/1949,1534,3492899605,,joseph.williams12@icloud.com,5099 Lake Rd,,Springfield,IA,61928,2026-05-07
VC000719,Torres,Linda,,1943-04-26,7320,304-350-2046,,linda.torres40@aol.com,8502 Forest Ave,,Oxford,VT,92421-8817,2026-06-01
VC000720,Adams,Richard,E,16-Jun-1968,2776,+18924523517,(802) 681-5843,richard.adams5@aol.com,5217 Jefferson Dr,Apt 412,Arlington,IN,73347,2026-05-17
VC000721,Nelson,Sarah,,03-07-1962,5613,411.978.7630,,sarah.nelson37@aol.com,4435 Main St,,Marion,PA,92903,2026-05-10
VC000722,Thompson,Patricia,D,10/20/1946,6785,(882) 630-6331,302-681-3081,patricia.thompson5@gmail.com,7637 Park Blvd,,Richmond,WY,76646-3460,2026-06-02
VC000723,Davis,Charles,G,1982-07-26,1254,9084741247,+18105375063,charles.davis42@icloud.com,6927 River Dr,Apt 471,Marion,OK,77299,2026-05-26
VC000724,Wright,Daniel,,12-Oct-1979,7763,513-443-1598,330.561.3411,daniel.wright7@outlook.com,1629 Forest Ave,,Richmond,MI,34153,2026-05-25
VC000725,Wright,Sarah,,10-24-1972,2556,+12042166170,(400) 823-9529,sarah.wright37@yahoo.com,3226 River Dr,,Marion,MN,43634-2049,2026-05-24
VC000726,Taylor,Anthony,Q,07/23/1975,4662,278.552.5338,,anthony.taylor5@aol.com,521 Jefferson Dr,Apt 342,Marion,WA,72223,2026-06-01
VC000727,Walker,David,M,1956-06-17,4622,(794) 567-5988,,david.walker3@yahoo.com,7072 Lake Rd,,Clinton,MO,11996,2026-05-13
VC000728,Smith,Matthew,,15-Dec-1983,6323,9608874323,,,3352 Oak Ave,,Greenville,NH,90879-1349,2026-05-17
VC000729,Nguyen,Nancy,A,01-20-1944,1284,685-797-1016,368.237.2359,,8001 Jefferson Dr,,Fairview,NM,24337,2026-05-22
VC000730,Martin,Sandra,V,05/30/1958,1690,+13033667378,(424) 539-8544,sandra.martin44@gmail.com,6102 Lake Rd,,Clinton,SD,11940,2026-05-15
VC000731,Nelson,Nancy,,1980-03-03,1384,668.269.9785,,nancy.nelson30@aol.com,3372 Lake Rd,,Springfield,IN,13699-6312,2026-05-07
VC000732,King,Matthew,,05-Jan-1967,1130,(498) 859-7401,,matthew.king46@aol.com,9802 River Dr,,Greenville,OR,30393,2026-05-16
VC000733,Thomas,Michael,E,01-22-1988,9673,8672971329,,michael.thomas98@aol.com,3667 Lincoln Ave,Apt 386,Oxford,AR,85274,2026-06-04
VC000734,Smith,Susan,C,04/17/1974,4903,256-983-5207,588.855.9296,,4880 Park Blvd,,Franklin,MN,65893-9675,2026-05-23
VC000735,Smith,John,,1987-09-12,7770,+13054894517,,john.smith14@aol.com,8958 Sunset Blvd,Apt 180,Springfield,ID,13310,2026-05-18
VC000736,Wright,Jessica,V,01-Feb-1952,2912,968.674.4352,9224884280,,2302 Lincoln Ave,,Fairview,OH,82686,2026-05-18
VC000737,Brown,Mary,C,06-21-1944,9834,(903) 328-8208,706-308-8676,mary.brown11@aol.com,8858 Washington St,,Springfield,UT,58694-2166,2026-05-19
VC000738,King,Joseph,,04/06/1979,7500,8045447625,,joseph.king15@outlook.com,8132 Hill Rd,Apt 35,Georgetown,SD,83529,2026-05-08
VC000739,Thomas,David,X,1951-09-06,5029,579-380-3557,235.385.8638,,1501 River Dr,,Burlington,NY,27678,2026-05-18
VC000740,Jones,Karen,,05-Jun-1972,5856,+13426024100,,karen.jones21@aol.com,2220 Cedar Ln,,Clinton,MS,44912-7129,2026-05-28
VC000741,White,Joseph,,03-18-1990,4037,285.334.4520,3722891909,,3741 Washington St,Apt 633,Georgetown,NJ,10496,2026-05-14
VC000742,Scott,Sandra,D,06/10/2004,9118,(606) 859-7484,,sandra.scott3@icloud.com,9330 Park Blvd,,Georgetown,VA,64443,2026-05-21
VC000743,Brown,Charles,,1943-11-06,6515,6459911071,,,232 Valley Ln,Apt 833,Greenville,MT,10216-9226,2026-05-21
VC000744,Williams,Jennifer,,08-Aug-1947,6107,464-564-5351,369.396.9063,jennifer.williams40@gmail.com,4869 Lake Rd,,Madison,MN,74547,2026-06-03
VC000745,Wilson,John,,06-29-1968,8696,+16254776952,(525) 912-9176,john.wilson90@aol.com,3470 Cedar Ln,Apt 961,Burlington,NJ,22520,2026-05-08
VC000746,Baker,Matthew,N,10/30/2000,3189,818.928.3760,9385318791,matthew.baker93@aol.com,80 Park Blvd,,Fairview,IN,76110-4169,2026-05-11
VC000747,Hill,Matthew,C,1997-10-08,6711,(935) 243-7458,528-745-9770,,9464 Maple Dr,,Manchester,WV,61119,2026-05-30
VC000748,Jackson,Patricia,,04-Jul-1989,3320,2579371847,+18257359571,patricia.jackson57@gmail.com,9375 Main St,,Manchester,HI,53923,2026-05-23
VC000749,Harris,James,C,02-02-1966,8744,620-738-8096,366.760.3091,james.harris51@aol.com,4491 River Dr,Apt 562,Burlington,MD,23218-9105,2026-05-08
VC000750,Hall,David,R,12/15/1966,3319,+16962227718,,david.hall88@hotmail.com,3697 Oak Ave,,Oxford,SC,30167,2026-05-16
VC000751,Thompson,Jessica,X,1957-08-16,8324,215.583.7812,2025195480,jessica.thompson3@icloud.com,585 Cedar Ln,,Richmond,FL,51003,2026-05-19
VC000752,Walker,Sandra,N,24-Feb-1974,1323,(576) 439-3324,289-837-1854,sandra.walker76@gmail.com,4997 Maple Dr,Apt 979,Georgetown,WY,60903-2205,2026-06-03
VC000753,Miller,Mark,T,08-01-2004,4032,4106195500,+19453472482,mark.miller11@icloud.com,3290 Washington St,,Dayton,PA,61938,2026-05-17
VC000754,Wilson,Jennifer,,05/18/1988,5059,433-804-9340,,,8885 River Dr,,Arlington,TN,68581,2026-05-26
VC000755,Hill,Mary,D,1955-10-08,2836,+19904562512,(438) 766-1332,mary.hill40@hotmail.com,5782 Sunset Blvd,Apt 704,Marion,MO,66688-2254,2026-05-30
VC000756,Baker,Ashley,,08-Oct-1966,3533,278.914.1970,,ashley.baker23@gmail.com,4015 Jefferson Dr,,Franklin,MO,46159,2026-05-28
VC000757,Thomas,Richard,S,10-29-1972,6628,(588) 640-7883,433-650-7451,,587 Hill Rd,Apt 653,Arlington,WA,36601,2026-05-29
VC000758,Davis,Linda,T,08/28/1975,9537,8299448752,,,2396 Lake Rd,,Clinton,NJ,31406-1450,2026-06-04
VC000759,Baker,Ashley,K,1995-03-11,1971,763-424-4605,816.220.4135,,7786 Lincoln Ave,Apt 328,Springfield,VA,67698,2026-05-16
VC000760,Wright,William,,28-May-1994,8983,+19215428352,,william.wright54@outlook.com,502 Hill Rd,,Clinton,ME,47952,2026-05-05
VC000761,Harris,Jennifer,B,07-09-1962,5789,570.688.7884,8244105414,jennifer.harris50@aol.com,519 River Dr,,Richmond,VT,37319-3633,2026-05-06
VC000762,Hall,Nancy,H,06/26/1992,8354,(540) 379-6209,892-388-4977,,7900 Oak Ave,,Georgetown,AK,89761,2026-05-25
VC000763,Adams,Ashley,W,1962-11-14,8141,9455666733,,,256 Jefferson Dr,Apt 332,Madison,AL,22073,2026-05-18
VC000764,Nguyen,Ashley,U,19-Sep-2003,8625,295-915-8672,,ashley.nguyen73@yahoo.com,1594 Forest Ave,Apt 823,Madison,UT,94465-5641,2026-05-28
VC000765,Martin,David,,01-09-1967,1238,+17656131102,,,9414 Washington St,Apt 984,Franklin,WV,67752,2026-05-11
VC000766,Smith,Mark,P,09/06/1976,3408,951.542.4912,,,2285 Main St,,Greenville,VT,13564,2026-05-14
VC000767,Taylor,Matthew,M,1953-11-15,4102,(439) 304-1977,218-694-4422,,1261 Forest Ave,,Springfield,CA,50460-2308,2026-05-30
VC000768,Wright,Christopher,Y,01-Oct-1954,1586,3168664109,+13757198115,christopher.wright63@yahoo.com,9302 Hill Rd,,Burlington,IL,12239,2026-05-08
VC000769,Smith,Daniel,,05-19-1952,7296,580-529-9315,795.969.2717,daniel.smith93@aol.com,6384 Oak Ave,Apt 16,Madison,MD,87987,2026-05-14
VC000770,Walker,Richard,,01/21/1955,2858,+14562407361,(483) 579-4314,richard.walker78@yahoo.com,5159 Jefferson Dr,,Richmond,TN,47650-3321,2026-06-03
VC000771,Nelson,Sarah,W,1979-04-16,5461,818.847.3525,,sarah.nelson94@yahoo.com,2384 Lake Rd,Apt 988,Manchester,MI,23872,2026-06-01
VC000772,Thomas,Patricia,Y,06-May-1942,5612,(248) 963-9030,,patricia.thomas1@outlook.com,8434 Park Blvd,Apt 918,Oxford,NM,98643,2026-06-04
VC000773,Garcia,Lisa,,12-18-1997,5219,8474782841,,lisa.garcia40@hotmail.com,1747 River Dr,,Manchester,NE,92959-6227,2026-05-16
VC000774,Thomas,Mark,,09/06/1999,2842,224-646-3460,,mark.thomas98@gmail.com,1393 Maple Dr,,Marion,NC,88067,2026-05-15
VC000775,Smith,Linda,M,1958-05-20,1188,+17057736869,(366) 402-1701,linda.smith86@gmail.com,3687 Lake Rd,,Dayton,MT,42070,2026-05-19
VC000776,Garcia,Lisa,Y,19-Jun-2004,4881,773.751.3365,,lisa.garcia32@outlook.com,6521 Oak Ave,,Georgetown,GA,39853-9735,2026-05-28
VC000777,Scott,John,,06-14-1945,6182,(717) 309-4697,,john.scott62@outlook.com,7622 Park Blvd,,Springfield,NJ,34611,2026-05-31
VC000778,Baker,Margaret,B,04/19/1984,1455,3085582140,+15056471504,margaret.baker82@aol.com,2740 Washington St,,Dayton,NE,75147,2026-06-02
VC000779,Torres,Linda,X,1966-05-20,4594,998-550-8174,880.400.1254,linda.torres61@aol.com,7170 Main St,,Dayton,OR,12074-2525,2026-05-28
VC000780,Davis,Margaret,N,09-Jan-1970,4003,+12339633094,(951) 276-2634,,5676 Washington St,Apt 721,Georgetown,IL,87967,2026-05-15
VC000781,Hill,Patricia,W,09-26-1997,6190,236.610.2549,8333095005,,4523 Washington St,Apt 113,Manchester,VA,79863,2026-05-18
VC000782,Wilson,Betty,A,11/06/1982,3243,(982) 339-8644,314-460-3044,betty.wilson74@icloud.com,9332 Lincoln Ave,,Fairview,SD,53525-5806,2026-05-07
VC000783,Thomas,Margaret,,1971-02-01,3971,2644875753,,margaret.thomas39@aol.com,1856 River Dr,,Marion,MO,12381,2026-06-03
VC000784,Taylor,Thomas,,22-Jun-1963,5290,553-376-5568,,thomas.taylor9@outlook.com,4164 Park Blvd,,Arlington,TX,57115,2026-06-03
VC000785,King,James,X,01-06-1946,6219,+14789412025,,james.king64@outlook.com,3041 Forest Ave,,Salem,NC,93122-4165,2026-05-20
VC000786,Jackson,Sarah,G,12/26/1946,9883,267.284.9050,7809285258,sarah.jackson6@icloud.com,8827 Sunset Blvd,,Georgetown,CA,90626,2026-05-25
VC000787,Taylor,John,,1992-01-06,7576,(469) 362-2166,,john.taylor91@gmail.com,5837 Park Blvd,Apt 971,Madison,WA,14348,2026-05-17
VC000788,Scott,Christopher,,30-Mar-1981,4338,6352686867,,christopher.scott52@aol.com,7493 Main St,Apt 879,Greenville,TN,59113-8746,2026-05-29
VC000789,Nelson,Betty,,09-22-1940,8983,376-279-6686,,betty.nelson76@icloud.com,3531 Forest Ave,,Burlington,AZ,42376,2026-05-14
VC000790,Anderson,Richard,,10/08/1990,7502,+15626632609,,,3747 Lake Rd,Apt 505,Franklin,AK,97856,2026-05-30
VC000791,Harris,Patricia,O,1959-09-04,3291,737.422.7975,,,1464 Maple Dr,,Burlington,ND,25779-6152,2026-05-23
VC000792,Anderson,Barbara,L,09-Jan-1950,6436,(544) 652-5886,848-400-3297,barbara.anderson65@gmail.com,3769 Sunset Blvd,,Clinton,NJ,96131,2026-06-01
VC000793,Williams,Betty,G,10-12-1942,4079,8879621898,,,5169 Lincoln Ave,Apt 343,Arlington,VT,67605,2026-05-20
VC000794,King,Nancy,,10/08/1968,9642,424-850-1467,,nancy.king73@outlook.com,4012 Washington St,,Salem,WI,76878-6507,2026-05-18
VC000795,Nguyen,Robert,,1942-01-22,9833,+17184935358,,,7109 Valley Ln,Apt 447,Clinton,NY,39277,2026-05-15
VC000796,Miller,David,C,14-Jul-1998,8370,603.242.4252,2075398163,david.miller99@yahoo.com,8893 Park Blvd,Apt 958,Clinton,NM,58263,2026-06-01
VC000797,Hall,Lisa,,06-28-1999,8479,(315) 387-6696,,,9903 Main St,,Arlington,KS,22803-4186,2026-05-31
VC000798,Hall,Joseph,O,10/29/1991,1825,5327395822,+18077242853,joseph.hall1@icloud.com,9934 Oak Ave,,Madison,ID,29431,2026-05-06
VC000799,Baker,William,G,1941-04-19,1234,921-434-9980,,william.baker2@aol.com,3464 Lake Rd,,Greenville,GA,36897,2026-05-29
VC000800,Hill,James,Y,13-Jun-1987,2721,+16426883510,(276) 263-9791,,3297 Sunset Blvd,Apt 968,Marion,FL,69450-5395,2026-05-08
VC000801,Thomas,Joseph,W,12-11-2001,8373,988.374.8780,,joseph.thomas58@outlook.com,9703 Main St,,Greenville,VA,70629,2026-05-15
VC000802,Nguyen,Charles,,09/10/1948,5448,(754) 946-1046,598-321-8355,charles.nguyen6@aol.com,6566 Forest Ave,,Richmond,OK,29065,2026-05-13
VC000803,Brown,Margaret,R,1962-09-08,4380,7967727678,+16305884956,margaret.brown70@hotmail.com,8796 Forest Ave,,Burlington,NE,95279-9208,2026-05-21
VC000804,Taylor,Lisa,J,17-Jun-1985,3718,688-241-8855,,lisa.taylor66@aol.com,1111 Lake Rd,,Georgetown,IL,50677,2026-05-23
VC000805,Baker,Mark,,06-03-1941,8611,+16555769138,(567) 729-1439,mark.baker53@outlook.com,3044 Valley Ln,Apt 485,Marion,MN,43329,2026-05-06
VC000806,Harris,John,,04/17/1966,1291,674.911.4569,,john.harris25@outlook.com,9914 Forest Ave,,Georgetown,NM,17771-9337,2026-05-21
VC000807,Hall,Susan,,1992-08-26,3433,(998) 949-3863,479-822-3716,,4234 Oak Ave,,Marion,MA,21637,2026-05-09
VC000808,White,Mary,,26-Aug-1975,5409,2864837050,+13709917426,,4918 Hill Rd,,Salem,NV,29565,2026-05-16
VC000809,Martin,Charles,K,08-10-1999,3609,206-509-6651,607.900.5524,charles.martin6@hotmail.com,9089 Washington St,Apt 425,Georgetown,NE,84159-8950,2026-05-29
VC000810,White,Charles,A,02/17/1940,2877,+14558313042,(710) 988-1527,charles.white37@hotmail.com,6885 Park Blvd,,Dayton,RI,75231,2026-05-05
VC000811,Thompson,Daniel,M,1969-08-23,1078,765.767.5578,,,5604 Maple Dr,,Oxford,UT,58337,2026-05-18
VC000812,Hill,Lisa,A,30-Jul-1963,8698,(489) 678-1834,219-694-2664,,5160 Washington St,,Marion,KS,17560-9578,2026-05-28
VC000813,Adams,Jennifer,C,07-20-1946,8021,7299214353,,jennifer.adams53@hotmail.com,6547 Hill Rd,,Madison,IN,72841,2026-05-13
VC000814,Nelson,Jennifer,G,09/26/1955,3133,460-624-5345,,jennifer.nelson26@gmail.com,3345 Lake Rd,Apt 546,Dayton,VT,87704,2026-05-23
VC000815,Hill,Susan,C,1987-07-11,5618,+19789124790,,susan.hill74@yahoo.com,274 Sunset Blvd,,Richmond,MS,45735-3593,2026-05-08
VC000816,Wright,Sandra,,04-Oct-1966,6735,654.621.6170,5746414574,sandra.wright45@aol.com,8143 Oak Ave,,Greenville,MI,43636,2026-05-05
VC000817,Taylor,Thomas,,03-20-1967,7832,(653) 230-8282,,,2882 Cedar Ln,,Georgetown,MD,65464,2026-05-10
VC000818,Martin,Susan,,12/23/1965,1896,2986945746,,,1042 Sunset Blvd,,Oxford,MO,18664-1638,2026-05-15
VC000819,Thompson,Barbara,A,1950-08-28,9544,925-574-1042,,,7411 Forest Ave,,Richmond,ID,57006,2026-06-01
VC000820,Williams,Betty,,08-Nov-1977,4935,+17698239101,,,3451 Park Blvd,,Clinton,MS,95982,2026-05-05
VC000821,White,Christopher,Z,03-12-1977,4217,331.792.9285,,,5463 Oak Ave,,Salem,MN,28264-7723,2026-06-01
VC000822,Johnson,Jennifer,T,12/05/1970,8054,(578) 246-4209,613-511-6363,jennifer.johnson32@hotmail.com,8718 Lake Rd,,Dayton,MI,49486,2026-05-29
VC000823,Jackson,Christopher,,1968-08-15,2483,8948581779,,christopher.jackson55@hotmail.com,8727 Lake Rd,Apt 852,Burlington,OR,54558,2026-05-28
VC000824,King,Betty,W,04-Dec-1992,2495,993-331-1127,578.969.5951,,9624 Main St,,Georgetown,ND,33106-6408,2026-05-16
VC000825,King,Patricia,P,04-01-1976,2121,+17443046472,,patricia.king70@yahoo.com,3772 Valley Ln,,Fairview,MD,65073,2026-05-21
VC000826,Smith,Jessica,,05/03/1975,4411,901.874.1044,7358622807,jessica.smith38@outlook.com,7965 Sunset Blvd,,Franklin,DE,70751,2026-05-23
VC000827,Jones,James,,1995-12-22,2140,(856) 769-1765,,james.jones38@gmail.com,7940 Maple Dr,Apt 146,Salem,MO,20438-9310,2026-05-07
VC000828,Young,Patricia,G,07-Sep-1953,7921,4812821902,+14482958534,patricia.young27@hotmail.com,7923 Valley Ln,,Arlington,MO,81664,2026-05-27
VC000829,Taylor,Sarah,,09-15-1950,2844,623-684-1816,474.735.1947,sarah.taylor6@outlook.com,4061 Oak Ave,,Springfield,AZ,53135,2026-05-06
VC000830,Davis,Mary,R,04/26/1967,7207,+16258737965,(846) 438-4211,mary.davis47@aol.com,6277 Sunset Blvd,,Richmond,AZ,67300-4394,2026-05-27
VC000831,Baker,Lisa,,2004-04-10,4310,841.930.2365,6458372791,lisa.baker27@gmail.com,7312 Valley Ln,,Greenville,UT,33783,2026-05-27
VC000832,Baker,Thomas,R,01-Feb-1964,2439,(431) 930-4536,,thomas.baker86@outlook.com,4104 Lincoln Ave,,Richmond,OH,24558,2026-05-19
VC000833,Young,William,M,01-21-1944,2670,7114558009,+14932285479,william.young3@icloud.com,2737 Lincoln Ave,Apt 547,Greenville,OH,84151-2730,2026-05-12
VC000834,Nguyen,Charles,E,05/09/1951,2765,561-525-2788,426.700.3695,,7180 River Dr,,Fairview,IA,92804,2026-05-22
VC000835,Walker,David,S,1962-11-16,4566,+18474495143,,,4207 Jefferson Dr,Apt 433,Manchester,TN,89675,2026-05-30
VC000836,Johnson,Joseph,J,17-Mar-2004,7374,770.875.5965,,,2690 Forest Ave,,Clinton,FL,50954-6957,2026-05-29
VC000837,Hall,Charles,C,11-12-1990,6566,(876) 636-9032,325-445-2295,charles.hall57@aol.com,1220 Lake Rd,,Madison,TX,34134,2026-05-07
VC000838,Garcia,Ashley,L,01/24/1946,1707,4446065534,,ashley.garcia97@icloud.com,6641 Lake Rd,,Burlington,NM,62163,2026-05-14
VC000839,Baker,Mary,X,1994-11-25,8751,528-777-6606,522.389.8841,mary.baker50@yahoo.com,3210 Park Blvd,Apt 858,Georgetown,LA,69614-5628,2026-05-31
VC000840,White,Thomas,,04-Nov-1992,2600,+17426394759,(605) 416-1151,thomas.white6@icloud.com,7900 Lincoln Ave,,Manchester,MO,55943,2026-06-03
VC000841,Adams,Anthony,P,04-11-1948,2636,864.456.2045,,anthony.adams78@gmail.com,9956 Main St,Apt 653,Burlington,FL,57477,2026-05-28
VC000842,Scott,Patricia,L,09/27/1992,6079,(323) 866-4614,419-852-8413,patricia.scott80@yahoo.com,4865 Main St,Apt 380,Richmond,NM,29585-3164,2026-05-06
VC000843,Davis,Betty,H,1992-11-29,5649,2718298853,+17105463856,,6979 River Dr,,Arlington,NV,32181,2026-05-29
VC000844,Hill,John,,10-Mar-1944,2243,763-732-6113,,,2697 Park Blvd,,Clinton,WY,86470,2026-05-26
VC000845,Hall,Karen,E,07-07-1946,9920,+18057042676,(323) 786-7658,,357 River Dr,Apt 987,Clinton,KS,39979-8423,2026-05-08
VC000846,Wilson,Anthony,Z,07/28/1991,9270,433.281.9112,6827451638,anthony.wilson15@icloud.com,6727 Lake Rd,,Burlington,AR,29456,2026-05-07
VC000847,White,Ashley,,1950-03-26,2447,(582) 470-5982,684-952-1869,ashley.white3@hotmail.com,9453 Washington St,Apt 35,Arlington,NC,66702,2026-05-16
VC000848,Thompson,Charles,U,19-Oct-1941,3560,8067119531,+18656743942,charles.thompson31@outlook.com,5552 Park Blvd,Apt 274,Georgetown,UT,57941-8460,2026-05-13
VC000849,Scott,Karen,,02-14-1953,9154,655-744-2586,866.975.9456,karen.scott31@yahoo.com,3319 Park Blvd,,Georgetown,AZ,24542,2026-05-16
VC000850,Thompson,Richard,R,12/07/1998,6094,+15772619746,(938) 889-1472,richard.thompson83@aol.com,1745 Park Blvd,,Richmond,SC,86091,2026-05-16
VC000851,Anderson,Ashley,X,1974-04-20,7400,307.236.6424,,,3475 Oak Ave,,Clinton,DE,53802-1665,2026-05-21
VC000852,White,William,,28-Apr-1942,7125,(384) 627-2258,,william.white79@icloud.com,5050 Hill Rd,Apt 83,Manchester,WY,83351,2026-05-31
VC000853,Nelson,John,,12-27-1978,4373,3313699783,+17309172352,john.nelson34@icloud.com,3104 Main St,Apt 638,Greenville,LA,55936,2026-05-10
VC000854,Johnson,Betty,,12/25/1954,8012,218-891-8116,,,7754 Lincoln Ave,Apt 109,Manchester,MS,76366-7280,2026-05-12
VC000855,Harris,Mary,R,1949-05-24,2556,+17158765214,(363) 293-5746,,7716 Valley Ln,,Manchester,OH,16093,2026-05-25
VC000856,Baker,Nancy,I,11-Mar-1967,1125,576.705.2337,6182865265,nancy.baker87@aol.com,8762 River Dr,,Madison,AL,74563,2026-05-29
VC000857,Torres,Matthew,T,07-02-1947,1597,(762) 221-1357,,matthew.torres23@icloud.com,2350 Park Blvd,,Fairview,CA,82907-8590,2026-05-19
VC000858,Brown,Daniel,O,01/31/1992,5225,9507022804,,daniel.brown48@icloud.com,4282 Oak Ave,Apt 546,Arlington,MD,70977,2026-05-08
VC000859,Jackson,Christopher,Q,1990-02-18,3094,215-310-8775,862.433.9391,christopher.jackson1@aol.com,9648 Hill Rd,Apt 761,Clinton,NM,74819,2026-05-27
VC000860,Thomas,Matthew,T,11-Mar-1974,2710,+17055069929,,matthew.thomas13@gmail.com,2010 Hill Rd,,Marion,MT,89401-5531,2026-05-10
VC000861,Scott,William,W,10-31-1964,7068,253.474.9293,6773784964,,3565 Valley Ln,,Manchester,WY,58070,2026-05-21
VC000862,Hall,Richard,,03/20/1968,5226,(518) 624-2326,,richard.hall32@hotmail.com,4894 Cedar Ln,,Richmond,MS,60553,2026-05-25
VC000863,Jackson,Matthew,X,1944-12-11,8955,8428205093,,,9999 Lincoln Ave,Apt 438,Dayton,MT,16973-1576,2026-05-13
VC000864,Williams,Thomas,L,11-Feb-1948,7909,856-486-8609,,thomas.williams26@icloud.com,2067 Main St,Apt 659,Springfield,PA,42340,2026-05-05
VC000865,King,John,V,02-12-1992,4720,+14777128855,(929) 836-3607,,2360 Jefferson Dr,,Marion,PA,78828,2026-05-20
VC000866,Martin,David,,11/30/2000,1208,735.853.3219,,david.martin82@gmail.com,5022 Oak Ave,Apt 588,Oxford,ID,99898-8122,2026-05-05
VC000867,Anderson,Sarah,X,1999-04-04,3451,(602) 934-7679,,,3726 Main St,Apt 184,Fairview,CA,74951,2026-05-06
VC000868,Williams,Nancy,O,04-Aug-1988,4125,9926381271,,nancy.williams59@hotmail.com,6813 Jefferson Dr,,Salem,NC,13384,2026-06-03
VC000869,Thompson,Christopher,,06-14-1969,9280,315-981-5183,,christopher.thompson94@aol.com,2608 Forest Ave,,Madison,FL,99133-3887,2026-05-17
VC000870,Taylor,Jessica,,04/03/1947,7072,+19386885477,,jessica.taylor92@outlook.com,3670 Washington St,,Marion,LA,15035,2026-05-17
VC000871,Jackson,Daniel,,1950-11-03,9414,526.994.7751,2538979646,,8226 Maple Dr,,Georgetown,MI,85011,2026-05-12
VC000872,Jackson,Thomas,O,19-Oct-1947,4789,(822) 508-8958,288-653-9353,thomas.jackson38@outlook.com,583 Hill Rd,Apt 929,Georgetown,UT,48808-1227,2026-06-03
VC000873,Young,Christopher,,02-15-1960,1393,7575032680,,christopher.young6@gmail.com,8382 Jefferson Dr,Apt 29,Clinton,GA,10158,2026-06-03
VC000874,King,Betty,L,04/19/1970,9499,695-875-8922,760.848.1083,betty.king2@hotmail.com,191 River Dr,,Clinton,NE,31612,2026-05-09
VC000875,Taylor,Lisa,U,2001-01-12,7756,+16924677014,(282) 288-5390,lisa.taylor38@outlook.com,6389 Sunset Blvd,,Greenville,DE,67731-5592,2026-05-08
VC000876,Young,Charles,E,05-Dec-1981,9592,816.262.7219,4334642847,charles.young93@gmail.com,6542 Jefferson Dr,,Springfield,OR,48917,2026-05-30
VC000877,Smith,Patricia,E,01-20-1985,2642,(785) 726-4139,,,5168 Valley Ln,,Springfield,AR,53824,2026-05-21
VC000878,Thomas,Patricia,,04/15/1943,6461,6704045259,+14779658835,patricia.thomas90@aol.com,4742 Jefferson Dr,,Arlington,RI,36630-1751,2026-05-06
VC000879,Brown,James,A,2003-07-01,6073,730-998-6714,634.805.3820,james.brown33@hotmail.com,8117 Washington St,,Greenville,MN,52643,2026-05-13
VC000880,Adams,William,,02-May-1941,5130,+17854429406,(711) 755-7241,william.adams36@gmail.com,3713 Main St,,Salem,MO,47190,2026-05-16
VC000881,Davis,Matthew,F,01-05-1993,3624,215.536.4675,7218247562,,3190 Lincoln Ave,,Springfield,DE,98501-3226,2026-05-14
VC000882,Hill,Anthony,Y,03/17/1944,8192,(456) 717-5052,,anthony.hill99@icloud.com,5431 Maple Dr,,Burlington,DE,66672,2026-05-14
VC000883,Jones,Nancy,V,1993-01-27,8401,4769813616,+18738596657,,3596 Forest Ave,Apt 57,Fairview,PA,99576,2026-06-01
VC000884,Hill,Mary,Z,10-Sep-1991,5359,918-433-4622,659.823.9652,,1967 Jefferson Dr,Apt 777,Clinton,MO,89524-8491,2026-05-15
VC000885,Smith,Margaret,,06-14-1999,7213,+19865243390,,margaret.smith17@outlook.com,8394 Forest Ave,,Franklin,CT,87687,2026-05-19
VC000886,Nelson,Michael,,04/04/1946,6426,676.998.6637,,,7839 Lincoln Ave,Apt 542,Richmond,AZ,77912,2026-05-26
VC000887,Smith,James,,1961-04-08,6534,(392) 837-4965,,james.smith78@outlook.com,8425 Hill Rd,,Springfield,MT,34205-7320,2026-05-23
VC000888,Davis,Ashley,Y,14-Jul-2002,5605,6382091950,+13727747302,,5470 Main St,,Madison,TX,34563,2026-05-19
VC000889,Harris,William,,01-18-2001,2273,373-538-1782,,william.harris46@outlook.com,9095 Park Blvd,,Arlington,MN,17598,2026-05-19
VC000890,Taylor,Nancy,,04/03/1964,7924,+13865734347,(765) 730-2010,,5034 River Dr,,Springfield,NH,19927-8781,2026-05-24
VC000891,Martin,Michael,H,1948-09-08,7635,203.455.3347,,michael.martin1@gmail.com,91 Hill Rd,,Greenville,KS,43696,2026-05-09
VC000892,Wilson,Betty,Z,21-Mar-1986,6630,(252) 799-4371,932-758-4933,betty.wilson6@yahoo.com,9589 Oak Ave,,Springfield,IL,60379,2026-05-07
VC000893,Miller,Margaret,C,11-25-1951,9497,6072324179,+17338105105,margaret.miller31@gmail.com,6494 Washington St,,Franklin,NM,83778-5789,2026-05-14
VC000894,Nguyen,Matthew,,05/23/1942,6682,452-603-3674,203.298.7763,,9701 River Dr,,Greenville,AL,80438,2026-06-01
VC000895,Adams,Joseph,B,1954-04-03,8944,+17635699103,,joseph.adams40@yahoo.com,4288 Main St,Apt 515,Madison,AK,58503,2026-06-04
VC000896,Harris,Mark,F,27-Jan-2002,1837,644.891.7230,,mark.harris20@aol.com,3002 Lincoln Ave,,Dayton,MN,24550-7767,2026-05-27
VC000897,Wilson,David,L,10-11-1976,7068,(738) 941-6423,938-503-6781,,1439 Lake Rd,,Georgetown,WI,56539,2026-05-31
VC000898,Baker,Anthony,L,11/14/1984,2524,5375734483,,anthony.baker98@hotmail.com,9259 Cedar Ln,,Burlington,KY,57921,2026-05-20
VC000899,Adams,Betty,,1979-10-20,4508,799-739-5386,483.940.7450,betty.adams10@gmail.com,3190 Valley Ln,,Fairview,ID,78084-1612,2026-05-16
VC000900,Miller,Richard,C,17-Mar-1977,4219,+12396293924,,richard.miller13@icloud.com,512 Park Blvd,,Clinton,NJ,83635,2026-05-06
VC000901,Brown,John,T,04-11-2002,1326,930.461.9560,9286166665,john.brown74@outlook.com,2934 Lincoln Ave,,Burlington,AK,29318,2026-06-01
VC000902,Jackson,David,,03/28/1975,4427,(682) 566-6912,,david.jackson8@aol.com,9791 Jefferson Dr,,Salem,PA,13988-9578,2026-05-17
VC000903,Martin,Betty,V,1949-06-23,8493,6024369046,,betty.martin35@gmail.com,1448 Maple Dr,Apt 441,Springfield,MT,39882,2026-05-27
VC000904,Brown,Susan,H,03-May-1984,4545,531-922-8810,,,9959 Park Blvd,,Greenville,KS,77995,2026-05-31
VC000905,Miller,Patricia,,12-21-1966,3808,+13013799246,,patricia.miller97@yahoo.com,1164 Main St,,Arlington,LA,10871-8984,2026-06-04
VC000906,Davis,John,,06/04/1944,3287,597.789.1847,2405445110,john.davis68@yahoo.com,7223 Park Blvd,,Georgetown,VA,68995,2026-05-26
VC000907,Smith,Christopher,,1961-11-17,7406,(592) 416-4917,524-540-3333,christopher.smith78@gmail.com,9283 Sunset Blvd,Apt 939,Burlington,GA,96352,2026-05-24
VC000908,Brown,Joseph,,15-Nov-1997,3893,2047271020,+17052667704,joseph.brown46@gmail.com,3587 River Dr,Apt 955,Arlington,SD,77848-7283,2026-06-01
VC000909,Martin,Betty,,07-22-1969,7730,960-580-5004,,betty.martin99@aol.com,4939 Maple Dr,Apt 347,Dayton,SD,13827,2026-05-12
VC000910,Garcia,Margaret,U,04/18/1945,6303,+12883168930,(216) 640-2125,margaret.garcia79@outlook.com,5939 Jefferson Dr,,Burlington,CO,58649,2026-05-11
VC000911,Williams,Christopher,,1994-08-23,8596,669.910.8714,,,6044 Cedar Ln,,Madison,WY,60684-1210,2026-05-28
VC000912,Anderson,Jessica,,11-Sep-1990,8225,(423) 728-5597,450-461-7813,jessica.anderson90@gmail.com,3532 Sunset Blvd,,Georgetown,LA,12549,2026-05-11
VC000913,Hall,Margaret,D,11-20-1992,9293,8267142717,+13122851011,margaret.hall79@hotmail.com,6824 Oak Ave,,Dayton,NC,13336,2026-05-10
VC000914,Williams,Karen,,06/12/1948,9866,960-416-7379,,karen.williams29@icloud.com,8994 Jefferson Dr,,Georgetown,CT,39303-2887,2026-05-13
VC000915,Allen,Susan,,1995-01-18,8679,+17387694496,(872) 546-3550,susan.allen93@yahoo.com,9375 Main St,,Fairview,RI,69875,2026-05-23
VC000916,King,Jennifer,K,30-Dec-1995,6036,934.351.9787,3214894292,jennifer.king85@aol.com,42 Cedar Ln,,Madison,TN,99586,2026-05-07
VC000917,Williams,Margaret,,08-09-1977,1729,(894) 498-3115,,,1309 Maple Dr,,Franklin,PA,74742-4923,2026-05-19
VC000918,Adams,Charles,,08/11/1969,6128,4632106425,,charles.adams22@outlook.com,9969 Maple Dr,Apt 882,Marion,HI,63682,2026-05-12
VC000919,Davis,Robert,U,1944-11-10,2776,614-590-3143,,robert.davis48@hotmail.com,3020 Lincoln Ave,Apt 377,Clinton,MI,47904,2026-05-29
VC000920,Baker,William,V,05-Jan-1945,6860,+13034028339,(763) 458-9786,,4611 Sunset Blvd,,Marion,OH,68720-9317,2026-05-25
VC000921,Miller,Charles,G,10-11-1995,7078,253.699.1954,,,6061 Jefferson Dr,Apt 739,Springfield,NH,13294,2026-05-06
VC000922,Hall,Matthew,K,10/06/1951,8905,(523) 287-7473,,matthew.hall36@yahoo.com,9859 Lake Rd,,Arlington,FL,94607,2026-05-13
VC000923,Jones,Sarah,P,2004-10-21,4613,7983879057,+14439094802,sarah.jones68@icloud.com,5636 Hill Rd,,Manchester,KS,77349-3708,2026-05-31
VC000924,Smith,Jessica,H,08-Jul-2002,5069,810-619-6073,325.202.1814,,9450 Lake Rd,,Burlington,LA,64436,2026-05-19
VC000925,Baker,Barbara,E,12-19-1988,2231,+14838389813,,barbara.baker13@yahoo.com,5074 Cedar Ln,,Marion,WV,32864,2026-05-05
VC000926,Baker,James,,01/15/1953,6864,518.439.9947,,james.baker44@icloud.com,2371 Cedar Ln,Apt 264,Fairview,ID,67782-3095,2026-05-19
VC000927,Miller,Joseph,,1960-05-31,7957,(225) 683-5970,756-932-6233,joseph.miller80@gmail.com,867 Lincoln Ave,,Franklin,SD,30530,2026-05-22
VC000928,Baker,James,F,07-Jul-1950,2040,2407455056,,james.baker89@icloud.com,3528 Washington St,,Salem,MO,12898,2026-05-21
VC000929,Harris,Karen,B,12-04-1961,1352,602-567-5904,528.743.5742,,1615 Lincoln Ave,,Fairview,ME,67927-3901,2026-05-28
VC000930,Harris,David,N,09/21/2002,2906,+18978271516,(209) 892-8908,david.harris22@outlook.com,3776 Lincoln Ave,,Greenville,UT,87909,2026-05-26
VC000931,Hill,Anthony,,1993-08-04,5161,605.233.9633,,anthony.hill79@outlook.com,6713 Main St,,Manchester,MD,76917,2026-06-03
VC000932,Jackson,Charles,D,17-Nov-1989,1593,(921) 943-2889,647-689-9511,charles.jackson7@aol.com,8420 Forest Ave,Apt 833,Manchester,MA,77833-3647,2026-05-05
VC000933,Garcia,Sarah,M,06-02-1983,8927,5098858109,,sarah.garcia21@gmail.com,69 Lake Rd,,Oxford,OR,70018,2026-05-27
VC000934,Wright,Nancy,,10/25/1942,2514,512-996-5672,814.772.8482,nancy.wright11@aol.com,7404 Lake Rd,,Salem,MO,59014,2026-06-02
VC000935,White,Susan,Y,2004-02-14,7768,+16548537447,,susan.white21@aol.com,1504 Lincoln Ave,,Burlington,SC,67540-7901,2026-05-15
VC000936,Adams,Patricia,,06-Dec-1979,2681,863.631.3949,,patricia.adams49@aol.com,4271 Main St,,Manchester,VT,77102,2026-05-10
VC000937,Baker,Richard,,04-28-1956,3448,(927) 917-4998,,richard.baker83@aol.com,2057 Maple Dr,,Richmond,NV,35347,2026-05-13
VC000938,Nelson,James,C,10/06/1998,5854,6853577100,+19865841642,,7132 Washington St,,Manchester,ME,65507-1997,2026-05-21
VC000939,Davis,Joseph,P,1961-12-19,8572,381-672-9195,429.673.1423,joseph.davis57@yahoo.com,1822 Lincoln Ave,,Oxford,MI,30875,2026-05-15
VC000940,Wright,Mark,Z,09-Jan-1946,1000,+18435181105,,mark.wright20@hotmail.com,7946 Valley Ln,,Burlington,IL,25035,2026-06-04
VC000941,Hill,Ashley,,11-09-2000,7734,699.619.4140,,ashley.hill83@yahoo.com,9447 Washington St,Apt 381,Oxford,AR,44452-9164,2026-05-07
VC000942,Young,John,Z,06/17/1969,7693,(630) 497-2838,,,5689 Main St,Apt 263,Arlington,NJ,90289,2026-05-17
VC000943,Martin,Karen,,1955-06-18,1787,8143625123,+15722932854,karen.martin85@outlook.com,2951 Hill Rd,,Dayton,NC,97191,2026-05-24
VC000944,King,Mary,,01-Mar-2001,1608,841-689-1378,750.289.9111,mary.king18@yahoo.com,6655 Jefferson Dr,,Arlington,OR,91653-8033,2026-05-25
VC000945,Thomas,Matthew,P,02-04-1958,4286,+12208616107,(824) 200-9021,matthew.thomas47@aol.com,8946 Cedar Ln,,Dayton,AK,18675,2026-05-05
VC000946,Thomas,Lisa,,05/09/2004,4720,926.754.6996,,,8264 Hill Rd,Apt 80,Arlington,AR,23109,2026-05-05
VC000947,Johnson,Barbara,R,1981-06-08,7930,(474) 947-5754,825-279-8900,,4268 Oak Ave,,Richmond,OK,24887-1398,2026-05-20
VC000948,Thompson,Margaret,S,07-Jul-1993,9435,5123167553,,margaret.thompson55@hotmail.com,3471 Maple Dr,Apt 288,Fairview,VT,91131,2026-05-12
VC000949,Torres,Mark,,09-25-1972,8392,583-396-4593,,,3523 Lincoln Ave,Apt 316,Dayton,MI,65038,2026-05-07
VC000950,Martin,William,N,02/14/1962,9123,+14826315911,(973) 215-3026,william.martin22@outlook.com,7934 Lincoln Ave,,Franklin,MS,42990-2400,2026-05-21
VC000951,Hill,Nancy,G,1962-12-14,6059,216.675.4145,3906006840,nancy.hill44@icloud.com,5340 Cedar Ln,,Georgetown,IL,33465,2026-05-28
VC000952,Walker,Margaret,,06-Feb-1947,2031,(717) 919-8193,285-743-4843,margaret.walker16@aol.com,2314 Main St,,Greenville,PA,77362,2026-05-27
VC000953,Taylor,Matthew,U,12-03-1976,3920,9333211490,+13055118406,matthew.taylor99@icloud.com,5356 River Dr,Apt 817,Clinton,IL,27000-4891,2026-05-31
VC000954,Baker,John,H,05/28/1941,4917,502-841-6018,865.327.7423,john.baker45@icloud.com,749 Maple Dr,Apt 176,Marion,AR,12453,2026-06-02
VC000955,Nelson,Anthony,Q,2001-05-30,4714,+18616498836,(318) 733-2256,anthony.nelson64@icloud.com,2991 Washington St,Apt 916,Richmond,RI,61951,2026-05-13
VC000956,Allen,Robert,,12-Jul-1951,5544,397.420.4014,,robert.allen74@aol.com,3658 Lincoln Ave,,Clinton,AZ,38943-5154,2026-05-13
VC000957,Torres,Lisa,B,02-11-1984,7063,(477) 861-2113,,lisa.torres89@icloud.com,2110 Main St,,Arlington,KY,32284,2026-05-10
VC000958,Torres,James,,01/09/1966,6277,9336776443,,james.torres27@icloud.com,2892 Lincoln Ave,Apt 524,Burlington,OR,88893,2026-05-22
VC000959,Young,Sandra,V,1998-11-27,8006,968-816-5883,,sandra.young26@hotmail.com,569 Lake Rd,,Fairview,OR,82446-1248,2026-05-14
VC000960,Wilson,Anthony,,11-Feb-1981,8686,+17429853314,(455) 429-9182,anthony.wilson97@outlook.com,6796 Lincoln Ave,,Greenville,MA,19478,2026-05-12
VC000961,Thompson,Nancy,E,01-04-1989,9363,760.822.2735,,nancy.thompson12@yahoo.com,2996 Park Blvd,,Clinton,IA,89467,2026-05-16
VC000962,Thomas,Anthony,D,04/11/1997,5167,(331) 317-3568,730-445-4252,anthony.thomas89@gmail.com,5055 Maple Dr,Apt 398,Marion,IN,53666-4094,2026-05-17
VC000963,Smith,Daniel,,1976-10-11,2516,3079095073,,,8635 Cedar Ln,,Manchester,TX,50045,2026-05-06
VC000964,Adams,Michael,Q,01-Feb-1981,3718,654-464-9208,,,930 Oak Ave,,Georgetown,MS,88854,2026-05-24
VC000965,Jackson,Robert,,10-16-1976,8644,+13549493486,(256) 694-8561,,1894 Cedar Ln,Apt 289,Greenville,DE,70338-2145,2026-05-08
VC000966,Allen,Thomas,,09/25/1945,3696,943.515.6446,,thomas.allen10@outlook.com,7156 Oak Ave,Apt 289,Dayton,ND,53533,2026-05-27
VC000967,Anderson,Lisa,,1957-09-09,6004,(496) 949-4786,725-280-6678,lisa.anderson77@aol.com,5059 Sunset Blvd,Apt 41,Greenville,AK,58785,2026-05-05
VC000968,Nelson,Anthony,U,21-Oct-1975,2362,6143767009,,anthony.nelson60@icloud.com,8391 Oak Ave,,Oxford,IN,41976-1697,2026-05-26
VC000969,Garcia,Matthew,E,03-11-1951,9213,931-944-5974,,matthew.garcia89@aol.com,4487 Valley Ln,,Salem,VA,73799,2026-06-02
VC000970,Anderson,Michael,B,01/23/1970,8577,+16852363224,,,7889 Maple Dr,,Dayton,NJ,80381,2026-05-16
VC000971,Miller,Matthew,R,1991-10-13,7779,939.897.9830,7867665076,,4700 Lake Rd,,Salem,IN,27936-4701,2026-05-13
VC000972,Smith,John,U,20-Aug-1943,9481,(237) 614-4621,,john.smith40@icloud.com,8083 Lincoln Ave,Apt 407,Dayton,MI,54299,2026-05-19
VC000973,Baker,Sandra,M,04-18-1975,2178,8183692421,+12875014480,sandra.baker92@yahoo.com,4047 Cedar Ln,Apt 470,Greenville,MD,10696,2026-05-22
VC000974,Miller,Daniel,G,02/12/1946,2012,241-373-7305,675.338.8394,daniel.miller54@outlook.com,1670 Washington St,,Fairview,NY,61809-8303,2026-05-13
VC000975,Smith,Charles,O,1975-06-06,1962,+19408088194,(531) 219-6967,charles.smith82@outlook.com,4297 Lake Rd,,Franklin,AR,79279,2026-05-16
VC000976,Garcia,Nancy,Z,11-Feb-1962,9385,530.779.4592,5868768954,nancy.garcia79@outlook.com,897 Main St,Apt 966,Fairview,VA,62273,2026-05-09
VC000977,King,Robert,,07-25-1973,2932,(484) 717-8410,938-811-5397,,1042 Cedar Ln,,Arlington,WY,24616-6036,2026-05-12
VC000978,Anderson,William,J,07/18/1963,6527,3143228657,,william.anderson57@icloud.com,4287 Valley Ln,,Franklin,DE,83388,2026-05-05
VC000979,King,Michael,,2004-05-22,4516,669-361-8362,,michael.king27@aol.com,159 Forest Ave,,Dayton,MS,89429,2026-05-26
VC000980,Nguyen,Thomas,E,10-Nov-1970,3094,+18158604055,(810) 254-3172,thomas.nguyen93@gmail.com,9431 Washington St,Apt 810,Dayton,NY,42260-3629,2026-05-30
VC000981,Martin,Richard,S,07-19-1957,7760,315.572.9372,,,9242 Main St,,Greenville,AL,25298,2026-05-18
VC000982,Hall,Karen,J,06/28/1989,8414,(530) 950-9161,229-482-3287,karen.hall11@outlook.com,1025 Park Blvd,Apt 917,Franklin,TX,75401,2026-05-24
VC000983,Williams,Linda,R,1954-11-29,3691,9072075414,+15778227496,linda.williams84@outlook.com,821 Park Blvd,Apt 689,Richmond,OR,28738-3238,2026-05-08
VC000984,Thompson,Charles,,30-Oct-1951,8173,636-702-8927,,charles.thompson10@yahoo.com,3791 Oak Ave,Apt 221,Manchester,RI,34297,2026-05-17
VC000985,Wright,Linda,E,10-11-1946,1618,+14727804505,(246) 939-5559,linda.wright56@aol.com,3036 Cedar Ln,,Franklin,ID,17485,2026-05-30
VC000986,White,Daniel,R,12/27/1942,6670,611.357.3239,,daniel.white88@icloud.com,697 Jefferson Dr,,Marion,UT,31095-2819,2026-05-11
VC000987,Nelson,Christopher,H,1971-07-28,6453,(403) 467-2015,389-579-9923,christopher.nelson12@icloud.com,7511 Washington St,,Greenville,ND,32237,2026-05-30
VC000988,Allen,Jennifer,H,12-Nov-1984,6331,7424284224,+19528233277,jennifer.allen24@yahoo.com,8554 Washington St,Apt 4,Manchester,CO,35801,2026-05-11
VC000989,Jones,Margaret,K,05-03-1977,7443,468-916-2662,960.520.8792,margaret.jones61@outlook.com,6440 Oak Ave,,Manchester,NV,57704-6593,2026-05-28
VC000990,Allen,Robert,Q,01/15/1989,1152,+12325885598,(980) 736-4283,robert.allen71@aol.com,761 River Dr,,Marion,WI,52978,2026-05-24
VC000991,Davis,Susan,L,1952-12-29,3705,465.334.8868,,susan.davis56@outlook.com,3604 Lincoln Ave,Apt 900,Clinton,HI,79318,2026-05-14
VC000992,Jones,Anthony,,12-May-1999,1471,(853) 519-1429,,anthony.jones87@gmail.com,8760 Hill Rd,,Richmond,DE,80795-3310,2026-05-10
VC000993,Nguyen,James,B,09-09-1964,5610,6299452848,,james.nguyen10@hotmail.com,2149 Main St,,Georgetown,VA,82510,2026-05-30
VC000994,Anderson,Thomas,Q,04/27/1959,1500,787-464-2493,784.609.8933,thomas.anderson95@outlook.com,4886 Hill Rd,,Springfield,AK,77633,2026-05-09
VC000995,Taylor,David,U,1946-06-22,4374,+14135321286,,david.taylor14@yahoo.com,7706 Lake Rd,,Salem,IL,98264-5096,2026-05-05
VC000996,Hill,Linda,,27-Feb-1966,1714,704.686.6292,8703149983,,6255 Cedar Ln,,Burlington,NM,54377,2026-05-25
VC000997,Brown,Ashley,,08-19-1994,8750,(748) 552-7732,712-590-9107,ashley.brown13@hotmail.com,4328 River Dr,,Dayton,NY,84976,2026-05-17
VC000998,Nelson,Karen,E,02/25/1956,9954,8526892250,,,7135 Cedar Ln,Apt 418,Fairview,TN,87482-9606,2026-05-15
VC000999,Young,Matthew,N,1967-09-12,9338,816-594-5554,397.629.2572,matthew.young89@yahoo.com,4448 Lincoln Ave,,Marion,VT,32201,2026-06-03
VC001000,Martin,Richard,,10-Apr-1950,1383,+18559988876,,,6092 Lake Rd,,Springfield,TX,94581,2026-05-27
VC001001,Young,Christopher,,04-14-1993,9537,268.667.9810,2753714665,christopher.young15@yahoo.com,6309 Lincoln Ave,,Oxford,DE,68692-1760,2026-05-06
VC001002,Taylor,Sandra,,02/24/1954,7736,(357) 760-7519,501-621-4843,,1783 Maple Dr,Apt 858,Richmond,GA,38350,2026-05-26
VC001003,Thompson,Matthew,I,1965-02-23,9063,7683834806,,,8479 Lake Rd,,Springfield,FL,80115,2026-05-11
VC001004,Johnson,Michael,Y,26-Aug-1984,5067,943-607-5339,702.749.9413,michael.johnson87@gmail.com,6373 Jefferson Dr,Apt 662,Madison,VT,23060-3224,2026-06-04
VC001005,Allen,John,V,12-05-1979,7249,+12002311819,(721) 637-5714,,184 Park Blvd,,Arlington,AL,49773,2026-05-11
VC001006,Anderson,Linda,P,07/18/1982,1946,414.590.2460,,,1817 Cedar Ln,Apt 100,Richmond,ND,79954,2026-05-24
VC001007,Garcia,Sarah,,1957-04-29,9050,(397) 492-2926,,,1484 Cedar Ln,Apt 126,Fairview,VA,27709-8500,2026-05-22
VC001008,Miller,William,J,01-Jan-1963,7784,5842849883,+19745859264,william.miller51@icloud.com,7396 Jefferson Dr,,Dayton,MN,64478,2026-05-23
VC001009,Walker,Robert,V,06-27-1955,5564,463-716-5439,,robert.walker82@gmail.com,5705 Cedar Ln,,Marion,MI,32955,2026-05-21
VC001010,Young,Richard,,12/17/1966,5286,+13838448363,,richard.young90@hotmail.com,4349 Lincoln Ave,,Richmond,OK,72212-7237,2026-05-19
VC001011,Hall,Ashley,Z,1944-11-19,1098,775.334.7736,5182699658,ashley.hall86@outlook.com,8519 Sunset Blvd,Apt 653,Dayton,AL,14775,2026-05-22
VC001012,Scott,James,Q,02-May-1943,9149,(908) 356-4530,,james.scott9@icloud.com,1068 River Dr,Apt 54,Dayton,MO,13918,2026-05-09
VC001013,Walker,Barbara,J,08-20-1988,5821,7498241286,+16516567964,,6202 Jefferson Dr,,Arlington,GA,34859-5653,2026-05-29
VC001014,Wilson,David,,10/18/1943,1826,705-614-7046,222.535.6157,,7567 Hill Rd,,Clinton,NV,20290,2026-06-01
VC001015,Anderson,Mary,,1984-08-03,7390,+16268058548,,mary.anderson58@gmail.com,7507 Hill Rd,,Burlington,CA,88137,2026-05-19
VC001016,Smith,Matthew,,31-May-1963,8512,893.943.8435,,,7274 Lake Rd,Apt 781,Springfield,NC,77279-5926,2026-05-15
VC001017,Brown,Michael,,08-29-1975,8715,(374) 853-5781,650-953-9235,,1343 Forest Ave,,Richmond,DE,50416,2026-05-30
VC001018,Nguyen,Sandra,,12/29/1999,2279,2807352449,+18023164881,sandra.nguyen60@aol.com,4018 Forest Ave,,Dayton,WV,96997,2026-05-07
VC001019,Scott,David,,1976-02-18,2280,746-731-3237,462.991.9381,,8296 Oak Ave,,Marion,NE,13171-4963,2026-05-21
VC001020,Brown,Barbara,,07-Dec-1970,2093,+16542712269,(887) 970-3638,barbara.brown88@gmail.com,3399 Hill Rd,Apt 311,Fairview,TN,97808,2026-05-07
VC001021,Hill,Margaret,B,10-28-1983,6300,905.353.1485,,margaret.hill40@hotmail.com,6055 Forest Ave,Apt 899,Springfield,FL,38834,2026-05-11
VC001022,Allen,David,,03/15/1944,6344,(226) 756-8610,304-407-4267,david.allen56@aol.com,3758 Main St,,Arlington,WA,84796-2463,2026-05-22
VC001023,Jackson,Robert,,1978-09-27,3129,7328725189,,robert.jackson55@outlook.com,5238 Sunset Blvd,,Springfield,CT,51846,2026-06-04
VC001024,Miller,Nancy,,12-Sep-1989,3518,561-499-9084,306.251.9011,nancy.miller75@outlook.com,7615 Valley Ln,,Franklin,VA,72742,2026-05-26
VC001025,Miller,Susan,D,12-23-1940,3459,+15427513536,,susan.miller28@outlook.com,9537 Forest Ave,,Dayton,VT,64616-4133,2026-05-20
VC001026,Jones,Margaret,M,08/04/1996,8070,577.251.6302,2862617198,,4076 Hill Rd,Apt 52,Clinton,NM,44484,2026-05-23
VC001027,Brown,James,,1955-07-05,5852,(484) 325-3566,469-959-8506,james.brown39@icloud.com,3910 Park Blvd,Apt 652,Marion,ID,29925,2026-05-23
VC001028,Allen,Jennifer,,20-Nov-1983,8413,7927881778,+12638381924,jennifer.allen33@yahoo.com,6216 Cedar Ln,Apt 987,Burlington,OR,64992-1305,2026-06-03
VC001029,Brown,Nancy,,09-15-1949,7482,214-611-1749,705.363.6268,,9038 Park Blvd,,Richmond,VT,53138,2026-06-03
VC001030,Brown,Ashley,J,12/04/1948,2852,+18416405987,(835) 604-9161,ashley.brown65@gmail.com,3946 Lake Rd,,Marion,OK,87795,2026-05-29
VC001031,White,Lisa,J,1998-11-13,5373,645.700.8481,3664737431,lisa.white99@icloud.com,5898 Park Blvd,,Manchester,WA,79069-4682,2026-05-12
VC001032,Hall,Robert,Y,05-Oct-1942,2530,(586) 970-8348,,robert.hall89@gmail.com,5102 Oak Ave,,Salem,ND,69704,2026-05-12
VC001033,Torres,Sarah,F,08-21-2003,4434,7507661326,,sarah.torres57@aol.com,43 Sunset Blvd,,Arlington,NC,49921,2026-05-10
VC001034,Nelson,Linda,E,01/25/1961,3824,818-663-2025,,linda.nelson22@outlook.com,7926 Jefferson Dr,,Dayton,TX,91606-9494,2026-05-06
VC001035,Thomas,Barbara,F,1999-09-18,6986,+16183126165,,barbara.thomas48@yahoo.com,1953 Main St,,Salem,AL,55584,2026-06-03
VC001036,Harris,Lisa,X,18-May-1989,2747,913.658.8240,,,7991 Hill Rd,Apt 79,Franklin,AR,79744,2026-05-10
VC001037,Young,Ashley,,01-18-1999,8611,(290) 581-6512,,ashley.young30@icloud.com,9184 Valley Ln,,Arlington,WV,54957-5752,2026-05-07
VC001038,Nguyen,Lisa,K,09/21/1949,3747,7174553662,,lisa.nguyen1@outlook.com,7147 Maple Dr,Apt 292,Springfield,ID,96900,2026-06-03
VC001039,Baker,Jennifer,,1964-11-12,3283,983-293-2415,,jennifer.baker31@icloud.com,3403 Maple Dr,Apt 473,Salem,NM,37531,2026-05-23
VC001040,Garcia,Margaret,S,22-Feb-1961,6679,+12862881772,(271) 292-6319,,1954 Hill Rd,Apt 976,Salem,NC,15500-5372,2026-05-05
VC001041,Brown,Christopher,,06-23-1966,6352,516.651.1546,2918869820,christopher.brown83@gmail.com,9496 Lake Rd,,Burlington,FL,21813,2026-05-19
VC001042,Adams,Karen,T,03/04/1994,9732,(656) 937-5863,521-587-2331,karen.adams89@icloud.com,5039 Valley Ln,,Richmond,OK,51291,2026-05-07
VC001043,Hill,Jennifer,Z,1947-05-25,5881,8963711244,+19156289925,jennifer.hill62@gmail.com,5480 Maple Dr,,Salem,CA,94569-1856,2026-05-24
VC001044,Young,Jennifer,,31-Oct-1942,2576,789-554-5901,920.210.3045,,1135 Forest Ave,,Georgetown,LA,98993,2026-05-14
VC001045,Wilson,Jennifer,,08-17-1972,8894,+17546677947,,,1044 River Dr,,Manchester,WV,49109,2026-05-17
VC001046,Hall,Joseph,T,02/16/1988,6900,827.456.6654,,joseph.hall88@outlook.com,7455 Forest Ave,Apt 277,Arlington,GA,69535-1444,2026-05-29
VC001047,Hall,Richard,,1997-02-06,6287,(662) 524-9462,,richard.hall67@hotmail.com,382 Park Blvd,,Salem,AR,81568,2026-05-25
VC001048,Torres,Linda,S,11-Nov-1977,8923,6596982759,,linda.torres28@aol.com,613 Sunset Blvd,Apt 9,Madison,NH,29899,2026-05-29
VC001049,Thompson,Margaret,,10-29-1988,1544,935-430-7767,,margaret.thompson14@icloud.com,1348 Oak Ave,,Oxford,WI,88283-2408,2026-05-10
VC001050,White,Lisa,,09/16/1955,3912,+13669908453,(283) 534-3017,,8263 Washington St,,Richmond,KS,38139,2026-05-25
VC001051,Adams,Patricia,H,1967-03-21,2224,830.271.3778,,,4472 Sunset Blvd,,Georgetown,OR,81101,2026-05-11
VC001052,Nelson,Thomas,B,31-Dec-1963,7227,(801) 882-8777,,thomas.nelson64@hotmail.com,5792 Lake Rd,,Richmond,AL,59946-5908,2026-05-21
VC001053,Jones,Thomas,S,04-05-1994,1028,8726135333,+15618167746,,2408 Main St,,Richmond,AL,16732,2026-05-29
VC001054,Jones,Patricia,,08/03/1966,1408,691-676-3495,819.266.7821,patricia.jones80@outlook.com,7108 Lake Rd,Apt 236,Oxford,NY,59831,2026-05-13
VC001055,Williams,Michael,,1972-08-31,1720,+19064361538,(685) 608-5579,,1515 Maple Dr,,Manchester,CA,56610-7883,2026-05-15
VC001056,Brown,Karen,V,15-Aug-1944,5079,443.498.1640,,karen.brown6@aol.com,2428 Park Blvd,,Arlington,FL,45446,2026-05-16
VC001057,Thomas,Mark,T,12-16-1946,5060,(282) 676-3042,,,1981 Hill Rd,,Marion,FL,28741,2026-05-21
VC001058,Jones,Nancy,U,06/21/1952,8033,3866541339,,,162 Jefferson Dr,,Manchester,WI,61213-3181,2026-05-25
VC001059,Thomas,Matthew,,1956-03-21,6846,953-231-8395,278.698.3663,,1608 Washington St,,Georgetown,CA,96681,2026-06-01
VC001060,Taylor,Christopher,,23-Jul-1996,1828,+12658317930,(409) 336-9209,christopher.taylor43@outlook.com,1553 Jefferson Dr,,Salem,MO,57287,2026-06-03
VC001061,Nelson,Margaret,,08-27-1978,9177,283.283.8947,,,2528 Hill Rd,,Clinton,AZ,35559-6832,2026-05-27
VC001062,Jackson,Mark,W,05/24/1952,7762,(980) 454-5482,604-949-7425,mark.jackson78@icloud.com,6519 Lake Rd,Apt 9,Madison,NH,27481,2026-06-02
VC001063,Johnson,Jennifer,,1995-12-07,9158,3827193929,+12179527625,jennifer.johnson16@icloud.com,2077 Maple Dr,Apt 392,Richmond,UT,33628,2026-06-01
VC001064,Adams,William,E,05-Jan-1997,9263,614-509-5478,,william.adams66@gmail.com,6813 Oak Ave,Apt 236,Manchester,MI,30721-7054,2026-05-24
VC001065,Nguyen,David,L,12-04-1940,2565,+19222313872,(351) 411-7545,david.nguyen25@yahoo.com,707 Jefferson Dr,,Salem,AK,62846,2026-05-22
VC001066,Johnson,Mark,,09/20/1985,4165,929.531.2137,3096648701,mark.johnson10@gmail.com,6740 Park Blvd,,Georgetown,FL,13711,2026-05-15
VC001067,Wright,William,,1948-10-19,7677,(725) 851-1643,482-767-5189,william.wright87@aol.com,8746 Washington St,Apt 645,Salem,RI,90963-7094,2026-05-31
VC001068,Harris,Robert,D,31-Mar-1992,8315,2828213402,,,9707 Cedar Ln,,Fairview,NM,32108,2026-05-18
VC001069,Thomas,Sandra,R,08-06-1959,1997,617-468-4536,,,9594 Jefferson Dr,,Salem,VT,30290,2026-05-16
VC001070,White,William,,09/12/1981,9696,+12524143629,,william.white24@gmail.com,934 Valley Ln,,Madison,MD,63863-1781,2026-05-19
VC001071,Allen,Jennifer,,1971-10-19,2928,873.465.7426,3444728163,jennifer.allen92@outlook.com,389 Main St,,Manchester,CO,58450,2026-05-19
VC001072,Smith,Charles,D,20-Aug-1998,8814,(393) 602-2325,,charles.smith36@gmail.com,6902 Forest Ave,,Greenville,NV,78619,2026-05-13
VC001073,Williams,Ashley,L,08-04-1978,9119,3928013340,,ashley.williams90@hotmail.com,5810 Sunset Blvd,,Burlington,PA,17227-2023,2026-05-06
VC001074,Nguyen,Nancy,,05/16/1981,9942,767-404-5932,989.626.4165,nancy.nguyen18@outlook.com,4998 Oak Ave,,Madison,OR,92355,2026-05-05
VC001075,Walker,Robert,,1948-07-16,9759,+19484867208,,robert.walker30@gmail.com,6330 Jefferson Dr,Apt 348,Manchester,SD,60479,2026-05-08
VC001076,Harris,Daniel,Y,23-Jan-1965,8080,943.959.3986,,daniel.harris26@aol.com,4928 Cedar Ln,Apt 1,Marion,GA,18392-9593,2026-05-19
VC001077,Thompson,Ashley,,01-11-1968,8485,(551) 904-7090,,,7155 Valley Ln,,Dayton,VA,12608,2026-05-24
VC001078,White,Jessica,,01/17/1943,7062,4677727564,,jessica.white14@aol.com,2050 Valley Ln,,Richmond,WY,81460,2026-05-10
VC001079,Young,Christopher,L,1951-09-25,9318,882-566-8044,,christopher.young26@icloud.com,5612 Lake Rd,,Marion,VA,18686-8114,2026-05-24
VC001080,Allen,Michael,B,08-Nov-1989,7103,+16784218963,,michael.allen33@gmail.com,3547 Sunset Blvd,,Georgetown,NC,40081,2026-05-26
VC001081,Williams,Thomas,,04-22-1946,3705,845.251.6725,,thomas.williams21@gmail.com,989 Maple Dr,,Georgetown,KS,82724,2026-05-09
VC001082,Davis,Karen,O,05/21/1980,6914,(407) 386-2296,,,6787 Jefferson Dr,,Springfield,NC,31147-7175,2026-05-12
VC001083,Young,Barbara,,1970-11-25,7340,8005108189,,barbara.young69@gmail.com,3559 Jefferson Dr,Apt 507,Franklin,OH,22154,2026-05-15
VC001084,White,Barbara,,28-Apr-1972,9341,721-421-7495,,,6664 Forest Ave,,Madison,NE,70850,2026-05-25
VC001085,Young,Linda,,06-07-1971,9103,+13989626662,(748) 536-9052,linda.young40@outlook.com,1779 Forest Ave,,Oxford,NH,14384-4381,2026-05-30
VC001086,Wright,Jessica,J,03/21/1944,1826,638.859.4105,,jessica.wright35@icloud.com,5060 Sunset Blvd,,Oxford,NM,52972,2026-05-06
VC001087,Wilson,Matthew,T,1978-02-05,2154,(759) 761-3377,,,2279 Washington St,,Greenville,WI,32796,2026-05-09
VC001088,King,Mark,N,03-Jan-1998,2764,8098059350,+16618345340,,7349 Washington St,,Clinton,OH,89295-1747,2026-05-29
VC001089,Torres,Barbara,M,10-28-2004,2267,734-646-3854,,barbara.torres37@outlook.com,5746 Sunset Blvd,,Burlington,WY,17907,2026-06-04
VC001090,Young,Sarah,E,07/22/1962,3134,+13004601641,,,6286 Oak Ave,Apt 868,Burlington,NH,21455,2026-05-11
VC001091,Young,Linda,E,1990-04-15,5542,476.631.4738,8992577723,,7161 Forest Ave,Apt 736,Manchester,KY,92342-7168,2026-05-24
VC001092,Walker,Sandra,O,01-Jun-1993,8380,(286) 521-1948,,sandra.walker15@yahoo.com,7657 Cedar Ln,,Salem,KS,82631,2026-05-18
VC001093,Hill,Linda,M,05-17-1970,7777,6149391723,+15964329356,,2006 River Dr,,Manchester,NV,75937,2026-06-01
VC001094,Thomas,Charles,,03/24/1984,9697,927-994-9863,,charles.thomas97@yahoo.com,3615 Cedar Ln,,Burlington,AR,44582-2428,2026-05-11
VC001095,Jackson,Charles,O,1991-07-01,8258,+12895392740,(536) 646-6505,charles.jackson34@outlook.com,447 Oak Ave,Apt 276,Madison,MA,32077,2026-05-29
VC001096,Smith,Lisa,R,05-Dec-1944,2241,515.551.1309,,lisa.smith35@gmail.com,2053 Lake Rd,,Georgetown,CT,51681,2026-05-05
VC001097,Hall,Patricia,E,04-13-1964,1181,(486) 343-1054,340-534-5324,,17 Lake Rd,,Franklin,MI,35457-9579,2026-06-01
VC001098,King,John,,01/05/1974,5558,2514667211,,john.king60@yahoo.com,5364 Cedar Ln,Apt 361,Salem,MA,54236,2026-05-19
VC001099,Hall,Thomas,F,1949-11-09,7576,330-443-4881,397.715.2094,thomas.hall47@outlook.com,3381 Hill Rd,Apt 363,Richmond,UT,41017,2026-05-31
VC001100,Young,Linda,,07-Sep-1991,2356,+14408716586,(664) 957-8208,linda.young89@gmail.com,9678 Valley Ln,Apt 499,Springfield,DE,19700-7522,2026-05-08
VC001101,Young,Jessica,F,07-27-1955,1786,346.235.3366,,jessica.young8@gmail.com,1762 Lake Rd,,Manchester,GA,63022,2026-05-13
VC001102,Walker,Patricia,H,05/05/1950,2093,(517) 725-4004,747-664-4806,patricia.walker97@icloud.com,4517 River Dr,,Richmond,ME,99474,2026-05-23
VC001103,Miller,John,,1996-01-30,7465,4874826072,+16812373920,john.miller82@hotmail.com,6579 River Dr,Apt 734,Burlington,MS,53672-2841,2026-05-28
VC001104,Anderson,Sarah,,19-Nov-1991,8243,625-297-4980,,sarah.anderson7@aol.com,3551 Hill Rd,,Springfield,MT,11627,2026-05-16
VC001105,King,David,K,10-08-1970,1217,+18579316689,(847) 371-8827,david.king18@aol.com,6875 Lincoln Ave,,Springfield,KY,50842,2026-05-07
VC001106,Martin,Jennifer,,11/08/1977,5103,409.598.4001,,jennifer.martin34@icloud.com,2957 Lincoln Ave,,Georgetown,OR,20299-2815,2026-05-05
VC001107,Torres,Margaret,M,1979-02-27,5800,(963) 363-1274,540-548-2849,margaret.torres22@yahoo.com,3408 Jefferson Dr,Apt 387,Clinton,MO,78544,2026-06-01
VC001108,Adams,Richard,,15-Oct-1967,4356,3593455033,,richard.adams52@gmail.com,4231 River Dr,Apt 631,Dayton,OR,92076,2026-05-09
VC001109,Taylor,Mark,,10-25-1957,2498,905-750-1688,,mark.taylor16@icloud.com,8856 Park Blvd,,Georgetown,MN,53979-3111,2026-05-08
VC001110,Torres,Mary,Q,08/06/1989,3798,+15843693924,(450) 430-6959,mary.torres39@icloud.com,6872 Valley Ln,Apt 18,Springfield,OK,67274,2026-05-31
VC001111,Walker,Mark,V,1966-01-31,9162,601.376.5868,8127425942,mark.walker76@aol.com,2951 Lincoln Ave,,Manchester,TX,63397,2026-05-06
VC001112,King,James,,19-Jul-2000,2670,(553) 298-3807,,,9607 Jefferson Dr,,Arlington,NH,90730-3337,2026-05-21
VC001113,Young,Lisa,,01-30-1987,5036,6326425648,,,9787 Forest Ave,,Greenville,TX,45364,2026-05-15
VC001114,Johnson,Daniel,,11/26/1983,4445,540-592-9531,,,4439 Oak Ave,,Richmond,NH,30453,2026-05-07
VC001115,Anderson,Jennifer,V,1986-06-27,6188,+13876536444,(482) 549-2498,jennifer.anderson71@hotmail.com,2531 Forest Ave,,Dayton,HI,81215-2545,2026-05-14
VC001116,Thomas,Richard,I,09-Jun-1992,2864,409.399.7816,,,3685 Forest Ave,Apt 921,Salem,MI,56245,2026-05-10
VC001117,Martin,James,X,05-07-1977,9789,(612) 784-2722,,james.martin21@aol.com,2004 Main St,Apt 387,Arlington,MI,10569,2026-06-03
VC001118,Miller,Patricia,S,11/26/1960,8227,3159791901,+14295561988,patricia.miller71@hotmail.com,3978 Washington St,,Madison,CO,20228-7773,2026-05-20
VC001119,Wright,Jennifer,D,1986-07-14,8877,443-789-3182,,jennifer.wright71@gmail.com,9601 Lincoln Ave,Apt 356,Dayton,KY,34372,2026-05-05
VC001120,Thompson,Karen,,13-Jan-1979,6341,+13766241679,,,20 Lake Rd,Apt 27,Burlington,IN,33906,2026-05-27
VC001121,Garcia,David,O,11-18-1969,7076,698.888.7606,6629422326,,6988 River Dr,,Springfield,SC,99997-7640,2026-05-24
VC001122,Nguyen,Richard,,11/26/1954,5550,(519) 734-6193,465-214-5584,,8695 Oak Ave,,Arlington,RI,38036,2026-05-18
VC001123,Hall,John,P,1996-03-09,6477,5182642584,+14089927831,john.hall22@hotmail.com,457 Forest Ave,,Clinton,AK,87664,2026-05-24
VC001124,Young,Thomas,,20-Aug-1995,8384,672-747-3257,,thomas.young72@icloud.com,1117 Washington St,,Manchester,HI,65499-2354,2026-05-16
VC001125,Baker,Mark,Q,11-30-1943,2981,+15229113710,(576) 902-1007,,1011 Cedar Ln,,Oxford,NY,23778,2026-05-29
VC001126,Johnson,Christopher,H,10/23/1987,7645,890.903.8499,6159857027,christopher.johnson73@icloud.com,9007 Lake Rd,,Clinton,WY,23394,2026-05-24
VC001127,Baker,Barbara,O,1957-10-20,7563,(918) 304-3496,,barbara.baker7@icloud.com,3717 Sunset Blvd,,Manchester,MA,16451-5703,2026-05-30
VC001128,Garcia,Thomas,D,23-Jul-1960,1957,5098028897,,,4660 Maple Dr,,Marion,NY,93740,2026-05-13
VC001129,Wright,Betty,X,11-28-1982,4534,813-527-6060,,,8231 Washington St,,Franklin,LA,85231,2026-05-06
VC001130,Wright,Matthew,E,11/21/1973,4791,+19455986510,,matthew.wright6@hotmail.com,6007 Oak Ave,,Franklin,HI,82408-7725,2026-05-24
VC001131,King,Richard,T,1999-07-21,4531,754.452.9141,,,1863 Washington St,,Burlington,SC,77633,2026-05-29
VC001132,King,David,Y,15-Feb-1953,4162,(922) 273-8193,793-871-7487,,5934 Forest Ave,Apt 897,Dayton,IA,30500,2026-05-14
VC001133,Walker,Mark,,06-16-1961,4374,3177188850,,,4761 Main St,,Georgetown,AK,24681-7014,2026-05-19
VC001134,Allen,William,,09/08/1971,6043,478-478-1253,,william.allen9@aol.com,9736 Jefferson Dr,,Fairview,OH,66081,2026-05-09
VC001135,Williams,James,,2003-10-18,8624,+13696839350,(990) 874-3338,james.williams85@outlook.com,5787 Cedar Ln,,Manchester,OR,79312,2026-05-31
VC001136,Nelson,Sarah,,27-Feb-1944,2712,850.674.8004,,sarah.nelson47@icloud.com,9315 Lincoln Ave,,Franklin,VT,33477-1583,2026-05-29
VC001137,Williams,Susan,,03-18-1981,4744,(551) 469-3727,,,7215 Lincoln Ave,,Greenville,MA,53809,2026-05-17
VC001138,Nguyen,Charles,,11/10/1983,7549,9816194169,+19029471503,,6454 Lake Rd,Apt 803,Oxford,NY,33234,2026-05-30
VC001139,Harris,Sandra,D,1960-05-26,8218,288-522-4046,895.804.9354,sandra.harris14@icloud.com,7003 Oak Ave,,Burlington,AZ,57543-6427,2026-05-30
VC001140,Baker,Barbara,W,10-Aug-1960,2695,+13757771293,(849) 505-3047,,140 Valley Ln,,Madison,TN,37207,2026-05-18
VC001141,Brown,James,M,12-18-1960,2012,428.274.5784,6913212118,james.brown31@yahoo.com,708 Maple Dr,,Arlington,CA,51693,2026-06-03
VC001142,Harris,Joseph,I,02/22/1962,6216,(806) 568-4422,,joseph.harris64@aol.com,5956 Maple Dr,,Georgetown,OH,51783-7153,2026-05-31
VC001143,Hall,James,S,1958-08-15,7087,3225235866,,james.hall69@aol.com,6537 Cedar Ln,,Franklin,MI,53062,2026-05-29
VC001144,King,Sandra,F,27-Aug-1993,4411,828-916-1045,,,5422 Cedar Ln,Apt 866,Arlington,NY,60210,2026-05-26
VC001145,Garcia,Jennifer,,07-08-1941,3805,+19576556565,,jennifer.garcia9@hotmail.com,4166 Lake Rd,,Arlington,AZ,40387-3438,2026-05-13
VC001146,Allen,James,O,03/04/2002,8094,948.704.8353,,james.allen86@aol.com,1878 Park Blvd,Apt 956,Fairview,SD,94527,2026-05-12
VC001147,Thompson,John,R,2003-11-10,2524,(956) 507-7666,,john.thompson64@hotmail.com,373 Main St,,Madison,MA,34218,2026-06-01
VC001148,Jones,Susan,E,15-Jan-1961,8413,5555555147,,,6570 Lincoln Ave,,Franklin,TN,88794-4313,2026-05-28
VC001149,Garcia,William,,07-26-1982,1100,552-619-6269,,william.garcia31@outlook.com,7594 Jefferson Dr,Apt 613,Oxford,ID,38985,2026-05-29
VC001150,Young,Sarah,J,01/01/1954,6557,+18715518036,(342) 820-3633,sarah.young70@yahoo.com,2448 Jefferson Dr,,Georgetown,ME,15214,2026-05-30
VC001151,Brown,James,M,1966-04-28,5676,313.330.4458,,james.brown84@aol.com,6229 Jefferson Dr,Apt 402,Greenville,LA,34540-8459,2026-05-14
VC001152,Wilson,Ashley,S,10-May-1952,5219,(816) 413-5967,935-879-6838,ashley.wilson81@hotmail.com,4702 Park Blvd,Apt 947,Manchester,NJ,72567,2026-06-04
VC001153,Nelson,Betty,Q,06-11-1996,9475,2838531414,+17003172468,betty.nelson56@aol.com,8556 Jefferson Dr,,Madison,KY,36238,2026-05-26
VC001154,Hall,Linda,H,07/07/1957,1888,469-383-4214,,linda.hall10@hotmail.com,201 River Dr,,Springfield,AR,34207-8968,2026-06-04
VC001155,Nelson,Mary,T,1994-10-24,6937,+15229939988,,mary.nelson99@aol.com,4755 Maple Dr,,Richmond,AL,49261,2026-05-09
VC001156,Brown,Margaret,V,04-Jun-2002,2822,545.442.2364,2399048628,,4112 Jefferson Dr,Apt 367,Manchester,UT,62161,2026-05-10
VC001157,Johnson,Linda,G,04-30-1963,5924,(477) 329-7882,,linda.johnson41@outlook.com,9798 Sunset Blvd,,Clinton,RI,36081-6325,2026-06-03
VC001158,Brown,Anthony,,08/20/1958,4621,5795233421,,anthony.brown74@gmail.com,9180 Jefferson Dr,Apt 684,Clinton,NV,86703,2026-05-10
VC001159,Jones,James,,1941-05-13,4120,976-548-8864,,james.jones96@yahoo.com,8008 Hill Rd,,Franklin,KY,61717,2026-06-02
VC001160,Wright,Linda,F,24-Sep-1964,6912,+15286419738,(653) 676-2099,linda.wright24@gmail.com,6536 Jefferson Dr,Apt 13,Franklin,MO,49025-7622,2026-05-13
VC001161,Allen,Barbara,L,03-03-1958,5197,720.522.1672,2922895403,barbara.allen53@hotmail.com,1095 Jefferson Dr,Apt 276,Madison,WI,19878,2026-05-25
VC001162,Martin,John,C,03/06/1942,7956,(310) 424-4418,,john.martin8@gmail.com,8406 Oak Ave,Apt 98,Georgetown,RI,20040,2026-05-29
VC001163,Wilson,Betty,F,1942-06-07,9052,7194302213,,betty.wilson57@gmail.com,9644 Main St,Apt 861,Clinton,NC,93072-3241,2026-05-19
VC001164,Jones,Susan,B,06-Oct-2003,9373,214-802-2865,,,9253 River Dr,Apt 199,Georgetown,WI,65541,2026-05-22
VC001165,Hall,Jessica,K,09-17-1970,1843,+18418465648,(333) 945-3408,,7299 Hill Rd,,Richmond,AL,97395,2026-05-15
VC001166,Hall,Joseph,,07/15/1998,9256,323.978.9212,,joseph.hall97@gmail.com,4793 Maple Dr,Apt 734,Georgetown,FL,73010-3742,2026-05-06
VC001167,Davis,Patricia,E,1952-02-09,4324,(438) 770-7670,808-810-5959,,8808 Hill Rd,,Fairview,KS,90759,2026-05-26
VC001168,Torres,James,,23-Mar-1952,4889,4986608890,,,4330 Forest Ave,,Georgetown,OK,97575,2026-05-07
VC001169,Walker,David,B,09-18-1990,7588,909-981-8122,229.710.1479,,984 Valley Ln,,Franklin,MT,26180-8571,2026-06-01
VC001170,Hill,Robert,D,03/26/1958,8825,+16594726903,,robert.hill72@aol.com,8608 River Dr,,Salem,FL,92007,2026-05-15
VC001171,Johnson,Christopher,F,1962-04-06,6813,924.796.1875,,christopher.johnson25@aol.com,1387 River Dr,Apt 404,Manchester,SD,93691,2026-05-07
VC001172,Hill,John,,25-Mar-1991,8673,(851) 531-2975,542-855-8920,john.hill84@yahoo.com,4992 Washington St,,Burlington,DE,91898-6060,2026-05-05
VC001173,Miller,Matthew,D,09-11-1988,4726,4863365544,,matthew.miller42@gmail.com,2667 Sunset Blvd,,Richmond,LA,96370,2026-05-20
VC001174,Adams,Mark,,10/01/1955,2351,246-248-8130,,,5605 Lincoln Ave,,Salem,FL,30181,2026-06-04
VC001175,Brown,Ashley,Q,1967-06-16,6093,+19056811655,(896) 447-8680,,2037 Lincoln Ave,,Georgetown,NJ,72968-6381,2026-05-12
VC001176,Taylor,David,R,10-Dec-1985,4132,487.938.4713,,david.taylor52@gmail.com,1975 Lake Rd,,Burlington,IL,97181,2026-05-07
VC001177,Jackson,Barbara,D,08-27-1945,7040,(682) 316-9766,236-488-7565,,5285 Main St,,Oxford,FL,26258,2026-05-26
VC001178,Wright,William,J,06/21/1960,7644,4483071725,+17075523095,william.wright44@aol.com,345 Maple Dr,Apt 619,Greenville,SC,79714-4854,2026-05-20
VC001179,King,Thomas,U,1967-03-02,3585,692-765-1904,214.302.9976,thomas.king26@icloud.com,9953 Cedar Ln,,Franklin,RI,36952,2026-06-03
VC001180,Jackson,Christopher,M,17-Sep-1977,6773,+15479129690,(946) 810-8672,christopher.jackson4@outlook.com,8762 Valley Ln,,Salem,TN,81394,2026-05-23
VC001181,Torres,Joseph,,09-20-1992,5209,607.802.2069,,,5086 Cedar Ln,,Fairview,MT,27898-5582,2026-05-25
VC001182,Anderson,Betty,,01/18/1983,7511,(720) 314-4223,504-826-3149,betty.anderson7@icloud.com,1460 Sunset Blvd,Apt 589,Fairview,IL,87186,2026-05-25
VC001183,Torres,Sandra,,1946-05-21,1940,4034158948,+14565518109,sandra.torres26@hotmail.com,4547 Forest Ave,,Richmond,CA,56599,2026-05-20
VC001184,Hill,Mark,,17-Oct-1978,7304,585-630-7197,,,3170 Washington St,,Springfield,KY,86093-7960,2026-05-25
VC001185,Nelson,Richard,F,04-21-1990,5237,+12033865719,(639) 878-5606,richard.nelson26@yahoo.com,1509 Lake Rd,,Manchester,VT,91356,2026-05-16
VC001186,Anderson,David,X,10/25/1951,3284,678.935.9531,,david.anderson65@outlook.com,4651 Oak Ave,Apt 990,Burlington,RI,15292,2026-06-03
VC001187,Nguyen,David,B,1984-08-06,6105,(282) 807-3393,468-921-3702,,8569 Lincoln Ave,,Clinton,OR,64533-1062,2026-05-09
VC001188,Taylor,Daniel,Z,06-Apr-1967,5700,8805883851,,,9325 Park Blvd,,Clinton,OK,10053,2026-05-20
VC001189,Nelson,Joseph,,01-09-1995,4092,725-614-6055,,joseph.nelson80@aol.com,2175 Maple Dr,,Fairview,DE,28191,2026-05-14
VC001190,White,Mark,,05/17/1962,9507,+18934839396,(417) 851-7029,mark.white54@gmail.com,1853 Lake Rd,Apt 710,Greenville,VA,25785-3467,2026-05-15
VC001191,Adams,Charles,H,1963-04-04,9046,317.204.5485,4179598200,charles.adams23@icloud.com,2363 Cedar Ln,,Dayton,MN,98963,2026-05-20
VC001192,Torres,James,A,19-Jun-1940,5654,(270) 465-6989,,james.torres62@gmail.com,138 Jefferson Dr,,Clinton,MS,83136,2026-05-15
VC001193,King,Mary,O,02-29-1948,5560,9073144865,+16804477917,mary.king22@yahoo.com,9899 Main St,,Greenville,AR,12872-4447,2026-05-05
VC001194,Allen,Jessica,,07/26/1952,5116,515-656-2255,,jessica.allen88@icloud.com,9028 Hill Rd,,Clinton,DE,40353,2026-05-07
VC001195,Allen,Joseph,F,1962-04-10,6861,+18382642461,,joseph.allen55@gmail.com,4914 Oak Ave,Apt 847,Fairview,DE,86873,2026-05-06
VC001196,Wilson,Robert,,20-Nov-1943,3544,707.713.6432,,robert.wilson39@gmail.com,8994 Park Blvd,Apt 346,Salem,WV,75459-6414,2026-06-01
VC001197,Nguyen,Matthew,T,01-10-1964,2193,(909) 547-3343,,matthew.nguyen75@yahoo.com,4989 Main St,Apt 322,Richmond,NE,28283,2026-05-15
VC001198,Thompson,Mark,O,05/09/1949,4519,3194022684,+14459668723,,6316 Hill Rd,,Marion,SD,83137,2026-05-18
VC001199,King,Charles,Y,1992-11-02,5509,744-265-6731,,,8302 Main St,Apt 554,Arlington,NC,43304-9333,2026-06-04
VC001200,Brown,Christopher,W,26-May-1946,2098,+12162315846,,christopher.brown25@gmail.com,1984 Cedar Ln,,Greenville,WY,99192,2026-05-09
VC001201,Johnson,David,,08-28-1947,7465,792.392.4045,3068129498,david.johnson51@aol.com,9285 Forest Ave,Apt 664,Madison,MS,22661,2026-05-23
VC001202,Martin,David,,02/15/1989,7148,(226) 690-1856,,david.martin33@yahoo.com,2163 Oak Ave,,Salem,MN,98439-3531,2026-05-25
VC001203,Miller,Linda,,1976-05-02,3366,3913326475,,linda.miller64@aol.com,2872 Washington St,,Madison,NV,51117,2026-05-08
VC001204,Baker,Daniel,X,08-Mar-1987,7062,695-497-1365,,daniel.baker62@hotmail.com,7770 Valley Ln,,Greenville,KS,28685,2026-05-15
VC001205,Taylor,William,,05-21-2004,9879,+12926771681,,,7647 Maple Dr,Apt 389,Burlington,KS,13093-8561,2026-05-24
VC001206,Anderson,Mark,Z,12/10/1985,5454,272.562.4118,,mark.anderson16@outlook.com,6702 Cedar Ln,,Burlington,TN,88257,2026-05-15
VC001207,Nelson,Margaret,X,1962-11-30,6235,(355) 514-9196,,margaret.nelson97@yahoo.com,5271 Lake Rd,,Arlington,WI,66412,2026-06-01
VC001208,Wright,Matthew,J,19-Jun-1948,8011,6332355440,,matthew.wright20@outlook.com,9187 River Dr,,Marion,NV,11026-2370,2026-05-30
VC001209,Harris,Mary,A,09-30-2002,8686,353-500-8937,244.573.2145,,6049 River Dr,Apt 440,Salem,SD,10720,2026-05-17
VC001210,Miller,Thomas,G,05/14/1987,8162,+15162731137,,,7152 Lake Rd,,Arlington,DE,97135,2026-05-07
VC001211,Young,Christopher,S,1968-06-21,6485,576.383.7982,2254667034,christopher.young46@gmail.com,9091 River Dr,,Manchester,IA,88345-4907,2026-05-17
VC001212,Anderson,Margaret,,27-Sep-1985,3624,(637) 682-7474,,margaret.anderson57@yahoo.com,5906 Sunset Blvd,,Madison,CO,88391,2026-06-02
VC001213,Walker,Joseph,,04-16-1979,4926,4349013238,,,9046 Park Blvd,,Arlington,OH,89259,2026-05-07
VC001214,Jackson,Susan,L,12/30/1999,2060,373-737-8897,213.287.5109,susan.jackson63@icloud.com,2874 Forest Ave,,Arlington,MO,11865-2934,2026-06-02
VC001215,Taylor,David,M,1989-06-13,4637,+15596454061,(405) 695-8998,david.taylor43@icloud.com,7431 Oak Ave,Apt 532,Franklin,AL,10953,2026-05-28
VC001216,Wright,John,E,19-Jan-1964,5547,466.355.6446,7172778531,,1915 Lake Rd,,Fairview,WI,30255,2026-05-30
VC001217,Thomas,Jennifer,U,03-05-1967,5629,(468) 265-3594,936-429-8657,,2422 Forest Ave,,Salem,MD,22468-7891,2026-05-20
VC001218,Brown,Linda,,07/30/2004,5379,8633764439,+15409128064,,7387 Cedar Ln,Apt 850,Oxford,IN,17044,2026-05-08
VC001219,Wilson,Mark,,1982-01-26,3910,898-566-1316,,mark.wilson40@icloud.com,1400 Valley Ln,Apt 101,Salem,OR,88003,2026-05-12
VC001220,Garcia,Karen,L,25-Nov-1940,1571,+14938093061,(683) 856-7896,,7879 Maple Dr,,Burlington,HI,47310-5859,2026-05-10
VC001221,Nguyen,William,,12-09-1977,4819,432.752.3416,,william.nguyen53@aol.com,2219 Sunset Blvd,,Marion,NE,42492,2026-06-01
VC001222,White,Joseph,N,05/12/1941,5598,(466) 366-7247,,,7657 Washington St,,Arlington,KS,27284,2026-05-25
VC001223,Harris,Margaret,L,1984-08-03,7941,9983515016,+17895045276,margaret.harris46@icloud.com,7629 Park Blvd,,Salem,MS,25534-2403,2026-06-04
VC001224,Wilson,Ashley,D,12-Jun-1947,3985,411-635-9132,,,2620 Hill Rd,Apt 782,Clinton,ND,23737,2026-05-09
VC001225,Nelson,Richard,,10-09-1949,3902,+17726232412,,richard.nelson51@yahoo.com,1747 Maple Dr,,Greenville,RI,27268,2026-06-02
VC001226,White,Sandra,I,09/26/1952,7276,311.715.8435,8194462231,sandra.white24@gmail.com,9079 Lincoln Ave,,Franklin,WV,60336-1937,2026-05-19
VC001227,Hall,Daniel,,1965-07-04,3672,(276) 397-3998,,daniel.hall19@yahoo.com,281 Park Blvd,,Burlington,CA,15960,2026-05-28
VC001228,Torres,Margaret,E,04-Apr-1953,1059,7983824540,,,7470 River Dr,,Marion,PA,71041,2026-05-25
VC001229,Walker,Barbara,,03-14-1977,4307,485-600-7918,,,574 Sunset Blvd,,Arlington,MT,35427-2071,2026-05-15
VC001230,Martin,Mark,M,12/30/1987,7852,+18033195716,(490) 953-4840,,5415 Valley Ln,,Manchester,SD,45069,2026-05-21
VC001231,Martin,Susan,,1948-09-21,4277,376.984.9959,7225562526,susan.martin61@hotmail.com,373 Oak Ave,Apt 904,Dayton,KY,81803,2026-05-27
VC001232,King,Matthew,,11-Apr-1985,3464,(711) 890-5430,,matthew.king21@aol.com,2710 Valley Ln,,Dayton,NV,83359-6121,2026-05-23
VC001233,Jones,Patricia,V,05-12-1975,9993,6807436777,+18825145864,,6090 Main St,,Dayton,MD,79160,2026-05-22
VC001234,Adams,William,,10/22/2004,4008,671-758-9295,853.600.7669,william.adams39@gmail.com,237 Main St,,Richmond,NY,19182,2026-05-09
VC001235,Harris,Joseph,,1964-12-05,5243,+13268975997,(305) 803-2686,joseph.harris35@outlook.com,2823 Maple Dr,,Salem,TX,31342-9554,2026-05-12
VC001236,Jackson,Jennifer,D,14-Nov-1972,1669,659.809.5727,,jennifer.jackson37@hotmail.com,9120 Hill Rd,Apt 114,Fairview,WA,32880,2026-05-22
VC001237,Baker,Robert,N,11-12-1983,3471,(615) 403-3331,616-424-2659,robert.baker70@outlook.com,5451 Sunset Blvd,,Madison,DE,58858,2026-05-24
VC001238,Thomas,Lisa,W,03/03/1969,6922,5445384726,,lisa.thomas84@yahoo.com,1868 Park Blvd,Apt 398,Springfield,OH,28175-7538,2026-05-29
VC001239,White,Jennifer,W,1948-08-30,2811,950-861-1300,,jennifer.white95@icloud.com,312 Lincoln Ave,Apt 782,Richmond,IA,38727,2026-05-11
VC001240,Williams,Margaret,U,26-Oct-1940,9939,+19747471227,,,9153 Oak Ave,,Clinton,NV,99770,2026-05-20
VC001241,Smith,Susan,,10-04-1942,8214,686.318.6013,6577617600,susan.smith28@hotmail.com,54 Oak Ave,,Salem,IA,24920-9069,2026-05-06
VC001242,Hill,Robert,,03/27/1980,4312,(735) 597-7137,816-365-7957,,5564 River Dr,,Burlington,NH,20303,2026-05-19
VC001243,Taylor,Joseph,F,1941-02-27,6717,6313366072,+19595932404,joseph.taylor29@hotmail.com,1516 Sunset Blvd,Apt 171,Oxford,TX,15714,2026-05-14
VC001244,White,Sarah,O,01-Jan-1974,4156,500-411-8510,976.739.7751,sarah.white16@yahoo.com,3401 Valley Ln,Apt 208,Clinton,TX,62253-4005,2026-06-01
VC001245,Davis,Matthew,I,06-09-1999,5769,+19836288507,,matthew.davis37@yahoo.com,2428 Park Blvd,,Fairview,NM,22093,2026-06-02
VC001246,Nguyen,Daniel,T,02/24/1975,1363,932.864.2422,,daniel.nguyen57@outlook.com,4768 Main St,,Clinton,PA,30120,2026-06-03
VC001247,Harris,Christopher,,1942-05-24,6042,(762) 775-1121,,christopher.harris97@aol.com,581 Forest Ave,Apt 255,Burlington,NM,37953-5773,2026-05-05
VC001248,Garcia,Joseph,,07-Feb-1943,9384,3009694921,+18829853934,joseph.garcia33@aol.com,3735 Park Blvd,,Burlington,KS,73454,2026-05-23
VC001249,Miller,Linda,,02-24-1965,4610,291-308-8125,,,479 Maple Dr,,Arlington,MA,60264,2026-05-27
VC001250,Williams,Barbara,H,02/09/1974,1027,+15489584082,,,1903 Valley Ln,,Georgetown,FL,51074-1390,2026-05-29
VC001251,Williams,David,U,1953-04-13,1988,210.887.1436,,david.williams13@gmail.com,8430 Sunset Blvd,,Richmond,VT,75499,2026-05-21
VC001252,Wright,Margaret,,24-Jul-1961,3916,(407) 886-7535,,margaret.wright21@aol.com,2707 Lincoln Ave,Apt 986,Salem,VT,28056,2026-05-08
VC001253,Scott,Matthew,Z,01-16-1999,3052,7947369181,+18667997252,matthew.scott37@yahoo.com,5775 Washington St,Apt 969,Arlington,NV,43045-6503,2026-05-12
VC001254,Jackson,Betty,X,05/08/1984,8192,871-733-5693,,betty.jackson52@aol.com,9789 Main St,,Manchester,ID,93924,2026-05-08
VC001255,Taylor,Thomas,O,1962-09-17,3021,+13018883164,,thomas.taylor78@yahoo.com,3391 Jefferson Dr,,Dayton,KS,84793,2026-06-01
VC001256,Jones,Richard,,11-Feb-1968,9635,293.483.1237,9387031450,richard.jones87@aol.com,3851 Main St,,Dayton,NY,51140-1002,2026-05-09
VC001257,King,Anthony,A,01-15-1961,9057,(867) 217-2729,792-903-4460,anthony.king92@aol.com,691 Forest Ave,Apt 29,Dayton,NV,30018,2026-06-03
VC001258,King,Robert,V,08/04/1956,4617,4385383517,,robert.king26@aol.com,89 Forest Ave,,Manchester,ID,60570,2026-05-29
VC001259,Davis,Sandra,G,1957-03-04,9921,384-384-3785,367.559.5930,,1913 Cedar Ln,,Burlington,WI,71980-1148,2026-05-25
VC001260,Martin,Mark,,06-Jun-1966,3022,+15818243169,(696) 347-6885,mark.martin72@aol.com,4442 Lake Rd,Apt 169,Fairview,WI,94795,2026-05-17
VC001261,Johnson,Sandra,Y,10-03-1952,1411,948.981.4427,,sandra.johnson35@icloud.com,3051 Washington St,,Oxford,HI,60904,2026-05-05
VC001262,Johnson,James,,11/01/1942,5901,(551) 631-7456,354-486-5581,james.johnson48@yahoo.com,4321 Lake Rd,Apt 295,Marion,NJ,94135-7501,2026-06-02
VC001263,Wright,Sarah,T,1981-05-13,6526,4283634513,,,2744 Jefferson Dr,,Oxford,SD,10862,2026-05-11
VC001264,Williams,Richard,,22-Jul-1967,2026,986-435-6595,,richard.williams65@hotmail.com,9172 Jefferson Dr,,Dayton,UT,25360,2026-05-10
VC001265,Allen,Richard,,12-23-1997,6680,+18735315119,,richard.allen42@yahoo.com,3248 Oak Ave,,Marion,NM,11677-3713,2026-05-15
VC001266,Davis,Charles,,05/27/1978,9708,552.833.9659,,charles.davis73@gmail.com,8991 Hill Rd,,Richmond,LA,58301,2026-06-04
VC001267,Thomas,Matthew,L,1957-12-23,8792,(228) 977-4153,,matthew.thomas42@gmail.com,833 Hill Rd,Apt 617,Oxford,VT,71082,2026-05-24
VC001268,Scott,Sandra,O,22-Dec-1946,1308,3284143133,+13968387184,sandra.scott30@hotmail.com,1288 River Dr,Apt 442,Burlington,WI,24643-5126,2026-05-08
VC001269,Scott,Robert,N,08-29-1996,9489,568-945-6577,,,8230 Maple Dr,,Richmond,MS,49583,2026-05-05
VC001270,Thomas,Susan,P,08/21/1947,3134,+19959425051,(954) 757-4217,susan.thomas51@outlook.com,9335 Jefferson Dr,,Madison,AK,80271,2026-05-30
VC001271,Johnson,James,J,1949-03-23,3765,946.534.7926,4528975608,,664 Valley Ln,,Arlington,MO,12901-9695,2026-05-15
VC001272,Brown,Linda,O,11-Feb-1989,1727,(476) 670-1745,290-386-5426,linda.brown69@outlook.com,2940 River Dr,,Springfield,CO,66509,2026-05-15
VC001273,Jackson,Charles,B,01-24-1944,9901,4209481322,,charles.jackson28@yahoo.com,4442 Washington St,,Oxford,OR,48830,2026-06-04
VC001274,Taylor,Daniel,N,11/22/1943,7733,836-856-1532,760.816.9488,daniel.taylor25@yahoo.com,8867 Oak Ave,,Burlington,CO,65848-4668,2026-05-08
VC001275,Taylor,Mary,J,1997-10-09,4408,+14928307586,,,4582 Lake Rd,,Georgetown,TN,14846,2026-05-21
VC001276,Davis,Robert,,12-Apr-1988,6462,650.493.8885,6658862290,,5730 Washington St,Apt 747,Madison,MN,81612,2026-05-19
VC001277,Allen,David,U,10-03-1998,8931,(281) 235-6850,,,1529 Hill Rd,,Burlington,MI,15505-9203,2026-05-27
VC001278,Brown,Christopher,Z,12/18/1966,8249,7937107751,,christopher.brown91@yahoo.com,1075 Main St,Apt 387,Georgetown,NH,35885,2026-06-01
VC001279,King,Christopher,I,1991-06-11,7870,203-606-4292,,christopher.king13@yahoo.com,5372 Park Blvd,Apt 628,Marion,MN,35404,2026-05-05
VC001280,Young,Karen,,25-Jan-1985,6253,+18629455448,,,495 Valley Ln,,Franklin,NH,14379-2007,2026-05-20
VC001281,Williams,Sarah,Y,01-14-1967,6361,471.909.6924,7903001941,,790 Sunset Blvd,,Springfield,GA,14709,2026-05-09
VC001282,Hill,Joseph,,03/28/1949,8642,(528) 902-9176,,joseph.hill47@outlook.com,8034 Lake Rd,Apt 789,Greenville,MA,80093,2026-05-31
VC001283,White,Betty,,1949-10-15,7406,4918694805,,betty.white82@hotmail.com,4878 Lincoln Ave,,Salem,MN,84454-7469,2026-05-05
VC001284,Johnson,Thomas,F,23-Feb-2000,6066,857-458-2501,,,6664 Hill Rd,Apt 131,Richmond,MN,82291,2026-05-18
VC001285,Torres,Ashley,P,12-14-1944,8471,+12775346809,,ashley.torres68@aol.com,7883 Lincoln Ave,,Franklin,MO,11151,2026-05-17
VC001286,Nguyen,Ashley,E,08/11/1978,9476,584.874.7627,,ashley.nguyen15@hotmail.com,3443 River Dr,,Marion,VT,52792-2342,2026-05-09
VC001287,Torres,Barbara,,1988-04-06,9589,(320) 386-8055,,barbara.torres90@aol.com,1417 Main St,,Greenville,MS,45843,2026-06-04
VC001288,Brown,Anthony,N,04-Dec-1987,2774,4426624356,+15922026401,anthony.brown37@gmail.com,4099 Jefferson Dr,Apt 219,Franklin,MT,71656,2026-05-27
VC001289,Thompson,Karen,,11-09-1970,4169,243-670-1615,,,2778 Maple Dr,,Greenville,WY,38698-6882,2026-05-14
VC001290,Nguyen,David,,06/26/1996,7285,+19062806660,,david.nguyen88@hotmail.com,8677 Cedar Ln,,Manchester,VT,16984,2026-05-30
VC001291,Wright,Joseph,A,1958-01-05,5705,589.785.6184,5623715888,,4759 Main St,,Greenville,IL,22302,2026-05-23
VC001292,Garcia,Daniel,,02-Jan-1974,2649,(345) 459-7124,,daniel.garcia75@outlook.com,6334 Forest Ave,,Dayton,DE,11914-8383,2026-05-25
VC001293,Williams,Matthew,,04-11-1957,3593,2846745544,,matthew.williams74@gmail.com,9991 Washington St,,Fairview,ND,32944,2026-05-20
VC001294,White,David,,08/31/1956,7993,590-368-3043,,,7545 Sunset Blvd,,Arlington,MI,64896,2026-05-30
VC001295,Torres,Nancy,N,1986-11-18,2711,+16932418002,,nancy.torres98@yahoo.com,9886 Lake Rd,,Dayton,CT,18607-2669,2026-05-27
VC001296,Taylor,Jennifer,J,05-Jul-1940,6424,218.815.9997,7133294220,jennifer.taylor95@outlook.com,6163 Main St,Apt 349,Richmond,PA,10487,2026-05-25
VC001297,Williams,Thomas,,02-05-1970,9440,(761) 262-3944,,thomas.williams71@gmail.com,608 Lake Rd,,Burlington,ME,11625,2026-05-24
VC001298,Martin,Linda,S,05/14/1992,7058,8808715567,,linda.martin61@aol.com,5217 Lake Rd,,Manchester,IA,13483-2351,2026-05-24
VC001299,Harris,Thomas,,1954-08-10,7158,455-263-6184,641.852.7785,,9756 Forest Ave,,Dayton,NM,99367,2026-05-08
VC001300,Hall,Patricia,,06-Aug-2000,2762,+15166651896,,patricia.hall53@outlook.com,2461 Cedar Ln,,Salem,MS,62678,2026-05-21
VC001301,Jones,Barbara,Q,10-05-1950,2457,207.253.9170,,barbara.jones77@hotmail.com,2770 Maple Dr,Apt 694,Salem,FL,52756-9576,2026-05-07
VC001302,Baker,Barbara,R,03/05/1979,4054,(773) 648-2350,968-294-5635,barbara.baker26@outlook.com,6252 Cedar Ln,Apt 975,Marion,VT,70087,2026-05-19
VC001303,Walker,Jennifer,Q,1997-02-06,7614,8805882157,+15932617240,jennifer.walker84@aol.com,6742 Washington St,Apt 750,Oxford,ID,76454,2026-05-31
VC001304,Williams,Robert,,21-Dec-1988,1182,769-539-6748,,,6347 Lake Rd,,Richmond,NM,60912-6885,2026-05-25
VC001305,Adams,Susan,V,07-20-1959,8995,+19716242693,(407) 969-2420,susan.adams23@icloud.com,6858 Valley Ln,Apt 77,Madison,RI,63807,2026-05-29
VC001306,Thomas,John,I,12/07/1989,7874,905.551.3900,8462419060,john.thomas26@hotmail.com,6810 Cedar Ln,,Clinton,HI,79229,2026-05-10
VC001307,Harris,Christopher,,1948-08-27,5490,(917) 773-2527,,,5134 Sunset Blvd,,Salem,OR,67172-1793,2026-05-27
VC001308,Davis,Robert,,02-Feb-1947,6647,4732589248,,robert.davis60@aol.com,7585 Oak Ave,,Oxford,MS,72497,2026-05-23
VC001309,Williams,Lisa,,11-12-1953,6801,222-451-5443,,,3966 Lincoln Ave,,Salem,LA,35927,2026-05-07
VC001310,Torres,Patricia,M,05/19/1969,4347,+14586857529,,,1871 Forest Ave,,Madison,AR,39940-6753,2026-05-10
VC001311,Johnson,Daniel,T,1964-06-10,9398,899.753.6135,5735981383,daniel.johnson53@yahoo.com,8079 Maple Dr,,Springfield,GA,55866,2026-05-30
VC001312,Young,Richard,,23-Feb-1944,4974,(481) 923-9378,,richard.young30@yahoo.com,7155 Sunset Blvd,Apt 122,Madison,RI,69522,2026-05-17
VC001313,Wright,Robert,K,07-05-1940,7467,2113698469,+13242936556,robert.wright4@hotmail.com,1019 Lincoln Ave,,Georgetown,WV,77549-3480,2026-05-09
VC001314,Jones,Jessica,Q,07/16/1954,8570,604-988-7667,,jessica.jones65@hotmail.com,2639 Oak Ave,Apt 27,Salem,VA,61468,2026-05-23
VC001315,Wilson,Sarah,P,1948-09-11,1208,+14302744181,,,7900 Sunset Blvd,Apt 154,Oxford,MA,63045,2026-05-17
VC001316,Anderson,Sandra,L,30-Jun-1947,7436,970.996.9048,7646755078,sandra.anderson37@yahoo.com,1858 Washington St,,Oxford,MT,16238-5595,2026-06-01
VC001317,Hall,William,,02-24-1977,5592,(995) 626-4660,,william.hall68@icloud.com,8706 Jefferson Dr,,Burlington,ME,72146,2026-05-26
VC001318,Jackson,Richard,,07/27/1999,8083,9719392042,+15384277715,,4352 Hill Rd,Apt 522,Greenville,WY,64683,2026-05-23
VC001319,Miller,Jennifer,M,1966-12-20,7017,673-823-4074,810.761.8431,jennifer.miller27@hotmail.com,8811 Sunset Blvd,Apt 195,Oxford,MA,85120-2185,2026-05-15
VC001320,Baker,William,,26-Aug-1962,4472,+17074584661,,william.baker6@gmail.com,2350 River Dr,Apt 526,Greenville,OH,92601,2026-05-19
VC001321,Wilson,Nancy,,06-03-1994,9502,999.925.8993,8657845625,,9187 Valley Ln,,Richmond,OR,59259,2026-05-24
VC001322,Harris,Richard,,05/28/1972,6189,(287) 503-4300,,richard.harris74@hotmail.com,1028 River Dr,,Georgetown,VT,75952-8114,2026-05-09
VC001323,Wright,Robert,C,1991-07-04,4981,6584668491,,robert.wright6@icloud.com,7134 Maple Dr,,Franklin,OR,81781,2026-05-07
VC001324,Davis,Charles,O,26-Apr-1979,5202,510-894-3699,,,4300 Valley Ln,Apt 473,Burlington,MI,68406,2026-05-26
VC001325,Nguyen,William,C,05-17-1941,7136,+14275241332,(723) 545-8115,william.nguyen49@yahoo.com,1321 Hill Rd,Apt 457,Marion,IL,65715-6760,2026-05-31
VC001326,Baker,Christopher,,04/13/1942,9778,457.597.2563,4153168569,christopher.baker97@outlook.com,3460 Valley Ln,,Salem,NV,18929,2026-05-07
VC001327,Adams,Anthony,,1997-06-11,5544,(957) 648-8754,,anthony.adams45@outlook.com,1260 Oak Ave,Apt 140,Dayton,WI,64931,2026-05-10
VC001328,Miller,Nancy,,06-Jan-1978,8209,4357139933,,nancy.miller84@gmail.com,1594 Washington St,,Clinton,DE,71633-3622,2026-05-12
VC001329,White,Barbara,,02-21-1975,5670,526-507-3389,,barbara.white49@outlook.com,1004 Valley Ln,Apt 764,Marion,MT,59515,2026-05-19
VC001330,Thomas,Linda,,09/30/2001,3464,+13713995909,(909) 610-1012,linda.thomas23@hotmail.com,4107 Hill Rd,Apt 509,Arlington,FL,42362,2026-05-11
VC001331,Baker,Karen,V,1990-10-29,3585,586.612.7740,,,9508 Oak Ave,,Clinton,WA,85243-9934,2026-05-21
VC001332,Johnson,Susan,,09-Jul-1999,2357,(777) 854-3614,,susan.johnson32@outlook.com,542 Lake Rd,,Marion,SC,90278,2026-05-07
VC001333,Walker,Sarah,,12-11-1983,5095,5185403355,+18094408103,,1371 Oak Ave,Apt 229,Marion,HI,37221,2026-05-20
VC001334,Young,Joseph,B,05/11/1956,3133,746-360-5028,,joseph.young50@outlook.com,6415 Main St,Apt 570,Dayton,OK,48410-1512,2026-05-06
VC001335,Walker,Susan,M,1981-01-14,6417,+12285928180,,susan.walker76@aol.com,235 Maple Dr,,Fairview,WV,23280,2026-06-01
VC001336,Harris,Betty,O,29-Oct-1971,1711,971.752.9232,2293015345,betty.harris76@aol.com,3874 Forest Ave,Apt 193,Madison,KS,44606,2026-05-26
VC001337,Williams,John,B,01-21-1962,5149,(656) 252-2313,,,3901 Valley Ln,,Franklin,AR,18909-9082,2026-05-29
VC001338,Thompson,Linda,T,11/10/1967,5365,4567906193,,,1616 Lincoln Ave,,Greenville,GA,56720,2026-05-14
VC001339,White,Susan,M,1987-04-24,9920,344-276-4797,317.856.5912,,3228 Lincoln Ave,,Georgetown,WV,47376,2026-05-07
VC001340,Thompson,Sarah,,03-Dec-1972,5676,+13174972721,(365) 274-7135,,7627 Hill Rd,,Oxford,HI,65765-1263,2026-05-09
VC001341,White,William,D,12-16-1968,5896,609.576.9779,4683193203,william.white38@outlook.com,4541 Hill Rd,,Burlington,WA,82659,2026-05-11
VC001342,Thomas,Mary,,10/23/1982,4361,(649) 282-3436,986-880-8196,mary.thomas53@gmail.com,4943 Jefferson Dr,,Richmond,DE,36684,2026-05-06
VC001343,Walker,Betty,G,1958-06-19,9772,6594807522,,,224 Main St,,Arlington,OK,97082-4674,2026-05-07
VC001344,Thomas,Susan,,13-Jul-1953,4189,540-649-2257,,susan.thomas76@outlook.com,6708 Sunset Blvd,,Oxford,DE,71229,2026-05-25
VC001345,King,Michael,,10-27-1945,1030,+15826005740,,michael.king63@outlook.com,2724 Lincoln Ave,,Oxford,ND,50552,2026-05-18
VC001346,Jones,Thomas,E,01/09/1951,5956,844.270.2269,6414029486,thomas.jones36@yahoo.com,8381 Washington St,,Richmond,SC,86051-2795,2026-05-15
VC001347,Torres,Mark,,1973-04-23,2966,(551) 317-3097,697-947-5163,mark.torres37@hotmail.com,3088 Washington St,Apt 98,Springfield,AK,63106,2026-05-18
VC001348,Walker,Mark,,09-Aug-1942,7528,2205269819,,mark.walker88@icloud.com,1013 Hill Rd,Apt 79,Greenville,IL,17658,2026-05-15
VC001349,Anderson,Sarah,,06-02-1994,9287,974-617-4190,511.806.1661,,2796 Jefferson Dr,Apt 90,Burlington,HI,38257-1125,2026-06-02
VC001350,Anderson,Anthony,D,08/06/1942,6126,+19158791112,,anthony.anderson48@aol.com,9496 Lake Rd,,Franklin,RI,82191,2026-05-08
VC001351,Wilson,Daniel,,1990-07-23,6942,979.343.3425,,daniel.wilson77@gmail.com,8549 Park Blvd,,Springfield,IA,58608,2026-05-22
VC001352,Harris,Mary,L,10-Jun-2000,3312,(807) 631-7167,,,1133 Washington St,Apt 311,Arlington,GA,93097-6069,2026-05-09
VC001353,Wilson,Daniel,V,10-25-1955,2954,6486676165,,daniel.wilson53@hotmail.com,9008 Cedar Ln,,Dayton,IA,55419,2026-05-21
VC001354,Smith,Karen,,10/23/1989,1576,374-598-3677,,karen.smith68@icloud.com,7013 River Dr,Apt 220,Manchester,MA,64480,2026-05-15
VC001355,Martin,Robert,O,1961-02-10,6086,+15114773138,,robert.martin28@aol.com,4470 Washington St,Apt 612,Manchester,ND,62984-5641,2026-05-12
VC001356,Davis,Christopher,I,22-Jun-1951,4190,299.391.9038,,christopher.davis12@yahoo.com,6474 River Dr,Apt 996,Salem,NH,44900,2026-05-05
VC001357,Hill,Linda,,01-08-1964,1600,(323) 447-2259,,,7704 Valley Ln,Apt 677,Richmond,ND,53178,2026-05-15
VC001358,Williams,Matthew,F,04/18/1955,1707,2264541104,+18156574347,,486 Park Blvd,Apt 900,Dayton,MN,95088-3954,2026-05-09
VC001359,Martin,John,M,1979-02-11,8092,365-363-5232,962.990.5225,john.martin87@outlook.com,5965 Jefferson Dr,Apt 749,Marion,ND,40874,2026-05-14
VC001360,King,Susan,,06-Jul-1963,2762,+14565563148,(795) 525-6520,susan.king90@hotmail.com,9597 Maple Dr,,Georgetown,NC,34429,2026-05-26
VC001361,Thompson,Matthew,R,11-20-1949,3706,607.388.8808,9412278604,matthew.thompson37@icloud.com,147 Hill Rd,,Georgetown,MS,37530-5323,2026-05-07
VC001362,Williams,Lisa,L,08/02/1975,7820,(908) 912-4565,,,9002 Jefferson Dr,Apt 768,Manchester,LA,33517,2026-05-19
VC001363,Jackson,Betty,,1959-10-23,7339,3964027124,,,961 Park Blvd,,Richmond,VA,88975,2026-06-04
VC001364,Miller,Barbara,D,05-Jun-1958,1079,355-523-3180,,,3750 Sunset Blvd,Apt 408,Dayton,MN,82726-5964,2026-05-27
VC001365,Torres,Christopher,M,10-14-2002,1553,+16606788649,(892) 251-3382,christopher.torres17@outlook.com,3578 Cedar Ln,Apt 438,Franklin,NE,76352,2026-06-01
VC001366,Smith,Linda,L,09/26/1986,2434,220.358.8428,,linda.smith42@gmail.com,1408 Valley Ln,,Springfield,MN,94024,2026-06-04
VC001367,Hall,Sarah,,1983-08-11,9443,(320) 910-5894,,,493 Sunset Blvd,,Burlington,PA,40785-9879,2026-05-24
VC001368,Harris,Nancy,V,31-Jan-1992,4841,2484246972,,,4622 Hill Rd,Apt 671,Springfield,NM,19333,2026-05-16
VC001369,Miller,Anthony,W,07-26-1963,9192,635-891-3479,,anthony.miller56@hotmail.com,3656 Cedar Ln,,Springfield,ME,88173,2026-05-16
VC001370,Thomas,Susan,Q,12/07/1999,6849,+15634022768,,,7496 Park Blvd,,Arlington,NM,11382-8863,2026-05-06
VC001371,Thompson,Joseph,,1968-01-07,7196,301.500.5188,2626882576,joseph.thompson24@gmail.com,3706 Park Blvd,Apt 845,Arlington,NH,88618,2026-05-12
VC001372,Young,Mary,B,17-Apr-1957,5716,(388) 220-1887,,mary.young60@icloud.com,7200 Forest Ave,,Fairview,AK,82837,2026-05-17
VC001373,Wilson,Jessica,P,07-02-1977,2742,9086842176,,jessica.wilson34@gmail.com,2845 Sunset Blvd,,Georgetown,IA,47733-8478,2026-05-30
VC001374,Smith,Robert,V,09/16/1996,7542,575-708-1000,887.428.2937,robert.smith19@yahoo.com,9413 Main St,,Burlington,AR,18305,2026-05-09
VC001375,Torres,Margaret,,1980-10-28,3351,+13267363947,,,9666 Jefferson Dr,Apt 425,Madison,VA,90441,2026-05-26
VC001376,Adams,Thomas,,28-Aug-1963,1664,637.313.8429,,thomas.adams24@hotmail.com,3844 Park Blvd,,Oxford,AL,85994-2823,2026-05-29
VC001377,Baker,Ashley,,11-23-1994,6486,(981) 596-9255,884-479-4609,ashley.baker8@gmail.com,3311 Oak Ave,Apt 16,Franklin,TX,35340,2026-05-09
VC001378,Baker,Thomas,S,12/27/1975,7884,4226266702,+18927686003,thomas.baker63@gmail.com,6999 Lincoln Ave,,Burlington,NH,60966,2026-05-07
VC001379,Hill,Daniel,E,1988-09-24,8702,282-968-3393,,,919 Park Blvd,Apt 809,Manchester,MT,19356-3814,2026-05-11
VC001380,Hill,David,A,01-Jun-1993,3060,+19843032858,,david.hill23@gmail.com,7751 Jefferson Dr,,Dayton,IN,81510,2026-05-24
VC001381,Nelson,Linda,J,09-20-1981,4755,250.904.3325,7666839196,linda.nelson81@gmail.com,1241 Oak Ave,,Salem,NC,61369,2026-05-06
VC001382,White,Michael,B,04/14/1950,9423,(924) 807-1552,599-940-4806,michael.white1@yahoo.com,9200 Main St,Apt 404,Georgetown,AZ,86862-9305,2026-05-30
VC001383,White,Betty,T,1993-04-04,6098,9718259783,,betty.white16@icloud.com,2722 Hill Rd,Apt 591,Dayton,NH,23604,2026-05-16
VC001384,Johnson,Sandra,,28-Apr-2001,7116,782-749-6486,237.968.5252,,9256 Sunset Blvd,,Greenville,ID,55921,2026-05-10
VC001385,Miller,Daniel,O,08-08-1974,1565,+13416965615,(901) 725-8759,daniel.miller18@yahoo.com,7020 Jefferson Dr,,Manchester,MA,92189-7510,2026-05-30
VC001386,Allen,Daniel,F,03/21/1951,4784,336.355.4006,,daniel.allen8@icloud.com,5650 Lincoln Ave,Apt 266,Marion,ND,58326,2026-05-25
VC001387,Martin,Richard,,1978-07-15,1854,(979) 713-9444,699-293-5986,richard.martin43@aol.com,9053 Lincoln Ave,Apt 479,Burlington,SD,88462,2026-05-10
VC001388,Thomas,Ashley,O,31-Oct-1969,4849,6006389787,+12513781709,ashley.thomas19@outlook.com,9066 Lake Rd,,Madison,MA,97431-1693,2026-05-11
VC001389,Walker,Jennifer,J,05-16-1969,8338,589-779-3397,,jennifer.walker24@outlook.com,3453 Lincoln Ave,,Arlington,WY,28710,2026-05-05
VC001390,Baker,Betty,,11/30/1995,3945,+12863407813,,betty.baker56@yahoo.com,7472 Lincoln Ave,Apt 900,Burlington,RI,65797,2026-05-10
VC001391,Williams,Christopher,U,1978-05-05,9619,254.733.4702,6897542565,christopher.williams53@icloud.com,2029 Hill Rd,,Richmond,KS,80739-1320,2026-05-29
VC001392,Wright,Jennifer,,07-Jul-1952,5045,(521) 778-8347,924-624-5703,jennifer.wright9@yahoo.com,9661 Main St,,Burlington,UT,39919,2026-05-23
VC001393,Johnson,Susan,,07-11-1992,3560,7873196923,,susan.johnson20@yahoo.com,3299 Lake Rd,Apt 593,Fairview,NJ,52951,2026-05-18
VC001394,Baker,Daniel,F,08/06/1989,4760,551-957-4405,,,7855 Lincoln Ave,,Fairview,LA,59536-6181,2026-05-12
VC001395,Nguyen,David,F,1971-05-31,8798,+12235322983,(368) 287-5397,,2507 Park Blvd,Apt 378,Madison,NM,99295,2026-05-21
VC001396,Williams,James,,02-Nov-1980,5971,499.313.4264,,,1999 Cedar Ln,Apt 248,Georgetown,MS,53772,2026-06-03
VC001397,Young,Lisa,P,02-13-1970,8640,(813) 411-3896,,lisa.young17@hotmail.com,7912 Jefferson Dr,,Salem,IN,25621-1974,2026-05-05
VC001398,Jones,Ashley,,10/13/1977,4060,5357782084,,ashley.jones59@outlook.com,6202 Valley Ln,,Marion,NC,82505,2026-05-09
VC001399,Adams,David,Z,1996-08-14,8775,829-540-9488,,,9231 Maple Dr,,Franklin,SC,23264,2026-05-12
VC001400,Davis,Charles,,11-May-1981,5185,+18187717134,(371) 212-7732,,9659 Main St,,Greenville,KS,61565-4573,2026-05-24
VC001401,Baker,Ashley,,12-02-1996,1833,725.321.8621,,,2799 Lincoln Ave,Apt 906,Georgetown,PA,64190,2026-06-02
VC001402,Martin,Robert,R,01/22/1946,4325,(572) 248-1706,,,8761 Valley Ln,,Salem,DE,69910,2026-05-26
VC001403,Davis,Daniel,,1983-05-11,4414,5394713290,+16574252781,daniel.davis99@yahoo.com,3507 Park Blvd,,Franklin,IL,73793-5287,2026-05-08
VC001404,Miller,Barbara,K,02-Mar-1943,6729,745-570-5764,,barbara.miller91@yahoo.com,1591 Maple Dr,,Burlington,ID,70046,2026-05-11
VC001405,Thomas,William,M,12-24-1992,4133,+13687656475,,william.thomas41@icloud.com,3266 Jefferson Dr,,Arlington,IN,61681,2026-05-16
VC001406,Martin,Christopher,A,03/14/1967,3934,935.391.4274,,christopher.martin17@aol.com,3055 Park Blvd,,Salem,CA,68870-5086,2026-05-22
VC001407,Jackson,Joseph,Z,1997-03-03,3042,(595) 882-2070,833-428-7957,joseph.jackson7@outlook.com,2905 Forest Ave,,Fairview,SC,71762,2026-05-07
VC001408,Wright,Margaret,,03-Nov-1966,2996,9389899561,,,9690 River Dr,,Richmond,DE,25809,2026-05-06
VC001409,Smith,Matthew,,05-03-1989,8055,441-562-3886,269.868.8786,,2172 Lincoln Ave,,Marion,FL,57520-3800,2026-05-20
VC001410,Jones,Barbara,Y,08/12/1996,8611,+16966899841,(206) 507-7283,,2979 Washington St,,Dayton,NM,64575,2026-05-31
VC001411,Baker,James,N,1984-09-08,1604,603.695.7848,,james.baker45@icloud.com,2010 Cedar Ln,Apt 702,Clinton,FL,29569,2026-05-10
VC001412,Williams,Betty,,20-Nov-1979,4168,(846) 202-2764,579-943-6177,,2453 Washington St,,Salem,WA,17390-8054,2026-05-16
VC001413,Martin,Susan,,08-08-1984,1899,6872339079,,,5462 Forest Ave,,Richmond,RI,28668,2026-05-07
VC001414,Thomas,Mary,,10/11/1979,2021,930-356-3898,,,2157 Oak Ave,Apt 54,Clinton,DE,17346,2026-05-23
VC001415,Smith,Michael,X,1942-04-06,6182,+15303524908,,michael.smith21@yahoo.com,4962 Hill Rd,,Franklin,KS,53639-4132,2026-05-20
VC001416,Brown,Jessica,,29-Mar-1962,6035,541.691.3505,,jessica.brown56@aol.com,4758 Jefferson Dr,,Richmond,AL,50582,2026-06-03
VC001417,Scott,David,D,03-21-1996,8818,(763) 202-6973,586-954-9533,david.scott26@icloud.com,3208 Washington St,,Clinton,MI,91079,2026-05-16
VC001418,Wilson,Karen,,03/10/1996,2959,9106453717,,,1863 Valley Ln,,Marion,MN,99974-7963,2026-05-05
VC001419,Allen,Nancy,,1955-05-07,9649,289-602-5501,401.767.2819,,9889 Sunset Blvd,,Burlington,NY,63668,2026-05-05
VC001420,Miller,Joseph,,09-Jan-1994,1487,+14526306923,(408) 620-7115,,625 Park Blvd,,Richmond,MI,16613,2026-05-26
VC001421,Adams,Michael,X,03-01-1961,8665,438.967.2790,9796507699,michael.adams64@outlook.com,8971 Jefferson Dr,Apt 860,Marion,MI,91428-9973,2026-05-07
VC001422,Wilson,Karen,P,02/22/1969,6095,(930) 373-7850,,karen.wilson36@gmail.com,1718 River Dr,Apt 597,Burlington,WV,58028,2026-05-25
VC001423,Baker,Robert,,1973-01-07,3842,9283027283,+19026744773,robert.baker66@icloud.com,2337 River Dr,Apt 882,Burlington,SC,79487,2026-05-07
VC001424,Martin,Linda,G,11-Aug-1987,4534,447-202-7981,,,3150 Valley Ln,Apt 894,Springfield,ND,58756-2433,2026-05-20
VC001425,Taylor,William,V,02-02-1944,3637,+15969554525,(837) 268-8200,,9314 Maple Dr,,Marion,WI,46415,2026-05-14
VC001426,Miller,Daniel,J,12/25/1999,1351,220.280.2777,9474372653,daniel.miller31@yahoo.com,1836 Lincoln Ave,,Richmond,NC,44451,2026-05-12
VC001427,Hall,Robert,,1966-01-10,2104,(738) 858-9946,743-873-3064,robert.hall27@outlook.com,7915 Main St,,Georgetown,TX,81651-6123,2026-06-04
VC001428,King,Betty,C,28-Mar-1972,5104,9567593571,+14743042103,betty.king48@outlook.com,1443 Oak Ave,,Clinton,MD,19410,2026-06-03
VC001429,Young,Daniel,,10-17-1994,6009,631-809-7739,484.915.1826,,1558 Forest Ave,Apt 720,Arlington,WV,46125,2026-05-13
VC001430,Jackson,Sandra,,01/25/1981,6937,+15633009615,(569) 795-1689,sandra.jackson41@gmail.com,3886 Park Blvd,Apt 354,Madison,AK,33888-2309,2026-05-26
VC001431,Adams,William,V,1973-05-19,1910,259.890.7568,7405627123,william.adams10@hotmail.com,2919 Oak Ave,,Franklin,HI,66669,2026-06-01
VC001432,Nguyen,John,T,19-Sep-1950,8352,(911) 907-2710,,john.nguyen12@hotmail.com,1030 Oak Ave,Apt 158,Springfield,VA,95668,2026-05-11
VC001433,Scott,Mark,W,06-02-1949,1596,8254132321,+16432039179,,6991 Oak Ave,,Salem,OH,65943-7393,2026-05-31
VC001434,Garcia,Betty,,02/26/1989,1674,253-524-7981,,betty.garcia13@icloud.com,2194 Lake Rd,Apt 784,Springfield,NV,59287,2026-05-15
VC001435,Taylor,Jessica,I,1985-06-08,3567,+19665895987,,,771 Washington St,Apt 814,Greenville,HI,17929,2026-05-28
VC001436,Martin,Joseph,H,14-May-1950,3231,725.464.8404,,joseph.martin36@hotmail.com,4832 Oak Ave,Apt 389,Fairview,LA,10559-4713,2026-05-05
VC001437,Thompson,Mark,,10-09-1952,7968,(871) 338-3561,627-835-8221,mark.thompson22@aol.com,3831 Oak Ave,,Franklin,AZ,86522,2026-05-29
VC001438,Anderson,Matthew,I,07/03/1986,4779,2649014826,+13247367657,matthew.anderson14@hotmail.com,5050 Cedar Ln,,Springfield,NH,62058,2026-05-09
VC001439,King,William,Q,1993-03-08,7371,989-227-6744,728.831.2802,william.king96@aol.com,3518 River Dr,,Greenville,NV,36608-5301,2026-05-28
VC001440,Scott,Susan,T,04-Aug-1988,5594,+16399652041,,susan.scott47@hotmail.com,2089 Jefferson Dr,Apt 57,Dayton,AR,38885,2026-05-18
VC001441,Wright,Susan,,09-19-1947,5434,341.558.5641,3462188577,,8225 Sunset Blvd,,Manchester,OK,30321,2026-05-15
VC001442,Nguyen,Christopher,,06/06/1946,8765,(423) 466-6645,291-644-7823,christopher.nguyen54@yahoo.com,7290 Main St,Apt 388,Marion,TX,19222-2792,2026-05-26
VC001443,Thompson,Jennifer,,2002-07-27,7526,4458832209,,jennifer.thompson28@aol.com,3515 Park Blvd,,Manchester,AL,42173,2026-05-16
VC001444,Torres,Mark,B,22-Apr-1990,9498,962-743-3174,570.682.9022,,7056 River Dr,,Fairview,UT,13426,2026-05-26
VC001445,Wright,Sandra,T,05-20-1981,2448,+12679431417,,sandra.wright84@yahoo.com,1371 Lake Rd,Apt 659,Burlington,KY,61132-3115,2026-05-06
VC001446,Wilson,Betty,H,08/24/1948,3604,215.867.3785,,betty.wilson74@hotmail.com,9647 Jefferson Dr,,Burlington,HI,88731,2026-05-25
VC001447,Wilson,Sandra,,2003-09-17,5670,(549) 223-5983,201-971-1296,sandra.wilson42@icloud.com,7234 Hill Rd,,Dayton,UT,59785,2026-05-23
VC001448,Johnson,Barbara,,04-Dec-1981,8916,7884596726,,barbara.johnson10@yahoo.com,1878 Main St,,Georgetown,MI,23017-1856,2026-06-01
VC001449,Baker,Barbara,Z,02-28-1996,7999,426-623-5923,294.389.1639,barbara.baker85@aol.com,4509 Main St,,Marion,PA,32955,2026-05-27
VC001450,Nguyen,John,,12/05/1992,1615,+12166118387,,,985 Hill Rd,Apt 921,Arlington,UT,13959,2026-05-05
VC001451,Garcia,Joseph,,1986-10-30,7863,968.552.7284,3515098858,joseph.garcia36@hotmail.com,2442 Sunset Blvd,,Salem,OH,45291-5746,2026-05-16
VC001452,Harris,Richard,F,03-Jul-1967,6990,(268) 444-7261,908-824-4520,richard.harris94@outlook.com,2089 Oak Ave,Apt 229,Georgetown,SC,32413,2026-05-10
VC001453,Anderson,David,X,04-26-2004,7654,7217234200,,david.anderson29@aol.com,6522 Maple Dr,Apt 376,Georgetown,OK,56445,2026-06-01
VC001454,Harris,Betty,,02/02/1974,7651,432-322-4074,,betty.harris89@outlook.com,3795 Forest Ave,Apt 473,Madison,SC,52935-7874,2026-05-10
VC001455,Scott,Matthew,,1999-03-15,3694,+15576297835,(764) 435-1692,matthew.scott7@hotmail.com,1590 Maple Dr,,Salem,CO,49166,2026-05-05
VC001456,Thompson,Sarah,,08-Feb-1958,8323,764.652.6512,,sarah.thompson9@aol.com,5661 Cedar Ln,Apt 60,Richmond,NM,35711,2026-05-29
VC001457,Nguyen,Patricia,J,02-03-1988,1269,(248) 444-7878,710-561-5822,patricia.nguyen39@gmail.com,7490 Oak Ave,Apt 300,Franklin,NY,88215-6170,2026-05-18
VC001458,Garcia,Jessica,C,06/22/2001,9582,5215955786,+18988015223,jessica.garcia53@aol.com,3446 Park Blvd,Apt 458,Salem,MO,16624,2026-05-23
VC001459,Thomas,James,I,1990-03-01,2585,226-910-9771,364.936.7281,,5341 River Dr,Apt 574,Oxford,AL,27271,2026-05-20
VC001460,Thomas,Karen,,31-Dec-1952,3702,+13406647111,,,6672 Maple Dr,Apt 196,Burlington,LA,51314-7157,2026-05-10
VC001461,Anderson,Lisa,C,08-20-1983,3585,418.506.9108,,,4896 Oak Ave,,Franklin,NV,98081,2026-05-21
VC001462,Scott,Joseph,,05/09/1969,8831,(455) 255-3855,,joseph.scott75@outlook.com,9555 Park Blvd,,Springfield,NV,84289,2026-05-08
VC001463,Williams,William,H,1972-12-04,1064,6468374703,+17788541399,william.williams73@aol.com,5155 Main St,,Greenville,OH,98771-7396,2026-05-12
VC001464,Harris,Ashley,,26-Oct-1941,1658,772-755-7123,,,6023 Washington St,,Greenville,PA,76996,2026-05-13
VC001465,Williams,Daniel,,02-14-1954,6855,+12236387711,,,8481 Sunset Blvd,Apt 88,Salem,ME,95920,2026-05-30
VC001466,Smith,Robert,D,01/13/1942,4836,945.235.6662,4992448119,robert.smith21@icloud.com,7811 Hill Rd,,Richmond,TX,89343-8122,2026-05-23
VC001467,Thomas,Robert,O,1967-12-25,6620,(502) 625-2406,300-581-3201,robert.thomas62@gmail.com,1902 Jefferson Dr,,Burlington,GA,55656,2026-05-15
VC001468,White,Jessica,,03-Mar-1956,3835,3268325188,,,7926 Oak Ave,,Clinton,MI,52765,2026-05-27
VC001469,Young,Lisa,,07-05-1953,6258,846-634-9188,387.308.8545,lisa.young9@icloud.com,2921 River Dr,Apt 241,Arlington,IL,97273-6989,2026-05-09
VC001470,Hill,Margaret,,10/08/1969,2085,+16172257815,,margaret.hill58@outlook.com,3085 Valley Ln,,Arlington,TN,99991,2026-05-27
VC001471,Johnson,Thomas,L,1964-04-13,3982,314.381.6325,7547623938,thomas.johnson15@gmail.com,7038 Lincoln Ave,,Springfield,TN,29797,2026-05-15
VC001472,Hall,Jessica,V,19-Feb-1948,2542,(912) 680-5543,,jessica.hall1@yahoo.com,1017 Main St,,Clinton,MD,42882-1102,2026-05-11
VC001473,Thomas,Mary,B,04-21-1999,6526,4205559003,+17152034801,mary.thomas72@outlook.com,4601 Main St,,Richmond,OK,76005,2026-05-23
VC001474,Wright,Christopher,,04/20/1974,6453,225-895-3986,504.808.6964,,9751 Oak Ave,Apt 698,Arlington,SC,57456,2026-05-13
VC001475,White,Sandra,,1951-07-29,2928,+12176224497,,sandra.white92@yahoo.com,1360 Lake Rd,,Fairview,SD,85748-7875,2026-05-07
VC001476,Johnson,Nancy,,18-Dec-1975,9522,855.277.6414,5498237555,nancy.johnson15@gmail.com,2321 Lake Rd,Apt 799,Madison,SC,27622,2026-05-20
VC001477,Taylor,Nancy,G,03-17-1962,8146,(997) 393-2789,,,2931 Lincoln Ave,,Clinton,ME,73045,2026-06-04
VC001478,King,Christopher,,08/29/1960,3202,9684132481,+12565772395,christopher.king47@outlook.com,3496 Lake Rd,,Franklin,RI,18644-1994,2026-06-01
VC001479,Scott,Ashley,,1945-11-28,6110,616-899-3655,,ashley.scott6@yahoo.com,8444 River Dr,Apt 359,Salem,NE,13081,2026-05-29
VC001480,Adams,Mark,,15-Oct-1963,3462,+16875988630,,mark.adams97@yahoo.com,6880 Hill Rd,,Salem,ME,13279,2026-06-03
VC001481,Wright,Anthony,A,01-10-1981,3167,671.200.8887,,anthony.wright98@outlook.com,4825 Washington St,,Richmond,ND,21769-8395,2026-05-11
VC001482,Wright,Robert,N,11/15/1940,2481,(528) 302-4050,783-249-5591,robert.wright22@icloud.com,7352 Park Blvd,,Greenville,SD,80733,2026-05-28
VC001483,White,James,O,1984-07-25,9034,3186094862,,james.white20@outlook.com,5727 Valley Ln,,Fairview,FL,34146,2026-05-30
VC001484,White,Jennifer,T,31-Aug-1982,5209,256-681-4405,746.232.5044,,3974 Oak Ave,,Dayton,KY,13640-3080,2026-06-01
VC001485,King,Robert,D,04-23-1996,8111,+13977332890,(216) 469-7645,robert.king37@hotmail.com,2712 Lincoln Ave,,Oxford,WV,26359,2026-05-19
VC001486,Taylor,Matthew,Y,08/03/1960,9052,913.624.2113,,matthew.taylor86@icloud.com,658 Cedar Ln,Apt 831,Oxford,AZ,37372,2026-05-09
VC001487,Walker,Matthew,,1988-08-24,8837,(231) 496-3649,,matthew.walker67@aol.com,6791 Valley Ln,,Burlington,OK,15948-6320,2026-06-03
VC001488,Martin,Matthew,B,01-Jun-1981,6314,4338013794,+19889348036,,700 Washington St,Apt 434,Georgetown,NE,70941,2026-05-30
VC001489,Martin,Charles,,11-03-1983,6794,778-399-8645,,charles.martin70@hotmail.com,6309 Lincoln Ave,Apt 911,Arlington,PA,63294,2026-05-31
VC001490,Martin,James,,07/28/1943,4570,+17715844904,,james.martin81@icloud.com,2881 Main St,Apt 531,Franklin,RI,70863-9693,2026-05-17
VC001491,Jones,Michael,S,1999-09-24,1902,753.219.1346,8562043724,,9937 Cedar Ln,Apt 463,Salem,IA,76567,2026-05-19
VC001492,Wilson,Charles,E,17-Nov-1973,9332,(691) 518-7431,379-792-6806,charles.wilson87@gmail.com,6841 Park Blvd,,Marion,WI,15154,2026-05-25
VC001493,Garcia,Margaret,F,12-06-1978,4303,4689097185,+14663119606,margaret.garcia60@yahoo.com,557 Lincoln Ave,Apt 362,Marion,NJ,38512-9749,2026-05-24
VC001494,Wright,Nancy,J,07/21/1945,2906,505-507-7520,472.759.7159,nancy.wright26@aol.com,9792 Washington St,,Franklin,MD,97622,2026-05-22
VC001495,Wilson,Robert,,1981-02-01,9613,+12285179132,,,1940 River Dr,,Arlington,TX,14038,2026-06-03
VC001496,Jones,Joseph,G,23-Sep-1954,5105,632.874.6157,,joseph.jones96@icloud.com,9283 Jefferson Dr,Apt 834,Burlington,ID,10975-5401,2026-05-25
VC001497,Taylor,David,,11-16-1999,2156,(532) 295-1914,780-791-3205,david.taylor18@hotmail.com,8333 Jefferson Dr,Apt 247,Greenville,MO,19973,2026-05-28
VC001498,Johnson,Linda,N,11/15/1985,2599,3505819629,+18535757921,linda.johnson50@icloud.com,3230 Washington St,,Dayton,MT,50549,2026-05-07
VC001499,Nelson,David,,1981-09-06,1634,584-271-1875,480.507.3143,david.nelson14@aol.com,4424 Park Blvd,,Marion,IN,90402-6040,2026-05-27
VC001500,Adams,William,Q,21-Jan-1954,6757,+14996073870,,william.adams50@yahoo.com,7392 Lincoln Ave,,Salem,CO,43393,2026-05-14
VC001501,Taylor,Thomas,,06-29-1963,7139,901.933.6256,,,632 Forest Ave,,Franklin,GA,22987,2026-05-08
VC001502,Nelson,Richard,Z,11/30/1969,5961,(431) 203-7298,,,7899 Oak Ave,,Oxford,OH,57044-2065,2026-05-12
VC001503,Harris,Linda,,1954-08-15,3691,8137342941,,,817 Washington St,,Clinton,KS,50286,2026-06-02
VC001504,Allen,Sarah,,01-Jul-1982,7861,409-747-2387,267.648.7276,sarah.allen44@icloud.com,1774 Cedar Ln,Apt 465,Oxford,HI,14378,2026-05-27
VC001505,Martin,William,V,12-25-1942,8302,+18469628271,,,7673 Jefferson Dr,Apt 929,Greenville,GA,24943-5932,2026-05-26
VC001506,Hill,Sarah,,03/15/1983,1751,272.427.4512,4489208759,,4388 Washington St,,Arlington,CT,23537,2026-05-18
VC001507,Jackson,Michael,H,1940-09-22,5183,(404) 853-4216,710-732-1661,michael.jackson70@aol.com,9698 Washington St,,Clinton,TX,40576,2026-05-19
VC001508,Miller,Michael,,08-Apr-1985,8677,4774127943,+14793837506,michael.miller87@gmail.com,3608 Lake Rd,,Dayton,ME,71699-2161,2026-05-22
VC001509,Walker,Daniel,,08-12-1991,9617,697-268-7940,,daniel.walker16@outlook.com,5252 River Dr,,Salem,AR,98540,2026-05-23
VC001510,Harris,Richard,K,03/01/1947,1454,+12562198504,,,9024 Oak Ave,,Clinton,UT,25362,2026-06-03
VC001511,Torres,Charles,A,1963-05-14,2006,496.371.1578,7688174227,,9792 Washington St,,Madison,WA,83886-9868,2026-05-27
VC001512,Hill,Betty,M,12-Mar-1960,6118,(303) 435-6760,,betty.hill64@icloud.com,6011 Lake Rd,Apt 938,Franklin,MS,45194,2026-05-18
VC001513,Smith,Karen,D,01-24-1958,4322,8735996149,,,199 Park Blvd,,Madison,KS,87772,2026-05-07
VC001514,Martin,Barbara,,02/25/1993,2415,590-436-7879,609.545.6260,barbara.martin35@aol.com,9165 Park Blvd,,Franklin,MN,18684-8303,2026-05-12
VC001515,Allen,Joseph,F,1987-05-08,7934,+12812195193,,,3534 Jefferson Dr,,Greenville,OK,89807,2026-05-31
VC001516,Torres,Barbara,G,14-Feb-1966,1392,660.352.7318,,barbara.torres67@icloud.com,1528 Hill Rd,,Clinton,FL,12657,2026-05-09
VC001517,Jackson,Michael,,04-24-1946,3128,(262) 207-9421,,,3208 Park Blvd,,Salem,NV,99228-5249,2026-05-23
VC001518,Martin,Betty,,12/17/2001,9607,9504267328,,betty.martin60@outlook.com,106 Oak Ave,Apt 855,Marion,NM,27877,2026-05-20
VC001519,Jones,Karen,,1990-04-29,4674,632-966-6114,229.531.7224,karen.jones53@aol.com,3925 Hill Rd,Apt 326,Richmond,GA,66707,2026-05-07
VC001520,Nguyen,Michael,U,06-Oct-1948,8223,+13464394010,,michael.nguyen94@outlook.com,1416 River Dr,,Marion,HI,47774-6513,2026-05-21
VC001521,Smith,Nancy,,12-18-1992,3292,848.811.7335,,nancy.smith41@aol.com,7153 Oak Ave,Apt 460,Arlington,UT,67851,2026-05-14
VC001522,Martin,Sarah,K,10/24/1985,3207,(594) 666-8516,,sarah.martin30@icloud.com,8317 Oak Ave,,Springfield,NY,10399,2026-05-26
VC001523,Harris,David,J,1983-07-14,4245,5264204326,+19205842862,david.harris68@outlook.com,5095 Cedar Ln,Apt 525,Marion,TX,47209-4739,2026-06-02
VC001524,King,Sarah,R,13-Oct-1993,4571,367-527-3644,,sarah.king67@hotmail.com,4404 Jefferson Dr,,Clinton,NJ,25642,2026-05-27
VC001525,Davis,Anthony,F,04-23-1961,1512,+12784107918,,anthony.davis4@aol.com,296 Cedar Ln,Apt 346,Manchester,LA,34754,2026-06-03
VC001526,Davis,Sandra,N,11/07/1942,6608,558.557.8551,,,9063 Lincoln Ave,Apt 272,Greenville,RI,41029-3243,2026-05-21
VC001527,Taylor,Thomas,,1946-09-07,5276,(708) 282-5262,,,6259 Sunset Blvd,,Greenville,HI,13657,2026-05-30
VC001528,Taylor,Charles,,25-Jul-2002,9883,3517684663,,charles.taylor33@gmail.com,3588 Cedar Ln,,Salem,GA,22923,2026-05-14
VC001529,Jones,Sandra,,07-29-2002,4912,540-765-9903,490.684.6265,sandra.jones62@hotmail.com,6181 Forest Ave,,Arlington,MA,34727-7525,2026-05-07
VC001530,Hall,Barbara,,02/25/1985,5360,+16356834074,,,2347 Lake Rd,Apt 528,Manchester,ND,61479,2026-05-30
VC001531,Davis,Nancy,,1942-12-17,4529,818.414.8779,4176392241,nancy.davis52@outlook.com,82 River Dr,,Fairview,FL,56524,2026-05-14
VC001532,Williams,Anthony,,23-Sep-1957,4332,(649) 828-3753,,anthony.williams29@aol.com,9820 Washington St,,Madison,ME,78427-4077,2026-05-12
VC001533,Nguyen,Sarah,R,05-12-1942,8887,4837128366,,sarah.nguyen57@outlook.com,8949 Park Blvd,,Greenville,CO,42494,2026-05-22
VC001534,Wilson,Linda,,06/30/1981,9028,654-613-1427,496.938.5312,,9767 Hill Rd,,Franklin,GA,91502,2026-05-07
VC001535,Harris,James,,1961-08-04,2245,+17066981472,,james.harris59@outlook.com,9824 Main St,,Fairview,KS,84777-7030,2026-05-26
VC001536,Jones,Lisa,V,25-Dec-1943,1386,272.686.6652,,,1234 Park Blvd,,Georgetown,AL,89587,2026-05-13
VC001537,Jones,Daniel,,07-09-1980,6987,(923) 307-1527,,daniel.jones23@outlook.com,7764 Lincoln Ave,,Fairview,FL,54576,2026-05-06
VC001538,Hill,James,I,06/15/1964,5358,2166095460,+18936261373,james.hill41@hotmail.com,3733 Lincoln Ave,,Arlington,PA,94307-3676,2026-05-24
VC001539,Young,Lisa,E,2003-12-10,9183,408-829-8148,,lisa.young73@aol.com,2108 Jefferson Dr,,Franklin,NV,54647,2026-05-24
VC001540,Hill,Karen,E,08-Jul-1997,1162,+15997945303,,karen.hill31@outlook.com,8480 Cedar Ln,Apt 427,Georgetown,PA,77235,2026-05-31
VC001541,Johnson,David,N,05-30-1942,8388,332.732.2714,3987799190,david.johnson38@yahoo.com,3219 Main St,,Richmond,OK,77283-6278,2026-05-10
VC001542,Hill,Susan,,11/17/1976,4641,(957) 401-2258,854-516-5600,,6337 Hill Rd,Apt 887,Franklin,WA,93515,2026-05-08
VC001543,King,Ashley,,1973-04-08,4309,4032812957,,ashley.king50@outlook.com,3110 River Dr,,Manchester,ME,88560,2026-05-25
VC001544,Martin,Jessica,O,18-Jun-1943,6475,715-904-2115,467.505.6853,,3716 Washington St,,Burlington,SC,45282-7534,2026-05-18
VC001545,Young,Karen,O,05-15-1945,7463,+18445448690,,karen.young54@outlook.com,8566 Lincoln Ave,Apt 55,Fairview,LA,92804,2026-05-09
VC001546,Harris,Karen,,06/11/1959,1962,927.511.4405,,karen.harris69@hotmail.com,1406 Lincoln Ave,Apt 43,Richmond,ME,42453,2026-05-31
VC001547,Nelson,Jessica,,1995-05-14,8843,(392) 528-5916,,jessica.nelson85@icloud.com,5918 Park Blvd,,Richmond,MD,15608-5381,2026-06-01
VC001548,Thompson,Jennifer,H,25-Mar-1947,3691,3415459167,,,6767 Lincoln Ave,,Burlington,ND,43348,2026-05-13
VC001549,Smith,Daniel,Z,06-30-1940,7239,586-226-5175,,daniel.smith65@outlook.com,7710 Park Blvd,,Greenville,IN,97269,2026-05-19
VC001550,Adams,Robert,A,11/27/1941,6928,+12779785233,(403) 916-7196,,3996 Valley Ln,,Burlington,AL,70116-8679,2026-05-30
VC001551,Torres,James,,1971-11-24,3517,680.365.2693,,james.torres18@icloud.com,4089 Jefferson Dr,Apt 200,Arlington,AL,45658,2026-05-30
VC001552,Walker,Christopher,,16-May-1988,7324,(551) 336-2463,,,8099 Forest Ave,Apt 815,Georgetown,TN,14431,2026-05-21
VC001553,Johnson,Lisa,D,03-02-1962,6905,4744272417,,lisa.johnson6@hotmail.com,9997 Forest Ave,,Madison,AR,61527-2873,2026-06-02
VC001554,Martin,Anthony,V,11/10/1965,3666,765-354-6512,,anthony.martin19@icloud.com,6023 Valley Ln,Apt 594,Oxford,MD,83061,2026-05-28
VC001555,Wilson,Robert,,1955-08-11,9942,+18933722569,(336) 713-5853,robert.wilson78@aol.com,8107 Forest Ave,,Richmond,SC,23416,2026-05-15
VC001556,Torres,Betty,P,22-Aug-1985,1701,550.824.3080,6074268887,betty.torres47@gmail.com,7942 Sunset Blvd,,Burlington,SD,23740-2658,2026-05-13
VC001557,Martin,Mary,I,03-02-1959,4776,(331) 336-9748,,,8821 Cedar Ln,,Madison,WY,21190,2026-05-07
VC001558,Miller,Linda,F,03/01/1960,9938,5434495945,,linda.miller81@aol.com,9608 Oak Ave,,Springfield,ID,60935,2026-05-27
VC001559,White,Susan,K,1974-01-09,1897,686-408-4231,,susan.white32@yahoo.com,2527 Jefferson Dr,Apt 928,Oxford,SC,88337-7934,2026-05-15
VC001560,Walker,Joseph,,13-Sep-1997,7315,+16137279628,,joseph.walker91@outlook.com,5518 Washington St,Apt 382,Madison,IL,44223,2026-05-26
VC001561,Martin,Anthony,J,07-07-2001,7018,906.579.4559,,anthony.martin36@gmail.com,7265 Forest Ave,Apt 488,Fairview,MS,23022,2026-06-02
VC001562,Torres,Richard,,10/08/1943,2256,(257) 392-1972,236-631-7592,richard.torres8@hotmail.com,5446 Jefferson Dr,Apt 737,Franklin,AR,17559-4536,2026-06-04
VC001563,Harris,Margaret,,1948-05-06,5980,4563572254,+14926747033,margaret.harris72@outlook.com,3551 River Dr,,Springfield,DE,72936,2026-05-26
VC001564,Miller,Robert,R,16-Nov-1946,5539,953-658-3740,356.888.4203,robert.miller36@yahoo.com,818 Lake Rd,,Springfield,UT,91734,2026-05-13
VC001565,Allen,Nancy,,03-17-1945,4723,+18923522929,(264) 624-5899,,7571 River Dr,,Richmond,PA,66228-8447,2026-05-24
VC001566,Torres,Anthony,Q,03/18/1998,3454,363.230.8806,,anthony.torres76@icloud.com,9987 Jefferson Dr,Apt 406,Springfield,TN,44188,2026-05-26
VC001567,Thompson,Michael,T,1956-10-27,7824,(906) 511-3568,,michael.thompson74@yahoo.com,8444 Oak Ave,,Franklin,FL,95791,2026-05-19
VC001568,Adams,Jessica,S,08-May-1996,3356,7317805632,+16612981672,jessica.adams56@yahoo.com,9169 Jefferson Dr,Apt 348,Madison,AR,95623-2366,2026-05-22
VC001569,Baker,Linda,,09-06-1941,5863,244-360-1768,539.483.8795,linda.baker87@icloud.com,3710 Park Blvd,,Arlington,OH,94839,2026-05-18
VC001570,Hall,Robert,,04/22/1945,2695,+12322176442,,robert.hall22@hotmail.com,5986 Maple Dr,Apt 22,Salem,NV,70627,2026-05-11
VC001571,Adams,Richard,D,1996-06-05,8993,942.395.8696,,richard.adams26@outlook.com,8999 Washington St,,Manchester,FL,56826-2503,2026-05-26
VC001572,Miller,Sarah,K,26-Jul-1950,5050,(873) 367-4119,,,4353 Main St,,Manchester,NV,29295,2026-05-15
VC001573,Garcia,William,E,10-18-1957,7732,7299513879,+15346492620,william.garcia4@aol.com,3896 Maple Dr,Apt 302,Manchester,KY,92888,2026-05-24
VC001574,Wright,Sandra,C,10/22/1980,9165,527-372-1579,855.896.1515,,4173 Washington St,,Burlington,CT,86260-4768,2026-05-11
VC001575,Hill,Barbara,,1972-08-05,7032,+16803178173,(825) 309-9226,barbara.hill91@icloud.com,4841 Lake Rd,,Fairview,CA,48875,2026-05-17
VC001576,Harris,William,F,23-May-1962,7523,706.416.1776,6586187953,,3488 River Dr,Apt 357,Salem,SC,47437,2026-05-09
VC001577,Nelson,James,P,10-11-1962,6889,(749) 914-5041,486-651-1683,,9273 Park Blvd,Apt 54,Manchester,AR,46239-4369,2026-05-13
VC001578,Nguyen,Karen,,10/24/1957,7086,9094466991,+17224595262,karen.nguyen21@icloud.com,7148 Lincoln Ave,,Georgetown,MI,77610,2026-05-09
VC001579,Jones,Susan,,2003-02-23,1839,279-232-8257,799.322.1132,susan.jones13@gmail.com,4469 Lake Rd,Apt 188,Greenville,AR,55615,2026-05-28
VC001580,Miller,Jennifer,Y,13-Nov-1957,8550,+12123245078,(868) 767-7219,jennifer.miller33@outlook.com,6305 Lincoln Ave,Apt 220,Salem,KS,14392-3022,2026-05-28
VC001581,Jackson,Daniel,D,10-04-1964,5224,406.911.7179,,daniel.jackson78@gmail.com,2922 Oak Ave,,Georgetown,IA,87656,2026-06-04
VC001582,King,Linda,T,11/17/1989,9974,(758) 502-4702,276-893-4234,linda.king4@outlook.com,3607 Park Blvd,,Richmond,WY,50894,2026-06-03
VC001583,Thomas,Susan,,1941-06-18,6148,9197317057,+12828902315,susan.thomas57@aol.com,3854 Jefferson Dr,Apt 42,Madison,NM,75522-5820,2026-05-24
VC001584,Nguyen,Jessica,M,15-Feb-1999,9464,425-332-6643,635.211.3644,,4823 Oak Ave,Apt 306,Richmond,IL,83746,2026-05-21
VC001585,Thompson,John,,05-01-1994,3816,+15996079279,(944) 244-5380,john.thompson94@yahoo.com,814 River Dr,Apt 119,Fairview,WV,89474,2026-05-23
VC001586,Wilson,Thomas,,09/15/1964,9582,624.222.8069,4556643168,thomas.wilson87@aol.com,1117 Sunset Blvd,,Georgetown,TN,12275-4945,2026-05-20
VC001587,Adams,Barbara,H,1944-01-01,9939,(966) 707-6953,,,6764 Jefferson Dr,,Richmond,AK,32235,2026-05-23
VC001588,Garcia,Mary,E,03-Jun-1944,8785,8238977581,+18532818008,mary.garcia19@aol.com,636 River Dr,,Arlington,MI,41139,2026-05-22
VC001589,Baker,James,,08-17-1983,4635,225-254-8471,543.773.5442,james.baker52@gmail.com,7677 Main St,Apt 694,Manchester,CA,68263-6393,2026-05-07
VC001590,Scott,Joseph,S,06/22/1979,9541,+19379383402,(306) 633-9166,joseph.scott9@hotmail.com,1559 Jefferson Dr,Apt 385,Madison,MI,47595,2026-05-18
VC001591,Thompson,Karen,,1984-05-27,1843,874.807.8137,3563893382,karen.thompson58@outlook.com,8197 Main St,,Salem,NE,82939,2026-05-14
VC001592,Brown,Anthony,T,18-Feb-1945,5462,(451) 331-1766,646-706-8585,anthony.brown53@icloud.com,8444 Lake Rd,,Manchester,AK,53607-9555,2026-05-08
VC001593,Anderson,John,N,08-20-1979,3894,8276553369,+15019163707,,3207 Valley Ln,,Manchester,AK,39946,2026-06-04
VC001594,Hill,Susan,,09/26/2003,4026,701-417-9457,605.615.5519,susan.hill94@hotmail.com,8956 Jefferson Dr,Apt 359,Dayton,WI,54103,2026-05-11
VC001595,Davis,Charles,T,1981-06-25,2165,+15228359318,(293) 951-7862,charles.davis24@hotmail.com,848 Sunset Blvd,Apt 69,Franklin,AK,28191-8326,2026-05-05
VC001596,Wright,Thomas,O,02-May-1962,2920,690.475.6932,7889259196,thomas.wright19@outlook.com,5977 Lincoln Ave,,Dayton,IL,60906,2026-05-21
VC001597,Wright,Linda,,09-19-1955,9458,(457) 905-1002,905-661-2985,linda.wright74@gmail.com,1070 River Dr,,Oxford,IL,39878,2026-05-20
VC001598,Torres,Sarah,,11/25/1992,2375,4442312133,,sarah.torres89@aol.com,938 Sunset Blvd,,Georgetown,WA,57590-7287,2026-05-22
VC001599,White,Thomas,R,1997-04-22,3948,734-567-7330,,,2876 River Dr,,Greenville,IA,90763,2026-05-06
VC001600,Allen,Michael,I,13-Aug-1946,4775,+14016214384,,michael.allen28@outlook.com,1561 Lake Rd,,Manchester,ME,42847,2026-05-12
VC001601,Adams,Sandra,,03-30-1963,1654,915.690.4484,,sandra.adams91@aol.com,2184 Cedar Ln,Apt 240,Oxford,MT,47892-5585,2026-05-09
VC001602,Wilson,Robert,,04/01/1983,9438,(583) 337-1779,,robert.wilson75@aol.com,662 Lincoln Ave,,Fairview,NC,18288,2026-05-18
VC001603,Jackson,Christopher,,1945-12-01,8880,8744239316,+14274525652,christopher.jackson78@yahoo.com,673 Park Blvd,Apt 940,Franklin,VA,90343,2026-05-20
VC001604,Williams,Mark,,30-Sep-1993,7266,743-844-6754,926.873.8526,,5526 River Dr,Apt 736,Dayton,AK,86534-4241,2026-06-03
VC001605,Torres,Ashley,,03-10-1994,1863,+15542302320,,ashley.torres30@hotmail.com,2059 Main St,,Oxford,IL,25785,2026-05-19
VC001606,Taylor,Susan,,07/01/1958,5102,286.940.1181,,,4726 Jefferson Dr,,Oxford,TN,17812,2026-05-18
VC001607,Davis,James,K,1996-04-04,9104,(253) 638-8023,362-475-4096,,2557 Washington St,,Burlington,NJ,44101-2880,2026-05-23
VC001608,Thompson,Anthony,Q,17-Jun-1966,2511,4632443393,,anthony.thompson36@yahoo.com,3004 Maple Dr,,Arlington,CA,82213,2026-06-01
VC001609,Thomas,James,,04-17-1988,3160,402-994-6115,308.320.7039,james.thomas35@aol.com,5736 Sunset Blvd,,Burlington,NJ,65717,2026-05-25
VC001610,King,James,Z,07/15/1945,5556,+19125566484,(768) 312-5453,james.king13@icloud.com,6028 Cedar Ln,,Salem,VA,39741-2633,2026-05-11
VC001611,King,Joseph,A,1984-08-17,7713,953.395.6768,2966929389,joseph.king49@aol.com,7734 Oak Ave,,Dayton,MI,15791,2026-05-18
VC001612,Hill,Lisa,I,26-May-1965,5785,(517) 372-2729,217-868-8171,lisa.hill11@icloud.com,8889 Forest Ave,Apt 709,Marion,NY,84710,2026-05-23
VC001613,Scott,Jessica,,06-26-1995,4245,9957354879,+17535449247,jessica.scott51@outlook.com,7590 Jefferson Dr,Apt 523,Richmond,AZ,39748-1652,2026-05-18
VC001614,Hill,Joseph,U,01/01/1994,8651,912-571-3752,905.469.5413,,3606 Lake Rd,,Georgetown,WI,77190,2026-05-17
VC001615,Johnson,Patricia,G,1940-08-01,6172,+16009936980,(254) 537-3049,patricia.johnson25@hotmail.com,4061 Cedar Ln,Apt 517,Clinton,IL,41210,2026-05-05
VC001616,Nelson,Thomas,S,30-Jan-1942,7638,266.740.9467,4492799591,,4543 Valley Ln,,Manchester,NE,80364-6637,2026-05-28
VC001617,Harris,Jessica,,11-16-1942,4153,(937) 547-9559,,jessica.harris67@gmail.com,8627 River Dr,,Oxford,CT,53559,2026-05-26
VC001618,Jones,David,X,08/17/1982,1761,6002645742,,david.jones54@outlook.com,3135 Washington St,,Springfield,GA,64596,2026-05-22
VC001619,Davis,Ashley,,2000-10-15,1045,760-835-9197,887.701.5717,,5183 Oak Ave,Apt 607,Franklin,NC,66340-8154,2026-06-03
VC001620,Thomas,Betty,B,14-Nov-1941,8321,+19896998124,,betty.thomas61@icloud.com,9671 Hill Rd,Apt 507,Salem,OR,61900,2026-05-13
VC001621,Baker,William,G,02-05-1996,6982,592.592.4175,,william.baker2@aol.com,1363 River Dr,,Burlington,ME,79371,2026-05-24
VC001622,Jones,Joseph,I,06/07/1986,8159,(863) 513-6257,,joseph.jones5@aol.com,2897 Park Blvd,Apt 978,Arlington,AK,81931-2721,2026-05-06
VC001623,Martin,Sarah,,1956-05-21,4171,8895112549,,sarah.martin9@outlook.com,7262 Lake Rd,,Dayton,UT,80594,2026-05-24
VC001624,Harris,Daniel,,18-Jun-1979,2292,913-743-9129,,,3370 River Dr,Apt 197,Manchester,MT,28331,2026-06-02
VC001625,Jones,Thomas,P,02-23-1988,3088,+13662011884,(781) 664-3273,,2911 Hill Rd,Apt 50,Fairview,SC,48606-8644,2026-05-25
VC001626,White,Sarah,,09/07/1989,2357,519.986.4132,,,5472 Maple Dr,Apt 502,Oxford,AL,86703,2026-05-25
VC001627,White,David,E,1992-06-13,9353,(327) 409-3218,,david.white58@icloud.com,223 Cedar Ln,,Springfield,OH,63609,2026-05-11
VC001628,Nguyen,Betty,Z,22-Oct-1964,9621,7109979508,+13568437213,betty.nguyen25@gmail.com,5033 Cedar Ln,Apt 511,Manchester,MO,40487-5387,2026-05-12
VC001629,Miller,Margaret,,09-10-1991,1076,736-484-3194,536.838.3363,margaret.miller16@hotmail.com,1620 Main St,,Springfield,OR,17712,2026-06-02
VC001630,Garcia,Anthony,,07/06/1950,2508,+17453178329,(999) 901-8582,,6079 Valley Ln,,Salem,VT,10486,2026-05-22
VC001631,Wright,Michael,Q,1997-05-21,5484,203.680.3496,,,3685 Lincoln Ave,,Greenville,ME,81656-8002,2026-05-18
VC001632,Thomas,Ashley,B,05-Apr-1996,5911,(989) 461-7274,,,9298 Washington St,,Oxford,WY,20919,2026-05-12
VC001633,Miller,Lisa,,02-25-1973,2891,7923734204,,lisa.miller2@yahoo.com,2194 Sunset Blvd,,Manchester,CO,67528,2026-05-05
VC001634,Jones,John,Y,12/22/1996,7794,948-800-2490,,,2880 Sunset Blvd,,Greenville,OH,95585-4071,2026-05-19
VC001635,Torres,Barbara,Y,1965-04-14,6679,+13959223258,,barbara.torres88@hotmail.com,8899 Park Blvd,Apt 875,Springfield,WY,49252,2026-05-14
VC001636,Wilson,James,B,21-Apr-1985,5211,517.911.6421,9464862229,james.wilson25@yahoo.com,8738 Maple Dr,,Arlington,UT,61830,2026-05-27
VC001637,Torres,James,,05-15-1978,9442,(890) 975-4164,,james.torres38@aol.com,2876 Valley Ln,Apt 300,Richmond,SD,63148-5560,2026-06-04
VC001638,Hill,Joseph,,09/27/1951,9628,9286114291,+12032941329,joseph.hill42@gmail.com,1736 Sunset Blvd,Apt 79,Georgetown,OK,60063,2026-05-17
VC001639,King,Patricia,B,1978-05-25,4926,884-573-3688,849.341.9467,,6189 Forest Ave,,Salem,MT,70145,2026-05-27
VC001640,Thompson,Margaret,B,02-Mar-1994,3308,+17438411734,,margaret.thompson38@yahoo.com,4442 Sunset Blvd,,Marion,SC,24254-5530,2026-05-30
VC001641,Walker,William,L,08-29-1974,1794,589.675.3519,7535698924,william.walker62@gmail.com,9929 River Dr,,Oxford,DE,39278,2026-05-17
VC001642,Davis,Jennifer,P,01/28/2000,8228,(620) 286-5976,,jennifer.davis72@outlook.com,4976 Park Blvd,Apt 536,Fairview,WA,39437,2026-05-28
VC001643,Wright,Susan,,1971-10-21,1982,5165861163,+18523422110,susan.wright98@yahoo.com,8658 Cedar Ln,Apt 393,Franklin,NM,74719-9306,2026-05-25
VC001644,Johnson,Jessica,,06-Aug-1987,7446,512-515-7576,222.660.3868,jessica.johnson19@gmail.com,5226 Park Blvd,,Madison,RI,88733,2026-05-13
VC001645,Harris,Sarah,W,09-05-1969,1953,+16265508473,(908) 671-2753,sarah.harris59@yahoo.com,6185 Park Blvd,Apt 718,Georgetown,MN,49163,2026-05-30
VC001646,Jones,Joseph,E,03/20/1961,3932,303.573.3348,,joseph.jones47@outlook.com,131 Lincoln Ave,,Oxford,KS,35853-7195,2026-05-28
VC001647,Harris,Michael,,1963-08-28,9172,(893) 738-7598,,,9638 Hill Rd,,Marion,WY,61744,2026-06-04
VC001648,Baker,Linda,,17-May-1953,1320,7698289682,+18537659372,,2998 Sunset Blvd,Apt 288,Salem,ND,10441,2026-06-01
VC001649,Young,John,R,10-12-2002,1638,222-499-3097,,john.young42@gmail.com,3285 Oak Ave,,Dayton,OH,28354-7930,2026-05-30
VC001650,Nguyen,David,L,12/04/1969,7448,+16306312984,(642) 881-3862,david.nguyen84@gmail.com,6187 Washington St,,Franklin,AK,93934,2026-05-19
VC001651,Hall,John,Z,1963-04-01,3164,787.380.4224,,john.hall93@yahoo.com,8708 Oak Ave,,Clinton,MS,21084,2026-05-25
VC001652,Hall,Susan,,08-Sep-1951,5056,(748) 589-1407,525-320-6503,susan.hall40@gmail.com,2749 Main St,,Salem,MO,81721-2782,2026-05-05
VC001653,Allen,Nancy,,05-18-1966,7495,8417393712,,,4106 River Dr,,Greenville,CA,59628,2026-05-14
VC001654,Hill,Sarah,Q,11/10/1967,7212,965-886-5731,,sarah.hill70@outlook.com,9883 Jefferson Dr,Apt 104,Burlington,VA,61698,2026-06-03
VC001655,Hall,James,,1979-08-14,9731,+17353212226,,james.hall43@hotmail.com,7821 Maple Dr,,Fairview,MI,95376-8519,2026-05-21
VC001656,Nelson,Ashley,D,06-May-1976,8354,893.508.3092,3532291937,ashley.nelson33@outlook.com,3694 Forest Ave,,Richmond,NM,84769,2026-05-07
VC001657,Martin,James,F,02-02-1970,9701,(675) 956-7943,341-952-1598,james.martin68@gmail.com,2107 Cedar Ln,,Burlington,ID,52868,2026-05-22
VC001658,Wilson,Anthony,V,09/23/1960,1178,2559389518,+14583847159,,9936 Park Blvd,,Burlington,UT,20628-2991,2026-05-30
VC001659,Garcia,Joseph,,1942-09-23,8562,961-583-6501,,,130 Main St,,Greenville,KS,99656,2026-05-21
VC001660,Harris,Jennifer,,24-Dec-1972,5884,+13789937447,(491) 217-6163,jennifer.harris25@outlook.com,9739 Jefferson Dr,Apt 641,Franklin,MN,80946,2026-05-24
VC001661,Williams,James,,10-18-1993,9131,246.964.4375,7226665636,,4957 Cedar Ln,,Madison,MD,88611-4078,2026-05-15
VC001662,Adams,Susan,,10/25/1975,4982,(951) 203-3417,,susan.adams86@yahoo.com,4790 Oak Ave,,Springfield,AR,97471,2026-06-03
VC001663,Adams,Christopher,,1950-04-23,7373,2786369089,+16358621490,,5703 Cedar Ln,Apt 710,Manchester,UT,32510,2026-05-23
VC001664,Nguyen,Sandra,B,04-May-1947,6552,233-473-4570,459.451.7924,sandra.nguyen21@icloud.com,6265 Main St,,Salem,IA,26698-7860,2026-05-28
VC001665,Jackson,Daniel,N,08-21-1959,8145,+19513525535,,daniel.jackson50@yahoo.com,711 River Dr,,Arlington,WI,86921,2026-05-21
VC001666,Taylor,Nancy,,02/13/2002,5168,741.645.4252,,,5014 Main St,,Dayton,CO,79086,2026-05-27
VC001667,King,John,,1948-07-05,4578,(896) 322-3620,,john.king90@aol.com,9826 Maple Dr,,Fairview,WA,62314-6354,2026-05-19
VC001668,Thomas,Susan,H,23-Dec-1986,6560,2186691206,,susan.thomas96@gmail.com,9419 Oak Ave,,Springfield,OR,41958,2026-05-18
VC001669,Wilson,Christopher,,01-09-1957,5253,762-771-9074,828.263.9706,christopher.wilson56@gmail.com,1549 Hill Rd,Apt 920,Marion,CO,39006,2026-05-22
VC001670,Davis,Richard,H,06/15/1987,6716,+13797396022,,richard.davis14@gmail.com,9648 Jefferson Dr,Apt 603,Manchester,NY,22522-5088,2026-05-22
VC001671,Baker,Daniel,,2002-06-13,2465,566.371.5093,5965755522,daniel.baker14@outlook.com,2246 Hill Rd,Apt 40,Oxford,IL,65633,2026-06-03
VC001672,Brown,Jennifer,E,15-Feb-1943,4723,(552) 391-2527,850-944-9190,,1636 Park Blvd,,Marion,MD,66619,2026-06-02
VC001673,Scott,James,N,05-13-2003,2497,7763074552,,james.scott44@gmail.com,6121 Sunset Blvd,Apt 321,Arlington,WA,71226-3883,2026-05-19
VC001674,Anderson,Joseph,L,12/23/1973,2888,418-831-8671,,joseph.anderson17@icloud.com,8444 Hill Rd,Apt 901,Fairview,MI,62863,2026-05-21
VC001675,Wright,Nancy,,1998-06-17,6807,+19712894478,,,4059 River Dr,,Greenville,MA,38857,2026-06-03
VC001676,Taylor,David,U,11-Jul-1967,3616,467.869.6890,3623787134,david.taylor74@gmail.com,3872 Main St,,Dayton,DE,71000-7831,2026-05-18
VC001677,Walker,Barbara,P,02-05-1983,9550,(965) 583-4474,338-626-1664,barbara.walker25@hotmail.com,4425 Oak Ave,,Salem,MO,17757,2026-05-31
VC001678,Thomas,Daniel,S,06/14/1946,5668,4963907824,+12234484099,,2199 Maple Dr,,Arlington,NJ,74870,2026-05-28
VC001679,Thompson,Barbara,B,1993-12-30,5821,635-504-5037,,barbara.thompson84@icloud.com,1830 River Dr,,Dayton,FL,98176-2680,2026-06-02
VC001680,Wilson,Karen,,14-Jan-1978,9540,+17094044736,(519) 393-6014,karen.wilson19@hotmail.com,1854 Lincoln Ave,,Oxford,WY,47152,2026-05-12
VC001681,Nelson,Nancy,A,06-28-1967,1516,344.851.7369,,,5527 River Dr,Apt 838,Manchester,HI,79155,2026-05-10
VC001682,Thomas,John,F,02/12/1944,3312,(595) 423-3894,383-745-2859,,4220 Jefferson Dr,,Springfield,MA,23547-2931,2026-05-10
VC001683,Scott,Robert,D,2001-05-08,7692,9803147706,+14185535817,robert.scott84@hotmail.com,1417 Sunset Blvd,Apt 636,Clinton,PA,37931,2026-05-20
VC001684,Scott,John,,11-Sep-1979,2921,694-559-9043,,john.scott22@aol.com,431 Cedar Ln,Apt 704,Madison,AK,91660,2026-05-05
VC001685,Jackson,Christopher,F,02-03-1956,4202,+15607688353,(546) 378-9567,,8397 Maple Dr,,Georgetown,UT,43772-5873,2026-05-08
VC001686,Wright,James,R,06/07/1964,5616,306.337.5333,5064234853,james.wright39@icloud.com,1892 Oak Ave,,Burlington,OK,30374,2026-05-31
VC001687,Miller,Michael,,1946-03-04,3233,(200) 784-5736,716-968-1245,michael.miller98@icloud.com,993 Cedar Ln,,Marion,WV,50438,2026-05-24
VC001688,Thomas,Ashley,,20-Sep-1993,6597,8963681700,,ashley.thomas58@aol.com,5628 Hill Rd,Apt 683,Arlington,SD,29012-2045,2026-05-23
VC001689,Nelson,Joseph,,08-24-1966,4616,381-613-2513,,joseph.nelson6@icloud.com,7091 River Dr,Apt 841,Oxford,MN,38158,2026-05-09
VC001690,Anderson,Betty,C,03/27/1982,7784,+14977831367,,,3755 Maple Dr,Apt 674,Manchester,MO,54830,2026-05-26
VC001691,Brown,Anthony,K,1953-01-31,3079,498.874.7484,,anthony.brown61@hotmail.com,7152 Maple Dr,,Madison,WI,79228-6416,2026-05-23
VC001692,Williams,Patricia,R,08-Jan-1991,3529,(753) 664-5163,281-308-4136,patricia.williams19@gmail.com,595 Jefferson Dr,Apt 947,Clinton,WV,43773,2026-05-12
VC001693,Scott,Margaret,,11-03-1988,2493,2726449087,,,9839 Cedar Ln,Apt 292,Springfield,CA,42905,2026-05-30
VC001694,Scott,Charles,Q,04/25/1987,4407,267-378-1564,,,7364 River Dr,,Franklin,MO,77888-2796,2026-05-21
VC001695,Hall,Sandra,,1994-06-13,7869,+13607485854,,sandra.hall35@aol.com,522 Lincoln Ave,,Burlington,OR,62826,2026-05-10
VC001696,Harris,John,,11-Oct-1954,2957,942.517.2335,,john.harris43@icloud.com,4491 Jefferson Dr,,Manchester,IA,21220,2026-05-14
VC001697,Brown,Sarah,Y,10-25-1964,6696,(254) 840-3353,256-813-6582,sarah.brown25@outlook.com,4251 Park Blvd,,Clinton,SC,78841-2492,2026-05-08
VC001698,Smith,Michael,,03/25/2002,3220,3759864916,,michael.smith78@gmail.com,4257 Lake Rd,,Arlington,CT,36543,2026-06-01
VC001699,Torres,Jennifer,Q,1942-04-02,8048,411-297-8222,738.682.1433,,2119 Oak Ave,,Burlington,VT,69637,2026-05-18
VC001700,Nelson,Jennifer,F,20-Jun-1991,9450,+18898651881,(737) 922-5955,jennifer.nelson61@icloud.com,2663 Valley Ln,,Richmond,KY,40495-5148,2026-06-01
VC001701,Garcia,Christopher,K,04-20-1994,9971,280.466.9555,7514966525,christopher.garcia64@outlook.com,1497 Maple Dr,,Oxford,CO,73297,2026-05-25
VC001702,Allen,David,M,09/11/1947,3781,(569) 549-6102,726-386-3443,,2631 Washington St,Apt 327,Burlington,VA,17700,2026-06-04
VC001703,Wright,Michael,H,1960-08-09,2555,8207122704,+18447587301,michael.wright98@outlook.com,3259 Maple Dr,,Arlington,AK,46052-7683,2026-05-26
VC001704,Taylor,Karen,,06-Mar-1941,3647,474-958-2882,642.225.9079,karen.taylor81@outlook.com,6959 Oak Ave,,Salem,AL,54128,2026-05-23
VC001705,Thompson,Mary,Y,07-12-1951,9463,+16283638437,,,5837 Jefferson Dr,,Manchester,OR,71616,2026-05-06
VC001706,Nelson,Charles,Z,01/26/1948,7520,654.435.5992,2218958442,charles.nelson83@outlook.com,8168 Lake Rd,Apt 424,Arlington,ND,88620-9317,2026-05-14
VC001707,Young,Sandra,,1987-08-29,4703,(656) 616-7869,,sandra.young34@gmail.com,7645 Valley Ln,,Burlington,CT,72687,2026-06-04
VC001708,Nelson,Linda,,11-May-1961,9728,5695023826,+12718333632,linda.nelson71@icloud.com,8416 Jefferson Dr,,Burlington,NE,55156,2026-06-02
VC001709,Thomas,Mark,,05-21-1979,7771,585-714-2053,251.557.1634,,3372 Jefferson Dr,Apt 876,Burlington,WV,62761-6089,2026-05-07
VC001710,Thompson,Joseph,,09/07/1966,1220,+17189196881,,joseph.thompson58@icloud.com,805 Oak Ave,,Burlington,MA,20190,2026-05-30
VC001711,Harris,Mary,,1961-02-06,6490,961.732.8670,9602063873,,9168 Oak Ave,Apt 810,Richmond,MN,54702,2026-05-28
VC001712,Anderson,Susan,,31-Aug-1949,8753,(314) 485-7165,533-526-6486,susan.anderson93@aol.com,7048 Sunset Blvd,,Fairview,KS,26647-2115,2026-05-05
VC001713,Thomas,William,E,11-06-1955,1237,2489901581,+16204157169,,9812 Forest Ave,Apt 160,Burlington,IN,52574,2026-06-02
VC001714,Adams,David,E,10/23/1999,1650,716-501-1780,,,7987 Cedar Ln,,Clinton,WA,67881,2026-05-19
VC001715,Hill,Jennifer,F,1982-02-27,6543,+14146035058,,jennifer.hill25@aol.com,623 Park Blvd,,Springfield,OR,89936-3565,2026-05-29
VC001716,Miller,William,,13-Jan-1955,7638,357.596.9530,8732026278,william.miller54@outlook.com,9816 River Dr,Apt 847,Salem,VA,32561,2026-05-08
VC001717,Anderson,Barbara,,11-11-1960,1596,(690) 307-5493,865-310-3625,barbara.anderson90@yahoo.com,7364 Sunset Blvd,,Greenville,KY,59393,2026-05-19
VC001718,Hall,Karen,,05/01/1979,3682,2682977511,,,492 Main St,Apt 684,Springfield,WI,15071-5736,2026-06-04
VC001719,Smith,Joseph,O,1947-10-04,8643,477-429-5250,563.482.2481,joseph.smith39@icloud.com,7752 Sunset Blvd,,Burlington,NC,28658,2026-06-02
VC001720,Davis,Linda,R,11-Dec-1982,1694,+18997711396,,,860 Sunset Blvd,,Richmond,VT,39559,2026-05-10
VC001721,Nguyen,Jennifer,A,11-08-2000,8732,879.343.7860,,jennifer.nguyen16@yahoo.com,4002 Oak Ave,,Franklin,MS,44005-2466,2026-05-19
VC001722,Thomas,Margaret,,06/13/1971,7210,(771) 789-6762,,margaret.thomas25@icloud.com,4973 Lake Rd,,Clinton,GA,35500,2026-05-23
VC001723,Walker,Margaret,,1970-02-03,5208,3897289532,,,7332 Jefferson Dr,Apt 553,Arlington,MD,20076,2026-05-23
VC001724,Hill,Christopher,,22-Sep-2001,3862,734-647-1888,652.860.7875,christopher.hill60@outlook.com,7987 Jefferson Dr,Apt 635,Greenville,MD,54969-9723,2026-05-18
VC001725,Smith,Jennifer,H,08-27-1962,9906,+12307414711,,,3963 Main St,Apt 192,Greenville,MA,97992,2026-05-07
VC001726,Johnson,Matthew,O,04/24/2002,9200,998.865.9508,,matthew.johnson71@aol.com,8075 River Dr,,Salem,KS,89446,2026-05-07
VC001727,Smith,Betty,U,1946-09-26,8916,(239) 781-3511,916-894-9453,,1550 Forest Ave,,Clinton,MD,53398-9171,2026-05-22
VC001728,Allen,Jessica,Z,08-Feb-1949,4753,4515327429,+15373539222,,9908 Lincoln Ave,,Georgetown,VT,96199,2026-05-26
VC001729,Hall,Jessica,V,11-26-1954,3339,704-511-8212,592.792.9744,jessica.hall50@gmail.com,9635 Main St,,Madison,MN,53952,2026-05-15
VC001730,Thompson,John,C,05/28/1946,7987,+14424086337,(848) 699-7435,,9345 Lake Rd,,Richmond,UT,64521-4329,2026-06-02
VC001731,Brown,Sarah,M,1943-07-15,7419,841.460.9235,5954822358,sarah.brown2@aol.com,3456 Valley Ln,,Salem,FL,10198,2026-06-03
VC001732,Hill,Jessica,Q,07-Mar-1978,4893,(703) 743-9333,,jessica.hill66@aol.com,8364 Forest Ave,Apt 48,Burlington,MO,55559,2026-05-19
VC001733,Hill,Matthew,,08-03-2004,9142,6865719188,+14837941689,matthew.hill60@aol.com,3786 Valley Ln,,Clinton,WV,35169-5595,2026-05-25
VC001734,Davis,Jessica,A,09/05/2002,1715,642-668-7302,592.679.7302,,3006 Washington St,Apt 591,Oxford,CT,61583,2026-05-23
VC001735,Anderson,Charles,K,1995-11-07,6218,+16235554169,(960) 756-7133,charles.anderson63@aol.com,1173 Lincoln Ave,Apt 651,Richmond,MD,48289,2026-05-31
VC001736,Baker,Patricia,,24-Nov-1986,4890,496.737.3202,,patricia.baker12@gmail.com,6616 Lincoln Ave,,Marion,PA,44008-6778,2026-05-16
VC001737,Garcia,Thomas,,10-14-1999,2850,(866) 435-9803,390-822-4925,thomas.garcia23@aol.com,3140 Sunset Blvd,,Manchester,MT,14365,2026-06-04
VC001738,Hill,Sarah,C,01/22/1981,8515,4242814729,+19709794790,,1185 Oak Ave,,Fairview,MN,64581,2026-05-21
VC001739,Baker,Richard,,1964-03-13,1996,424-399-8807,,richard.baker12@gmail.com,9208 Jefferson Dr,,Marion,AZ,21635-6939,2026-05-30
VC001740,Nguyen,Patricia,,31-Aug-1990,1652,+14175183941,(558) 384-3988,,7242 Jefferson Dr,Apt 934,Georgetown,MT,95838,2026-06-02
VC001741,Allen,Linda,Z,08-26-2000,4488,868.387.6473,,linda.allen84@yahoo.com,1924 Oak Ave,,Greenville,NE,76072,2026-06-03
VC001742,Walker,Lisa,Z,06/30/1945,4022,(530) 673-2146,,lisa.walker37@aol.com,8832 Oak Ave,Apt 950,Fairview,KY,24950-9151,2026-05-20
VC001743,Brown,Linda,H,1974-03-18,5614,8937714278,+14536043207,linda.brown79@gmail.com,5333 Oak Ave,,Salem,KY,76250,2026-05-22
VC001744,King,Linda,,17-Feb-1992,8786,482-798-2960,,linda.king2@yahoo.com,6485 Lincoln Ave,Apt 792,Fairview,AL,15504,2026-05-23
VC001745,Scott,Thomas,,11-30-1998,5588,+18519925367,(815) 376-4686,thomas.scott29@outlook.com,9474 Main St,Apt 728,Oxford,OR,43975-9445,2026-05-22
VC001746,Torres,John,H,09/04/1968,2595,261.236.1522,,,8688 Park Blvd,,Springfield,IA,18085,2026-06-02
VC001747,Miller,Mark,,1979-11-10,4035,(301) 720-9502,,,589 Sunset Blvd,Apt 220,Salem,MA,86050,2026-05-29
VC001748,Jones,Charles,,13-Sep-1952,9863,8148066446,,,2250 River Dr,Apt 127,Oxford,KS,26850-8258,2026-05-07
VC001749,Hall,Margaret,U,08-07-1954,1652,459-799-2927,858.762.5231,margaret.hall93@gmail.com,8467 Forest Ave,Apt 562,Greenville,NH,48455,2026-05-29
VC001750,Wright,John,A,03/24/1969,6052,+15488338896,(470) 499-4306,john.wright90@outlook.com,8008 Lincoln Ave,,Georgetown,WV,98765,2026-05-25
VC001751,Thompson,Patricia,,1958-05-31,7613,623.793.6305,5492745454,patricia.thompson74@hotmail.com,8968 Sunset Blvd,,Madison,NY,26092-1712,2026-05-26
VC001752,Jones,Lisa,A,28-Jul-1972,3057,(989) 588-4000,565-865-4379,lisa.jones86@hotmail.com,5540 Oak Ave,,Springfield,WA,81463,2026-05-08
VC001753,Young,Matthew,,10-27-1976,7714,7358613862,,,8363 Cedar Ln,Apt 383,Franklin,AL,41653,2026-05-10
VC001754,King,Jessica,F,04/15/1981,8149,604-451-3956,,jessica.king90@yahoo.com,6526 Oak Ave,,Arlington,ND,46530-7850,2026-05-26
VC001755,King,Thomas,,1942-10-04,3038,+17485657888,(752) 622-4022,thomas.king23@yahoo.com,1222 Cedar Ln,Apt 995,Greenville,TN,55526,2026-05-30
VC001756,Harris,Lisa,O,25-Aug-2001,7358,801.984.5778,3693084701,lisa.harris81@aol.com,5592 Sunset Blvd,Apt 799,Oxford,OR,72117,2026-06-04
VC001757,Garcia,Margaret,U,06-12-1996,6328,(322) 808-7608,,margaret.garcia94@icloud.com,2 Hill Rd,,Salem,OK,74067-2443,2026-05-25
VC001758,Walker,Robert,G,01/19/1948,6808,8663421686,,robert.walker48@yahoo.com,9177 Oak Ave,,Greenville,CO,42430,2026-05-08
VC001759,Baker,Robert,,1987-07-05,3816,678-689-9801,,robert.baker91@icloud.com,6969 River Dr,,Arlington,NC,42418,2026-06-01
VC001760,Taylor,David,,04-Jul-1957,5741,+18267773777,,,2828 Valley Ln,,Arlington,UT,98130-5982,2026-05-06
VC001761,Miller,Sarah,Q,01-22-1981,4226,555.998.4857,,sarah.miller19@yahoo.com,7126 Park Blvd,,Greenville,WA,13863,2026-05-18
VC001762,Brown,Linda,,03/02/1969,5572,(326) 374-8588,590-341-8752,linda.brown60@outlook.com,985 Maple Dr,,Burlington,RI,63778,2026-05-20
VC001763,Taylor,Barbara,Z,2001-12-11,7341,6749192497,+15813774434,barbara.taylor49@aol.com,8361 Oak Ave,,Madison,IN,40165-7381,2026-06-03
VC001764,Adams,Linda,A,29-Apr-1996,3239,762-278-5724,,,3908 River Dr,Apt 883,Manchester,RI,82202,2026-05-23
VC001765,Baker,Mark,,11-30-1997,6003,+19507558611,,mark.baker85@aol.com,4622 Sunset Blvd,Apt 131,Dayton,IN,59113,2026-05-11
VC001766,King,Jennifer,,06/23/1959,1788,312.631.6723,,jennifer.king48@yahoo.com,4034 Hill Rd,Apt 222,Arlington,SC,69867-5776,2026-06-02
VC001767,Nguyen,Christopher,,1955-10-14,3968,(266) 657-7481,,christopher.nguyen68@outlook.com,4307 Forest Ave,,Greenville,MI,15126,2026-05-16
VC001768,Young,Ashley,,17-Oct-1963,6210,2494622309,+12533983983,ashley.young66@yahoo.com,5807 Jefferson Dr,,Franklin,NM,28613,2026-05-15
VC001769,Nguyen,John,,02-24-2000,5565,388-638-9635,,john.nguyen56@yahoo.com,8227 Lincoln Ave,,Madison,MN,34109-3196,2026-05-20
VC001770,Williams,Matthew,G,09/13/1991,3595,+15208491950,(547) 368-7532,,78 Forest Ave,Apt 73,Madison,IN,32099,2026-05-10
VC001771,Jones,Joseph,G,1946-02-28,9210,667.431.6167,,joseph.jones92@icloud.com,8078 Oak Ave,Apt 557,Dayton,IN,61143,2026-05-23
VC001772,Scott,Daniel,L,09-Apr-1955,2200,(737) 658-7430,,daniel.scott82@hotmail.com,7500 River Dr,,Springfield,DE,68529-3076,2026-05-21
VC001773,Miller,David,T,03-20-1994,9327,9805009279,,,4636 Maple Dr,Apt 402,Clinton,TN,83603,2026-05-13
VC001774,Johnson,Barbara,O,02/09/1945,1498,563-271-5649,768.406.7642,barbara.johnson26@yahoo.com,5968 Sunset Blvd,,Burlington,AK,27638,2026-05-10
VC001775,Williams,Richard,V,1978-09-25,7510,+12738618212,(562) 691-7051,richard.williams22@aol.com,5777 Maple Dr,Apt 904,Oxford,OH,85827-1176,2026-06-01
VC001776,Young,Sandra,W,25-Jun-1989,7760,870.479.8171,2305698110,sandra.young76@yahoo.com,9659 Forest Ave,Apt 244,Franklin,NC,83741,2026-05-18
VC001777,Martin,Margaret,Z,12-25-1942,9717,(408) 830-5923,,margaret.martin94@outlook.com,1769 Maple Dr,,Oxford,MD,28771,2026-06-02
VC001778,Nguyen,John,C,12/07/1954,9818,8442346853,+17259013385,,1472 Forest Ave,,Burlington,KS,96168-9607,2026-05-29
VC001779,Harris,Patricia,B,1943-03-22,8019,355-375-4735,336.697.4790,patricia.harris75@gmail.com,7726 Sunset Blvd,Apt 432,Richmond,OR,17420,2026-05-25
VC001780,Thompson,Margaret,,18-May-1985,5372,+12568009601,,margaret.thompson53@outlook.com,8864 Maple Dr,,Manchester,MD,13173,2026-05-25
VC001781,Young,Richard,J,05-17-1959,2100,968.991.6565,4337756954,richard.young91@gmail.com,3873 Forest Ave,,Marion,WI,89150-1122,2026-05-16
VC001782,Brown,Mary,V,12/06/1966,8541,(667) 498-3555,214-774-1498,,1700 River Dr,Apt 367,Franklin,AR,50306,2026-06-04
VC001783,Smith,Sandra,E,1955-02-22,6663,8857018085,,,6196 Hill Rd,Apt 852,Georgetown,OH,46292,2026-05-21
VC001784,Thompson,William,,23-Nov-1941,1250,946-862-5587,,william.thompson5@gmail.com,854 Washington St,,Clinton,AK,13897-7592,2026-05-26
VC001785,Nguyen,James,,11-23-1962,2089,+15119264708,(754) 721-5319,james.nguyen75@gmail.com,2001 Jefferson Dr,,Oxford,KS,80243,2026-05-11
VC001786,Young,Matthew,Q,05/18/1982,6828,399.540.5832,,matthew.young99@outlook.com,1646 Maple Dr,Apt 30,Fairview,AL,98008,2026-05-06
VC001787,Johnson,Michael,L,1989-08-24,9187,(497) 615-6432,,,8226 Hill Rd,,Arlington,OR,87365-5607,2026-05-08
VC001788,Nelson,Karen,,07-Jul-1998,4570,9703816013,,karen.nelson56@aol.com,419 Cedar Ln,Apt 548,Clinton,UT,82266,2026-05-12
VC001789,Scott,Barbara,,07-30-2000,9528,433-803-9576,659.756.4860,,4433 Main St,Apt 403,Franklin,AK,49977,2026-05-05
VC001790,Miller,David,H,01/25/1947,7265,+12266471189,(694) 926-9879,,9721 Maple Dr,,Springfield,SC,81260-4142,2026-05-06
VC001791,Wilson,Joseph,N,1980-10-12,4649,953.754.3953,,joseph.wilson19@gmail.com,7532 Maple Dr,,Georgetown,OR,64828,2026-05-08
VC001792,Davis,Susan,C,20-Dec-1957,9482,(482) 998-7544,611-350-3147,susan.davis21@gmail.com,5786 Sunset Blvd,,Clinton,MT,86818,2026-05-10
VC001793,Davis,Ashley,,06-26-1988,4873,6645342653,,ashley.davis27@gmail.com,513 Sunset Blvd,,Greenville,PA,57887-1760,2026-05-15
VC001794,Allen,Michael,,01/30/1949,8926,844-461-5405,820.453.5872,,214 Sunset Blvd,Apt 865,Salem,KS,93289,2026-05-17
VC001795,Thompson,Daniel,G,1947-02-16,3975,+17916696472,(565) 787-1190,daniel.thompson27@aol.com,5043 Forest Ave,,Springfield,DE,97635,2026-05-23
VC001796,Jones,Charles,,13-Jan-2001,1638,655.443.8951,,,3453 Valley Ln,Apt 608,Fairview,ID,58636-8462,2026-05-18
VC001797,Smith,Anthony,A,09-16-1993,1646,(226) 495-6814,603-389-4946,,6544 Hill Rd,,Clinton,SC,64888,2026-05-12
VC001798,Williams,James,Y,08/16/1955,7278,4135344040,+19594794649,james.williams87@yahoo.com,117 Jefferson Dr,,Arlington,NV,31807,2026-05-06
VC001799,Williams,Joseph,M,1997-07-05,6689,434-473-3942,,joseph.williams39@icloud.com,5367 Lincoln Ave,,Clinton,AZ,18271-6168,2026-05-17
VC001800,Hall,Jennifer,,12-Feb-1984,6727,+15385421600,(537) 874-9486,jennifer.hall81@yahoo.com,4172 River Dr,,Manchester,NC,13458,2026-06-01
VC001801,Hall,Lisa,F,09-22-1998,7811,588.730.7112,4303884485,lisa.hall93@outlook.com,5662 Forest Ave,Apt 929,Richmond,VA,77559,2026-05-05
VC001802,Jones,Matthew,,07/02/2004,2950,(568) 949-4730,522-718-7198,,5415 Cedar Ln,Apt 513,Manchester,CO,34696-8614,2026-05-23
VC001803,Williams,David,X,1991-01-14,8517,6462206940,+18459414543,david.williams60@yahoo.com,3482 Hill Rd,,Salem,VT,44007,2026-05-21
VC001804,Johnson,Anthony,S,26-Nov-1978,2142,524-781-4360,863.360.9864,,8714 Park Blvd,,Dayton,AL,63660,2026-06-04
VC001805,Hall,Nancy,,11-09-1975,5177,+18222561293,,nancy.hall38@yahoo.com,42 Washington St,Apt 541,Madison,NY,65036-7375,2026-05-27
VC001806,Nelson,Lisa,,06/16/1946,7958,608.736.3020,3356537450,lisa.nelson87@yahoo.com,4395 Main St,,Madison,WA,75573,2026-05-26
VC001807,Garcia,Michael,I,1951-05-14,2582,(652) 811-5910,,michael.garcia80@aol.com,6653 Hill Rd,,Franklin,MO,92229,2026-05-25
VC001808,Davis,Linda,,28-Sep-1992,7893,5324262044,,,4716 Washington St,,Burlington,RI,70377-7716,2026-05-07
VC001809,Harris,David,N,05-14-1991,7126,796-783-9049,,david.harris49@aol.com,7904 Lincoln Ave,,Manchester,IA,99196,2026-06-01
VC001810,Scott,William,K,10/09/1987,9056,+18329207962,(777) 311-5116,william.scott48@hotmail.com,6466 Jefferson Dr,Apt 327,Fairview,KS,36509,2026-05-28
VC001811,King,Christopher,P,1987-09-24,5135,639.254.9141,6823533236,christopher.king38@yahoo.com,7965 Jefferson Dr,,Manchester,MS,48644-7762,2026-05-22
VC001812,Davis,Betty,E,22-Sep-1973,1045,(596) 617-3167,610-286-7277,,6676 Maple Dr,,Fairview,MA,85526,2026-05-18
VC001813,Hill,Mark,X,07-08-1989,7456,7778798651,,mark.hill33@aol.com,9182 Washington St,,Salem,VA,51386,2026-06-04
VC001814,Nguyen,Margaret,,12/14/1964,9568,539-297-3194,,,2685 Washington St,,Madison,ME,89777-9049,2026-05-06
VC001815,Martin,Patricia,Q,1944-01-26,9349,+15152884981,,patricia.martin81@aol.com,5938 Main St,,Arlington,TN,91915,2026-05-23
VC001816,Walker,Joseph,,21-Jun-1973,5424,979.980.5300,,joseph.walker16@yahoo.com,2188 Hill Rd,Apt 530,Dayton,MS,41224,2026-06-04
VC001817,Johnson,Nancy,W,10-09-1995,2796,(455) 758-3538,,nancy.johnson21@outlook.com,4994 Sunset Blvd,,Salem,NE,46109-9215,2026-05-05
VC001818,Thompson,Patricia,,04/19/1980,3504,2574367815,+15659988915,patricia.thompson12@aol.com,3419 Lincoln Ave,,Franklin,IA,44699,2026-06-03
VC001819,Torres,Margaret,G,1996-05-18,9518,814-371-8857,628.694.4857,margaret.torres99@icloud.com,6252 River Dr,,Marion,AR,84412,2026-05-11
VC001820,Walker,Robert,V,29-May-1989,6705,+15736833989,(915) 458-1441,robert.walker52@yahoo.com,4333 Forest Ave,,Clinton,IN,88566-7123,2026-05-16
VC001821,Taylor,Susan,,01-21-1990,2046,456.948.8385,,susan.taylor13@aol.com,2234 River Dr,,Dayton,ND,84967,2026-05-25
VC001822,Garcia,Robert,O,11/29/1994,9895,(245) 456-4753,206-562-1890,,7211 Maple Dr,Apt 926,Madison,MT,44537,2026-05-18
VC001823,Martin,Linda,H,1955-04-09,9973,3619759970,,,8401 Forest Ave,Apt 620,Manchester,NC,28107-9079,2026-05-25
VC001824,Walker,Christopher,Q,03-Feb-1965,6628,831-618-3975,,christopher.walker42@icloud.com,4566 Oak Ave,,Dayton,KS,28749,2026-06-02
VC001825,Johnson,Mark,V,09-04-1986,9380,+15662062457,,mark.johnson99@gmail.com,3707 Valley Ln,,Madison,KS,22577,2026-05-19
VC001826,Wilson,James,M,07/30/1981,3096,487.407.2864,3905998745,james.wilson66@outlook.com,8429 Cedar Ln,,Salem,AK,62495-9061,2026-05-08
VC001827,Garcia,Patricia,Z,1951-11-27,8238,(976) 504-1805,,,8527 Maple Dr,,Marion,TX,69238,2026-06-03
VC001828,Young,Margaret,,26-Sep-1940,6379,8032546861,+17715792397,margaret.young1@aol.com,44 Washington St,Apt 723,Franklin,SD,26637,2026-05-05
VC001829,Jones,Patricia,U,08-01-1980,9620,305-259-5140,511.299.8292,,6869 Main St,Apt 388,Dayton,CO,89017-6351,2026-05-27
VC001830,Hill,Charles,,09/17/1995,2308,+17423319306,,charles.hill31@yahoo.com,7914 Hill Rd,,Dayton,SC,93588,2026-05-07
VC001831,Young,Lisa,F,1942-09-06,8893,797.280.2905,,,9471 Oak Ave,,Greenville,VA,28094,2026-05-09
VC001832,Nelson,Michael,,09-Dec-1990,4187,(687) 454-2825,,michael.nelson47@hotmail.com,432 Lake Rd,Apt 105,Greenville,AL,83441-8151,2026-05-14
VC001833,Jones,Patricia,K,04-25-2004,3449,8382214355,+16472912177,patricia.jones14@outlook.com,5247 Jefferson Dr,Apt 316,Marion,IN,32875,2026-05-11
VC001834,Martin,Margaret,,11/25/1965,1627,386-742-1966,,margaret.martin31@yahoo.com,9728 River Dr,,Burlington,NH,28296,2026-05-14
VC001835,Miller,Christopher,J,1952-08-31,1407,+12016974594,(741) 264-6266,christopher.miller1@hotmail.com,1096 Park Blvd,,Madison,WV,22289-4519,2026-05-14
VC001836,Smith,Jessica,F,23-Jan-1963,6613,219.862.7989,8765962350,jessica.smith54@icloud.com,4347 Forest Ave,,Greenville,VT,92264,2026-05-12
VC001837,Williams,Charles,W,04-09-1968,2423,(701) 997-3141,,charles.williams94@yahoo.com,9626 Jefferson Dr,,Oxford,AL,31957,2026-06-04
VC001838,Allen,Daniel,B,12/12/1995,2500,5096459894,+16118584904,daniel.allen10@yahoo.com,182 Main St,,Dayton,IA,64240-4489,2026-05-08
VC001839,Jackson,Patricia,N,1958-08-07,8213,446-986-1666,,,8500 Cedar Ln,,Springfield,HI,31088,2026-05-12
VC001840,Miller,Lisa,,12-Nov-2002,3233,+13503208956,,,9087 Maple Dr,Apt 757,Franklin,TN,86798,2026-05-21
VC001841,Adams,Linda,,04-16-1974,6387,901.785.6058,,linda.adams27@icloud.com,3327 Oak Ave,,Oxford,CO,92570-8134,2026-05-14
VC001842,Baker,Richard,,11/24/1984,6902,(443) 477-7076,,richard.baker94@outlook.com,8896 River Dr,,Oxford,GA,90288,2026-05-27
VC001843,Wilson,Patricia,F,1940-11-25,4271,2244754339,+16079686479,patricia.wilson61@icloud.com,2627 Park Blvd,,Fairview,MS,53938,2026-05-18
VC001844,Scott,Ashley,B,21-May-1945,5398,692-916-7278,441.937.4890,ashley.scott36@outlook.com,8555 River Dr,Apt 973,Franklin,DE,55054-6856,2026-05-29
VC001845,Brown,Anthony,,09-27-1975,6664,+14157527682,,anthony.brown31@gmail.com,4812 Jefferson Dr,,Oxford,DE,45034,2026-06-03
VC001846,Martin,Matthew,V,08/19/1977,7983,693.916.1554,,matthew.martin19@yahoo.com,9588 Sunset Blvd,,Springfield,WV,82109,2026-05-30
VC001847,Miller,David,,1949-08-03,8605,(366) 506-8360,,david.miller40@hotmail.com,9952 Lincoln Ave,Apt 364,Oxford,SD,44329-6114,2026-05-10
VC001848,Nelson,David,C,02-Nov-1951,9409,4109349008,+18777828959,david.nelson15@icloud.com,1490 Hill Rd,,Salem,AR,69432,2026-05-27
VC001849,Miller,James,T,12-18-1985,1614,849-533-5941,,james.miller78@gmail.com,3592 Valley Ln,,Franklin,DE,53540,2026-05-26
VC001850,Young,Charles,,05/18/1994,3503,+19974056926,,charles.young3@aol.com,2435 Park Blvd,,Arlington,TX,34928-6809,2026-05-21
VC001851,Martin,Karen,,1953-05-21,5913,552.858.7244,,,8593 Lake Rd,,Burlington,NE,63511,2026-05-17
VC001852,Nelson,David,V,12-Jul-1942,4845,(393) 205-3181,857-234-1050,,9889 Sunset Blvd,Apt 249,Oxford,WY,85471,2026-05-28
VC001853,Baker,Lisa,U,10-31-1977,1475,9113694093,+12763576961,lisa.baker85@gmail.com,3112 Lincoln Ave,,Richmond,DE,99753-9648,2026-05-29
VC001854,Nguyen,Susan,Y,02/08/1979,8117,553-571-2322,446.510.9706,susan.nguyen87@outlook.com,490 Maple Dr,,Georgetown,AL,61920,2026-05-06
VC001855,Scott,Daniel,,1999-04-26,5766,+15586914225,,daniel.scott57@aol.com,380 Maple Dr,,Burlington,VA,37525,2026-05-19
VC001856,Wright,Sarah,,20-Jun-1994,2145,739.770.4889,,sarah.wright97@aol.com,1408 Lincoln Ave,Apt 752,Manchester,MS,62826-3889,2026-05-07
VC001857,Davis,Mary,B,04-22-1942,6710,(221) 330-3363,925-283-2714,mary.davis17@aol.com,6453 Oak Ave,,Greenville,VA,45205,2026-05-19
VC001858,Davis,Betty,,03/06/1950,8693,7522305520,,betty.davis84@hotmail.com,4528 Sunset Blvd,,Burlington,KS,14487,2026-05-31
VC001859,Hall,Joseph,,1987-03-26,5226,221-301-1024,,joseph.hall15@icloud.com,3891 Lake Rd,Apt 248,Fairview,AR,44347-5644,2026-05-10
VC001860,Smith,Matthew,U,10-Feb-1970,1802,+19925888572,(567) 710-7351,matthew.smith84@icloud.com,2944 Hill Rd,,Springfield,SC,94573,2026-05-18
VC001861,Hill,Susan,,08-15-1961,7637,987.404.7432,6969702610,susan.hill44@outlook.com,3820 Washington St,,Madison,MN,90812,2026-05-14
VC001862,Allen,Karen,,07/27/1950,3159,(928) 219-3292,,karen.allen62@aol.com,6335 Washington St,,Madison,OR,37263-6653,2026-05-20
VC001863,Smith,Robert,B,1976-09-13,3696,8479132690,,,6946 Lincoln Ave,,Marion,ME,18605,2026-05-25
VC001864,Taylor,Christopher,,25-May-1986,8165,410-979-1205,,christopher.taylor12@outlook.com,4647 Oak Ave,Apt 349,Marion,WY,23999,2026-05-22
VC001865,Jones,Margaret,,11-10-1999,1895,+13374337768,(335) 485-8755,margaret.jones21@icloud.com,9214 Lincoln Ave,,Clinton,SC,11341-3499,2026-05-20
VC001866,Allen,Jennifer,,12/16/1995,5238,479.895.9588,,jennifer.allen72@icloud.com,6527 Lake Rd,Apt 411,Arlington,IA,94106,2026-05-10
VC001867,Jackson,Mary,F,1992-05-19,5828,(269) 463-5805,,,7126 Jefferson Dr,,Arlington,LA,98949,2026-06-01
VC001868,Walker,Mary,I,30-Mar-1997,4259,5065266392,,,2146 Washington St,,Salem,WY,51949-5506,2026-06-04
VC001869,Wilson,Robert,,04-14-1974,9830,943-776-9272,955.742.4190,,1908 Park Blvd,,Greenville,AL,68364,2026-06-04
VC001870,Walker,Mark,,04/06/1959,3127,+14993604055,,,2777 Lincoln Ave,,Georgetown,NJ,26715,2026-05-29
VC001871,Miller,Joseph,V,1969-11-03,1608,751.304.7207,,joseph.miller93@outlook.com,5712 Maple Dr,Apt 192,Burlington,GA,42699-6748,2026-05-20
VC001872,Miller,Linda,,10-Mar-2002,4711,(678) 372-6032,511-246-2653,linda.miller83@icloud.com,6111 Lincoln Ave,Apt 694,Burlington,WI,39397,2026-05-19
VC001873,Nelson,Ashley,,02-10-1949,9536,3662739300,,ashley.nelson22@hotmail.com,7742 Washington St,,Richmond,IA,35613,2026-05-21
VC001874,Davis,Christopher,,04/02/1951,8726,602-615-6200,,,1672 Oak Ave,Apt 680,Arlington,FL,97118-2959,2026-05-09
VC001875,Allen,Ashley,,1978-08-30,4637,+13204183413,,,5481 Park Blvd,,Richmond,CA,21728,2026-05-18
VC001876,Wright,Jennifer,V,05-Jun-1953,6037,837.867.9128,,,1575 Maple Dr,Apt 652,Burlington,TX,21770,2026-05-15
VC001877,Taylor,Joseph,M,12-27-1980,5492,(205) 980-7620,620-599-3626,joseph.taylor51@outlook.com,907 River Dr,Apt 364,Georgetown,TN,28340-9232,2026-05-10
VC001878,Harris,Margaret,N,10/12/1966,7542,6182405358,,margaret.harris90@icloud.com,4160 Oak Ave,,Salem,CO,65171,2026-05-06
VC001879,Wright,Mark,N,1983-08-15,1974,258-227-4833,,mark.wright83@icloud.com,7656 Sunset Blvd,,Arlington,SC,60118,2026-05-07
VC001880,Davis,Betty,C,28-Apr-1959,6376,+14328327160,(676) 917-7161,,8035 Oak Ave,Apt 919,Marion,IN,29275-4117,2026-05-19
VC001881,Jones,Sandra,Y,07-01-1951,5668,501.648.2723,6396133975,sandra.jones1@hotmail.com,2597 Main St,Apt 262,Marion,IL,65027,2026-06-02
VC001882,Taylor,Anthony,,04/29/1961,8584,(944) 925-9555,,anthony.taylor13@gmail.com,8886 Cedar Ln,,Dayton,HI,94927,2026-06-02
VC001883,King,Thomas,,1955-01-16,6680,3656435273,,thomas.king81@hotmail.com,958 Main St,,Georgetown,WV,56149-4395,2026-05-05
VC001884,Martin,Anthony,Z,05-Mar-1985,4535,761-299-7924,943.492.8957,anthony.martin34@outlook.com,2489 Main St,,Greenville,NV,78009,2026-05-28
VC001885,Brown,Richard,Q,07-21-1995,2659,+18138751173,,richard.brown53@yahoo.com,7429 River Dr,,Salem,NV,91292,2026-05-18
VC001886,Anderson,Charles,,09/22/1977,2670,316.458.3455,,,5305 Lincoln Ave,,Greenville,ID,13255-4932,2026-05-12
VC001887,Torres,Thomas,H,1954-07-08,6360,(469) 372-9631,,,8831 Forest Ave,Apt 518,Marion,UT,88114,2026-05-31
VC001888,Adams,Patricia,A,10-Mar-1981,1392,2588558721,+12489206770,,1612 Washington St,Apt 33,Salem,PA,21639,2026-05-13
VC001889,Miller,Lisa,,01-13-1984,5045,989-924-6992,945.628.8892,lisa.miller54@hotmail.com,9163 Oak Ave,Apt 744,Springfield,ME,55884-2118,2026-05-24
VC001890,Anderson,James,E,06/21/1989,7522,+18752853750,(434) 930-6182,james.anderson23@gmail.com,7667 Sunset Blvd,,Greenville,MS,93892,2026-05-19
VC001891,Miller,Daniel,E,1998-01-28,6372,845.790.7467,,daniel.miller71@hotmail.com,5601 Jefferson Dr,,Georgetown,UT,92547,2026-05-14
VC001892,Smith,Patricia,Z,05-Apr-1991,6413,(511) 248-2448,348-601-2383,patricia.smith95@gmail.com,2467 Hill Rd,,Fairview,IL,21374-3512,2026-05-17
VC001893,Smith,Susan,F,10-14-1950,3483,7388948544,,susan.smith55@icloud.com,751 Forest Ave,,Clinton,GA,11203,2026-06-02
VC001894,Scott,Joseph,B,07/09/1982,8097,966-768-4770,996.432.9260,,4651 Sunset Blvd,Apt 981,Manchester,WY,95677,2026-05-29
VC001895,Nelson,Ashley,E,2000-08-29,4155,+12715555309,,ashley.nelson46@outlook.com,3444 River Dr,Apt 911,Richmond,AL,86145-9945,2026-05-20
VC001896,Hill,Betty,L,03-Sep-1963,2568,254.720.9696,8352407926,betty.hill48@outlook.com,3305 Maple Dr,,Marion,MT,14681,2026-05-06
VC001897,Torres,Thomas,,09-04-1940,7842,(719) 448-3093,,thomas.torres29@yahoo.com,2425 Lincoln Ave,,Madison,IN,35397,2026-05-23
VC001898,Anderson,Anthony,A,07/16/1992,5454,8208561087,+12503521840,anthony.anderson7@gmail.com,6794 Maple Dr,,Dayton,MI,13401-5800,2026-05-31
VC001899,Hill,Barbara,,1962-12-15,3800,907-582-1138,,barbara.hill34@outlook.com,4853 River Dr,,Arlington,MS,38255,2026-06-01
VC001900,Torres,Ashley,P,08-Aug-1992,8468,+12186669192,(847) 948-3470,,1064 Hill Rd,,Springfield,MO,55043,2026-05-19
VC001901,Nguyen,Charles,,11-30-1950,7230,478.281.4586,,charles.nguyen32@gmail.com,9697 Jefferson Dr,,Clinton,FL,85076-7105,2026-05-30
VC001902,Baker,John,,08/21/1962,7778,(829) 967-5844,,,8128 Jefferson Dr,,Fairview,NJ,94290,2026-05-15
VC001903,Thompson,Joseph,J,1983-10-12,1544,5243994717,+14893469649,,4400 River Dr,Apt 336,Dayton,NJ,98077,2026-05-27
VC001904,Williams,Joseph,K,14-Aug-2002,7741,591-709-4519,,,9840 Washington St,,Greenville,SC,38377-7706,2026-05-07
VC001905,Miller,Barbara,H,03-23-1954,2983,+17248886486,(937) 608-2121,,2977 Cedar Ln,,Franklin,GA,15987,2026-05-15
VC001906,Scott,Sarah,R,05/10/1966,6262,284.944.7955,3125592428,sarah.scott67@hotmail.com,1294 River Dr,,Oxford,ID,81496,2026-05-15
VC001907,White,Mark,C,1972-05-05,3142,(656) 714-3622,750-251-7748,mark.white65@aol.com,5087 Maple Dr,,Burlington,MS,65252-2145,2026-05-17
VC001908,Young,Betty,J,22-Sep-1958,1209,7984152760,,betty.young46@icloud.com,9635 Park Blvd,,Manchester,MO,38141,2026-05-15
VC001909,Thomas,Lisa,,12-13-1973,3023,969-490-9040,,lisa.thomas54@gmail.com,3846 River Dr,Apt 732,Arlington,OH,27261,2026-05-30
VC001910,Walker,Linda,,01/11/1991,9780,+15162923699,,linda.walker11@hotmail.com,7879 Lincoln Ave,Apt 124,Manchester,MS,72896-1252,2026-05-07
VC001911,Scott,Anthony,L,1960-08-11,8230,475.349.8166,,,127 Oak Ave,,Salem,KY,14679,2026-05-30
VC001912,Torres,Barbara,O,12-Feb-1996,6785,(584) 831-1370,837-978-6153,barbara.torres61@yahoo.com,3412 Sunset Blvd,,Greenville,NE,94089,2026-05-25
VC001913,Smith,Joseph,,04-25-1979,7875,2695585205,,joseph.smith32@icloud.com,1771 Washington St,Apt 608,Springfield,AR,60585-2786,2026-05-12
VC001914,Wright,Ashley,,02/25/1990,3999,873-771-3967,550.810.3666,ashley.wright39@yahoo.com,4814 Oak Ave,,Salem,FL,43902,2026-05-16
VC001915,Harris,Margaret,I,1961-08-27,4297,+18059363054,(322) 263-9397,,8783 River Dr,,Madison,TX,93482,2026-05-09
VC001916,Williams,Susan,C,05-Dec-1993,9475,411.895.2636,3923209970,susan.williams74@outlook.com,494 Maple Dr,Apt 804,Manchester,SD,96802-9428,2026-05-25
VC001917,Allen,William,G,12-04-1973,4426,(214) 584-1689,381-763-5667,,3182 Maple Dr,Apt 967,Burlington,ID,89880,2026-05-11
VC001918,Torres,Matthew,I,04/12/1942,9313,4355119035,+16089721401,matthew.torres74@yahoo.com,267 River Dr,,Georgetown,ID,82624,2026-06-02
VC001919,Martin,David,A,1951-05-16,7514,245-248-3665,253.681.7683,david.martin79@gmail.com,6876 Maple Dr,,Burlington,KS,21572-6467,2026-05-14
VC001920,Davis,Susan,N,07-Dec-1997,5185,+12022433084,,,6709 River Dr,,Clinton,AR,99037,2026-05-15
VC001921,Adams,Robert,U,08-14-1981,1106,976.719.5306,6307471642,,1018 Jefferson Dr,,Georgetown,OK,79445,2026-05-30
VC001922,Torres,Mark,,05/24/2000,2426,(274) 731-3026,812-872-1726,,4306 River Dr,,Springfield,KY,96765-5391,2026-05-24
VC001923,Nelson,Ashley,,1990-10-04,4859,7336948852,,ashley.nelson88@icloud.com,10 Lake Rd,,Clinton,MA,87663,2026-05-28
VC001924,White,Betty,,15-Nov-1972,2773,676-520-9111,536.551.4844,betty.white43@gmail.com,3343 Lake Rd,,Manchester,CA,77459,2026-06-03
VC001925,Anderson,Michael,R,03-17-1941,6921,+12946489358,(218) 421-9539,michael.anderson60@gmail.com,7766 Sunset Blvd,,Manchester,WY,55288-2006,2026-05-20
VC001926,Williams,Richard,,06/14/1954,9832,368.596.4910,3879969372,,6951 River Dr,Apt 419,Marion,IL,58052,2026-05-11
VC001927,Hill,William,L,1967-10-16,9810,(607) 985-9237,,,7929 Maple Dr,Apt 318,Dayton,WY,68562,2026-05-15
VC001928,Adams,Barbara,,01-Apr-1996,9302,4678481556,,barbara.adams76@hotmail.com,5512 Lake Rd,Apt 639,Clinton,CA,72999-1701,2026-05-07
VC001929,Thomas,Thomas,,02-04-1981,6827,522-683-3111,,thomas.thomas97@aol.com,1204 River Dr,Apt 497,Arlington,AL,17042,2026-06-03
VC001930,Thompson,Richard,A,09/16/1967,4873,+18019211217,,,3812 Main St,Apt 296,Oxford,WI,26260,2026-05-08
VC001931,Torres,David,F,1946-01-31,5638,365.827.9698,8868297946,david.torres42@aol.com,9868 Washington St,,Georgetown,OR,76031-7213,2026-05-21
VC001932,Jackson,Charles,,24-May-1976,4504,(754) 659-6340,571-473-8016,charles.jackson18@aol.com,3237 Main St,,Richmond,CA,34123,2026-05-16
VC001933,White,Charles,U,06-28-1977,9064,3123461888,+16805763059,charles.white69@hotmail.com,6910 Lincoln Ave,Apt 47,Greenville,WI,68629,2026-05-13
VC001934,Hall,William,L,08/31/1996,3060,374-450-3425,,william.hall7@aol.com,4035 Forest Ave,,Greenville,NM,41218-6889,2026-05-19
VC001935,Allen,Ashley,,1964-10-22,2536,+12285432790,,ashley.allen20@outlook.com,8224 Lake Rd,,Richmond,ME,60395,2026-05-23
VC001936,Taylor,Karen,X,04-Feb-1995,4300,257.438.4584,,karen.taylor5@gmail.com,327 Hill Rd,Apt 141,Salem,AL,53481,2026-05-08
VC001937,Brown,Margaret,D,01-13-1943,8623,(877) 416-4387,,margaret.brown19@hotmail.com,3135 Jefferson Dr,Apt 272,Salem,WY,54215-5475,2026-05-14
VC001938,Garcia,Charles,,08/17/1958,2753,6168695928,,charles.garcia80@icloud.com,4309 Hill Rd,Apt 312,Madison,WI,17167,2026-05-12
VC001939,Wilson,Matthew,X,2000-12-21,1522,281-553-9332,567.223.6033,matthew.wilson7@aol.com,9872 Lincoln Ave,Apt 833,Fairview,OR,28404,2026-05-08
VC001940,Baker,Sarah,Q,16-Apr-1975,7593,+15457332575,,sarah.baker14@yahoo.com,2141 Sunset Blvd,,Manchester,OK,70943-7573,2026-06-04
VC001941,Thompson,Margaret,,09-15-1943,1868,927.514.7365,2014585904,margaret.thompson56@aol.com,85 Sunset Blvd,Apt 207,Richmond,OH,82802,2026-05-27
VC001942,Smith,Ashley,,12/27/1978,3700,(973) 967-5948,289-855-2980,,2575 Lincoln Ave,Apt 494,Springfield,SD,24279,2026-05-24
VC001943,Miller,John,K,2002-12-21,8497,6225968197,,john.miller75@gmail.com,3585 Maple Dr,,Manchester,GA,25773-8940,2026-06-04
VC001944,Brown,David,O,08-Feb-1944,3794,488-658-1320,,david.brown68@outlook.com,4234 Hill Rd,Apt 315,Georgetown,WV,51615,2026-06-03
VC001945,Harris,Mark,,10-18-1971,8069,+18777438416,(505) 253-6674,mark.harris4@outlook.com,5767 Park Blvd,,Franklin,OK,21018,2026-06-03
VC001946,Jones,Mark,,10/07/1968,7163,289.348.3769,3137552995,,822 Forest Ave,,Springfield,WV,79001-8863,2026-05-28
VC001947,Adams,Barbara,B,2000-06-12,1614,(246) 914-1092,,barbara.adams36@gmail.com,6375 Hill Rd,,Greenville,MD,94474,2026-05-25
VC001948,Williams,Ashley,,13-Mar-1971,6730,2608441800,+16512389660,,5029 River Dr,,Franklin,CT,76035,2026-05-13
VC001949,Nelson,Sandra,D,04-28-2001,4053,630-924-7036,525.663.8805,sandra.nelson41@outlook.com,7487 Lincoln Ave,,Richmond,GA,65818-9734,2026-05-19
VC001950,Adams,John,D,01/21/1979,8006,+18904917675,(808) 881-9179,,1182 Forest Ave,,Georgetown,SD,48069,2026-05-19
VC001951,Thompson,Joseph,B,1959-02-11,8091,210.433.5166,,joseph.thompson66@yahoo.com,8480 Jefferson Dr,Apt 310,Manchester,MN,70612,2026-05-08
VC001952,Torres,Barbara,,22-Nov-1953,5218,(517) 805-5827,,barbara.torres49@hotmail.com,5557 Lincoln Ave,,Richmond,TN,40894-4890,2026-05-30
VC001953,Brown,Joseph,,11-30-1972,6021,9792724263,+16396283882,joseph.brown86@aol.com,2824 Oak Ave,Apt 274,Franklin,OK,13171,2026-05-08
VC001954,Torres,Mary,,03/13/2004,6001,661-396-2247,482.342.6878,,880 Hill Rd,Apt 236,Springfield,PA,91279,2026-05-16
VC001955,Brown,Ashley,Q,1961-03-25,8459,+17995272458,(979) 202-1891,ashley.brown32@hotmail.com,5610 Hill Rd,,Clinton,DE,14486-1544,2026-05-14
VC001956,Hill,Mark,R,28-Mar-1976,1117,846.399.4456,3232736540,mark.hill97@icloud.com,9086 Sunset Blvd,,Richmond,NM,91855,2026-05-06
VC001957,Brown,Jessica,K,09-16-1945,2840,(657) 354-1890,990-298-1945,,1293 Forest Ave,,Richmond,WA,12981,2026-05-18
VC001958,Taylor,Charles,Y,09/19/1994,9827,6503587134,,charles.taylor73@outlook.com,4961 Washington St,,Springfield,GA,87259-4149,2026-05-06
VC001959,Thompson,Daniel,E,1997-04-12,9706,612-994-6587,877.889.9958,daniel.thompson46@hotmail.com,972 Jefferson Dr,Apt 35,Greenville,FL,11278,2026-05-13
VC001960,King,Robert,S,11-Jan-2001,5288,+14298599451,,,8078 Lake Rd,Apt 724,Manchester,IN,94017,2026-05-12
VC001961,Anderson,Richard,K,05-06-1972,6194,648.552.6921,5785898893,richard.anderson78@yahoo.com,1100 Valley Ln,,Greenville,KY,42834-2062,2026-05-05
VC001962,Johnson,Betty,Y,11/17/1953,3154,(940) 610-9551,,betty.johnson66@gmail.com,6267 Jefferson Dr,Apt 483,Arlington,LA,12362,2026-05-31
VC001963,Williams,Mary,U,1986-05-21,4983,4987775040,+15056324869,mary.williams60@yahoo.com,8402 Maple Dr,,Richmond,NJ,37396,2026-05-22
VC001964,Johnson,Susan,Z,03-Jul-1957,3938,444-364-2920,546.973.3961,,9388 Lake Rd,Apt 233,Clinton,WA,91543-2972,2026-05-26
VC001965,Wright,Mark,U,07-21-1992,5277,+17685355785,,mark.wright41@yahoo.com,8252 Cedar Ln,Apt 159,Clinton,RI,80857,2026-05-17
VC001966,Thomas,Joseph,,09/05/1995,1934,582.285.7769,,joseph.thomas80@hotmail.com,8290 Forest Ave,,Madison,UT,15593,2026-05-12
VC001967,Baker,Linda,R,1967-08-28,6526,(774) 415-1104,,linda.baker33@hotmail.com,4115 Oak Ave,,Arlington,AK,58569-6443,2026-05-11
VC001968,Baker,Joseph,J,19-Jan-1946,2134,2914484545,,joseph.baker86@hotmail.com,524 Hill Rd,,Franklin,MS,98628,2026-05-27
VC001969,Allen,Patricia,J,09-20-1982,9762,882-948-8651,913.263.5139,,1011 River Dr,,Franklin,SC,76189,2026-05-06
VC001970,Davis,Karen,R,06/04/1985,2677,+17863477388,(661) 668-9018,karen.davis78@yahoo.com,8064 Oak Ave,,Burlington,IL,44234-7731,2026-05-16
VC001971,Harris,Barbara,B,1954-04-07,8623,468.335.2910,3813088634,barbara.harris65@aol.com,3464 Jefferson Dr,Apt 458,Salem,GA,55541,2026-05-21
VC001972,Martin,Nancy,,09-Mar-2000,1380,(845) 486-2496,306-621-8827,nancy.martin79@hotmail.com,7936 River Dr,,Manchester,AR,90787,2026-05-28
VC001973,Baker,Jennifer,U,08-24-2001,4695,7595842661,+15024662007,jennifer.baker49@hotmail.com,7856 Lincoln Ave,Apt 94,Richmond,OR,95323-8491,2026-05-30
VC001974,Young,Patricia,,11/03/2001,2414,510-736-6904,,,4950 Lincoln Ave,,Salem,AL,90946,2026-05-19
VC001975,Brown,John,,2001-05-18,2072,+13149667683,,,7505 Maple Dr,Apt 678,Arlington,NH,39524,2026-05-26
VC001976,Wilson,Thomas,I,30-Jun-1993,5637,666.208.1556,3665211063,thomas.wilson30@icloud.com,2744 Valley Ln,Apt 459,Fairview,OR,11603-9470,2026-06-02
VC001977,Thomas,Daniel,C,01-05-1995,9102,(446) 693-9257,,daniel.thomas42@yahoo.com,3077 Washington St,,Oxford,AK,43089,2026-05-27
VC001978,Davis,Robert,K,03/30/2002,6826,6125946097,+13229773265,,3736 Cedar Ln,,Dayton,WA,35246,2026-05-13
VC001979,Harris,Robert,Z,1940-04-09,5895,303-994-8576,974.923.8796,robert.harris15@hotmail.com,1521 River Dr,,Madison,CT,18911-1651,2026-05-18
VC001980,Jones,Linda,H,26-Apr-1950,6721,+13687209822,(757) 712-8033,,9878 Washington St,Apt 40,Fairview,MO,51618,2026-05-24
VC001981,Garcia,Betty,O,08-07-1975,3278,958.367.3833,,,8566 Jefferson Dr,,Greenville,MT,68343,2026-05-26
VC001982,Jones,Robert,,01/27/2001,9758,(928) 442-9857,,,8091 Sunset Blvd,,Clinton,NH,37204-7376,2026-05-16
VC001983,Torres,Nancy,,1996-09-14,3100,9075293990,+14567256963,,5732 Cedar Ln,Apt 982,Greenville,PA,42338,2026-06-03
VC001984,Harris,Sarah,R,16-Jun-1958,4692,894-844-7274,,sarah.harris16@hotmail.com,8948 Forest Ave,,Arlington,ID,91297,2026-06-03
VC001985,Miller,James,H,05-29-1991,1173,+16939967469,(329) 688-7319,,4770 Forest Ave,,Arlington,NM,16056-6345,2026-05-08
VC001986,Torres,Margaret,,07/09/1970,1364,373.570.5771,8667194271,,2651 Main St,,Springfield,IA,21194,2026-05-13
VC001987,Williams,Charles,,1983-01-21,1112,(697) 587-5461,600-885-2024,charles.williams4@hotmail.com,4634 Valley Ln,,Dayton,NJ,47236,2026-05-07
VC001988,Anderson,Lisa,J,08-Jan-1947,7435,7135675348,,,9031 Washington St,Apt 342,Arlington,NM,76519-9143,2026-05-08
VC001989,Nelson,Jessica,M,05-03-2000,6279,755-824-2577,466.414.5740,,882 Lake Rd,,Dayton,AL,46940,2026-05-29
VC001990,King,Anthony,K,10/15/1986,3072,+18625053973,,anthony.king54@yahoo.com,398 Main St,,Salem,VA,26552,2026-05-20
VC001991,Martin,Patricia,,1963-09-10,8608,967.911.8107,,patricia.martin31@icloud.com,534 River Dr,,Salem,MN,28261-8423,2026-05-05
VC001992,Wilson,Robert,C,30-Aug-1988,2816,(826) 335-5956,,robert.wilson19@outlook.com,2067 Main St,Apt 363,Marion,AR,63744,2026-05-16
VC001993,Hall,Linda,Q,11-30-1979,3015,9729516470,+19552761264,linda.hall90@icloud.com,1779 Valley Ln,,Springfield,LA,74308,2026-05-15
VC001994,Hall,Daniel,V,12/20/1962,6240,776-512-5317,948.409.8921,daniel.hall4@yahoo.com,9510 Lincoln Ave,,Madison,IL,97936-1172,2026-05-05
VC001995,Young,Nancy,U,1961-12-24,3213,+15697043234,,nancy.young40@gmail.com,7921 Valley Ln,,Fairview,KY,48350,2026-05-08
VC001996,Wright,Robert,,11-Jul-1973,4601,343.495.9270,4054019563,,6660 Maple Dr,,Manchester,WV,41743,2026-05-23
VC001997,Jones,Linda,Y,11-08-1971,2250,(878) 357-5020,957-714-7889,linda.jones37@icloud.com,3042 Lake Rd,,Oxford,LA,57982-1854,2026-06-02
VC001998,Garcia,Thomas,,01/26/1992,2786,8377941324,+13553266660,thomas.garcia82@outlook.com,3261 Washington St,,Franklin,NM,70446,2026-05-10
VC001999,Thomas,Margaret,,1959-02-03,9863,721-762-2980,,margaret.thomas99@gmail.com,7815 Park Blvd,,Clinton,WA,21757,2026-06-01
VC002000,Baker,Michael,L,12-Jul-1942,5769,+14432931718,,michael.baker14@hotmail.com,4308 Sunset Blvd,Apt 706,Fairview,AK,81061-5666,2026-05-27
VC002001,Davis,Anthony,J,07-29-1989,2450,499.884.6352,,anthony.davis21@yahoo.com,8412 Oak Ave,,Franklin,NM,14178,2026-05-10
VC002002,Baker,Anthony,,03/27/1967,1218,(490) 377-1890,,,4014 Forest Ave,,Greenville,HI,56703,2026-05-10
VC002003,Adams,Matthew,Z,1944-03-15,6780,9366437305,,,6568 Jefferson Dr,,Madison,NM,61648-6635,2026-05-09
VC002004,Thompson,Mark,,12-Sep-1958,6624,500-399-1282,,,2626 Lake Rd,,Burlington,CA,47250,2026-05-29
VC002005,Williams,Thomas,,10-11-1982,5783,+12063393150,(336) 558-1386,thomas.williams3@hotmail.com,8715 Washington St,Apt 356,Oxford,HI,14962,2026-05-31
VC002006,Brown,Betty,P,11/30/1951,7791,593.594.1039,4719911130,betty.brown16@outlook.com,2987 Forest Ave,Apt 323,Oxford,CO,99341-2493,2026-05-06
VC002007,Nguyen,Joseph,X,1964-07-16,8470,(840) 591-3571,848-947-3280,joseph.nguyen19@outlook.com,9730 Forest Ave,,Manchester,MA,24122,2026-05-14
VC002008,Miller,Margaret,L,25-Oct-1946,9775,6148613287,,margaret.miller14@aol.com,187 Maple Dr,Apt 860,Dayton,ND,48676,2026-05-05
VC002009,Brown,Joseph,N,07-01-1986,5058,807-693-7651,560.284.8869,,7318 Lake Rd,Apt 911,Burlington,MI,92204-4097,2026-05-06
VC002010,Jackson,Matthew,M,10/01/1989,2680,+14048193267,,matthew.jackson54@yahoo.com,4097 Main St,Apt 458,Dayton,NM,58655,2026-05-27
VC002011,Wright,Linda,,1999-06-22,7663,335.827.4467,,linda.wright66@hotmail.com,6850 Lincoln Ave,,Fairview,CT,72170,2026-06-02
VC002012,Wilson,Susan,Y,17-Oct-1970,2281,(999) 652-2833,620-457-8683,susan.wilson79@gmail.com,718 Washington St,Apt 467,Dayton,NE,42819-3715,2026-05-08
VC002013,Hall,Jennifer,E,01-04-2001,1090,5224317802,,jennifer.hall15@hotmail.com,5462 Washington St,,Clinton,UT,15798,2026-05-24
VC002014,Harris,Mary,,10/13/1959,5584,734-400-8263,,,6737 Sunset Blvd,,Greenville,AR,58281,2026-05-15
VC002015,Hall,William,,1955-10-15,6390,+13364126107,(610) 971-9131,,9426 Valley Ln,,Georgetown,IL,85847-3196,2026-05-29
VC002016,Jackson,Jennifer,,14-Mar-1975,2310,962.204.5450,3703951243,jennifer.jackson55@yahoo.com,8352 Jefferson Dr,Apt 467,Madison,VA,93990,2026-05-31
VC002017,White,Linda,O,11-09-1949,5689,(540) 722-2170,,linda.white21@aol.com,5326 Cedar Ln,,Fairview,ID,77692,2026-06-04
VC002018,Scott,John,,12/25/1970,7793,3087814548,,john.scott56@icloud.com,2610 Forest Ave,,Fairview,MN,98432-5298,2026-05-27
VC002019,Harris,Jennifer,,1964-05-10,6731,907-416-1227,817.683.7776,,1912 Main St,,Springfield,NC,97727,2026-05-08
VC002020,Nguyen,Mark,,04-Oct-1946,9265,+18616992818,,mark.nguyen16@outlook.com,6930 Hill Rd,,Salem,HI,14027,2026-05-24
VC002021,Torres,Michael,K,10-05-2004,2703,355.438.1876,,,8868 Forest Ave,,Georgetown,HI,24137-5049,2026-05-24
VC002022,Young,Mary,X,10/09/1997,3032,(612) 838-2798,,,7423 Hill Rd,,Springfield,ID,10817,2026-05-24
VC002023,Brown,Richard,D,1977-03-01,1863,5748676825,+14728934831,richard.brown51@icloud.com,657 Forest Ave,Apt 868,Georgetown,CA,96508,2026-05-10
VC002024,Davis,Daniel,G,27-Jan-1989,3550,905-607-4992,,daniel.davis2@aol.com,2247 Hill Rd,,Fairview,CT,66948-7349,2026-05-24
VC002025,Wilson,Robert,F,09-24-1954,2745,+16219127273,,robert.wilson18@yahoo.com,6522 Hill Rd,Apt 851,Dayton,WY,34196,2026-06-04
VC002026,Thomas,David,T,03/28/1978,2272,320.282.3713,,,7767 Forest Ave,,Marion,WA,19231,2026-05-10
VC002027,Hill,Patricia,,1971-04-03,2336,(706) 757-9313,,,3896 Jefferson Dr,Apt 222,Madison,VA,46858-7437,2026-05-17
VC002028,Torres,Betty,P,27-Oct-1991,9161,6024965049,,betty.torres29@yahoo.com,321 Valley Ln,,Georgetown,KY,43278,2026-05-19
VC002029,Scott,Nancy,A,09-16-1944,9709,645-433-1483,,nancy.scott74@gmail.com,8152 Park Blvd,,Oxford,IA,50848,2026-05-23
VC002030,Wilson,Daniel,,03/15/1975,1184,+19413005936,(640) 438-6428,daniel.wilson4@aol.com,5739 Maple Dr,,Arlington,TN,82262-8765,2026-05-25
VC002031,Brown,Susan,C,2004-02-13,2737,490.444.5780,,susan.brown66@hotmail.com,5517 Valley Ln,,Greenville,AL,30177,2026-05-27
VC002032,Anderson,Betty,,16-Aug-2001,6452,(588) 238-4940,,,771 Forest Ave,,Arlington,AK,64459,2026-05-19
VC002033,Jackson,Susan,,07-06-1970,6455,9115615068,+15648086925,susan.jackson54@aol.com,72 Park Blvd,Apt 158,Georgetown,MS,52446-1351,2026-05-21
VC002034,Scott,David,,03/24/1953,5615,460-728-4436,748.998.5034,david.scott97@gmail.com,3863 Washington St,Apt 166,Oxford,ND,34943,2026-05-10
VC002035,Hill,Michael,,1965-09-15,1985,+15102539527,(839) 411-4588,michael.hill51@icloud.com,1584 Valley Ln,,Dayton,MD,50650,2026-05-18
VC002036,Torres,James,,27-Feb-1945,6828,512.858.9446,6085865606,james.torres51@yahoo.com,581 Forest Ave,Apt 43,Arlington,SC,73998-5118,2026-05-13
VC002037,White,Patricia,J,07-16-1990,8209,(646) 863-4825,,patricia.white18@hotmail.com,2004 Park Blvd,,Madison,TX,96877,2026-05-28
VC002038,Baker,Sandra,,02/21/1986,8997,4604018572,,sandra.baker39@icloud.com,6207 Maple Dr,Apt 256,Richmond,CO,12832,2026-05-11
VC002039,Hall,Lisa,,1957-11-22,1258,741-958-4016,613.264.2514,lisa.hall19@yahoo.com,527 Maple Dr,,Clinton,MD,46827-1647,2026-05-16
VC002040,Johnson,Karen,G,11-Aug-1984,7569,+17882698924,,karen.johnson90@gmail.com,4239 Valley Ln,,Georgetown,MO,58218,2026-05-09
VC002041,Miller,Jessica,D,10-30-1947,9390,626.950.9281,9109318963,jessica.miller92@aol.com,5051 Forest Ave,Apt 808,Georgetown,OR,54818,2026-05-15
VC002042,Hall,Patricia,N,12/19/1953,5956,(768) 936-6018,,patricia.hall95@gmail.com,6255 Maple Dr,,Richmond,SC,19920-3277,2026-05-31
VC002043,Hill,Lisa,V,1987-11-07,2104,9017089792,,,617 Forest Ave,Apt 562,Manchester,MA,77042,2026-06-01
VC002044,Scott,Mary,,04-Jul-1987,8017,470-586-4074,,mary.scott64@yahoo.com,6491 Lake Rd,,Marion,GA,97114,2026-05-12
VC002045,Jackson,Sarah,,06-11-1940,3414,+19952582171,(624) 591-5061,sarah.jackson71@gmail.com,4842 Valley Ln,Apt 788,Marion,WI,27260-8424,2026-05-21
VC002046,Thomas,David,,01/26/1962,7794,971.654.3031,9415529845,david.thomas58@outlook.com,657 River Dr,Apt 688,Arlington,ID,14015,2026-05-08
VC002047,Brown,Matthew,K,1949-12-23,5001,(469) 349-1536,,,5118 Sunset Blvd,Apt 87,Georgetown,NY,77593,2026-05-24
VC002048,Thompson,Michael,,10-Nov-1971,7574,5898389344,+19238319458,michael.thompson8@aol.com,7348 Maple Dr,,Fairview,MO,30254-9921,2026-05-08
VC002049,Walker,Robert,O,11-11-1992,3141,399-348-9307,394.578.8495,robert.walker36@hotmail.com,6747 Washington St,,Madison,ME,53898,2026-05-24
VC002050,Thompson,David,,12/11/2001,5976,+12899409116,,david.thompson22@hotmail.com,7141 Sunset Blvd,,Madison,LA,29050,2026-05-28
VC002051,Smith,Margaret,W,1995-01-27,6694,296.940.5764,6033631025,,6849 Main St,,Franklin,AZ,91190-6469,2026-05-26
VC002052,Wright,Patricia,,09-Jul-1940,2768,(495) 278-8540,,patricia.wright83@yahoo.com,7570 Washington St,,Franklin,CO,78131,2026-05-18
VC002053,Anderson,Anthony,,09-10-2004,3416,7325945283,,anthony.anderson3@outlook.com,2928 Cedar Ln,,Madison,SD,76976,2026-05-22
VC002054,Thompson,Betty,E,06/01/1975,7955,588-287-8716,,,4987 Forest Ave,,Fairview,NC,41306-8878,2026-05-15
VC002055,Adams,Mark,N,1974-08-13,7128,+13683887351,,mark.adams48@icloud.com,5051 Oak Ave,,Burlington,FL,44467,2026-05-21
VC002056,Nelson,Barbara,Q,18-Aug-1971,5080,552.470.3196,,barbara.nelson5@gmail.com,3681 Cedar Ln,Apt 561,Fairview,MO,67690,2026-05-06
VC002057,King,Joseph,B,09-05-1982,5842,(495) 607-7171,,joseph.king59@hotmail.com,8290 Lake Rd,Apt 594,Salem,KS,89428-1236,2026-05-09
VC002058,Torres,Betty,,03/07/1990,5023,2934176119,+18646411062,betty.torres60@aol.com,5839 Jefferson Dr,,Springfield,OR,47013,2026-05-06
VC002059,Walker,Charles,,1968-06-14,5060,397-616-4787,,charles.walker24@aol.com,5679 Lake Rd,,Marion,SD,29370,2026-05-05
VC002060,Nelson,Mark,J,31-May-1989,5758,+15619443534,(615) 566-5798,,5411 Oak Ave,,Greenville,HI,53379-6038,2026-05-12
VC002061,Smith,Susan,O,07-17-1948,8706,582.251.5309,2593267383,,8703 Washington St,,Manchester,MA,71546,2026-05-18
VC002062,Williams,Patricia,S,04/27/1988,6832,(931) 268-9753,526-280-9366,patricia.williams38@aol.com,6217 Cedar Ln,,Salem,VA,40121,2026-05-08
VC002063,Nelson,Susan,O,1952-07-24,6324,8817329963,+18683155077,susan.nelson96@hotmail.com,928 Washington St,Apt 398,Springfield,DE,97464-1930,2026-05-24
VC002064,Jones,Mary,,29-May-1942,6976,493-348-9107,,,4665 Main St,,Madison,AZ,14875,2026-05-29
VC002065,Taylor,Christopher,P,06-26-1989,7336,+19843364362,(319) 418-9997,christopher.taylor2@hotmail.com,2312 Main St,,Springfield,VT,99526,2026-05-26
VC002066,Taylor,Christopher,L,11/12/1987,7135,452.873.8736,6368166870,christopher.taylor60@hotmail.com,6904 Sunset Blvd,,Manchester,GA,61957-1695,2026-05-27
VC002067,Scott,Lisa,Y,2000-09-30,1191,(447) 937-6343,,,9505 Main St,,Richmond,WI,69782,2026-05-19
VC002068,Garcia,Robert,,01-Jun-1998,6886,8194287644,+16917958832,robert.garcia35@aol.com,7756 Sunset Blvd,,Greenville,OK,93039,2026-05-08
VC002069,Baker,Barbara,W,07-13-1989,9315,223-606-1649,,barbara.baker88@outlook.com,8535 Lincoln Ave,Apt 190,Dayton,MI,54471-7158,2026-05-09
VC002070,Martin,Charles,B,03/26/1963,6861,+18695498474,,charles.martin66@aol.com,3621 Hill Rd,,Clinton,NC,37089,2026-05-26
VC002071,Torres,Daniel,T,1991-04-07,3051,807.385.7290,9303431615,,7933 Sunset Blvd,Apt 747,Burlington,NV,49107,2026-05-05
VC002072,Scott,John,,27-Sep-2002,8473,(565) 650-7603,371-612-6775,john.scott7@yahoo.com,5499 Forest Ave,,Springfield,GA,17037-6027,2026-05-17
VC002073,Scott,Christopher,,08-23-1958,7993,5596591155,,,2518 Lake Rd,Apt 9,Burlington,NC,27988,2026-05-24
VC002074,Johnson,Jennifer,H,01/15/1954,9551,495-363-3426,,jennifer.johnson3@icloud.com,4564 Forest Ave,Apt 251,Arlington,AL,44289,2026-05-08
VC002075,Young,Sandra,Z,1967-09-17,6227,+19858658535,(369) 397-5186,sandra.young98@gmail.com,7511 Lincoln Ave,Apt 909,Greenville,WY,85302-6846,2026-06-04
VC002076,Johnson,Christopher,A,05-Aug-1962,3986,416.393.6750,,,8337 Park Blvd,Apt 300,Marion,MO,59088,2026-06-02
VC002077,Adams,Christopher,,05-26-1947,5969,(794) 960-9893,378-439-9263,christopher.adams18@hotmail.com,2067 Main St,Apt 548,Arlington,IN,64528,2026-05-22
VC002078,Brown,Robert,W,02/21/1964,3742,4362645261,,,4983 Jefferson Dr,Apt 603,Marion,VA,15872-1124,2026-05-31
VC002079,Allen,Susan,S,1950-02-21,5750,684-219-3952,,susan.allen43@yahoo.com,5757 Valley Ln,,Oxford,NV,22541,2026-05-25
VC002080,Scott,Sandra,,02-Mar-1978,4654,+12486614541,(930) 699-9195,sandra.scott62@yahoo.com,4888 Main St,Apt 861,Salem,AZ,12231,2026-05-11
VC002081,White,David,I,09-14-1998,3273,817.653.6963,4887245132,david.white9@gmail.com,1045 River Dr,,Burlington,NM,91499-7627,2026-05-21
VC002082,Harris,Margaret,B,08/17/1969,6877,(462) 993-9129,,margaret.harris86@outlook.com,4255 River Dr,Apt 741,Oxford,NY,31741,2026-05-13
VC002083,Wilson,Thomas,P,1994-11-16,9666,4505785669,,thomas.wilson45@gmail.com,2585 Forest Ave,,Richmond,OH,49651,2026-05-20
VC002084,Anderson,Charles,Y,29-Feb-1976,1374,261-934-5467,,charles.anderson72@outlook.com,2582 Washington St,Apt 194,Arlington,TN,65886-9912,2026-05-16
VC002085,Scott,Susan,,06-24-1984,7170,+14526477102,(842) 816-4069,susan.scott35@outlook.com,4189 Jefferson Dr,,Franklin,VT,30468,2026-06-04
VC002086,Williams,Karen,W,05/19/1970,9742,566.852.5377,4354558999,karen.williams2@hotmail.com,6070 Forest Ave,Apt 544,Madison,MT,51975,2026-05-13
VC002087,Miller,Jessica,,1978-11-27,5734,(504) 376-6449,,jessica.miller60@outlook.com,4470 Valley Ln,,Arlington,WI,91028-4968,2026-05-07
VC002088,Adams,Susan,,12-Jun-1998,7157,6692894374,,susan.adams65@hotmail.com,4024 Cedar Ln,,Dayton,TN,24962,2026-05-27
VC002089,Scott,Joseph,M,07-28-1951,1703,618-965-8161,,,4484 Sunset Blvd,Apt 903,Georgetown,VT,64071,2026-05-10
VC002090,Torres,Lisa,T,03/31/2004,9269,+19969875290,,lisa.torres19@outlook.com,4919 Park Blvd,,Madison,WY,59204-8480,2026-05-15
VC002091,Harris,Susan,N,1990-03-14,4414,920.885.3413,6987688456,susan.harris21@aol.com,7196 Cedar Ln,Apt 388,Franklin,NC,61577,2026-05-14
VC002092,Harris,Susan,G,08-Sep-1968,6478,(549) 650-5911,381-312-6557,susan.harris4@aol.com,7989 Oak Ave,Apt 155,Salem,NH,24052,2026-05-10
VC002093,Jones,William,X,04-27-1968,4249,2864214201,,william.jones78@outlook.com,7685 Maple Dr,,Burlington,NE,47779-2277,2026-05-10
VC002094,Scott,Thomas,,11/05/1967,3245,513-335-1081,,thomas.scott46@aol.com,2899 Cedar Ln,,Madison,FL,50576,2026-05-23
VC002095,Brown,James,,1991-12-18,2607,+17153598350,,james.brown32@hotmail.com,1334 Cedar Ln,,Manchester,MO,77351,2026-05-23
VC002096,Taylor,Nancy,G,17-Jul-1968,2591,219.624.3126,,nancy.taylor53@yahoo.com,4502 Park Blvd,,Salem,RI,93211-6813,2026-05-22
VC002097,Harris,Betty,,06-21-1988,3832,(986) 676-3211,497-818-6414,betty.harris79@hotmail.com,9444 Lake Rd,Apt 473,Burlington,GA,71603,2026-05-05
VC002098,Thomas,Anthony,Y,06/03/1996,8655,7995685932,+14632389381,anthony.thomas74@outlook.com,5560 Lake Rd,Apt 365,Dayton,UT,16739,2026-05-12
VC002099,Garcia,Ashley,,1952-08-06,8531,966-445-4829,963.650.2343,ashley.garcia40@outlook.com,5323 River Dr,,Springfield,VA,98020-7144,2026-05-26
VC002100,Torres,Patricia,P,26-Nov-1959,6047,+13488224293,(917) 944-1070,,1702 Cedar Ln,,Springfield,AL,61477,2026-06-03
VC002101,Hall,Betty,Q,02-26-1992,6540,201.394.1473,,betty.hall43@outlook.com,2115 Valley Ln,Apt 164,Fairview,UT,10228,2026-06-01
VC002102,Walker,Lisa,H,01/13/1998,3635,(909) 715-9718,985-206-7399,,2431 Lake Rd,,Richmond,NH,56649-4870,2026-05-17
VC002103,Allen,Jennifer,,1999-01-07,3264,2575635372,,jennifer.allen62@gmail.com,396 Main St,,Madison,MS,59694,2026-05-29
VC002104,Davis,Richard,O,01-Jan-1997,6881,921-305-2879,612.240.2467,richard.davis79@icloud.com,420 Maple Dr,Apt 140,Salem,ND,66561,2026-05-21
VC002105,Jackson,Sandra,P,11-12-2001,6722,+17866581544,(388) 663-3408,sandra.jackson77@icloud.com,2182 Cedar Ln,,Dayton,OH,66486-7470,2026-06-02
VC002106,Smith,Mary,N,04/08/1941,7145,426.215.1581,6927089053,mary.smith34@hotmail.com,2280 Forest Ave,,Salem,IA,28130,2026-05-27
VC002107,Johnson,Sarah,,1978-06-20,5603,(458) 699-5082,673-513-9408,sarah.johnson88@outlook.com,588 Lake Rd,,Springfield,OH,83898,2026-06-01
VC002108,Nelson,Sandra,F,03-Jun-1990,9639,7004241245,,sandra.nelson2@outlook.com,8869 Cedar Ln,Apt 273,Manchester,AR,39752-3882,2026-05-19
VC002109,Williams,Patricia,Y,03-14-1985,8397,274-941-8982,,,5236 Park Blvd,Apt 680,Georgetown,GA,13613,2026-06-04
VC002110,Taylor,Sandra,J,01/07/1978,5807,+18219037390,,sandra.taylor6@hotmail.com,3332 Oak Ave,,Springfield,MO,30665,2026-05-07
VC002111,Hall,Joseph,G,1977-06-27,2429,614.326.7893,,joseph.hall79@gmail.com,9640 Cedar Ln,,Arlington,LA,85423-8620,2026-05-26
VC002112,Anderson,Karen,B,11-Oct-1987,3198,(859) 913-6496,821-954-6530,karen.anderson5@hotmail.com,4608 Park Blvd,,Arlington,NY,71723,2026-05-09
VC002113,Taylor,Charles,Q,11-18-1947,8683,8227526130,,charles.taylor50@yahoo.com,2239 Maple Dr,,Oxford,NE,58863,2026-06-01
VC002114,Baker,Robert,L,09/10/1940,5174,266-496-2238,424.761.8239,,2399 Maple Dr,Apt 969,Richmond,MI,83334-9159,2026-05-30
VC002115,Jones,Joseph,P,2003-10-04,8751,+12575263000,,joseph.jones68@hotmail.com,145 Lincoln Ave,,Marion,AK,79831,2026-05-31
VC002116,Martin,Sarah,K,27-Aug-2000,7258,565.581.1823,,sarah.martin61@gmail.com,3444 Forest Ave,Apt 137,Franklin,OH,19885,2026-05-13
VC002117,King,Betty,Q,02-16-1978,6679,(834) 586-6103,450-864-3362,betty.king15@gmail.com,9014 Jefferson Dr,Apt 861,Marion,AR,23074-8873,2026-05-06
VC002118,Williams,Daniel,A,09/19/1999,6406,5663707360,+15472854034,daniel.williams82@icloud.com,2970 Forest Ave,,Marion,WA,60473,2026-05-12
VC002119,Hall,Mary,Y,1966-12-15,1238,373-423-4082,,,1466 Lincoln Ave,,Arlington,MA,27436,2026-05-15
VC002120,Nelson,James,R,25-Oct-1946,8399,+19172321187,,james.nelson60@icloud.com,6560 Maple Dr,Apt 76,Greenville,MA,15791-6217,2026-05-14
VC002121,Garcia,Linda,H,08-25-1995,1332,914.963.2593,,linda.garcia36@gmail.com,4816 Washington St,,Madison,AZ,69550,2026-05-18
VC002122,Anderson,Barbara,,01/16/1981,9362,(687) 478-1999,739-439-3135,barbara.anderson78@yahoo.com,3659 Washington St,,Dayton,NM,17156,2026-05-23
VC002123,Jackson,Christopher,,2002-07-28,3422,4486891565,+15768412132,christopher.jackson95@yahoo.com,5922 Sunset Blvd,Apt 137,Burlington,UT,13703-9949,2026-05-21
VC002124,Baker,Daniel,S,24-Oct-1999,1550,610-352-3915,,daniel.baker16@icloud.com,3482 Main St,Apt 914,Manchester,OH,79879,2026-05-08
VC002125,Allen,Robert,J,10-23-1971,6283,+14824728620,(741) 738-2894,robert.allen91@aol.com,3002 Lincoln Ave,Apt 154,Salem,FL,50811,2026-06-03
VC002126,Hill,Ashley,V,10/16/1995,7844,528.499.2361,3833889429,ashley.hill26@icloud.com,5812 Valley Ln,Apt 768,Manchester,NY,12091-4923,2026-05-30
VC002127,Taylor,Jennifer,G,1966-11-28,8133,(641) 297-4217,774-453-2407,jennifer.taylor71@yahoo.com,68 Valley Ln,,Madison,KY,16958,2026-05-11
VC002128,Davis,Jennifer,H,24-Apr-1956,2497,9595795324,,,3253 Washington St,,Madison,KY,80544,2026-05-18
VC002129,Wilson,Betty,S,05-09-1976,3753,507-780-8662,807.874.8163,betty.wilson63@aol.com,9087 Main St,,Arlington,OH,92387-9834,2026-05-17
VC002130,Young,Thomas,,10/15/1986,8011,+15282957405,(466) 594-4387,thomas.young32@yahoo.com,6503 Main St,,Salem,NM,34631,2026-05-13
VC002131,Wilson,Linda,L,1958-06-07,9482,815.814.5668,,linda.wilson32@aol.com,440 Jefferson Dr,,Richmond,TX,49537,2026-05-05
VC002132,Thompson,Matthew,Y,16-May-1961,2346,(588) 525-1281,,,9180 Valley Ln,Apt 650,Fairview,AK,42768-6554,2026-05-31
VC002133,Wright,Michael,P,01-31-1949,7443,7129678031,,michael.wright71@hotmail.com,4037 Sunset Blvd,,Oxford,AK,64127,2026-05-31
VC002134,Wilson,Lisa,,11/02/1971,5730,297-761-5360,783.789.4085,lisa.wilson85@outlook.com,6891 River Dr,,Arlington,MA,59752,2026-05-26
VC002135,Hill,John,K,1976-08-25,2165,+12313576812,(207) 894-5180,john.hill20@outlook.com,5939 Maple Dr,,Manchester,NE,97702-7900,2026-05-11
VC002136,Harris,Robert,P,27-Mar-1977,8591,644.937.4211,,robert.harris18@icloud.com,8217 Sunset Blvd,,Salem,MT,33211,2026-05-05
VC002137,Martin,Sandra,C,09-20-1991,4289,(664) 879-2515,,,4273 Washington St,,Franklin,KS,45845,2026-06-03
VC002138,Adams,Jessica,,12/09/1982,1257,2694303715,,jessica.adams88@icloud.com,5560 Jefferson Dr,,Marion,ND,17107-9729,2026-05-21
VC002139,Taylor,Thomas,U,1989-04-21,7018,238-770-7822,,thomas.taylor45@gmail.com,9079 Cedar Ln,,Dayton,OH,55897,2026-05-05
VC002140,Young,Linda,N,29-Sep-1979,7373,+14909447477,,linda.young30@icloud.com,3700 Sunset Blvd,,Franklin,ND,47456,2026-05-20
VC002141,Johnson,Matthew,,04-21-1967,6139,788.259.9516,6338008020,matthew.johnson83@yahoo.com,4846 River Dr,,Clinton,UT,82562-2302,2026-06-03
VC002142,Baker,Karen,W,09/01/1954,2008,(427) 524-8790,,karen.baker34@aol.com,5354 River Dr,Apt 745,Springfield,MN,81118,2026-05-26
VC002143,King,Patricia,K,1948-03-15,2834,4848789308,+17846464135,patricia.king24@aol.com,6193 Washington St,,Georgetown,MA,78691,2026-06-03
VC002144,Wilson,Ashley,J,13-Jun-1960,3201,510-518-5593,,ashley.wilson3@hotmail.com,8055 Jefferson Dr,Apt 481,Burlington,UT,22873-1301,2026-05-21
VC002145,Johnson,Mary,W,07-30-1960,2275,+15523386781,,mary.johnson46@hotmail.com,3779 Oak Ave,,Greenville,CA,80984,2026-05-26
VC002146,Torres,Linda,,03/13/1950,5315,204.813.1752,8747742803,,3166 Forest Ave,,Manchester,LA,17978,2026-05-12
VC002147,Anderson,Daniel,H,1957-02-18,6543,(702) 535-8540,369-898-6613,,8373 Valley Ln,,Clinton,ND,39528-6889,2026-05-21
VC002148,Jones,Matthew,,04-Dec-1960,2952,6592343326,,matthew.jones85@aol.com,4134 Lake Rd,,Clinton,MD,52905,2026-05-30
VC002149,Hill,Lisa,A,05-27-1967,7872,775-630-2015,,,9792 Oak Ave,Apt 152,Burlington,WY,17772,2026-05-30
VC002150,Wilson,Michael,G,06/21/1947,7816,+19466094519,,michael.wilson18@gmail.com,4572 River Dr,,Georgetown,LA,86901-6134,2026-05-27
VC002151,Hill,Betty,,1953-06-08,9395,610.280.4186,5276965177,,9138 Maple Dr,,Franklin,NH,18914,2026-05-31
VC002152,Allen,John,X,04-Jun-1947,5148,(785) 826-3723,,,9344 Valley Ln,,Salem,GA,24897,2026-06-01
VC002153,Wilson,Barbara,,02-17-1971,7492,3385269749,,barbara.wilson58@aol.com,6971 Sunset Blvd,,Fairview,RI,44106-7756,2026-05-12
VC002154,Nelson,Joseph,Y,03/27/2000,2875,922-372-7859,817.820.1550,,1263 Lake Rd,,Arlington,ND,26335,2026-05-11
VC002155,Miller,Patricia,,1980-02-06,5487,+19128979119,,patricia.miller97@hotmail.com,4988 Main St,,Marion,NH,50297,2026-05-07
VC002156,Garcia,Susan,U,01-Jun-1988,6621,565.736.5326,5242757303,,7463 Washington St,,Burlington,SD,10018-9536,2026-05-27
VC002157,Nelson,Lisa,J,11-27-1948,7396,(324) 259-5033,,lisa.nelson30@outlook.com,8718 Forest Ave,,Madison,OK,69051,2026-05-20
VC002158,Garcia,Ashley,Q,03/16/1976,1316,6998484262,+19318401093,ashley.garcia62@aol.com,7057 Lincoln Ave,,Salem,SD,66580,2026-05-25
VC002159,Williams,Patricia,V,2004-04-27,1886,449-704-3288,643.337.4273,patricia.williams84@icloud.com,3386 Washington St,Apt 581,Richmond,NE,71521-9134,2026-05-08
VC002160,Scott,Sandra,P,11-Aug-1965,7258,+16563571866,,,3676 Lake Rd,Apt 809,Salem,VA,16148,2026-05-15
VC002161,Scott,Karen,U,12-19-1985,9336,667.815.5211,5758315208,karen.scott22@outlook.com,2006 Forest Ave,,Clinton,MA,51932,2026-05-06
VC002162,Baker,Michael,X,02/27/1966,6625,(837) 628-8628,384-744-4635,,4113 River Dr,Apt 165,Fairview,CA,85407-8680,2026-05-16
VC002163,Smith,Jessica,H,1973-07-21,6476,7339215902,,jessica.smith64@icloud.com,470 Cedar Ln,,Franklin,UT,13971,2026-05-24
VC002164,Wilson,Charles,,07-Jan-1964,4069,479-502-5524,,,7067 Washington St,Apt 377,Manchester,HI,15793,2026-05-18
VC002165,Nelson,Barbara,T,01-06-1942,6987,+19073973917,,barbara.nelson42@outlook.com,2369 Sunset Blvd,,Arlington,WV,53114-7338,2026-05-06
VC002166,Nguyen,Nancy,,03/20/1978,5899,661.505.3835,,nancy.nguyen31@outlook.com,4814 Park Blvd,Apt 708,Manchester,KS,51760,2026-05-12
VC002167,Davis,Anthony,,1953-02-08,5873,(256) 619-1252,776-489-3729,,4272 Oak Ave,Apt 819,Georgetown,AR,16407,2026-05-10
VC002168,Garcia,David,,23-Jul-1965,4833,7353683059,,david.garcia12@icloud.com,8724 River Dr,Apt 428,Fairview,NH,77161-9104,2026-05-14
VC002169,Allen,Matthew,Q,11-02-1983,8572,447-427-8274,305.936.1794,matthew.allen97@icloud.com,9309 Lincoln Ave,,Clinton,FL,75968,2026-05-26
VC002170,Anderson,Jessica,,09/22/1962,8301,+13636495927,,jessica.anderson11@gmail.com,263 River Dr,,Franklin,MA,91105,2026-05-18
VC002171,Hill,John,A,1974-08-28,1637,445.417.9950,,john.hill81@aol.com,7450 Cedar Ln,,Springfield,AZ,99505-1198,2026-05-31
VC002172,Jackson,Charles,M,13-Mar-1945,1771,(959) 863-1740,781-726-3926,,9971 Cedar Ln,,Madison,OR,43616,2026-05-20
VC002173,Williams,Jessica,,11-19-1940,2604,5419965476,,jessica.williams12@hotmail.com,2398 Jefferson Dr,Apt 127,Manchester,IA,45867,2026-05-28
VC002174,Williams,Betty,O,08/05/1997,2019,705-215-3751,293.444.1493,,7307 Valley Ln,,Dayton,UT,44032-9236,2026-05-17
VC002175,Allen,John,,1974-08-28,8449,+14416048639,(344) 357-6787,john.allen32@yahoo.com,1307 Valley Ln,,Madison,NC,20229,2026-05-19
VC002176,Johnson,James,,31-Aug-1951,8593,725.910.8542,5113167079,james.johnson49@yahoo.com,9738 Lake Rd,,Burlington,NV,57475,2026-05-22
VC002177,Jackson,Charles,,11-18-1972,7220,(439) 355-7530,,charles.jackson49@yahoo.com,6725 Maple Dr,,Springfield,MS,28958-8484,2026-06-04
VC002178,Anderson,Nancy,,03/17/1972,5789,8343942789,,nancy.anderson38@hotmail.com,8966 Oak Ave,,Fairview,CT,29480,2026-05-07
VC002179,Nelson,Mark,,1971-01-10,9228,428-364-6541,,mark.nelson16@hotmail.com,4811 Forest Ave,,Springfield,AR,19036,2026-05-17
VC002180,Taylor,Margaret,X,13-May-1959,8113,+15618709962,(532) 395-6569,,7029 Sunset Blvd,,Greenville,NE,74818-6506,2026-05-06
VC002181,Jackson,John,L,12-22-2000,3369,977.387.9869,6207855782,,6806 Jefferson Dr,,Franklin,DE,24367,2026-05-05
VC002182,Anderson,Thomas,,01/02/1950,3568,(939) 350-8134,270-790-8018,thomas.anderson73@yahoo.com,3115 Maple Dr,Apt 132,Salem,IN,20210,2026-05-23
VC002183,Jackson,Nancy,Y,1997-05-26,2272,3757991466,+18342669585,nancy.jackson21@aol.com,6486 Lake Rd,Apt 845,Georgetown,NH,92482-8645,2026-05-19
VC002184,Hill,Jessica,T,12-Feb-1958,4263,287-782-8700,594.589.4629,jessica.hill55@gmail.com,6315 Forest Ave,,Georgetown,PA,78329,2026-05-12
VC002185,Anderson,Richard,R,07-30-1981,6459,+18302718518,,,4518 Main St,,Oxford,AZ,66390,2026-05-15
VC002186,Hall,Linda,G,09/23/1986,7797,536.337.5556,2025229243,linda.hall57@icloud.com,5203 Sunset Blvd,,Manchester,WI,15191-1208,2026-05-25
VC002187,Martin,Jessica,,1986-03-14,2739,(347) 520-6231,,jessica.martin44@aol.com,5659 River Dr,,Greenville,WI,58567,2026-06-02
VC002188,Wright,Betty,,12-Nov-1951,8070,2766443315,,betty.wright52@icloud.com,2051 Washington St,Apt 564,Greenville,NJ,68184,2026-05-26
VC002189,Allen,Sandra,H,11-22-1968,1339,983-478-4360,222.276.2847,sandra.allen3@aol.com,8054 River Dr,,Manchester,ND,54864-3813,2026-05-13
VC002190,Scott,Margaret,,10/08/1999,9803,+18955115134,,,676 Main St,Apt 199,Marion,NM,33794,2026-05-12
VC002191,Miller,Nancy,,1970-02-02,7446,521.828.5751,8518445842,nancy.miller31@gmail.com,8594 Valley Ln,Apt 936,Richmond,OK,84700,2026-05-13
VC002192,King,Michael,G,22-Jul-1942,8610,(573) 895-2144,,,5101 Sunset Blvd,,Marion,MA,54087-4547,2026-05-28
VC002193,Walker,Ashley,K,06-18-1974,2906,9108216740,+12253354215,,7711 Oak Ave,,Springfield,NM,15669,2026-05-26
VC002194,Garcia,Ashley,Y,07/07/1996,9152,713-881-4094,740.587.6103,ashley.garcia48@gmail.com,3254 Hill Rd,,Arlington,ID,37524,2026-05-18
VC002195,Johnson,Anthony,,1994-10-14,9857,+19276008127,(657) 398-2038,,5862 Valley Ln,,Marion,LA,18422-5897,2026-05-05
VC002196,Hill,Lisa,,09-Oct-1987,9785,451.592.7859,5264868669,lisa.hill18@icloud.com,9001 Forest Ave,,Marion,OH,74566,2026-05-21
VC002197,Nguyen,Jessica,W,11-08-1970,2381,(860) 950-9833,525-536-7014,jessica.nguyen40@outlook.com,1354 Park Blvd,Apt 379,Greenville,IA,49066,2026-05-29
VC002198,Nguyen,James,J,05/31/1958,3307,7029734372,+15113681251,james.nguyen39@hotmail.com,8653 Maple Dr,Apt 602,Oxford,CT,82637-8926,2026-05-10
VC002199,Johnson,Nancy,,1979-07-02,9172,813-421-8461,439.472.4028,nancy.johnson6@yahoo.com,635 Sunset Blvd,,Marion,MS,67715,2026-05-18
VC002200,Nguyen,Michael,,30-Aug-1963,9922,+12044956174,,,3507 Cedar Ln,Apt 486,Madison,IN,13251,2026-05-18
VC002201,King,Mark,G,02-21-1973,7481,291.532.9183,9675296813,,616 Jefferson Dr,,Fairview,MD,70038-4192,2026-05-23
VC002202,Hall,David,,05/10/1947,9258,(654) 326-1008,,,1515 Park Blvd,,Richmond,MI,44723,2026-05-21
VC002203,White,Karen,X,1951-10-05,4223,2105038354,,,2528 Lincoln Ave,Apt 994,Clinton,MT,12101,2026-05-16
VC002204,Torres,Patricia,T,22-Jul-1965,4503,408-926-4982,,patricia.torres39@yahoo.com,1047 Jefferson Dr,,Madison,TX,38356-8345,2026-05-26
VC002205,Nguyen,Mark,D,04-16-1995,1670,+17156967819,,mark.nguyen19@outlook.com,3932 Cedar Ln,Apt 60,Burlington,NC,73610,2026-05-07
VC002206,Wright,Christopher,L,08/10/1968,3793,524.624.4820,9086262090,,4392 Maple Dr,,Salem,NY,72149,2026-06-02
VC002207,Wright,Betty,,1975-09-07,2726,(999) 888-4947,,betty.wright23@yahoo.com,4151 Sunset Blvd,Apt 742,Madison,NV,64550-4657,2026-05-19
VC002208,Williams,Jessica,M,29-Nov-1988,8711,3918013385,,jessica.williams26@outlook.com,4776 Lake Rd,,Manchester,RI,97623,2026-06-03
VC002209,Torres,Daniel,T,11-29-1994,3619,660-849-6946,,daniel.torres15@icloud.com,1398 Hill Rd,,Burlington,MO,77065,2026-05-17
VC002210,Brown,John,,11/11/1969,6501,+14647321366,(858) 219-4479,john.brown89@hotmail.com,8737 Lincoln Ave,,Dayton,OK,23282-7097,2026-05-27
VC002211,Williams,Joseph,G,1980-03-18,8440,253.741.1772,,,5952 Park Blvd,,Oxford,CO,43859,2026-05-31
VC002212,Harris,Margaret,M,10-Jun-1981,9659,(428) 908-5574,426-703-9532,,4885 Park Blvd,,Springfield,AR,63236,2026-05-05
VC002213,Taylor,Lisa,J,10-26-1947,1888,5875798545,,lisa.taylor9@outlook.com,4097 Valley Ln,Apt 412,Georgetown,MN,90439-3681,2026-05-31
VC002214,Wilson,Joseph,I,06/23/1983,7354,737-961-2216,,joseph.wilson5@yahoo.com,729 River Dr,,Springfield,WY,92748,2026-06-02
VC002215,Hall,David,L,1979-12-27,3400,+19614995665,(392) 479-3119,david.hall94@gmail.com,7861 Cedar Ln,,Franklin,NH,13315,2026-05-15
VC002216,Thomas,Anthony,,18-Jun-1984,9977,862.676.1205,3112021517,anthony.thomas32@aol.com,9478 Jefferson Dr,,Marion,TX,35805-1245,2026-05-30
VC002217,Johnson,Karen,X,10-10-1962,8682,(222) 427-6143,406-282-5102,karen.johnson70@gmail.com,2439 Washington St,,Dayton,IA,85279,2026-05-18
VC002218,Adams,Lisa,,04/25/1982,2419,4653981798,+16638071509,lisa.adams23@outlook.com,2771 Cedar Ln,,Salem,FL,22250,2026-05-09
VC002219,Baker,Jennifer,R,1983-10-28,3874,351-748-3965,808.695.5974,,5861 Oak Ave,,Greenville,MN,21294-6686,2026-05-20
VC002220,Nelson,Matthew,T,20-Jun-1995,1746,+17097087972,,matthew.nelson52@yahoo.com,7104 Lake Rd,,Oxford,SC,56162,2026-05-30
VC002221,Taylor,Sandra,,08-14-1998,6157,606.375.6138,,sandra.taylor86@icloud.com,642 Cedar Ln,,Marion,VT,16842,2026-05-21
VC002222,Thompson,Anthony,,01/23/1947,5866,(816) 208-9509,,anthony.thompson75@outlook.com,7847 Hill Rd,,Clinton,IA,84035-8059,2026-05-27
VC002223,Jones,Barbara,,1968-06-04,3290,4343917312,+18464661072,,5423 Main St,Apt 251,Dayton,IA,16514,2026-05-12
VC002224,Hall,Michael,E,28-Oct-1949,9141,794-298-1838,212.965.3643,michael.hall70@icloud.com,8502 Jefferson Dr,,Burlington,AK,48448,2026-05-22
VC002225,Nguyen,Barbara,,02-22-1994,4970,+14317047136,(591) 922-2482,,9720 Washington St,,Burlington,VT,30495-8742,2026-05-21
VC002226,Young,Charles,B,11/02/1948,5360,310.932.2927,,charles.young84@aol.com,2545 Hill Rd,Apt 662,Franklin,MD,73360,2026-05-12
VC002227,Adams,Karen,K,1987-01-28,2212,(689) 818-3106,909-830-2978,karen.adams79@aol.com,1579 River Dr,,Georgetown,AL,22756,2026-05-11
VC002228,Williams,Ashley,W,27-Nov-2000,2328,5718657974,+19242135703,ashley.williams87@gmail.com,3387 Cedar Ln,Apt 122,Clinton,AK,63451-3251,2026-05-30
VC002229,Young,Jessica,,06-29-1949,3098,305-487-5809,,jessica.young74@gmail.com,5763 Maple Dr,,Franklin,NV,66624,2026-05-10
VC002230,Jackson,Joseph,T,12/19/1972,5039,+13972881655,(376) 279-3235,,7695 Forest Ave,Apt 481,Salem,IL,94569,2026-05-15
VC002231,Jackson,Daniel,,1954-02-21,7518,393.235.4525,8584622868,,8581 Forest Ave,,Manchester,PA,45979-5918,2026-05-08
VC002232,Smith,Nancy,,07-Apr-2003,5405,(870) 827-4892,485-383-7944,,1219 Jefferson Dr,,Richmond,PA,22895,2026-05-31
VC002233,Anderson,Karen,C,04-11-2000,8461,6996512636,,,7222 Jefferson Dr,Apt 495,Madison,CT,53664,2026-05-29
VC002234,Allen,Sandra,,05/23/1941,4718,629-574-5003,548.602.4915,sandra.allen65@icloud.com,2949 Lake Rd,Apt 202,Oxford,NH,56017-6708,2026-05-12
VC002235,Scott,Anthony,,2000-07-28,2865,+12566162215,(492) 563-8381,anthony.scott62@aol.com,981 Maple Dr,,Greenville,KS,19076,2026-05-23
VC002236,Wilson,Jessica,D,12-Apr-1962,7158,405.502.6050,2603153508,jessica.wilson79@outlook.com,299 River Dr,,Salem,MA,72350,2026-05-20
VC002237,Wright,Linda,,03-07-1960,8477,(942) 657-5733,,linda.wright38@aol.com,536 Main St,,Dayton,ND,78288-1624,2026-05-22
VC002238,Torres,Mary,O,02/22/1959,5142,8958837619,,mary.torres81@aol.com,1077 Jefferson Dr,Apt 979,Franklin,NY,22216,2026-05-13
VC002239,Walker,Thomas,,1974-02-06,6870,360-940-6823,,thomas.walker56@gmail.com,6284 Forest Ave,,Madison,VT,81710,2026-05-23
VC002240,Wright,Joseph,M,24-Mar-1995,1041,+16675929986,(650) 936-9418,joseph.wright14@outlook.com,4054 Park Blvd,,Manchester,FL,59778-5038,2026-05-05
VC002241,King,Lisa,M,10-09-1972,7883,683.623.5292,4974581567,lisa.king17@gmail.com,4070 Lake Rd,Apt 765,Oxford,IN,29924,2026-05-22
VC002242,Thompson,Betty,Y,11/17/1962,1092,(241) 638-5572,513-674-6392,,9120 Park Blvd,,Greenville,HI,86544,2026-05-30
VC002243,Allen,Ashley,,1970-04-29,2674,7235193485,,ashley.allen35@outlook.com,1062 Forest Ave,Apt 54,Springfield,GA,83509-4022,2026-05-12
VC002244,Thomas,Daniel,Z,02-Jul-1959,7552,264-666-2142,,daniel.thomas78@hotmail.com,7407 River Dr,Apt 153,Greenville,CA,61051,2026-05-27
VC002245,Miller,Mary,,04-11-2000,2326,+16028507800,(319) 439-6947,mary.miller96@aol.com,2022 Valley Ln,Apt 158,Madison,CO,17158,2026-05-16
VC002246,Hall,John,X,06/30/1945,8598,269.533.3403,8653723751,,5221 Sunset Blvd,,Richmond,IA,60637-1449,2026-06-01
VC002247,Adams,Matthew,,1955-10-29,7355,(325) 692-5559,,,1365 Lake Rd,,Manchester,CO,56299,2026-06-04
VC002248,Miller,Ashley,M,04-Feb-1995,6419,8984128765,+19899083104,,1057 Oak Ave,Apt 404,Manchester,SC,60903,2026-05-19
VC002249,Wilson,Michael,,04-30-1940,4877,795-365-9884,983.339.8101,,5446 Main St,Apt 20,Dayton,MA,22682-2869,2026-05-05
VC002250,Thompson,Matthew,W,08/22/1975,7998,+19845204104,(712) 491-8283,,7344 Forest Ave,,Madison,SC,33810,2026-05-26
VC002251,Baker,Robert,,1984-09-10,4082,914.321.5921,,robert.baker42@gmail.com,570 Maple Dr,,Richmond,AZ,12366,2026-05-23
VC002252,Wilson,Christopher,H,03-Jun-1990,1598,(830) 466-1951,,christopher.wilson53@hotmail.com,8320 Forest Ave,,Burlington,VA,17059-8143,2026-05-17
VC002253,Williams,Mary,,01-26-1999,8556,8898409070,+13659021287,,8218 Forest Ave,Apt 789,Franklin,OH,71806,2026-05-17
VC002254,Jackson,Anthony,N,03/18/2001,3395,948-306-1538,,anthony.jackson75@yahoo.com,1085 Jefferson Dr,Apt 307,Franklin,WA,94889,2026-05-20
VC002255,Young,Mary,T,1990-02-14,1791,+17118833128,(536) 681-7849,mary.young73@aol.com,2321 Cedar Ln,Apt 112,Richmond,TX,47637-5880,2026-05-29
VC002256,Nelson,Mark,H,18-Jun-1991,9397,744.973.4921,3525796039,mark.nelson22@outlook.com,5662 Main St,Apt 869,Franklin,NM,11625,2026-05-05
VC002257,Hall,Daniel,A,05-10-1968,4802,(228) 873-7863,,daniel.hall8@outlook.com,5494 Valley Ln,,Madison,ND,13965,2026-05-24
VC002258,Young,Daniel,W,12/15/1996,1915,8926379831,+14963347170,daniel.young45@gmail.com,6696 Park Blvd,Apt 750,Manchester,MI,44555-9605,2026-06-04
VC002259,Brown,Barbara,N,1949-09-04,9630,671-774-3644,585.546.1490,,157 Jefferson Dr,,Manchester,RI,10789,2026-05-30
VC002260,Adams,Michael,O,24-Nov-1980,3560,+17593441606,(712) 579-5967,michael.adams93@icloud.com,6888 Sunset Blvd,,Franklin,TN,96184,2026-06-03
VC002261,Young,John,,01-28-1971,7177,683.719.6008,8022406942,,331 Hill Rd,Apt 48,Greenville,WI,42834-7288,2026-05-19
VC002262,Wilson,Daniel,,12/09/1975,5461,(646) 413-8858,,,1575 Main St,,Oxford,PA,89927,2026-05-16
VC002263,Davis,James,C,1961-09-08,1509,5662754145,,james.davis14@aol.com,2808 Lake Rd,,Dayton,AK,57560,2026-05-11
VC002264,Torres,Charles,C,02-Jun-1977,3832,814-962-7466,,charles.torres58@outlook.com,8764 Valley Ln,,Fairview,VA,99354-6624,2026-06-04
VC002265,Harris,Barbara,F,09-23-1969,4621,+15672957698,,barbara.harris31@aol.com,7770 Cedar Ln,Apt 159,Dayton,AR,83976,2026-05-10
VC002266,Hill,John,,02/01/1947,6834,667.693.1131,,john.hill47@icloud.com,1627 Park Blvd,Apt 613,Arlington,CO,25099,2026-05-19
VC002267,Hill,Richard,J,1983-01-23,9108,(494) 413-1341,,richard.hill7@outlook.com,6536 Jefferson Dr,,Madison,OH,42950-9445,2026-05-05
VC002268,King,Mary,,24-Feb-1967,3152,4118865853,+12977092740,mary.king52@hotmail.com,77 Washington St,,Greenville,NJ,96215,2026-05-16
VC002269,Davis,Jessica,O,09-28-1985,4898,458-826-5340,605.649.4524,jessica.davis12@outlook.com,342 Jefferson Dr,,Springfield,AL,11723,2026-05-13
VC002270,Wilson,Sandra,,08/22/1987,8826,+18792764474,(705) 425-9663,sandra.wilson69@gmail.com,4482 Cedar Ln,,Madison,RI,41312-4818,2026-05-28
VC002271,Miller,William,T,1989-07-28,8816,366.800.3105,,william.miller59@hotmail.com,5289 Main St,Apt 334,Franklin,AR,52799,2026-05-12
VC002272,Jones,Charles,,05-Apr-1958,4677,(867) 436-5265,794-573-5854,charles.jones43@icloud.com,2396 Jefferson Dr,,Madison,MS,22947,2026-05-23
VC002273,Jackson,Patricia,K,03-12-1972,8651,5413377133,+12584239078,,7297 Park Blvd,,Clinton,KY,21201-5669,2026-05-14
VC002274,Torres,Linda,N,04/14/1984,2272,370-293-1138,744.775.9401,,245 Oak Ave,Apt 703,Greenville,PA,14898,2026-05-25
VC002275,Jackson,Charles,J,1946-07-08,6750,+13293421502,,,5667 Washington St,,Fairview,IN,12902,2026-05-20
VC002276,Taylor,Karen,,23-Jan-1980,5482,934.291.6129,5472752375,karen.taylor17@outlook.com,9987 Valley Ln,Apt 522,Marion,DE,47214-5463,2026-05-24
VC002277,Allen,Thomas,V,12-02-1944,4646,(760) 716-6488,,,710 River Dr,Apt 451,Oxford,AL,35064,2026-05-16
VC002278,Johnson,Sandra,R,06/14/1992,6253,7914135990,+17776595380,sandra.johnson29@aol.com,7887 River Dr,,Dayton,LA,91515,2026-05-27
VC002279,Nguyen,Karen,,1956-05-05,3738,755-536-5138,509.952.8263,karen.nguyen11@outlook.com,4642 Forest Ave,,Oxford,OH,61324-3354,2026-05-09
VC002280,Wilson,Richard,F,23-May-1992,4813,+14242305602,(574) 553-8154,richard.wilson41@aol.com,960 Lincoln Ave,,Salem,ND,56849,2026-05-27
VC002281,Young,William,,03-01-1967,7677,375.750.7530,,william.young22@yahoo.com,4162 Maple Dr,,Richmond,MI,11090,2026-05-19
VC002282,Williams,Barbara,Z,06/17/1980,6344,(292) 358-5481,,barbara.williams36@aol.com,3860 Lincoln Ave,,Manchester,CO,27338-8231,2026-05-25
VC002283,Johnson,Susan,,1980-12-19,1627,5699737392,,susan.johnson4@icloud.com,6242 Washington St,Apt 577,Oxford,MI,99864,2026-06-04
VC002284,Miller,Betty,S,03-Sep-1977,3642,741-769-2737,,betty.miller55@outlook.com,5873 Valley Ln,Apt 168,Salem,MI,80289,2026-05-30
VC002285,Torres,Susan,L,11-21-1952,6502,+16589715138,(958) 301-4027,,5013 Valley Ln,,Arlington,OR,35087-4522,2026-05-25
VC002286,Wilson,Joseph,,04/20/1954,2699,631.864.3732,,joseph.wilson89@outlook.com,1853 Maple Dr,Apt 233,Burlington,WA,17686,2026-05-28
VC002287,Williams,Susan,G,1994-08-23,8262,(803) 802-1979,492-573-1081,susan.williams92@outlook.com,6671 Forest Ave,,Fairview,NH,23213,2026-05-25
VC002288,White,Margaret,C,09-Jun-1984,7956,5124512907,+13824011515,margaret.white71@icloud.com,5201 Washington St,Apt 377,Manchester,MS,64152-3993,2026-06-03
VC002289,Wilson,Patricia,T,06-02-1963,5437,878-381-6414,636.581.2788,patricia.wilson14@gmail.com,3961 Park Blvd,,Arlington,AL,45884,2026-05-21
VC002290,Walker,James,,01/25/1973,3875,+13276495279,,james.walker54@aol.com,9847 Forest Ave,,Arlington,AL,60592,2026-05-17
VC002291,Thompson,Christopher,G,1983-05-08,4556,622.773.2864,5004931140,christopher.thompson82@yahoo.com,2413 Hill Rd,Apt 656,Franklin,WV,20661-7254,2026-05-25
VC002292,Anderson,Mary,,06-May-1986,7029,(747) 282-9904,452-994-2572,mary.anderson34@hotmail.com,8793 Hill Rd,,Dayton,MO,67921,2026-06-02
VC002293,Anderson,David,V,01-04-2003,8682,8747744561,+14675447468,,9584 Maple Dr,Apt 767,Oxford,MI,99084,2026-05-10
VC002294,Nguyen,Margaret,I,11/21/1976,4839,850-468-2714,846.761.9707,,1955 Jefferson Dr,,Georgetown,WI,97779-6587,2026-05-24
VC002295,Walker,Charles,L,1968-02-03,5070,+16634972648,,charles.walker47@icloud.com,2301 Hill Rd,,Madison,AK,89546,2026-05-20
VC002296,Walker,Betty,,14-Aug-1990,8862,894.290.2394,6257174637,,3804 Hill Rd,Apt 126,Fairview,MN,76428,2026-05-24
VC002297,Thomas,Nancy,J,01-17-1976,9843,(260) 271-2404,499-789-4591,,6613 Cedar Ln,Apt 860,Burlington,SC,53848-3836,2026-05-30
VC002298,Taylor,Sarah,Z,03/30/1955,8339,7112812618,,sarah.taylor47@aol.com,6758 Forest Ave,,Franklin,MD,27047,2026-05-21
VC002299,Johnson,Jessica,Q,2003-03-18,2755,570-904-2080,,jessica.johnson27@aol.com,7785 Valley Ln,Apt 125,Oxford,IN,69026,2026-06-01
VC002300,King,Betty,N,01-Jul-1943,2002,+14543811151,(263) 239-3030,betty.king6@yahoo.com,2097 Hill Rd,Apt 342,Greenville,FL,71579-4595,2026-05-17
VC002301,Harris,John,,05-03-1954,4437,228.407.4616,,,4884 Park Blvd,,Georgetown,MD,16066,2026-06-01
VC002302,Thomas,Jessica,S,07/14/2002,1291,(863) 559-3267,602-677-8240,jessica.thomas84@hotmail.com,9003 Lake Rd,,Franklin,IN,55808,2026-05-05
VC002303,Jones,Charles,L,1957-07-27,4777,5226635691,+13574903787,charles.jones45@icloud.com,6894 Sunset Blvd,Apt 298,Madison,WA,40490-1891,2026-05-31
VC002304,Scott,Linda,,19-Sep-1988,9718,403-388-2143,,linda.scott98@outlook.com,1839 Jefferson Dr,,Greenville,MA,52060,2026-05-23
VC002305,Allen,Robert,T,06-23-1994,2487,+12202519928,,,1742 Lincoln Ave,,Dayton,AL,39108,2026-05-30
VC002306,Miller,Richard,Z,05/05/1994,2773,323.360.2921,4669769937,,5896 Oak Ave,,Dayton,AZ,13975-3818,2026-05-12
VC002307,Anderson,Ashley,U,1960-02-15,4975,(479) 361-3018,,ashley.anderson19@aol.com,8904 Oak Ave,Apt 95,Greenville,OR,52286,2026-05-15
VC002308,Taylor,Sarah,,22-Aug-1988,9422,3237633015,,,3848 Jefferson Dr,,Madison,ID,99799,2026-05-10
VC002309,Anderson,Jessica,A,08-23-1967,8647,920-391-1871,692.791.5667,jessica.anderson96@icloud.com,3437 River Dr,Apt 601,Franklin,OK,58137-3456,2026-05-14
VC002310,Brown,Barbara,Y,02/23/1982,8149,+17118857053,,barbara.brown48@gmail.com,1674 Washington St,Apt 972,Arlington,VA,47927,2026-05-20
VC002311,Scott,Mark,W,1942-10-26,3205,511.344.1536,,,1221 Oak Ave,Apt 567,Oxford,NH,98476,2026-05-13
VC002312,Baker,Daniel,,20-Jul-1977,7535,(398) 713-7510,,daniel.baker42@aol.com,7615 River Dr,,Salem,AZ,86872-5691,2026-05-30
VC002313,Adams,Joseph,,03-12-1983,6428,2564762753,,,5464 Valley Ln,,Franklin,ME,84113,2026-05-23
VC002314,Thomas,Linda,,08/31/1944,8156,438-449-2926,,linda.thomas25@gmail.com,1511 Washington St,,Greenville,UT,74101,2026-05-17
VC002315,Harris,Mark,C,1979-02-19,5025,+16222592567,,,8675 Valley Ln,,Madison,NH,65680-5249,2026-05-31
VC002316,Hill,Linda,,28-Oct-1977,8271,365.221.9538,5732823167,,7516 Lincoln Ave,Apt 627,Greenville,AL,82732,2026-05-29
VC002317,Walker,Richard,O,04-03-1967,7212,(310) 246-5147,274-685-8836,richard.walker58@outlook.com,2663 Sunset Blvd,Apt 125,Dayton,WA,17977,2026-05-05
VC002318,Thomas,Michael,,08/07/2004,6719,5316656670,+12496141209,michael.thomas76@aol.com,1185 Maple Dr,,Richmond,VA,33164-9637,2026-05-18
VC002319,Walker,Daniel,,1960-11-20,9422,299-569-6049,,,3089 Washington St,,Dayton,SC,41340,2026-05-24
VC002320,Adams,Linda,G,21-Aug-1969,7057,+12894087292,,,901 Main St,,Richmond,HI,35666,2026-05-15
VC002321,Adams,Barbara,L,04-08-1965,1671,218.395.5636,,barbara.adams72@aol.com,480 Main St,,Salem,WI,45272-6824,2026-05-06
VC002322,Wright,Thomas,,06/03/1948,3680,(268) 775-6486,,thomas.wright18@icloud.com,3275 Sunset Blvd,Apt 565,Dayton,CA,23497,2026-05-07
VC002323,Walker,Mark,,1960-08-03,1421,6028153449,,,8832 Hill Rd,Apt 216,Oxford,MN,50845,2026-06-02
VC002324,Thomas,Daniel,Y,18-Jun-1987,8130,524-289-5171,,daniel.thomas72@gmail.com,84 Forest Ave,Apt 456,Madison,OR,75591-6528,2026-05-21
VC002325,Nguyen,John,T,10-23-1992,9687,+12529009465,,john.nguyen93@outlook.com,8059 Forest Ave,Apt 236,Manchester,AZ,30589,2026-05-13
VC002326,Nelson,Anthony,,01/28/1988,3696,873.653.3592,3119446290,,1319 Park Blvd,,Marion,MT,82995,2026-05-18
VC002327,Harris,Patricia,,1980-05-03,2499,(887) 532-6168,,patricia.harris1@aol.com,2593 Valley Ln,Apt 903,Manchester,OH,10820-5359,2026-05-11
VC002328,White,Jennifer,K,15-Dec-1948,8408,3454756052,,,8523 Cedar Ln,,Arlington,SC,43460,2026-05-05
VC002329,Hill,David,,06-13-1993,6059,538-589-7150,,,1755 Sunset Blvd,Apt 4,Madison,TN,62582,2026-05-13
VC002330,Thompson,Sandra,,11/27/1977,4518,+14766108402,(513) 423-7069,sandra.thompson30@icloud.com,749 Washington St,,Springfield,NV,24034-5334,2026-05-30
VC002331,Harris,Sandra,N,1993-04-09,9784,994.242.7232,8059325390,sandra.harris55@outlook.com,5127 River Dr,,Oxford,WV,84964,2026-05-12
VC002332,Allen,Barbara,Z,19-May-2002,6795,(537) 500-3264,335-623-7562,barbara.allen55@aol.com,1386 Washington St,Apt 867,Manchester,VT,72387,2026-05-10
VC002333,Jones,Thomas,,03-05-1965,5412,3226671930,,thomas.jones31@aol.com,2871 River Dr,,Fairview,UT,44676-8925,2026-05-11
VC002334,Torres,Daniel,,02/24/1947,7781,251-702-3061,,daniel.torres2@gmail.com,2926 Sunset Blvd,Apt 30,Marion,NJ,25137,2026-05-26
VC002335,Young,James,,1953-10-20,6825,+12013978149,,,8467 Valley Ln,Apt 215,Fairview,NC,93808,2026-05-31
VC002336,Torres,Ashley,,17-Feb-1974,1206,781.856.2868,2823439937,,2929 Jefferson Dr,,Fairview,HI,24844-2909,2026-05-28
VC002337,Davis,Barbara,,02-29-1956,9266,(740) 296-3016,,barbara.davis17@aol.com,8354 Park Blvd,,Arlington,MT,99526,2026-05-23
VC002338,Smith,Charles,,04/23/1976,7676,6362379758,,charles.smith18@outlook.com,3147 Hill Rd,Apt 106,Manchester,TN,95968,2026-05-29
VC002339,Brown,Joseph,,1951-07-30,2369,475-640-3640,,joseph.brown91@outlook.com,9710 Park Blvd,,Greenville,WY,83907-9893,2026-05-13
VC002340,Nguyen,Sarah,N,10-Aug-1983,6918,+13757276482,,sarah.nguyen29@yahoo.com,401 River Dr,,Marion,OR,68691,2026-05-12
VC002341,Johnson,Mary,J,09-19-1995,8277,341.662.2199,,,2304 Oak Ave,Apt 757,Manchester,MN,26165,2026-05-28
VC002342,Baker,Richard,G,11/14/1991,3280,(467) 509-6091,470-376-2477,,2840 Valley Ln,Apt 794,Clinton,UT,52268-9070,2026-06-03
VC002343,Torres,Lisa,,1960-12-23,4280,6539439395,,lisa.torres24@gmail.com,1069 Maple Dr,Apt 472,Clinton,WV,46414,2026-05-16
VC002344,Walker,Jennifer,B,11-Feb-1958,3031,355-718-9695,966.393.4688,,7428 Forest Ave,,Salem,OH,75036,2026-05-24
VC002345,Davis,Margaret,C,11-13-1970,1577,+16158893103,(471) 429-2889,margaret.davis13@icloud.com,8392 Lincoln Ave,Apt 142,Marion,WI,68300-6683,2026-05-21
VC002346,Davis,Nancy,,03/13/1952,1795,915.378.5021,,,5531 Lincoln Ave,,Marion,UT,56824,2026-06-04
VC002347,Scott,Nancy,,1979-12-12,3799,(272) 379-7521,826-322-9305,nancy.scott48@outlook.com,8083 Forest Ave,,Greenville,ND,10923,2026-05-31
VC002348,Miller,Nancy,R,08-Dec-1954,6500,3376209216,,nancy.miller9@hotmail.com,5974 Cedar Ln,,Madison,SC,72956-6072,2026-05-09
VC002349,Baker,Linda,T,09-01-2000,2731,584-364-1565,,linda.baker58@hotmail.com,9417 Cedar Ln,,Arlington,NV,90025,2026-05-16
VC002350,King,Ashley,C,01/05/1960,3249,+13914525967,(529) 322-2638,ashley.king80@icloud.com,2163 Lake Rd,,Dayton,WV,96247,2026-06-03
VC002351,Wright,Nancy,A,1967-10-16,6703,741.432.8680,2443989035,,2782 Cedar Ln,,Madison,PA,71024-2024,2026-05-20
VC002352,Williams,James,,21-May-1949,9885,(334) 832-4891,,james.williams13@hotmail.com,2405 Lake Rd,Apt 202,Marion,NY,72005,2026-06-02
VC002353,Davis,Linda,Q,06-06-1981,6654,2723045032,+12408535704,linda.davis51@aol.com,8533 Cedar Ln,Apt 581,Arlington,CA,16489,2026-06-04
VC002354,Jones,Michael,,02/16/1966,4278,613-567-6239,,,8146 Park Blvd,,Salem,KY,99520-3665,2026-05-10
VC002355,Harris,David,U,1960-02-24,7252,+15606735722,,,3642 Lake Rd,,Georgetown,TN,24157,2026-05-07
VC002356,Smith,Richard,,19-Sep-1985,6725,989.486.7306,,richard.smith93@aol.com,1901 Maple Dr,,Richmond,OK,67900,2026-06-01
VC002357,Adams,Anthony,K,12-11-1971,9551,(466) 511-9767,635-257-4732,anthony.adams70@outlook.com,2265 Maple Dr,Apt 44,Manchester,DE,69151-6603,2026-05-25
VC002358,Hall,Sarah,S,06/29/1945,5217,9243847346,,sarah.hall5@yahoo.com,3321 Maple Dr,,Arlington,AL,79212,2026-05-17
VC002359,Smith,Jennifer,,1943-05-15,5411,935-780-4306,,jennifer.smith74@yahoo.com,7261 Cedar Ln,,Clinton,MT,95790,2026-05-15
VC002360,Nelson,Anthony,,30-Aug-1953,9812,+19984614669,,anthony.nelson76@icloud.com,8247 Washington St,,Greenville,AR,39402-9980,2026-05-05
VC002361,Harris,Joseph,C,07-02-1963,5513,536.577.6875,,joseph.harris35@gmail.com,655 Lincoln Ave,,Marion,SD,35407,2026-05-21
VC002362,Walker,Jennifer,Y,02/13/1944,3267,(405) 725-6278,770-895-8068,jennifer.walker3@icloud.com,6380 Washington St,,Richmond,RI,75747,2026-06-01
VC002363,King,Jennifer,J,1958-08-03,7810,5027234715,+19377017163,,1847 Valley Ln,,Clinton,OH,65246-9052,2026-05-10
VC002364,Hall,Margaret,E,11-Jul-1955,8003,784-289-1466,807.605.7581,,1904 Lake Rd,,Oxford,NE,58902,2026-05-12
VC002365,Baker,John,K,04-07-1963,5633,+16998269641,,,4981 Forest Ave,,Oxford,TN,35055,2026-05-05
VC002366,Nelson,Karen,,08/23/1976,3774,852.935.2123,,karen.nelson77@icloud.com,4199 Hill Rd,,Clinton,IA,57749-9176,2026-05-30
VC002367,Jones,James,,1969-03-27,3509,(697) 919-2588,,,6498 Main St,,Dayton,ME,62935,2026-05-13
VC002368,Thompson,David,K,18-Oct-1957,5298,3244894825,,,6518 Lake Rd,,Fairview,UT,85968,2026-05-30
VC002369,Torres,Barbara,,11-11-1979,8039,892-540-8999,234.555.3997,barbara.torres68@hotmail.com,3282 Lincoln Ave,,Fairview,MO,68472-6696,2026-05-29
VC002370,Young,Robert,Y,12/16/1951,9095,+18357381884,(700) 788-1027,,1054 Lake Rd,Apt 465,Arlington,VT,25085,2026-06-03
VC002371,Young,Thomas,,1946-09-09,4689,671.882.5021,,thomas.young85@icloud.com,4866 Park Blvd,,Greenville,ME,35975,2026-05-10
VC002372,Nelson,James,D,10-Mar-1978,9787,(283) 683-1875,699-940-9251,,7146 Oak Ave,,Manchester,MA,59051-4032,2026-05-10
VC002373,Nguyen,Barbara,,06-29-1951,7959,9263829769,+13004477047,,8633 Oak Ave,,Franklin,VA,76853,2026-05-13
VC002374,Thomas,Mary,,04/14/1981,7115,339-628-3352,,,3324 Washington St,Apt 835,Dayton,CO,63578,2026-05-14
VC002375,Jackson,James,L,1974-01-04,6009,+17243916480,,,1823 Lincoln Ave,,Madison,AZ,42581-7874,2026-06-03
VC002376,Jackson,Mark,,14-Oct-1998,1383,860.543.2734,,mark.jackson40@icloud.com,9427 River Dr,,Manchester,UT,16790,2026-05-05
VC002377,Baker,Mary,K,02-15-1958,8188,(863) 813-6811,427-593-6293,,7931 Valley Ln,,Marion,ND,10243,2026-05-06
VC002378,Allen,James,,12/18/1994,5691,8575734545,,james.allen21@icloud.com,3502 Park Blvd,Apt 610,Fairview,MT,54414-5781,2026-05-08
VC002379,King,Betty,,1991-04-09,2434,540-575-6310,781.268.7281,betty.king98@yahoo.com,9648 Oak Ave,,Fairview,NV,90269,2026-05-05
VC002380,Hill,Patricia,Y,25-Sep-1948,1833,+19485192016,(298) 941-1546,patricia.hill93@gmail.com,4356 Main St,,Oxford,NM,38213,2026-05-13
VC002381,Allen,Jessica,,08-04-1959,7475,705.512.2856,7966392253,jessica.allen48@aol.com,5120 Lake Rd,,Franklin,ND,74416-5838,2026-06-03
VC002382,Wright,Thomas,,12/28/1970,8398,(334) 318-7760,361-917-2470,thomas.wright82@hotmail.com,7146 Park Blvd,,Arlington,AR,63328,2026-05-06
VC002383,Smith,Patricia,,1991-10-29,4657,5637324975,+18518166915,patricia.smith55@aol.com,5469 Sunset Blvd,Apt 150,Clinton,ND,61640,2026-05-24
VC002384,Smith,Nancy,V,10-Nov-1961,1064,606-840-9387,,nancy.smith43@yahoo.com,5716 Forest Ave,,Richmond,AZ,46908-5975,2026-05-28
VC002385,Wright,Patricia,T,06-14-1973,7290,+19849027920,,patricia.wright37@hotmail.com,4854 Lake Rd,Apt 738,Clinton,VA,21268,2026-05-31
VC002386,Wright,William,,07/25/1998,3127,957.401.7537,2577422394,william.wright55@outlook.com,6654 Forest Ave,Apt 561,Fairview,RI,49918,2026-05-06
VC002387,Thomas,Nancy,I,1970-02-16,3496,(889) 899-2514,,nancy.thomas15@yahoo.com,2367 Valley Ln,,Salem,NC,57396-2942,2026-05-23
VC002388,Nelson,David,,05-Jul-1993,3201,5965432940,,david.nelson64@hotmail.com,9097 Oak Ave,,Madison,LA,78653,2026-06-03
VC002389,Jones,Margaret,,09-08-1942,1697,373-237-3596,700.749.3696,margaret.jones29@outlook.com,7799 Hill Rd,,Oxford,IL,39515,2026-05-11
VC002390,Hill,Michael,,06/05/1996,2196,+15387274323,(978) 409-9620,,4033 Washington St,,Springfield,IN,62415-9870,2026-05-17
VC002391,Wright,Christopher,R,1989-12-24,4948,877.227.9913,,christopher.wright87@gmail.com,996 Maple Dr,,Arlington,KS,80997,2026-05-17
VC002392,Thomas,Lisa,G,11-Dec-1988,1302,(396) 757-8431,,lisa.thomas82@yahoo.com,66 Forest Ave,Apt 443,Arlington,LA,94199,2026-05-19
VC002393,Harris,Sandra,,06-11-1955,9309,3038412366,,sandra.harris46@gmail.com,7971 Oak Ave,,Franklin,OK,20343-4219,2026-05-21
VC002394,Johnson,Linda,R,07/07/1955,4290,713-700-2252,509.410.9185,linda.johnson65@icloud.com,1981 Lincoln Ave,,Dayton,NH,16441,2026-05-11
VC002395,Davis,Barbara,,2001-05-05,5497,+12226492157,(870) 233-2547,,8148 Park Blvd,,Franklin,SD,66732,2026-05-08
VC002396,Thompson,Nancy,,02-May-1942,1675,208.487.3316,5333635869,,8721 Cedar Ln,,Greenville,KY,32161-6148,2026-06-04
VC002397,Miller,Jennifer,W,02-18-1976,5229,(872) 989-3452,871-278-9958,jennifer.miller81@hotmail.com,8813 Valley Ln,,Clinton,NV,10019,2026-05-22
VC002398,Jones,Karen,Y,08/16/1959,4960,4976618041,+16465223631,,9219 Lincoln Ave,,Dayton,IA,66853,2026-06-03
VC002399,Anderson,Christopher,,1981-08-17,6555,424-364-4339,630.509.2581,christopher.anderson93@gmail.com,7368 Oak Ave,Apt 663,Georgetown,KS,58215-5198,2026-05-21
VC002400,Hill,Nancy,W,09-Sep-1979,5566,+16193497829,,,7999 Park Blvd,Apt 481,Manchester,PA,20252,2026-05-08
VC002401,Johnson,Daniel,O,09-30-2001,1477,591.816.7080,4456677885,daniel.johnson64@outlook.com,543 Jefferson Dr,Apt 347,Burlington,TN,16344,2026-05-15
VC002402,Brown,Margaret,,01/15/1991,2774,(539) 656-3854,,margaret.brown92@yahoo.com,4830 Cedar Ln,Apt 125,Dayton,IL,47906-6180,2026-05-06
VC002403,Williams,Anthony,,1997-09-20,4295,9075499728,+16665548225,,5933 Washington St,,Dayton,CA,57870,2026-05-26
VC002404,Hall,Charles,,20-Jul-1993,4364,805-812-5208,,charles.hall98@yahoo.com,1015 Washington St,,Oxford,MT,73263,2026-05-10
VC002405,Taylor,Ashley,A,01-19-1967,9093,+18522567435,,ashley.taylor70@icloud.com,1788 Hill Rd,,Richmond,MD,60079-7616,2026-06-04
VC002406,Anderson,Michael,T,04/15/1947,3926,866.388.5146,,michael.anderson49@icloud.com,5473 Hill Rd,,Dayton,NY,10769,2026-05-07
VC002407,Adams,Karen,,1970-07-01,7750,(256) 507-3243,,karen.adams5@gmail.com,4232 Jefferson Dr,,Clinton,GA,46787,2026-05-05
VC002408,Torres,Margaret,P,04-Dec-1986,8124,2014092110,+16857587963,margaret.torres67@gmail.com,4230 Valley Ln,,Madison,OR,59536-6384,2026-05-23
VC002409,Brown,Christopher,,07-02-2000,2205,505-593-6388,,christopher.brown55@icloud.com,6361 Maple Dr,Apt 458,Franklin,MS,63554,2026-05-07
VC002410,Martin,Betty,L,01/23/1974,8493,+18352278447,,betty.martin99@outlook.com,7708 Lincoln Ave,,Georgetown,MS,50568,2026-06-04
VC002411,Johnson,Richard,,1979-07-15,1537,965.402.6314,,,167 River Dr,Apt 145,Fairview,VA,68756-1966,2026-05-16
VC002412,White,Mary,L,20-Oct-1995,3013,(802) 586-8880,,,105 Maple Dr,,Georgetown,VA,79317,2026-05-26
VC002413,Wilson,Joseph,C,04-08-1969,6693,7024116686,,joseph.wilson48@outlook.com,9361 Forest Ave,,Arlington,NE,90387,2026-05-19
VC002414,Williams,James,,09/02/1989,2396,912-634-3362,,,2548 River Dr,Apt 474,Arlington,AL,98123-9461,2026-05-11
VC002415,Johnson,John,Q,2003-11-07,1591,+14579109946,(638) 246-3905,john.johnson80@outlook.com,1259 Lake Rd,,Clinton,MS,45865,2026-05-09
VC002416,Nelson,David,D,29-Jan-1987,3827,219.467.1658,,,3834 Jefferson Dr,,Dayton,AK,65364,2026-05-15
VC002417,Thomas,Mary,,01-25-1976,5909,(850) 887-2479,581-744-4991,mary.thomas99@yahoo.com,4310 Washington St,,Fairview,AK,24384-9059,2026-05-23
VC002418,Young,Mary,N,11/30/1973,3550,5387312265,+17347995092,mary.young53@outlook.com,5154 Jefferson Dr,Apt 598,Fairview,SC,42522,2026-05-30
VC002419,Baker,Margaret,,1998-08-18,3274,271-430-5603,,margaret.baker74@aol.com,1597 Oak Ave,Apt 243,Manchester,MA,81648,2026-06-02
VC002420,Brown,John,T,30-May-1955,9496,+12899947807,(297) 608-5772,john.brown66@gmail.com,8859 Lincoln Ave,,Springfield,NJ,41707-3327,2026-06-03
VC002421,Young,Matthew,A,03-14-2002,7098,731.715.9288,4795434252,matthew.young88@outlook.com,9322 Forest Ave,Apt 936,Georgetown,UT,37601,2026-05-06
VC002422,Anderson,Christopher,N,10/23/1945,3198,(657) 777-1594,519-794-5889,,454 Jefferson Dr,,Georgetown,IL,96933,2026-05-19
VC002423,Hall,Sandra,W,1976-03-21,3502,3752844644,,sandra.hall97@outlook.com,9351 River Dr,Apt 284,Richmond,IL,95213-1858,2026-05-17
VC002424,Martin,Linda,W,16-Oct-2002,8767,205-265-5650,342.433.9226,linda.martin4@yahoo.com,3929 Main St,,Franklin,SD,35811,2026-05-10
VC002425,Hill,William,A,04-11-2000,4193,+18707987408,(420) 655-5233,,7555 Lincoln Ave,,Dayton,WV,41692,2026-05-05
VC002426,Williams,Mary,,06/18/1987,5333,394.234.5070,,mary.williams59@gmail.com,7939 Main St,,Oxford,NJ,23283-1832,2026-05-25
VC002427,Adams,Daniel,K,1970-04-13,4458,(388) 382-6795,,daniel.adams88@icloud.com,6636 Main St,,Clinton,ID,90993,2026-05-09
VC002428,Taylor,Thomas,G,30-Jan-1943,2130,6728169510,,thomas.taylor41@aol.com,5072 Cedar Ln,,Clinton,WY,33093,2026-05-10
VC002429,Martin,Susan,C,09-28-1953,3284,731-228-9039,297.763.3322,susan.martin77@gmail.com,8197 Lake Rd,,Georgetown,KS,90430-6376,2026-05-30
VC002430,Martin,Thomas,R,02/14/1959,5185,+18523018737,(428) 908-9140,thomas.martin21@outlook.com,430 Forest Ave,,Springfield,AZ,10428,2026-05-14
VC002431,Hill,Jessica,C,1991-04-01,2265,265.654.1650,7425961906,jessica.hill77@outlook.com,2977 Forest Ave,,Richmond,NJ,55806,2026-05-10
VC002432,Scott,Robert,J,26-Feb-1985,2532,(912) 305-4992,,robert.scott46@yahoo.com,6111 Washington St,,Fairview,AZ,27123-7143,2026-05-26
VC002433,Taylor,Barbara,,12-30-1994,2566,9055573936,,barbara.taylor32@outlook.com,329 Oak Ave,,Richmond,MS,59960,2026-05-13
VC002434,Smith,Nancy,I,04/29/1944,4031,995-282-1274,,,1329 Sunset Blvd,,Greenville,PA,13577,2026-05-06
VC002435,Hill,Joseph,J,1945-01-16,3949,+12703375584,,,4086 Lincoln Ave,Apt 607,Burlington,KS,69820-5647,2026-05-12
VC002436,Jones,Ashley,,02-Dec-1940,8966,222.407.4157,,,595 Cedar Ln,,Madison,CT,42684,2026-05-08
VC002437,Harris,Daniel,M,08-12-1979,3582,(635) 488-4901,,daniel.harris48@icloud.com,4558 River Dr,,Marion,FL,14029,2026-05-15
VC002438,Martin,William,,02/26/1984,9478,3424888095,+14692652541,,2990 Lake Rd,Apt 7,Oxford,RI,86336-7907,2026-05-27
VC002439,Harris,Margaret,J,1998-03-23,7321,427-636-6308,871.790.5733,margaret.harris27@outlook.com,971 Park Blvd,,Richmond,IN,29155,2026-05-27
VC002440,King,Joseph,,04-Jun-1998,1149,+19126945769,,joseph.king18@outlook.com,2373 Cedar Ln,,Fairview,WV,35644,2026-06-02
VC002441,Martin,Michael,W,05-26-1977,4751,245.575.5168,3346016806,michael.martin30@outlook.com,4542 River Dr,Apt 21,Fairview,MI,60833-2430,2026-05-25
VC002442,Garcia,Sarah,K,03/04/1971,9345,(674) 439-3024,920-643-7138,,4532 Sunset Blvd,,Greenville,UT,49474,2026-05-15
VC002443,Nelson,Susan,D,1998-09-27,6951,6479492063,,susan.nelson44@aol.com,1946 Park Blvd,,Manchester,MD,91822,2026-05-12
VC002444,Thompson,Thomas,,29-Sep-1947,3906,919-505-9401,,,3669 Sunset Blvd,,Fairview,ID,36921-4510,2026-05-25
VC002445,Taylor,Margaret,T,08-24-1965,8135,+15014822523,(249) 350-8773,margaret.taylor12@gmail.com,5275 Oak Ave,,Dayton,CA,63393,2026-05-25
VC002446,Thompson,Mark,R,07/01/1996,5480,762.575.2042,8854305844,mark.thompson29@yahoo.com,6950 Main St,Apt 102,Manchester,IN,66389,2026-05-17
VC002447,Thompson,Matthew,,1993-02-13,1145,(821) 478-4390,494-758-7509,matthew.thompson50@outlook.com,3016 Main St,Apt 753,Greenville,OR,38548-5592,2026-05-31
VC002448,Hill,Joseph,S,01-May-1948,4471,4422574005,+14594384349,,4605 Hill Rd,Apt 70,Greenville,OR,75822,2026-05-28
VC002449,Davis,Susan,,03-30-1997,2995,234-224-2506,,susan.davis33@yahoo.com,932 Valley Ln,,Dayton,IN,88562,2026-05-21
VC002450,Scott,Sarah,,06/03/1954,1819,+19027527533,,sarah.scott99@hotmail.com,9835 Maple Dr,,Salem,VT,47136-9852,2026-05-24
VC002451,King,Karen,,1977-08-02,2790,248.999.5620,,,337 Cedar Ln,Apt 663,Manchester,IA,76356,2026-05-05
VC002452,Garcia,John,,12-Aug-1969,8195,(611) 781-4150,,john.garcia33@hotmail.com,9034 Sunset Blvd,,Marion,MA,49230,2026-05-19
VC002453,Scott,Patricia,,01-27-1943,9269,4564401963,,patricia.scott9@hotmail.com,5549 River Dr,,Oxford,TX,88309-5243,2026-06-01
VC002454,Miller,Margaret,J,09/06/1996,9531,206-754-7515,945.702.7994,margaret.miller33@yahoo.com,6946 Forest Ave,,Arlington,VT,90581,2026-05-16
VC002455,Miller,Susan,R,1980-05-08,8224,+14282394109,(380) 756-1506,susan.miller9@hotmail.com,965 Lincoln Ave,,Madison,ME,11345,2026-05-10
VC002456,Thomas,Margaret,,30-Oct-1972,5990,811.225.5839,7545983777,margaret.thomas46@icloud.com,379 Forest Ave,,Oxford,TX,24123-4943,2026-05-18
VC002457,Baker,Patricia,,09-25-1991,4669,(467) 870-6148,,patricia.baker6@gmail.com,203 Washington St,,Richmond,UT,78788,2026-05-07
VC002458,Scott,Susan,C,06/16/1998,4577,3094696522,,susan.scott45@gmail.com,3350 Main St,Apt 449,Dayton,NY,96929,2026-05-07
VC002459,Torres,Jennifer,M,1940-10-05,2801,362-342-2401,483.886.3794,jennifer.torres76@aol.com,8445 Washington St,,Oxford,OH,68843-4083,2026-05-06
VC002460,Brown,Joseph,,25-Nov-1940,4721,+13985518152,,joseph.brown48@hotmail.com,950 Cedar Ln,Apt 184,Fairview,CO,87151,2026-05-20
VC002461,Wilson,Lisa,,11-25-1971,1763,389.390.6558,2533106056,lisa.wilson12@yahoo.com,5536 Forest Ave,,Springfield,WA,60315,2026-05-29
VC002462,Davis,Mark,,05/10/1976,3862,(467) 380-4749,,mark.davis5@gmail.com,5411 Oak Ave,,Dayton,GA,16079-2246,2026-05-18
VC002463,Walker,Margaret,J,1975-11-20,3103,8683452376,,margaret.walker76@yahoo.com,8348 Main St,,Madison,KS,49032,2026-06-02
VC002464,Allen,Susan,L,22-Mar-1969,3525,312-823-9226,,susan.allen33@icloud.com,727 Maple Dr,,Springfield,MD,94602,2026-05-20
VC002465,Johnson,Sarah,L,05-08-1950,3707,+17988977086,,sarah.johnson40@yahoo.com,5280 Washington St,Apt 603,Burlington,LA,71526-7678,2026-05-16
VC002466,Young,Matthew,,03/06/1980,4125,333.954.6454,,matthew.young64@aol.com,7760 Park Blvd,,Springfield,WI,52940,2026-05-18
VC002467,Thomas,John,,1980-12-05,1128,(265) 699-2178,,john.thomas78@gmail.com,8238 Forest Ave,,Richmond,FL,87684,2026-05-09
VC002468,Wright,Barbara,,28-May-1980,7506,2992527276,,barbara.wright76@hotmail.com,9698 Valley Ln,,Manchester,NM,77179-2354,2026-06-04
VC002469,Anderson,Christopher,X,05-20-2001,3144,936-799-3170,,christopher.anderson50@hotmail.com,4560 Park Blvd,,Oxford,OK,36395,2026-06-01
VC002470,Harris,Daniel,,12/30/1965,8743,+16175754803,(625) 421-2405,daniel.harris25@hotmail.com,1847 Sunset Blvd,,Arlington,CA,48533,2026-05-12
VC002471,Wilson,Betty,Z,1974-08-14,4596,785.731.7185,,betty.wilson68@hotmail.com,5314 Washington St,,Clinton,CT,57109-2949,2026-05-31
VC002472,Anderson,Jennifer,,24-Nov-1974,4382,(360) 313-3115,,jennifer.anderson53@outlook.com,8790 River Dr,,Salem,WV,19012,2026-05-18
VC002473,Miller,Patricia,F,02-04-1981,2814,6723213619,,patricia.miller81@aol.com,7381 Main St,,Marion,IA,86309,2026-05-17
VC002474,Davis,Richard,,09/05/1946,6179,912-289-3196,,richard.davis17@yahoo.com,1522 Sunset Blvd,,Marion,CT,81806-6495,2026-05-17
VC002475,Wright,Patricia,Q,1998-05-16,8142,+15322445685,(231) 410-5468,,4921 Washington St,,Salem,OR,65241,2026-05-26
VC002476,Brown,David,C,17-Nov-1984,6802,964.640.3878,9479921628,,2117 River Dr,,Marion,VA,40161,2026-05-24
VC002477,Garcia,Sandra,V,11-01-1980,3067,(678) 582-6816,,sandra.garcia12@hotmail.com,7811 Sunset Blvd,Apt 855,Marion,WA,74682-5618,2026-05-10
VC002478,Wright,Christopher,O,11/06/1982,5921,8448629596,+15215551092,christopher.wright64@aol.com,1376 Park Blvd,,Salem,NV,20378,2026-06-01
VC002479,Allen,Christopher,X,1942-04-08,7595,728-272-3538,927.809.3883,christopher.allen15@outlook.com,615 Forest Ave,,Georgetown,AL,17164,2026-05-18
VC002480,Jackson,Barbara,,14-May-1954,8420,+17126873716,(366) 311-2963,barbara.jackson67@hotmail.com,5188 Hill Rd,,Madison,MI,41385-9610,2026-05-15
VC002481,White,Ashley,S,11-20-2003,5448,537.556.7926,8149637045,ashley.white42@yahoo.com,6468 Park Blvd,,Greenville,NM,19818,2026-05-29
VC002482,Harris,Patricia,O,02/18/1966,6998,(998) 999-5106,,,2076 Cedar Ln,,Dayton,OR,50296,2026-05-16
VC002483,Nelson,Karen,F,1981-08-05,3243,9479151102,+16569221653,karen.nelson90@icloud.com,4701 Lake Rd,,Salem,WA,84348-2130,2026-05-24
VC002484,Thompson,Patricia,,16-Feb-1944,1470,639-619-9857,,,714 Forest Ave,,Fairview,VA,25007,2026-06-03
VC002485,Wilson,Charles,S,01-03-1980,2381,+14847927877,(389) 201-8987,charles.wilson57@gmail.com,7998 Maple Dr,,Oxford,MD,27776,2026-05-26
VC002486,Adams,Jessica,,05/16/1990,8963,204.206.3733,,jessica.adams57@yahoo.com,855 Jefferson Dr,,Manchester,CT,79881-2654,2026-05-06
VC002487,Williams,Matthew,,1980-10-12,5580,(805) 620-5082,,matthew.williams82@outlook.com,3196 Main St,,Dayton,MI,10170,2026-05-13
VC002488,Adams,James,,12-Mar-1940,1376,4758418124,+16373469572,,332 Jefferson Dr,,Burlington,MI,24288,2026-05-14
VC002489,Brown,Sandra,Z,01-31-1989,3456,522-517-2646,738.460.7786,,1783 Valley Ln,,Oxford,GA,82168-1586,2026-05-19
VC002490,Jones,Susan,Y,12/17/1963,8318,+12369568339,,susan.jones67@gmail.com,876 Oak Ave,,Manchester,NV,35123,2026-06-02
VC002491,Adams,Ashley,E,1950-10-02,7060,874.847.5332,,ashley.adams7@outlook.com,2615 Lake Rd,Apt 421,Marion,UT,25119,2026-05-18
VC002492,Young,James,O,23-Jul-1965,3938,(830) 495-8459,,james.young59@gmail.com,4926 Valley Ln,,Arlington,OH,91301-2970,2026-06-02
VC002493,Johnson,Linda,,11-10-1975,5316,5555923388,+15244572244,linda.johnson94@yahoo.com,2895 Oak Ave,,Fairview,MI,11770,2026-05-15
VC002494,Smith,Daniel,,06/28/1965,2832,789-297-4343,763.280.8272,,1998 Hill Rd,Apt 861,Fairview,NJ,36474,2026-06-01
VC002495,Scott,Joseph,H,1970-02-13,6778,+15517896838,,joseph.scott85@gmail.com,3287 Lincoln Ave,,Franklin,WV,85026-6406,2026-05-15
VC002496,Thompson,Sandra,,15-Aug-1947,8798,233.689.7332,6468584503,,1535 Lake Rd,,Arlington,MO,23144,2026-05-16
VC002497,White,Joseph,,06-24-1979,1694,(303) 281-1515,,joseph.white80@yahoo.com,43 Lincoln Ave,,Richmond,NV,65249,2026-05-24
VC002498,Wright,Mark,L,04/23/1945,3965,4353593260,+16148124989,,8607 Hill Rd,Apt 109,Marion,RI,72116-4765,2026-06-01
VC002499,Scott,Mary,,1964-11-03,1612,877-346-1168,,,1251 Main St,Apt 433,Springfield,WV,46966,2026-05-18
VC002500,Wright,Thomas,K,27-Mar-1942,6953,+15869082749,(682) 377-3469,thomas.wright45@aol.com,7327 Cedar Ln,Apt 709,Dayton,MN,80950,2026-05-27
VC002501,Nelson,James,L,06-03-1969,1890,698.552.8487,5408592865,,4801 Valley Ln,,Dayton,SC,32715-1825,2026-05-23
VC002502,Scott,Sarah,,07/05/1994,3415,(654) 972-2713,571-878-7240,sarah.scott44@aol.com,3457 Park Blvd,Apt 416,Franklin,DE,27094,2026-06-04
VC002503,King,William,C,1956-11-18,7205,6866792912,+14775251823,william.king51@outlook.com,9888 Jefferson Dr,,Springfield,ID,35408,2026-05-22
VC002504,Wilson,William,,16-Feb-1943,5257,927-616-7576,,,4060 Sunset Blvd,,Oxford,AZ,15325-3692,2026-05-31
VC002505,Young,Charles,F,04-02-1966,5950,+16272096182,(424) 612-3325,charles.young18@outlook.com,1545 Washington St,Apt 657,Salem,WV,23476,2026-05-15
VC002506,Young,Karen,N,11/22/1964,7051,559.922.1485,9725048615,karen.young69@yahoo.com,4360 River Dr,Apt 4,Oxford,NC,89747,2026-05-29
VC002507,Martin,Barbara,,1983-12-28,8751,(919) 669-1508,,barbara.martin69@hotmail.com,9072 Maple Dr,,Franklin,UT,95753-1024,2026-05-11
VC002508,Thomas,Christopher,,14-Apr-1981,7017,3985685355,,christopher.thomas25@icloud.com,7620 Main St,,Georgetown,KS,46614,2026-05-25
VC002509,Williams,Christopher,,02-13-1941,6410,735-765-2247,,christopher.williams86@yahoo.com,8610 Washington St,Apt 266,Springfield,KY,15814,2026-05-27
VC002510,Hill,Jennifer,T,06/29/2003,1631,+16164472915,(885) 454-5568,jennifer.hill4@gmail.com,5895 Valley Ln,,Oxford,WY,23011-5423,2026-05-10
VC002511,Walker,Mark,K,1998-05-30,4047,993.629.3749,,mark.walker43@gmail.com,8768 Oak Ave,,Richmond,MT,69671,2026-05-23
VC002512,Thomas,Susan,G,18-Mar-1973,7380,(488) 236-9818,574-205-3963,susan.thomas33@aol.com,5255 Forest Ave,,Manchester,MA,27325,2026-05-19
VC002513,Thomas,Sarah,,05-27-1980,6730,8757449423,+13444015568,sarah.thomas18@hotmail.com,1265 Park Blvd,Apt 474,Marion,NC,78413-6737,2026-05-21
VC002514,Harris,Karen,Z,01/14/1988,5683,285-735-8378,,,9060 River Dr,,Fairview,ND,54377,2026-05-25
VC002515,Scott,Matthew,,1992-05-11,9558,+12747417085,(812) 673-1511,matthew.scott17@hotmail.com,2488 Washington St,,Dayton,KS,59269,2026-05-12
VC002516,Torres,William,,17-Dec-1971,5245,722.376.5838,4264605730,,9923 Lincoln Ave,,Salem,NJ,10746-4225,2026-05-22
VC002517,Brown,Sarah,,03-05-1994,9837,(598) 913-6619,,sarah.brown6@hotmail.com,8314 Cedar Ln,,Arlington,MT,57814,2026-05-08
VC002518,Harris,Karen,,03/22/1976,7872,7487697041,+18579354193,,6593 Lincoln Ave,,Dayton,VT,53250,2026-05-16
VC002519,Torres,Richard,K,1971-03-19,9779,765-475-2246,,,743 Sunset Blvd,Apt 16,Franklin,NJ,84854-8639,2026-06-02
VC002520,Jackson,Karen,C,23-Feb-1986,8308,+12384381721,,,6579 Main St,,Burlington,MS,51040,2026-05-28
VC002521,Garcia,Linda,Q,03-14-1949,8419,958.370.6014,,linda.garcia2@hotmail.com,5050 Washington St,,Franklin,LA,85115,2026-05-09
VC002522,Davis,David,K,01/22/1983,8583,(856) 646-5533,,david.davis92@icloud.com,5890 Maple Dr,,Dayton,WA,53458-5647,2026-05-19
VC002523,Wright,Christopher,T,1993-07-30,2282,2902347038,,,6092 Lincoln Ave,,Manchester,OK,35808,2026-05-10
VC002524,Harris,Jessica,,22-Dec-1958,1735,534-982-6498,625.851.8636,jessica.harris75@outlook.com,5023 River Dr,,Georgetown,OK,72939,2026-05-06
VC002525,Taylor,Sarah,,05-22-1974,4781,+19316529601,(201) 478-5656,,8552 Cedar Ln,,Oxford,MT,46215-5708,2026-05-06
VC002526,Garcia,Margaret,,06/14/1978,6212,770.633.3340,7473226922,margaret.garcia85@outlook.com,6758 Cedar Ln,,Manchester,VT,37155,2026-05-12
VC002527,Scott,Sarah,D,2000-05-15,4456,(301) 773-2208,,,6214 Maple Dr,Apt 704,Georgetown,AZ,44550,2026-05-08
VC002528,Walker,Robert,W,04-Jan-1955,8338,4049883378,+12586416937,robert.walker29@outlook.com,2411 Hill Rd,,Springfield,WV,96706-8763,2026-06-03
VC002529,King,David,,10-25-2003,9798,831-792-2882,314.905.1048,david.king16@aol.com,1350 Valley Ln,,Greenville,HI,30081,2026-06-03
VC002530,Anderson,Nancy,,12/23/1975,5263,+14407464631,(320) 891-1605,nancy.anderson49@hotmail.com,7613 Park Blvd,,Fairview,HI,90425,2026-05-26
VC002531,Young,Linda,R,1957-04-22,2937,229.688.8276,9745691187,,2969 Hill Rd,,Springfield,MA,64672-1391,2026-05-22
VC002532,King,Linda,E,17-Jan-1972,2874,(256) 353-8436,318-716-4622,linda.king66@gmail.com,2824 Valley Ln,,Georgetown,NH,52825,2026-05-08
VC002533,Baker,Barbara,N,02-19-1996,9256,5907514805,,barbara.baker8@aol.com,4253 Washington St,,Dayton,OH,67232,2026-05-11
VC002534,Garcia,James,N,11/01/1955,1898,265-953-2534,590.864.3457,,4979 Forest Ave,,Madison,UT,68427-9932,2026-05-12
VC002535,Brown,Linda,X,1966-03-03,5001,+16337646702,,linda.brown29@aol.com,5267 Valley Ln,Apt 644,Richmond,AR,54378,2026-05-30
VC002536,Brown,Susan,J,27-Apr-1944,5978,447.590.1383,6343624483,susan.brown10@icloud.com,432 Park Blvd,Apt 786,Arlington,NH,87875,2026-05-19
VC002537,Taylor,Robert,B,01-13-1963,8653,(234) 341-1160,,robert.taylor46@yahoo.com,9453 Sunset Blvd,,Greenville,MT,49815-3544,2026-05-07
VC002538,Jones,Susan,E,09/19/1998,5601,8684077401,+12292536081,susan.jones85@outlook.com,1897 Sunset Blvd,,Marion,AR,28722,2026-05-29
VC002539,Allen,Sarah,,1947-02-04,2673,757-226-7413,,sarah.allen94@hotmail.com,331 Main St,,Dayton,RI,86030,2026-05-26
VC002540,Thompson,Thomas,U,07-Aug-1985,9383,+14749627438,(273) 364-3263,thomas.thompson96@hotmail.com,7460 Park Blvd,Apt 463,Fairview,AR,40488-6397,2026-05-31
VC002541,Anderson,Charles,W,05-30-1981,1425,820.715.8028,5053214005,charles.anderson80@gmail.com,9990 Valley Ln,Apt 899,Fairview,IL,38042,2026-05-16
VC002542,Brown,Anthony,S,10/11/1966,3577,(625) 739-8970,461-993-6584,anthony.brown97@icloud.com,3456 Oak Ave,,Dayton,AZ,27107,2026-05-25
VC002543,Wright,Matthew,O,1942-09-20,6343,4546681530,+17568043480,matthew.wright80@aol.com,4578 Sunset Blvd,Apt 928,Fairview,SC,36760-9360,2026-05-21
VC002544,Walker,Michael,D,06-Apr-1946,1205,930-366-9291,993.655.6807,michael.walker31@hotmail.com,6899 Washington St,,Franklin,RI,60492,2026-05-23
VC002545,Miller,Sandra,N,11-28-1968,2846,+13955295950,,sandra.miller64@gmail.com,9578 Oak Ave,Apt 716,Manchester,MS,75061,2026-05-19
VC002546,Davis,Linda,,08/26/1941,5182,903.853.3760,5314629444,,1925 Park Blvd,Apt 808,Richmond,OK,87171-9240,2026-05-26
VC002547,Hill,Susan,L,1979-08-01,4774,(573) 227-2163,,susan.hill47@aol.com,6136 Cedar Ln,,Dayton,AL,18893,2026-05-31
VC002548,Torres,John,F,16-Jun-1956,9345,8456608138,+14125003997,john.torres58@outlook.com,4740 Lincoln Ave,Apt 568,Salem,VT,27643,2026-05-19
VC002549,Williams,Mark,E,04-28-1966,3840,410-803-2348,,mark.williams39@outlook.com,886 Maple Dr,,Manchester,NJ,93019-4209,2026-05-21
VC002550,Baker,Charles,R,06/21/1944,1307,+14278286790,(366) 590-4138,charles.baker34@icloud.com,183 River Dr,,Oxford,KY,62886,2026-05-22
VC002551,Smith,Charles,Z,1971-08-12,9384,305.496.4162,3745706686,,8831 Lake Rd,,Oxford,NY,19465,2026-05-14
VC002552,Adams,Richard,F,21-May-1964,2506,(928) 464-9222,930-285-1844,richard.adams59@aol.com,5015 Washington St,,Fairview,NV,30552-6301,2026-06-01
VC002553,Anderson,John,,09-09-1999,1685,4406898949,,,1652 Main St,,Springfield,LA,10947,2026-05-11
VC002554,Jackson,James,B,07/30/1995,1253,443-775-2488,,james.jackson19@aol.com,5056 Main St,Apt 852,Manchester,IN,60965,2026-05-21
VC002555,Miller,James,H,1983-05-01,4560,+15893119223,,james.miller84@yahoo.com,9190 Maple Dr,,Manchester,WI,11217-8574,2026-06-01
VC002556,Johnson,James,,20-May-1940,6114,415.377.7095,,,3 Maple Dr,,Richmond,PA,93517,2026-05-27
VC002557,Nguyen,Mary,,03-13-1992,5667,(359) 978-6812,347-658-6577,mary.nguyen81@outlook.com,835 Washington St,Apt 166,Marion,KY,22913,2026-05-17
VC002558,Harris,Joseph,C,05/09/1951,8009,4886765914,,joseph.harris85@gmail.com,7438 Main St,,Fairview,ID,47614-5046,2026-05-08
VC002559,Hall,Jennifer,A,1952-01-03,1455,628-282-7543,771.438.8103,jennifer.hall20@gmail.com,5723 Hill Rd,,Franklin,GA,89244,2026-06-01
VC002560,Miller,Patricia,R,30-Jul-1961,3763,+15034452100,,patricia.miller46@hotmail.com,1844 Maple Dr,,Dayton,WY,23789,2026-06-04
VC002561,Nelson,Jennifer,H,05-20-1995,4061,445.981.3684,4486711962,,6469 Lincoln Ave,,Arlington,NJ,59291-4483,2026-05-13
VC002562,Taylor,Richard,E,01/04/1985,6718,(739) 223-3140,,,4546 Lake Rd,,Oxford,ME,17980,2026-05-10
VC002563,Hall,Jessica,Y,2000-01-02,6116,6726607348,,jessica.hall7@aol.com,8825 River Dr,,Richmond,MI,98091,2026-05-15
VC002564,Scott,Susan,,01-Dec-1958,8542,703-706-4665,,susan.scott88@aol.com,6478 Park Blvd,,Dayton,ID,74036-1118,2026-05-28
VC002565,Brown,Christopher,,11-24-1949,9189,+18354424635,,christopher.brown63@outlook.com,6463 Forest Ave,,Manchester,NV,21542,2026-05-12
VC002566,Harris,Patricia,P,05/22/1954,2616,837.825.3855,8754864159,patricia.harris56@aol.com,1935 Maple Dr,,Salem,ME,64774,2026-05-31
VC002567,White,James,,1973-10-04,1853,(374) 743-8934,,james.white24@aol.com,1889 Jefferson Dr,Apt 161,Springfield,MS,34424-8464,2026-05-31
VC002568,Brown,Mark,U,17-Jun-1942,9032,3703876646,,mark.brown47@outlook.com,4594 Valley Ln,,Salem,GA,59969,2026-05-26
VC002569,Torres,David,,10-08-1949,2997,229-615-9934,,david.torres41@hotmail.com,8899 Sunset Blvd,,Dayton,NE,23042,2026-05-23
VC002570,Hall,Thomas,,04/09/2004,4474,+15793459069,,thomas.hall77@icloud.com,356 Park Blvd,,Springfield,MI,26506-5178,2026-05-12
VC002571,Williams,Charles,,1977-04-08,7939,420.240.1990,8578674369,,6521 Hill Rd,Apt 505,Madison,SD,75673,2026-05-26
VC002572,King,James,T,27-Oct-1967,6023,(616) 476-3885,508-918-8006,james.king5@gmail.com,2420 Forest Ave,Apt 730,Clinton,KY,42138,2026-05-25
VC002573,Harris,Jessica,,05-25-1945,3869,6696594301,+12185569274,,6440 Sunset Blvd,,Madison,DE,47090-8302,2026-05-08
VC002574,Williams,Robert,P,12/17/1992,6626,943-840-1551,,,2335 Hill Rd,,Springfield,MN,69458,2026-05-14
VC002575,Williams,Daniel,,1978-01-20,9113,+13657322990,(578) 736-7269,daniel.williams97@gmail.com,2723 Cedar Ln,Apt 4,Salem,DE,15119,2026-05-18
VC002576,Wilson,Daniel,,03-Jul-2003,8763,301.248.8566,3324427508,,5957 Jefferson Dr,,Greenville,OK,69348-2901,2026-05-06
VC002577,Jackson,Betty,M,01-08-1978,8939,(327) 619-3236,,,1380 Oak Ave,,Franklin,MI,92597,2026-05-22
VC002578,Jones,Sarah,S,04/24/2001,8368,4615438819,+19142044436,sarah.jones31@hotmail.com,2666 Park Blvd,,Fairview,FL,58711,2026-05-18
VC002579,Thomas,Michael,U,2001-03-08,3153,220-575-8834,564.964.5464,,559 Jefferson Dr,Apt 611,Marion,IL,86208-5555,2026-05-17
VC002580,Allen,Sarah,N,01-May-2003,8237,+14745881204,,,9590 Washington St,Apt 115,Arlington,KS,64351,2026-05-19
VC002581,Adams,Mary,R,08-07-1966,5885,378.937.5674,,mary.adams41@gmail.com,74 Oak Ave,,Georgetown,LA,25467,2026-05-22
VC002582,Adams,Mark,X,10/04/1995,9061,(631) 327-8067,,mark.adams31@icloud.com,545 Lincoln Ave,,Franklin,AK,97006-9846,2026-05-16
VC002583,Brown,Matthew,,1943-05-13,2882,5598268702,+18148355224,matthew.brown2@icloud.com,6999 Oak Ave,,Richmond,OH,95952,2026-05-21
VC002584,Nelson,Anthony,H,29-Mar-1995,2019,754-219-5347,,,6894 Hill Rd,,Richmond,WA,84497,2026-05-29
VC002585,King,Susan,,03-10-1995,8547,+13683841032,(280) 334-9810,,8492 Jefferson Dr,,Springfield,NJ,41527-6367,2026-05-27
VC002586,Jackson,Betty,,02/06/1964,9957,915.604.4036,2956754824,betty.jackson51@gmail.com,5166 Washington St,Apt 749,Dayton,CA,14126,2026-05-07
VC002587,Smith,Ashley,F,2001-04-07,4732,(998) 436-1048,,,464 Park Blvd,,Marion,IA,73756,2026-05-09
VC002588,Nelson,Daniel,,09-May-1990,6845,6547194349,+19296917847,daniel.nelson69@yahoo.com,5910 Washington St,,Madison,MI,24965-9345,2026-05-29
VC002589,Miller,Robert,W,12-07-1952,4684,350-310-1156,942.599.7197,robert.miller35@yahoo.com,8334 Lincoln Ave,,Springfield,WV,80185,2026-05-23
VC002590,Thomas,Charles,I,10/31/1986,4266,+17927956725,(750) 516-9857,charles.thomas73@yahoo.com,177 River Dr,Apt 663,Springfield,TN,46843,2026-05-13
VC002591,Brown,Sarah,,1990-01-15,4370,786.775.1211,8663977156,sarah.brown39@aol.com,6195 Main St,,Springfield,SD,51130-1052,2026-05-27
VC002592,Jones,Margaret,Q,12-Nov-1956,7238,(411) 623-7804,765-336-6799,margaret.jones5@aol.com,2215 Lake Rd,,Burlington,NJ,37928,2026-06-04
VC002593,Hill,Linda,,01-17-1969,5786,7963185727,,linda.hill3@outlook.com,2352 Forest Ave,Apt 369,Dayton,DE,29061,2026-05-16
VC002594,Hall,David,,07/06/1997,4545,877-449-8607,460.326.9699,,6827 Park Blvd,,Salem,WV,41153-5439,2026-05-17
VC002595,Baker,Sarah,,1957-06-24,6233,+18159058466,,sarah.baker28@yahoo.com,32 Jefferson Dr,,Madison,SC,77821,2026-05-26
VC002596,Scott,William,,02-Jan-1962,1555,694.459.5673,,william.scott64@outlook.com,4481 Valley Ln,,Clinton,KY,86978,2026-05-17
VC002597,White,Jennifer,,07-31-1943,9918,(953) 928-7268,,jennifer.white7@outlook.com,8767 Valley Ln,Apt 392,Richmond,MD,47625-6630,2026-05-26
VC002598,Martin,Ashley,,07/13/2003,9342,5247781937,,ashley.martin77@hotmail.com,930 Valley Ln,Apt 198,Georgetown,IN,85852,2026-05-30
VC002599,Anderson,Lisa,,1995-07-20,3595,413-219-4814,,,7912 River Dr,Apt 432,Salem,NM,67903,2026-05-28
VC002600,Jackson,Jessica,B,10-Aug-1972,4801,+19288018820,,,2354 Hill Rd,,Franklin,IA,25224-7911,2026-06-04
VC002601,Miller,Anthony,,09-17-1962,5179,325.614.5490,,anthony.miller1@aol.com,1692 Washington St,,Arlington,OK,11747,2026-05-25
VC002602,Jackson,John,,07/29/1955,5457,(478) 517-4035,,,9192 Cedar Ln,,Oxford,MO,37942,2026-05-12
VC002603,Harris,Thomas,M,1974-01-23,5057,4692601153,,thomas.harris50@outlook.com,6226 Oak Ave,,Madison,IN,51523-1619,2026-05-23
VC002604,Wright,Mary,R,16-Jun-1997,4548,588-432-9565,,mary.wright82@yahoo.com,6661 Washington St,,Georgetown,CA,44035,2026-05-13
VC002605,Anderson,Jessica,I,02-15-1974,8814,+14116307381,(557) 905-9943,jessica.anderson54@gmail.com,9570 Washington St,,Springfield,WI,85456,2026-05-17
VC002606,Davis,Linda,Y,08/06/1957,9281,265.282.5864,9252165746,linda.davis21@hotmail.com,5140 Lincoln Ave,,Georgetown,AL,41370-9731,2026-06-04
VC002607,Hill,Jessica,K,2000-04-15,7872,(659) 462-1549,,jessica.hill92@outlook.com,7236 Hill Rd,,Arlington,UT,83366,2026-05-18
VC002608,Thompson,Joseph,A,28-Mar-1961,9220,5634314044,,joseph.thompson58@outlook.com,6960 Valley Ln,Apt 957,Springfield,OR,75294,2026-05-16
VC002609,Young,John,,05-25-1993,4207,758-394-2100,,john.young63@icloud.com,5139 Maple Dr,,Fairview,KY,83948-2395,2026-05-23
VC002610,Williams,Daniel,Z,06/16/1952,4878,+13619283852,,daniel.williams38@hotmail.com,5923 Hill Rd,Apt 942,Fairview,DE,36342,2026-05-07
VC002611,Johnson,Thomas,,1983-05-03,1920,903.674.1061,3349585510,thomas.johnson16@icloud.com,2104 Main St,,Salem,KS,84069,2026-05-19
VC002612,Torres,Margaret,,11-Jun-1974,9074,(674) 720-2664,,margaret.torres85@outlook.com,708 Maple Dr,Apt 75,Salem,SC,52349-2039,2026-06-04
VC002613,Johnson,Sandra,Z,02-14-1946,7510,4634126343,+13765944251,sandra.johnson31@yahoo.com,5726 Cedar Ln,,Franklin,KY,32957,2026-05-14
VC002614,Thomas,Mary,L,09/23/1948,7372,677-648-7387,372.795.3610,mary.thomas3@yahoo.com,969 Oak Ave,,Dayton,FL,39133,2026-05-07
VC002615,Davis,Barbara,,1984-11-11,4041,+13677492809,,,6121 River Dr,,Franklin,IL,65042-6115,2026-05-18
VC002616,Wright,Betty,,01-Apr-1978,7600,625.279.4419,8082284718,,8589 River Dr,,Georgetown,LA,87799,2026-05-09
VC002617,Anderson,Richard,W,01-30-1978,3407,(943) 554-9654,,richard.anderson55@aol.com,9352 Park Blvd,Apt 40,Richmond,ID,50057,2026-05-14
VC002618,Jackson,Ashley,,08/19/1952,4169,2086532358,+15242078464,,2400 Oak Ave,,Springfield,GA,46524-1639,2026-06-02
VC002619,Brown,Sarah,Q,2000-06-22,6708,439-822-8803,,sarah.brown92@outlook.com,456 Valley Ln,,Springfield,IL,53414,2026-05-11
VC002620,Harris,Charles,Q,09-Jan-1961,9107,+15799909809,(380) 680-6653,charles.harris79@hotmail.com,8924 River Dr,,Oxford,CO,31751,2026-05-05
VC002621,Harris,David,,03-25-1968,2880,257.537.4098,,,3356 Forest Ave,,Burlington,WI,83553-6580,2026-05-14
VC002622,Harris,Linda,,07/23/1949,4330,(981) 513-3357,,,3600 Jefferson Dr,Apt 712,Franklin,IL,20258,2026-05-25
VC002623,King,Mary,N,1965-06-18,7819,6214933643,,,6298 Maple Dr,Apt 877,Madison,MI,52380,2026-05-17
VC002624,Young,John,X,19-Sep-1992,2479,454-289-8456,,john.young88@gmail.com,7317 Lake Rd,,Greenville,IA,86068-9263,2026-05-31
VC002625,Hill,John,,05-18-1976,2936,+17466601268,,john.hill40@outlook.com,607 Lake Rd,Apt 219,Springfield,MI,15611,2026-05-21
VC002626,Smith,Jennifer,,09/15/1961,3897,418.623.1199,3257086042,jennifer.smith61@icloud.com,182 Oak Ave,Apt 260,Madison,MA,34461,2026-05-18
VC002627,Baker,Matthew,K,1989-01-26,4509,(738) 488-8510,,matthew.baker49@aol.com,4990 Washington St,,Richmond,VT,61839-8719,2026-05-09
VC002628,Smith,David,B,31-Oct-1945,8512,8779874583,+14979641273,david.smith48@aol.com,6495 Washington St,,Marion,HI,53152,2026-05-12
VC002629,Anderson,Linda,Y,10-23-2002,4050,470-792-2249,,linda.anderson19@icloud.com,6224 Sunset Blvd,,Franklin,MO,21847,2026-05-07
VC002630,White,William,,07/27/1967,9952,+16802815891,,william.white63@outlook.com,9302 Hill Rd,,Fairview,OK,62095-8637,2026-05-29
VC002631,Adams,Anthony,,1983-12-25,9307,750.373.1592,7283416058,,2696 Lake Rd,,Greenville,ID,37601,2026-05-24
VC002632,Nguyen,Mark,,06-May-1988,7217,(880) 500-3725,933-958-2160,,8017 Maple Dr,,Springfield,IL,82756,2026-05-31
VC002633,Hall,Sarah,,05-01-1955,6628,4189718229,+12953213381,sarah.hall49@icloud.com,8273 Maple Dr,Apt 61,Richmond,ID,47054-2277,2026-05-23
VC002634,Baker,Nancy,,11/09/1997,8399,675-612-1581,444.907.2590,nancy.baker73@aol.com,5589 Valley Ln,,Franklin,VA,27721,2026-05-18
VC002635,Davis,Margaret,,1980-08-27,8109,+15122299496,,,9395 Park Blvd,Apt 38,Madison,AK,12730,2026-06-01
VC002636,Davis,Karen,,27-Aug-1982,7608,395.507.6257,,,2433 Valley Ln,,Salem,GA,82873-8757,2026-05-09
VC002637,Nguyen,Patricia,,07-16-1968,9771,(649) 586-1526,219-555-8880,,5312 Sunset Blvd,,Manchester,OR,57642,2026-05-15
VC002638,White,James,R,07/03/1963,5449,3909044555,+17798921325,james.white62@gmail.com,838 Lincoln Ave,Apt 217,Marion,NM,11821,2026-05-20
VC002639,Young,William,,1940-06-03,7745,543-233-6340,,william.young42@icloud.com,7082 Cedar Ln,,Georgetown,VA,39451-2178,2026-05-14
VC002640,Thomas,William,O,23-Dec-1975,3450,+12613487785,(881) 880-1883,william.thomas84@outlook.com,7738 Jefferson Dr,,Franklin,MD,14594,2026-05-18
VC002641,Anderson,Jennifer,,08-30-1987,3443,902.298.1934,9123316129,jennifer.anderson37@icloud.com,2890 Maple Dr,,Richmond,NH,97506,2026-05-22
VC002642,Harris,Anthony,Y,08/19/1984,6370,(652) 358-1853,,anthony.harris65@outlook.com,6265 Washington St,Apt 85,Salem,MO,29778-4569,2026-05-14
VC002643,Hall,Sandra,K,1966-11-14,5740,3203274882,+12008684134,sandra.hall91@outlook.com,33 Oak Ave,Apt 613,Manchester,KY,47201,2026-05-12
VC002644,Wright,Michael,L,04-Oct-1956,9076,877-368-5493,,michael.wright22@aol.com,764 Main St,Apt 549,Burlington,NV,26303,2026-06-01
VC002645,Wright,Betty,,11-04-1966,7154,+15968835004,(799) 935-3469,betty.wright55@yahoo.com,2318 Washington St,Apt 862,Springfield,CO,55150-2652,2026-05-27
VC002646,Torres,Nancy,,09/27/1972,7523,690.390.4394,2055045642,,4187 Oak Ave,,Burlington,NM,62027,2026-05-05
VC002647,Jackson,Karen,P,1976-08-02,3302,(432) 817-1849,,karen.jackson85@gmail.com,4161 Main St,,Marion,AR,76519,2026-06-04
VC002648,Young,Matthew,J,05-Apr-1977,6330,9193189441,+12165468100,matthew.young79@yahoo.com,6347 River Dr,,Salem,NV,19655-6185,2026-05-09
VC002649,Taylor,Patricia,Y,01-02-2003,6832,629-633-2608,872.263.5389,patricia.taylor5@yahoo.com,7290 Jefferson Dr,,Richmond,OK,61487,2026-05-30
VC002650,Torres,Nancy,A,01/05/1985,1105,+17992441523,,nancy.torres16@yahoo.com,430 Forest Ave,,Burlington,NJ,47348,2026-05-10
VC002651,Anderson,Anthony,,1963-06-19,7703,622.751.5382,,anthony.anderson87@aol.com,635 Main St,,Greenville,NJ,61095-8419,2026-05-20
VC002652,Smith,David,Q,26-Jul-1968,1036,(648) 285-6734,,david.smith99@hotmail.com,9525 Main St,,Franklin,CT,31586,2026-05-25
VC002653,Hill,Margaret,,06-16-1970,9244,3355742927,+13064756219,,725 Washington St,,Marion,CO,66721,2026-06-01
VC002654,Williams,William,,07/09/1983,8021,424-947-8584,,william.williams74@gmail.com,9138 Main St,,Madison,RI,76320-9408,2026-05-25
VC002655,Hill,James,C,1966-09-01,5503,+13324926700,,,1395 Jefferson Dr,,Salem,CO,87654,2026-05-23
VC002656,Smith,Anthony,,20-Oct-1987,9840,369.549.2679,,,7704 Maple Dr,,Clinton,LA,20817,2026-06-02
VC002657,Williams,Michael,,01-08-1961,9843,(234) 657-1797,,,4010 Washington St,,Springfield,MT,67535-2177,2026-05-28
VC002658,Anderson,Charles,F,11/18/1981,1212,2929985814,+18164122177,charles.anderson40@gmail.com,6326 Oak Ave,,Richmond,MA,89743,2026-06-03
VC002659,Nelson,Joseph,J,1973-01-19,8404,226-816-3013,761.507.1433,joseph.nelson93@yahoo.com,8694 Park Blvd,,Burlington,WI,42576,2026-05-30
VC002660,White,Sandra,X,09-Jun-1991,3262,+15286194267,(207) 693-9610,,305 Sunset Blvd,,Burlington,NH,57864-3736,2026-05-23
VC002661,Nguyen,Michael,,09-05-1954,7935,833.845.2692,2912018298,michael.nguyen96@outlook.com,431 Lincoln Ave,Apt 916,Arlington,WI,81195,2026-05-07
VC002662,Johnson,Jennifer,,08/25/1947,2474,(843) 278-6827,,jennifer.johnson74@aol.com,2349 Jefferson Dr,Apt 257,Arlington,OH,37591,2026-05-08
VC002663,Nelson,Matthew,Q,1949-10-19,3271,6574109872,+18743036726,matthew.nelson94@aol.com,9972 Oak Ave,Apt 489,Springfield,LA,69922-6813,2026-05-08
VC002664,Adams,Christopher,X,26-Oct-1973,7754,889-283-1468,669.811.8660,christopher.adams1@aol.com,2267 River Dr,,Oxford,HI,96247,2026-05-30
VC002665,King,Christopher,X,06-09-1945,3481,+14557161079,(742) 472-2612,christopher.king2@outlook.com,3885 Jefferson Dr,,Arlington,OK,55416,2026-05-07
VC002666,Jones,Sarah,A,01/22/1951,3413,697.811.6656,6038286227,sarah.jones7@outlook.com,1607 Lincoln Ave,,Salem,OK,74732-9836,2026-05-09
VC002667,White,Thomas,N,1993-06-20,8525,(506) 498-6585,,,8657 Cedar Ln,Apt 460,Madison,AK,57800,2026-06-01
VC002668,Wright,Joseph,P,31-Dec-1948,7096,2858347105,,,3260 Hill Rd,Apt 863,Manchester,FL,49909,2026-05-15
VC002669,Wright,Michael,V,08-31-2002,1578,545-597-2479,795.373.8907,michael.wright38@aol.com,7642 Lake Rd,,Salem,NC,43892-9061,2026-05-10
VC002670,Torres,Thomas,I,11/08/1944,5981,+19177617451,,thomas.torres90@yahoo.com,1595 Maple Dr,Apt 235,Georgetown,WI,86072,2026-05-29
VC002671,King,Sandra,B,2001-09-27,3670,944.685.8006,,sandra.king58@outlook.com,2269 Lincoln Ave,,Georgetown,NM,56197,2026-05-14
VC002672,Young,Richard,E,26-Jun-1988,2838,(951) 975-2805,350-218-1117,richard.young48@hotmail.com,5627 Washington St,,Oxford,SD,66184-3489,2026-05-14
VC002673,Walker,Richard,U,09-13-1975,8482,8669883854,+14387515504,richard.walker10@aol.com,1192 Valley Ln,,Greenville,MA,84431,2026-05-18
VC002674,Anderson,Betty,D,05/31/1963,7421,221-879-9150,,betty.anderson48@outlook.com,6262 Jefferson Dr,Apt 2,Georgetown,AL,85569,2026-05-09
VC002675,Miller,Patricia,,1952-04-20,5336,+14769866865,,,15 Park Blvd,,Salem,KY,46061-7155,2026-05-23
VC002676,Young,Christopher,L,27-Jul-1995,1878,768.370.9022,2426669139,christopher.young83@yahoo.com,4733 Maple Dr,,Greenville,MA,69113,2026-05-15
VC002677,Nguyen,James,J,04-03-1986,4072,(796) 292-7021,,james.nguyen5@icloud.com,9738 Lake Rd,Apt 244,Burlington,MT,68143,2026-06-04
VC002678,Smith,Sandra,X,10/22/1963,3418,4774884552,,sandra.smith39@gmail.com,16 Park Blvd,,Georgetown,LA,71042-4738,2026-05-14
VC002679,Smith,Jessica,E,1983-10-14,4261,816-223-9383,739.748.5238,jessica.smith71@outlook.com,8158 Forest Ave,,Georgetown,NY,79673,2026-05-16
VC002680,Taylor,Mary,M,09-Oct-1942,2451,+16058698372,(408) 416-1874,mary.taylor22@yahoo.com,1502 Forest Ave,,Salem,VA,28206,2026-05-31
VC002681,White,Christopher,,03-27-1978,6547,242.252.2053,4509117569,christopher.white97@outlook.com,5627 Washington St,,Greenville,MO,43468-7170,2026-06-02
VC002682,Allen,Barbara,,02/22/1951,2722,(858) 365-6133,911-654-9642,barbara.allen1@yahoo.com,728 Valley Ln,Apt 233,Greenville,UT,14089,2026-05-31
VC002683,Davis,David,F,1971-05-02,2914,4012163245,+18392502931,david.davis13@yahoo.com,2361 Oak Ave,,Georgetown,DE,69907,2026-05-14
VC002684,Smith,Mark,D,01-Jun-1943,4866,755-965-2161,,,5729 Sunset Blvd,Apt 246,Springfield,CO,18712-7905,2026-05-17
VC002685,Allen,Mary,E,01-19-1995,5025,+13677628786,(610) 438-6710,mary.allen59@icloud.com,4543 Main St,Apt 51,Salem,MA,21844,2026-05-31
VC002686,Martin,Joseph,,08/19/1951,4112,371.292.8371,,joseph.martin74@yahoo.com,7874 Lincoln Ave,,Georgetown,IL,62765,2026-06-02
VC002687,Nguyen,Linda,L,1976-08-24,7898,(881) 341-5264,,linda.nguyen87@aol.com,4701 Lake Rd,,Georgetown,DE,20683-3794,2026-05-20
VC002688,Hill,David,,03-Jan-1978,4935,6874947712,,david.hill38@yahoo.com,6414 Forest Ave,,Burlington,WA,82425,2026-06-02
VC002689,Thomas,Richard,L,11-22-1971,3514,551-735-9161,654.270.8506,,5240 Lake Rd,Apt 143,Greenville,VT,47951,2026-05-28
VC002690,King,Margaret,D,10/15/1975,2461,+12727607248,,,1517 River Dr,Apt 986,Madison,ID,41467-4028,2026-05-27
VC002691,Davis,Michael,,1980-11-20,2815,815.405.6229,,michael.davis89@gmail.com,1938 Jefferson Dr,,Salem,AK,82386,2026-05-18
VC002692,Nelson,Margaret,,10-Jun-1960,3440,(564) 816-9065,,margaret.nelson56@yahoo.com,6071 Maple Dr,,Greenville,NC,76621,2026-05-09
VC002693,Miller,Patricia,A,07-09-1954,5654,6094387657,+17236682462,patricia.miller85@outlook.com,5263 Oak Ave,Apt 169,Manchester,MD,41710-7119,2026-05-23
VC002694,Martin,John,X,06/07/1967,2607,972-782-5358,,,1188 Oak Ave,Apt 486,Georgetown,DE,24676,2026-05-06
VC002695,Jones,John,G,1963-06-22,1525,+19448929613,,john.jones23@icloud.com,4016 Sunset Blvd,,Greenville,AL,45247,2026-05-29
VC002696,Harris,John,D,29-Sep-1970,6672,230.219.7838,7218591137,,6373 Washington St,,Greenville,NV,77272-9048,2026-05-30
VC002697,Garcia,Christopher,B,01-28-1989,3396,(330) 304-5569,,christopher.garcia58@outlook.com,9356 Main St,,Greenville,AR,38127,2026-05-09
VC002698,Miller,David,O,12/30/1982,4544,8366409025,+14265099815,david.miller18@yahoo.com,7642 Lake Rd,Apt 363,Springfield,NV,35892,2026-05-21
VC002699,Wright,Christopher,I,1957-12-09,4673,413-386-3056,881.295.9727,,1002 Sunset Blvd,,Clinton,WV,97902-8423,2026-05-20
VC002700,Taylor,Nancy,G,03-Jan-1959,3967,+16294702647,(955) 562-7548,nancy.taylor82@outlook.com,9995 Park Blvd,,Oxford,MN,76329,2026-05-19
VC002701,Scott,Jennifer,K,07-23-1940,8888,292.339.7876,,jennifer.scott58@yahoo.com,1188 River Dr,,Arlington,OH,58908,2026-05-28
VC002702,Anderson,Daniel,,02/22/1967,6279,(723) 687-6897,,daniel.anderson75@yahoo.com,9984 River Dr,Apt 749,Fairview,ND,96166-7467,2026-05-06
VC002703,Wright,Jessica,,1985-04-09,8066,8267176699,,jessica.wright60@icloud.com,382 River Dr,Apt 940,Clinton,NM,90196,2026-06-03
VC002704,Johnson,Ashley,,19-Dec-1999,1619,286-353-5421,830.614.8380,ashley.johnson53@outlook.com,5652 Main St,,Franklin,CA,66749,2026-06-02
VC002705,Taylor,Michael,,12-18-1980,3681,+15512021603,,,4820 Forest Ave,Apt 79,Oxford,UT,44215-1765,2026-05-07
VC002706,Taylor,Susan,,07/09/1949,4795,698.649.4664,2026928200,susan.taylor37@hotmail.com,2775 Park Blvd,Apt 923,Arlington,KY,89451,2026-05-22
VC002707,Anderson,Richard,J,1976-04-22,1448,(458) 222-4094,478-303-4939,,5346 Park Blvd,Apt 908,Dayton,KY,13277,2026-05-26
VC002708,Wright,Jessica,A,25-Mar-1940,8916,7564428619,+18727548981,jessica.wright56@gmail.com,6181 Maple Dr,,Burlington,RI,58912-2315,2026-05-23
VC002709,Walker,Jessica,,08-17-1995,2232,264-587-8505,516.969.6919,jessica.walker66@hotmail.com,6890 Sunset Blvd,Apt 315,Richmond,MS,56556,2026-05-15
VC002710,Jackson,Mark,D,02/11/1959,7415,+19928629684,,mark.jackson47@yahoo.com,4843 Jefferson Dr,Apt 483,Salem,NE,32595,2026-06-01
VC002711,White,Linda,,1960-04-18,9014,626.917.9741,,linda.white97@yahoo.com,2568 Lincoln Ave,,Oxford,IA,93973-2543,2026-05-07
VC002712,Taylor,Sandra,,05-Mar-1964,6998,(442) 761-5425,917-758-9903,sandra.taylor61@icloud.com,7390 Sunset Blvd,Apt 195,Richmond,CO,81668,2026-05-30
VC002713,Walker,Joseph,M,07-13-1978,8235,2479816975,+16838379437,,6856 Park Blvd,Apt 412,Oxford,NY,53851,2026-05-24
VC002714,Wright,Barbara,,05/04/1999,3167,569-697-1080,,barbara.wright83@hotmail.com,3782 Valley Ln,Apt 149,Burlington,KS,42838-2538,2026-05-23
VC002715,King,James,S,1985-11-10,3829,+13682964531,(644) 904-5903,james.king24@aol.com,1864 Washington St,Apt 222,Franklin,VT,49068,2026-05-27
VC002716,Taylor,James,G,05-Oct-1988,7716,921.306.4647,9773212738,james.taylor44@aol.com,1567 Cedar Ln,,Springfield,IN,77816,2026-05-16
VC002717,Jackson,Mary,,07-15-1981,3126,(847) 408-9612,606-234-8071,mary.jackson53@outlook.com,2465 Washington St,Apt 911,Clinton,DE,24928-6500,2026-05-05
VC002718,Thompson,Sarah,W,12/03/1979,4355,9085809556,+19667165762,sarah.thompson51@icloud.com,3288 Park Blvd,,Oxford,OR,95141,2026-05-15
VC002719,Jackson,Charles,A,1964-02-26,7412,501-390-5040,,charles.jackson46@aol.com,2181 Sunset Blvd,,Marion,WV,85504,2026-06-02
VC002720,Young,William,M,13-Oct-1959,4326,+13092013068,,william.young15@gmail.com,1039 Lincoln Ave,,Dayton,WI,24918-3183,2026-05-06
VC002721,Adams,Michael,,11-16-1971,3232,885.224.7613,9228978897,michael.adams14@gmail.com,4107 Forest Ave,,Burlington,OK,55181,2026-05-08
VC002722,Baker,James,,06/24/1981,2245,(647) 763-8986,,james.baker96@icloud.com,683 River Dr,,Oxford,AL,51839,2026-05-20
VC002723,Taylor,Nancy,J,1988-03-25,1813,9333818717,+16733411537,,179 Oak Ave,,Dayton,AK,43969-4008,2026-05-26
VC002724,King,Karen,,28-Dec-1956,8796,397-833-9877,277.976.7390,karen.king72@gmail.com,9452 Lincoln Ave,,Springfield,OR,78387,2026-05-07
VC002725,Walker,Christopher,,02-02-1960,9292,+17156817725,,christopher.walker20@icloud.com,5155 Lincoln Ave,,Manchester,AR,93255,2026-05-13
VC002726,White,Susan,X,09/16/2004,4155,560.919.8434,2542127641,susan.white71@hotmail.com,4439 Park Blvd,,Madison,IA,25814-9799,2026-05-18
VC002727,Wilson,Robert,Y,1967-10-15,6164,(396) 872-2399,706-312-9619,robert.wilson39@aol.com,1328 Park Blvd,,Georgetown,AK,62518,2026-05-18
VC002728,Garcia,Robert,,17-Jul-1986,4242,3112569361,+15936357903,,7284 Maple Dr,Apt 416,Springfield,CA,21006,2026-05-19
VC002729,Anderson,Richard,E,04-03-1949,5654,282-787-2117,386.560.9297,,6521 River Dr,Apt 558,Richmond,WA,71656-3261,2026-05-28
VC002730,Walker,John,C,12/20/1972,6747,+16486031458,,,541 Lake Rd,,Marion,RI,49050,2026-05-30
VC002731,Brown,Margaret,N,1977-01-22,4868,447.328.5013,9023586788,,1362 Park Blvd,Apt 128,Springfield,OK,62761,2026-05-28
VC002732,Allen,Jennifer,O,26-May-1952,7048,(342) 715-8495,,jennifer.allen5@outlook.com,3076 Lincoln Ave,Apt 55,Madison,MI,26186-3549,2026-06-04
VC002733,Davis,Anthony,,04-08-1982,9345,6112522166,+16815394286,,575 Lincoln Ave,,Oxford,NM,34197,2026-05-11
VC002734,Anderson,Matthew,K,09/28/1940,7015,798-507-4228,,,3543 Lincoln Ave,,Manchester,NC,94587,2026-05-21
VC002735,Thomas,John,,1997-05-08,8982,+18003036514,,john.thomas85@outlook.com,4945 Lake Rd,,Greenville,HI,67261-7890,2026-05-18
VC002736,Harris,Barbara,A,23-Jan-1984,6940,299.524.7085,,barbara.harris66@aol.com,3951 Valley Ln,Apt 862,Marion,PA,71119,2026-06-04
VC002737,Garcia,James,R,09-02-1950,6620,(976) 582-3773,335-507-5139,,3989 Main St,,Dayton,AK,92445,2026-05-30
VC002738,Anderson,Patricia,W,01/19/1950,1109,5822485157,,patricia.anderson9@gmail.com,7262 Sunset Blvd,,Madison,ME,94601-4198,2026-06-02
VC002739,Scott,Daniel,J,1999-09-06,2941,603-279-3428,,daniel.scott78@yahoo.com,742 Cedar Ln,,Clinton,NV,62082,2026-05-23
VC002740,Smith,Nancy,X,09-Apr-1957,8074,+17166716611,,,9300 Oak Ave,,Fairview,CO,88383,2026-05-28
VC002741,Nelson,William,,12-28-1953,3491,923.522.7640,5976921362,william.nelson73@icloud.com,5704 Washington St,,Georgetown,MS,29915-3387,2026-05-16
VC002742,Johnson,Sandra,C,03/27/1952,4662,(723) 957-1868,855-289-3466,,3360 Hill Rd,,Greenville,OK,74920,2026-05-06
VC002743,Thomas,Betty,L,1965-11-24,3713,5182766480,,betty.thomas50@yahoo.com,5636 Lake Rd,,Franklin,FL,36182,2026-05-29
VC002744,Davis,Matthew,O,29-Nov-1980,8667,977-236-8375,481.869.3729,matthew.davis35@hotmail.com,8457 Washington St,,Oxford,UT,64156-1898,2026-05-06
VC002745,Thomas,Margaret,,09-16-1981,5797,+13654886102,(601) 578-5704,,6060 Jefferson Dr,Apt 690,Marion,TN,64956,2026-05-27
VC002746,Thomas,Thomas,,12/15/1965,7720,357.788.5341,6355016852,,714 Oak Ave,Apt 5,Manchester,CO,99390,2026-05-06
VC002747,Taylor,Mary,E,2002-06-23,2774,(968) 921-6576,,mary.taylor70@outlook.com,395 Valley Ln,,Manchester,ME,27222-5279,2026-05-25
VC002748,Baker,Margaret,H,08-Oct-1941,7194,7036121074,+17103495499,,8570 Valley Ln,Apt 890,Clinton,AZ,21616,2026-06-02
VC002749,Walker,Nancy,,02-13-1965,3517,714-488-4113,319.417.8283,nancy.walker78@gmail.com,4799 Park Blvd,Apt 266,Richmond,HI,89161,2026-05-22
VC002750,Anderson,Thomas,P,11/06/1992,9324,+15813732313,(970) 953-2494,thomas.anderson83@hotmail.com,2756 Oak Ave,,Clinton,MT,94652-8475,2026-05-16
VC002751,Hall,Susan,A,1990-11-18,2503,818.501.2163,,susan.hall88@aol.com,2239 Cedar Ln,,Oxford,FL,90984,2026-05-10
VC002752,Hall,Mark,,03-Feb-1990,6394,(376) 472-2845,,mark.hall77@gmail.com,2530 Sunset Blvd,,Marion,AR,45502,2026-05-30
VC002753,Young,Michael,H,02-17-1987,7384,3704753381,,michael.young82@yahoo.com,7602 Oak Ave,,Clinton,DE,97175-9602,2026-05-11
VC002754,Brown,Jennifer,,08/02/1955,3885,746-954-1916,,,3595 Valley Ln,,Richmond,MO,56504,2026-05-05
VC002755,Allen,Michael,,1989-04-27,9727,+19438111092,(446) 713-2014,,9673 Washington St,Apt 125,Georgetown,LA,65798,2026-05-11
VC002756,Wilson,Mary,,28-Nov-1991,4228,646.796.3574,,mary.wilson75@aol.com,8021 Lincoln Ave,,Franklin,NH,67111-2799,2026-05-07
VC002757,Anderson,Barbara,,10-02-1961,6447,(838) 645-8006,,barbara.anderson72@gmail.com,1869 Hill Rd,,Burlington,WA,95490,2026-05-20
VC002758,Brown,David,,10/31/1950,5487,3405294493,,david.brown74@aol.com,747 Valley Ln,,Greenville,MI,18286,2026-05-24
VC002759,Thompson,Mark,,1972-02-16,8524,259-932-9125,,mark.thompson51@hotmail.com,7435 Lake Rd,,Manchester,VA,30119-8729,2026-05-23
VC002760,Hall,Susan,A,13-Mar-1949,6487,+12862286159,(641) 815-8169,,1337 Cedar Ln,,Marion,CO,13789,2026-05-31
VC002761,Baker,Mary,P,08-04-1987,2388,585.987.2563,,mary.baker92@hotmail.com,8331 River Dr,Apt 861,Franklin,DE,94673,2026-06-01
VC002762,Johnson,Jessica,,02/06/1993,8560,(898) 810-6372,308-262-7545,jessica.johnson69@gmail.com,1884 River Dr,,Madison,ND,44389-4123,2026-05-23
VC002763,Johnson,Daniel,V,1979-01-18,9133,6307748606,+13493617920,,6483 Park Blvd,Apt 457,Madison,OH,97212,2026-05-20
VC002764,Taylor,Sandra,Z,11-May-1986,4828,863-601-2584,230.763.1689,,5113 River Dr,,Arlington,HI,81914,2026-05-22
VC002765,Jackson,Daniel,I,08-21-1985,7746,+17567881238,,daniel.jackson87@yahoo.com,5703 Main St,,Georgetown,HI,62224-1865,2026-05-30
VC002766,Taylor,James,D,11/14/1940,2820,558.309.8966,2646335024,james.taylor1@gmail.com,9584 Cedar Ln,Apt 905,Dayton,MA,29444,2026-06-03
VC002767,Jackson,Matthew,F,1949-08-17,3613,(837) 221-7071,,matthew.jackson54@yahoo.com,8593 Main St,,Madison,GA,13072,2026-05-09
VC002768,Torres,Matthew,Q,02-Jun-1981,5616,4445168684,,matthew.torres30@aol.com,3179 Lake Rd,Apt 402,Dayton,OR,67749-9083,2026-05-23
VC002769,Allen,Mary,F,10-04-1972,4944,892-621-9740,739.589.4773,,4055 Sunset Blvd,,Arlington,AK,91146,2026-05-28
VC002770,Scott,Margaret,B,07/07/1959,3227,+16687152625,,margaret.scott8@gmail.com,3793 Lincoln Ave,,Georgetown,SD,44597,2026-05-06
VC002771,Thomas,Karen,,1973-11-06,8786,245.627.8883,4768694786,,9390 Park Blvd,,Oxford,NH,54279-8945,2026-05-11
VC002772,Garcia,Susan,C,22-Aug-1965,7047,(898) 875-9195,,,2351 Valley Ln,,Arlington,NE,88127,2026-05-21
VC002773,Johnson,James,,06-25-1987,3001,6295697974,+18714973423,james.johnson79@yahoo.com,5935 Park Blvd,,Richmond,CT,59560,2026-06-02
VC002774,Thompson,James,,11/23/1964,3366,396-746-1387,322.781.4259,,5407 Jefferson Dr,,Madison,MO,54313-5087,2026-05-20
VC002775,Allen,Sandra,J,1983-03-31,4604,+18942374383,,sandra.allen87@yahoo.com,7787 Park Blvd,Apt 466,Salem,ID,46255,2026-05-24
VC002776,Young,Betty,,04-Nov-2001,2934,347.850.1348,5259147577,,6153 Maple Dr,,Burlington,PA,35083,2026-05-31
VC002777,Hall,Sandra,N,05-11-1972,7911,(310) 804-2615,468-708-2976,sandra.hall6@aol.com,9432 Oak Ave,Apt 121,Franklin,WI,41275-1164,2026-05-27
VC002778,Hill,Ashley,R,02/16/1957,1379,4574104590,,ashley.hill42@gmail.com,6068 Sunset Blvd,,Georgetown,FL,34996,2026-06-04
VC002779,Davis,Lisa,A,1972-05-01,8800,801-905-6488,777.554.3066,,3080 Sunset Blvd,Apt 200,Salem,KY,58980,2026-05-31
VC002780,Walker,William,P,24-Jun-1996,3896,+14692287553,(618) 871-1811,william.walker35@hotmail.com,7080 Oak Ave,,Richmond,MN,85189-8665,2026-05-28
VC002781,Adams,Sarah,,09-21-2004,3376,953.915.5164,6787159655,,7577 Hill Rd,,Clinton,UT,92783,2026-05-12
VC002782,Wright,Sarah,,09/24/1940,3728,(991) 922-9672,,sarah.wright18@outlook.com,3770 Jefferson Dr,,Oxford,ID,88698,2026-05-13
VC002783,Hall,Ashley,C,1945-02-08,4203,3943148279,,ashley.hall85@aol.com,515 Jefferson Dr,,Burlington,ME,58683-3668,2026-05-08
VC002784,Wright,Jennifer,V,03-Aug-1952,3268,311-263-7046,,jennifer.wright31@yahoo.com,7240 Valley Ln,,Richmond,NM,81863,2026-06-03
VC002785,Wilson,Betty,F,05-13-1957,2802,+12767153069,,,7589 Oak Ave,,Dayton,MN,23532,2026-05-19
VC002786,Allen,Sandra,,08/05/2004,5131,815.954.3441,,sandra.allen74@hotmail.com,5098 Jefferson Dr,,Arlington,TX,67700-6558,2026-05-12
VC002787,Walker,Patricia,M,1963-03-02,3817,(882) 414-5703,,,4064 Park Blvd,Apt 707,Franklin,CO,55164,2026-05-15
VC002788,Torres,Barbara,K,05-Mar-1973,1277,7497075476,,,1632 Lake Rd,,Manchester,TN,94263,2026-05-10
VC002789,Scott,John,G,09-10-1967,6698,741-632-7274,637.686.6122,john.scott95@outlook.com,8605 Washington St,,Oxford,AK,84089-2551,2026-06-03
VC002790,Williams,Jennifer,D,08/01/1989,8080,+12592741293,(384) 201-9468,jennifer.williams22@outlook.com,8565 Oak Ave,Apt 514,Richmond,MS,57781,2026-05-06
VC002791,White,David,P,1958-04-26,8140,489.593.8657,,,8395 Maple Dr,Apt 843,Dayton,AZ,99398,2026-05-19
VC002792,Torres,Margaret,,25-Nov-1955,9904,(976) 636-4795,537-231-8605,,8837 Cedar Ln,,Arlington,DE,77541-6873,2026-05-15
VC002793,Thompson,Sandra,,06-01-1995,6385,4698519599,+16106433802,,826 Lake Rd,,Burlington,NJ,55257,2026-05-24
VC002794,Brown,Richard,G,04/09/2003,9241,425-930-5987,970.648.6259,richard.brown44@hotmail.com,9584 Oak Ave,,Burlington,WI,94914,2026-05-07
VC002795,Hall,William,W,1985-04-17,3366,+14328018505,,william.hall61@yahoo.com,8549 Hill Rd,Apt 440,Franklin,CT,78784-6301,2026-05-24
VC002796,Davis,Matthew,Y,04-Jul-1977,1780,979.760.2241,5365696482,matthew.davis13@hotmail.com,7569 Oak Ave,,Georgetown,PA,54888,2026-06-03
VC002797,Jackson,Robert,,10-30-2003,3686,(383) 664-4308,,,7450 Oak Ave,,Madison,MA,95010,2026-05-09
VC002798,King,Anthony,E,10/26/1999,8916,2094239285,,anthony.king91@yahoo.com,7472 Lake Rd,,Springfield,SC,93588-4598,2026-05-25
VC002799,Adams,Richard,U,1985-07-25,5763,357-230-8548,607.221.4838,richard.adams41@yahoo.com,7746 Lake Rd,Apt 486,Marion,NM,10599,2026-05-11
VC002800,Thomas,Ashley,K,01-Jun-1970,6578,+13558893854,(543) 211-2132,ashley.thomas70@icloud.com,7691 Lincoln Ave,Apt 754,Manchester,NE,75826,2026-05-05
VC002801,Garcia,John,O,12-13-1942,9757,646.858.7377,8337035375,john.garcia43@aol.com,8211 Jefferson Dr,,Springfield,AR,57138-6147,2026-05-28
VC002802,Harris,Mark,,05/25/1953,4006,(552) 708-2019,,mark.harris83@icloud.com,3494 Oak Ave,Apt 560,Burlington,AL,92079,2026-05-27
VC002803,Davis,Christopher,,1986-03-02,2545,6696383697,,christopher.davis9@aol.com,5878 Oak Ave,,Franklin,UT,91261,2026-05-22
VC002804,Thompson,Sarah,Y,05-Jul-1998,2892,555-223-9097,372.455.8868,sarah.thompson38@outlook.com,9747 Jefferson Dr,Apt 293,Arlington,IA,37379-2782,2026-05-24
VC002805,Nelson,Daniel,,03-22-1948,1491,+12557736834,(371) 801-3710,daniel.nelson54@aol.com,128 Park Blvd,,Manchester,WV,86091,2026-05-24
VC002806,Harris,James,,03/19/1961,2061,593.859.8070,7498567325,james.harris2@hotmail.com,358 Main St,Apt 823,Georgetown,MI,87559,2026-05-29
VC002807,Adams,James,,1948-01-19,2906,(291) 759-2645,,james.adams4@outlook.com,1200 Lake Rd,,Dayton,KY,57439-6540,2026-05-17
VC002808,Smith,Sandra,,15-Oct-1958,8013,6675756993,,sandra.smith98@gmail.com,201 Park Blvd,,Dayton,NM,60594,2026-05-10
VC002809,Taylor,Betty,,09-05-1999,9297,360-204-6157,,betty.taylor84@icloud.com,2964 Jefferson Dr,,Burlington,FL,54548,2026-05-12
VC002810,Anderson,Richard,,03/06/1946,5262,+19197719474,(987) 736-1697,richard.anderson62@yahoo.com,6393 Valley Ln,,Dayton,MD,62193-6185,2026-05-13
VC002811,White,Susan,,1984-10-31,4535,708.812.5660,,,7275 Forest Ave,,Dayton,ME,19070,2026-05-22
VC002812,Davis,Ashley,,12-Apr-1976,3069,(867) 615-7870,729-537-1378,ashley.davis2@hotmail.com,8889 Washington St,,Salem,NY,72537,2026-05-15
VC002813,Martin,Daniel,K,01-14-1967,3787,6489184063,+15143287420,,9225 River Dr,,Greenville,WA,12600-8988,2026-05-27
VC002814,Thompson,Sarah,O,10/02/1948,7343,297-215-1994,,sarah.thompson37@hotmail.com,7487 Lincoln Ave,Apt 203,Richmond,ME,68724,2026-05-30
VC002815,Martin,Anthony,V,1946-02-09,1268,+14779333159,(525) 544-3110,,765 Maple Dr,,Marion,ME,70090,2026-05-14
VC002816,Jones,Barbara,,27-Sep-1993,8710,285.591.2478,,barbara.jones52@icloud.com,5966 Forest Ave,,Springfield,TN,49361-3265,2026-05-25
VC002817,Brown,Jennifer,B,03-23-1955,8304,(463) 847-5749,,jennifer.brown73@yahoo.com,6610 Washington St,,Fairview,IL,17743,2026-06-03
VC002818,Taylor,Lisa,Q,07/30/1957,3690,4519972540,,lisa.taylor29@gmail.com,6768 Jefferson Dr,Apt 972,Dayton,AZ,81787,2026-05-18
VC002819,Torres,Michael,K,1988-02-03,7804,795-347-8536,376.747.2586,,3624 Lincoln Ave,,Clinton,TX,72625-3333,2026-05-11
VC002820,Young,Richard,O,27-May-1944,1530,+12889047040,,,9994 Jefferson Dr,Apt 599,Georgetown,NE,38995,2026-05-21
VC002821,Martin,Betty,,02-21-1978,7805,915.855.4530,4173951790,,1235 Valley Ln,Apt 517,Burlington,DE,62140,2026-05-14
VC002822,Wright,David,,03/01/1963,2591,(860) 725-9824,,david.wright74@hotmail.com,4570 Forest Ave,,Georgetown,MI,58166-4153,2026-05-16
VC002823,White,Matthew,N,1968-08-17,6537,9735798211,,,5658 Main St,,Franklin,CT,20674,2026-06-04
VC002824,Williams,Michael,,21-Mar-1968,8982,318-818-7756,236.994.4889,michael.williams48@hotmail.com,6269 River Dr,,Madison,MS,13129,2026-06-02
VC002825,White,Richard,,02-26-1946,2144,+19708281057,,,2495 Hill Rd,Apt 422,Marion,MI,49812-8223,2026-06-01
VC002826,Jones,Betty,P,12/18/1979,3189,397.730.9888,,,1585 Sunset Blvd,Apt 657,Fairview,OR,38317,2026-05-20
VC002827,Wilson,Christopher,,1996-11-21,6762,(963) 203-1182,652-563-6219,,5657 Valley Ln,,Fairview,FL,96776,2026-05-16
VC002828,Scott,James,N,14-Jun-1986,9623,9005465487,+13292705081,james.scott71@aol.com,3037 Cedar Ln,,Richmond,SD,50619-1786,2026-05-24
VC002829,Brown,William,B,07-31-1983,5777,748-408-6030,,,4415 Park Blvd,,Greenville,MI,42526,2026-05-06
VC002830,Torres,Robert,G,06/23/1948,1642,+18464119710,,robert.torres72@aol.com,2809 Oak Ave,,Greenville,WV,93891,2026-05-11
VC002831,Young,Thomas,,1992-12-01,2086,601.809.8083,,,1601 Lincoln Ave,,Springfield,TN,52172-9492,2026-05-15
VC002832,Hall,William,,20-May-1966,2530,(324) 788-7322,,william.hall94@gmail.com,7354 Lake Rd,,Oxford,MA,77395,2026-05-12
VC002833,Jackson,Mark,,04-26-2000,7763,6843511863,+17033329854,,7384 Cedar Ln,,Franklin,CA,57345,2026-05-17
VC002834,Jackson,Joseph,,03/15/1950,7106,501-516-9676,,,3907 Park Blvd,,Fairview,NC,73040-5721,2026-06-03
VC002835,Nelson,Sandra,F,1980-12-11,9159,+14322178413,(869) 451-2268,sandra.nelson81@outlook.com,4791 Hill Rd,,Burlington,AK,29586,2026-05-30
VC002836,Nelson,Jessica,P,10-May-1982,2629,600.809.9638,6894489364,jessica.nelson9@gmail.com,5127 Maple Dr,,Salem,NC,75089,2026-05-25
VC002837,Wright,Susan,,08-09-1964,2634,(335) 961-9500,914-981-3491,susan.wright6@gmail.com,317 Hill Rd,,Salem,AZ,35115-8387,2026-05-19
VC002838,Jackson,Ashley,T,03/03/1972,4278,8754352899,,ashley.jackson15@yahoo.com,6483 Lincoln Ave,,Franklin,WV,47846,2026-06-02
VC002839,Allen,Robert,E,1966-05-16,7572,570-261-7110,752.226.6688,,6297 Lake Rd,,Salem,AK,44655,2026-05-20
VC002840,Jones,Charles,,15-Jan-1954,5829,+13907032942,,,7322 Washington St,,Salem,ND,44109-1752,2026-06-02
VC002841,Harris,Matthew,Q,01-08-1996,7720,510.438.8053,,matthew.harris72@aol.com,6017 Lake Rd,,Richmond,VT,12154,2026-05-08
VC002842,King,David,X,10/16/1957,3157,(464) 565-6913,667-664-3829,david.king40@icloud.com,3352 Forest Ave,,Fairview,CO,37113,2026-05-09
VC002843,White,Mary,D,2001-08-07,3081,9669912738,+14207912332,mary.white46@aol.com,6306 Hill Rd,,Clinton,NE,24968-6848,2026-05-21
VC002844,Brown,Joseph,N,30-Jan-1961,6366,539-265-3949,,joseph.brown20@icloud.com,3558 Jefferson Dr,Apt 249,Arlington,KY,36957,2026-05-13
VC002845,Smith,Susan,H,10-13-2002,8464,+17292432582,(627) 889-7804,susan.smith58@outlook.com,6433 Lincoln Ave,,Georgetown,MS,38067,2026-05-15
VC002846,Hall,Betty,,01/31/1967,3266,463.282.9569,,,3428 Lincoln Ave,,Oxford,MA,83238-9297,2026-05-10
VC002847,Garcia,Sarah,V,1988-08-29,3739,(567) 772-2828,,sarah.garcia22@hotmail.com,8437 Jefferson Dr,Apt 868,Manchester,AK,59098,2026-05-28
VC002848,Allen,William,,27-Jan-1957,6324,4289381867,,,5192 Lincoln Ave,,Marion,WV,22257,2026-05-17
VC002849,Adams,Linda,E,05-07-1940,7508,756-970-4003,,linda.adams69@yahoo.com,3632 Forest Ave,Apt 774,Burlington,CA,29503-7669,2026-05-14
VC002850,Hill,William,,09/14/1968,8230,+19693222142,(591) 274-5135,william.hill97@yahoo.com,1351 Maple Dr,Apt 700,Madison,OH,15861,2026-06-03
VC002851,Nelson,Mark,,1999-09-28,5582,377.825.4603,,mark.nelson23@icloud.com,2788 Jefferson Dr,Apt 368,Salem,MS,98645,2026-05-20
VC002852,Nelson,Karen,Z,03-Jan-1996,6321,(632) 277-7135,,,4198 Lake Rd,Apt 291,Georgetown,AZ,50983-1195,2026-05-31
VC002853,Davis,Patricia,,09-22-1940,1803,5029165837,+13267852208,patricia.davis46@aol.com,360 Jefferson Dr,,Dayton,MT,45976,2026-05-06
VC002854,Torres,John,R,04/15/1982,8991,935-886-4594,,,2335 Valley Ln,,Springfield,NY,43488,2026-05-28
VC002855,Adams,Matthew,I,1941-06-15,5272,+15206231749,,matthew.adams27@hotmail.com,9217 Jefferson Dr,,Fairview,WV,29126-6172,2026-06-01
VC002856,Baker,Charles,Q,26-Oct-2003,7173,550.844.6991,3917003979,charles.baker90@icloud.com,7758 River Dr,,Burlington,MO,86272,2026-05-28
VC002857,Young,William,Q,02-05-1954,4067,(811) 420-8567,,william.young88@yahoo.com,8912 Sunset Blvd,Apt 869,Marion,WA,19419,2026-05-19
VC002858,Allen,Sandra,U,04/05/1973,9045,8703807678,,sandra.allen4@aol.com,2417 Hill Rd,,Arlington,SC,73186-3077,2026-05-31
VC002859,Miller,Thomas,G,1993-05-02,7979,327-800-3553,,,6446 Washington St,Apt 56,Salem,CA,50378,2026-05-24
VC002860,Torres,Linda,,24-Jul-1946,2266,+15536233351,(223) 384-4381,linda.torres92@yahoo.com,3096 Valley Ln,,Georgetown,AK,32565,2026-05-05
VC002861,Taylor,Betty,,07-22-1991,1621,532.210.1699,,betty.taylor31@outlook.com,3323 Maple Dr,Apt 723,Oxford,OR,12083-4001,2026-05-05
VC002862,Baker,John,S,03/27/1949,5823,(574) 793-7293,,,9319 Cedar Ln,,Greenville,MI,84100,2026-05-16
VC002863,Smith,Lisa,,1999-08-02,7940,4324266495,+19247762871,lisa.smith43@icloud.com,9184 Cedar Ln,,Richmond,IL,27511,2026-05-19
VC002864,Garcia,Susan,,14-Dec-1970,7588,975-822-9025,,,2011 Forest Ave,,Marion,NE,33993-5000,2026-05-09
VC002865,Smith,Joseph,J,04-30-2004,3281,+19805617589,,joseph.smith50@outlook.com,206 Main St,,Dayton,NH,59496,2026-05-29
VC002866,Nguyen,Michael,Y,11/16/1944,4765,906.890.4511,4533243493,michael.nguyen96@hotmail.com,9720 Jefferson Dr,Apt 749,Madison,MS,70788,2026-05-13
VC002867,King,William,T,1946-10-13,9295,(485) 842-6819,,william.king54@icloud.com,762 Maple Dr,,Oxford,OR,70038-7598,2026-05-19
VC002868,Davis,James,I,01-Nov-1974,8280,9733716068,,james.davis41@aol.com,2647 Oak Ave,,Burlington,CA,76459,2026-05-07
VC002869,Scott,Daniel,,01-03-1985,8533,459-938-1876,,daniel.scott68@icloud.com,2774 Park Blvd,,Manchester,PA,41958,2026-05-15
VC002870,Torres,Richard,P,12/24/1992,4658,+13542281672,(389) 367-9498,,5248 Maple Dr,,Springfield,WV,21473-9161,2026-06-03
VC002871,Thomas,Robert,,1951-07-17,6971,389.877.1932,,robert.thomas12@outlook.com,7880 Forest Ave,,Greenville,NE,89431,2026-05-10
VC002872,Taylor,Anthony,K,11-Feb-1947,4951,(586) 821-1036,817-530-8098,anthony.taylor55@aol.com,9485 Oak Ave,,Springfield,HI,38328,2026-05-18
VC002873,Jones,Patricia,S,01-01-1981,5382,5557799580,,patricia.jones93@icloud.com,3116 River Dr,,Manchester,HI,16759-3678,2026-05-28
VC002874,Young,Daniel,,03/23/1950,5540,628-816-4050,530.267.3945,daniel.young56@gmail.com,6753 Lincoln Ave,Apt 286,Manchester,OK,95181,2026-05-20
VC002875,Miller,Daniel,,1963-03-01,2600,+19127557474,,daniel.miller5@gmail.com,3822 Valley Ln,Apt 400,Oxford,KY,56924,2026-06-01
VC002876,Wilson,Lisa,X,14-Jul-1945,3057,354.464.1034,,lisa.wilson22@yahoo.com,1924 Sunset Blvd,,Madison,NE,43760-9078,2026-06-03
VC002877,Miller,Charles,I,01-03-1950,1827,(789) 864-7190,,,1826 Lake Rd,,Richmond,AR,72783,2026-05-25
VC002878,Smith,Michael,,11/27/2004,2500,5072584089,,michael.smith71@yahoo.com,5938 Sunset Blvd,,Richmond,KS,32584,2026-05-20
VC002879,Allen,Patricia,,1978-10-16,7770,551-538-4505,,patricia.allen92@aol.com,1121 Washington St,Apt 84,Greenville,HI,72987-3960,2026-05-10
VC002880,Taylor,Mark,,22-Apr-1951,1680,+12503513797,,mark.taylor4@gmail.com,8591 Washington St,,Manchester,AZ,81332,2026-05-28
VC002881,Thomas,Thomas,,10-21-1998,8198,705.486.9294,9918829394,thomas.thomas13@aol.com,9038 Sunset Blvd,,Burlington,MD,64564,2026-06-02
VC002882,Torres,Thomas,N,08/12/1974,9363,(554) 733-1701,,thomas.torres28@yahoo.com,8720 River Dr,,Oxford,NE,80778-2835,2026-05-30
VC002883,Thomas,William,E,1983-03-13,3030,5098965679,+15512635242,william.thomas85@hotmail.com,2720 Oak Ave,,Richmond,IL,62083,2026-05-27
VC002884,Harris,Daniel,O,28-Oct-2002,3054,674-495-7842,378.984.2879,,7179 Hill Rd,Apt 596,Burlington,ME,59138,2026-06-01
VC002885,Jones,Christopher,M,01-17-1961,4927,+14527445243,,christopher.jones3@hotmail.com,3063 Washington St,Apt 982,Marion,WV,77560-4722,2026-06-01
VC002886,King,Richard,Z,02/10/1978,4147,720.535.6264,3985305580,,1311 Lake Rd,,Fairview,TN,17319,2026-05-19
VC002887,Johnson,Sandra,,1950-10-26,7178,(250) 449-5367,,,2530 Main St,,Franklin,MT,89419,2026-05-09
VC002888,Torres,Susan,,28-Jun-2004,7571,8044296329,+15174828244,susan.torres89@hotmail.com,8095 Lincoln Ave,,Clinton,ND,44068-3554,2026-05-07
VC002889,Davis,Betty,J,09-21-1980,4348,948-383-8349,,,7781 Lincoln Ave,,Greenville,UT,20396,2026-06-03
VC002890,Adams,Mark,F,03/01/1963,4847,+18587749390,(650) 288-7104,mark.adams47@icloud.com,6498 Hill Rd,,Dayton,CT,81578,2026-05-05
VC002891,Davis,Anthony,T,1964-03-15,5483,372.254.6705,,anthony.davis32@yahoo.com,1727 Maple Dr,,Dayton,MA,41754-5211,2026-05-27
VC002892,Nguyen,James,A,11-May-2003,5668,(548) 719-3210,484-506-9843,,2179 Sunset Blvd,,Marion,AZ,65868,2026-05-27
VC002893,Nelson,Matthew,,09-27-1959,8042,4188343243,,matthew.nelson22@icloud.com,1210 Maple Dr,,Marion,ME,56522,2026-05-22
VC002894,Torres,Nancy,L,02/08/1965,1387,946-309-9668,,,3746 Maple Dr,,Richmond,GA,99492-9085,2026-05-15
VC002895,King,Margaret,Y,1973-10-24,1376,+17008622814,(757) 321-4429,margaret.king92@gmail.com,6870 Park Blvd,,Richmond,KY,36518,2026-05-22
VC002896,Allen,Lisa,B,30-Jul-1994,2706,933.555.5020,2295086346,lisa.allen43@outlook.com,8459 Main St,,Arlington,TN,33451,2026-05-25
VC002897,Garcia,Linda,,03-17-1979,3648,(562) 500-6582,295-776-8075,linda.garcia71@gmail.com,5547 Maple Dr,Apt 426,Salem,OK,71511-1345,2026-06-01
VC002898,Nelson,Robert,J,07/05/1991,6984,6029419170,,robert.nelson91@hotmail.com,7976 Sunset Blvd,,Arlington,VT,92354,2026-05-07
VC002899,Jackson,David,,1998-10-30,7597,996-436-5955,,david.jackson77@yahoo.com,2868 Lincoln Ave,,Dayton,WA,60011,2026-06-01
VC002900,Thomas,Joseph,A,23-Jun-1998,8250,+16232482381,,,707 Main St,,Clinton,SD,89856-7779,2026-05-29
VC002901,Allen,William,,07-10-1979,8768,512.212.1585,8758776252,william.allen43@yahoo.com,1702 Hill Rd,,Franklin,VA,61948,2026-05-31
VC002902,Garcia,Thomas,F,03/06/1984,7562,(972) 568-6850,,thomas.garcia31@gmail.com,5541 Oak Ave,Apt 635,Clinton,MI,19119,2026-05-22
VC002903,Taylor,Susan,I,1994-06-26,3788,2056412261,+14484385976,susan.taylor19@yahoo.com,9077 Lake Rd,,Burlington,AZ,64284-5676,2026-05-21
VC002904,Scott,Ashley,,10-Jan-1990,8425,476-465-2482,652.814.8586,ashley.scott16@hotmail.com,9221 Lincoln Ave,,Franklin,KY,75072,2026-05-07
VC002905,King,Matthew,X,04-06-1968,1056,+12765193691,(492) 885-2415,,7474 Hill Rd,,Georgetown,DE,30273,2026-05-22
VC002906,Jones,Daniel,P,04/24/1990,3752,594.917.5545,6254243336,daniel.jones76@outlook.com,8854 River Dr,Apt 198,Franklin,OK,34657-3614,2026-05-10
VC002907,Anderson,Linda,,1941-09-10,2775,(729) 408-9363,,,6565 Main St,Apt 71,Madison,TX,12342,2026-06-03
VC002908,Torres,Jennifer,,24-Sep-1985,3347,2238615984,,jennifer.torres46@outlook.com,4703 Lincoln Ave,,Richmond,CO,44015,2026-05-28
VC002909,Harris,David,S,03-04-1968,7660,339-998-2785,955.207.9418,david.harris10@yahoo.com,2547 Oak Ave,,Greenville,NH,71086-2236,2026-06-04
VC002910,Williams,Matthew,P,07/12/1943,1931,+18228901691,,,6722 Washington St,Apt 921,Burlington,OH,44245,2026-05-20
VC002911,Thompson,Patricia,L,1958-08-31,1204,536.498.3462,6475649511,,7758 Valley Ln,,Madison,MO,99419,2026-05-20
VC002912,Jones,David,,09-May-1989,7305,(768) 663-3121,,david.jones82@hotmail.com,8597 Main St,,Arlington,HI,41195-2892,2026-05-26
VC002913,Nelson,Ashley,F,01-18-1980,8557,6562103275,+16638432740,ashley.nelson12@outlook.com,6071 Valley Ln,,Richmond,WV,72585,2026-05-15
VC002914,Nelson,Linda,E,06/11/1943,9144,358-230-7448,,linda.nelson54@aol.com,2342 Sunset Blvd,Apt 946,Madison,MN,79403,2026-05-25
VC002915,Thompson,Michael,,1942-03-27,7819,+15273107874,,michael.thompson95@yahoo.com,9575 Oak Ave,,Richmond,IA,92507-4504,2026-05-07
VC002916,Smith,Susan,,30-Nov-1993,7202,484.849.2674,,susan.smith91@yahoo.com,4628 Washington St,,Fairview,SD,72553,2026-05-29
VC002917,Scott,Nancy,,05-05-1982,3306,(785) 447-1957,,nancy.scott75@yahoo.com,9409 Main St,,Arlington,WY,69072,2026-05-19
VC002918,White,Jennifer,,11/26/1997,4355,7033145074,+19053455034,jennifer.white52@gmail.com,7547 Cedar Ln,,Greenville,NV,11601-1041,2026-05-18
VC002919,Taylor,Karen,O,1965-03-04,3038,261-627-1351,,karen.taylor62@gmail.com,6436 Washington St,,Manchester,WI,43102,2026-05-10
VC002920,Nguyen,Joseph,V,08-Dec-1995,3416,+16632234003,(951) 778-4583,joseph.nguyen48@icloud.com,4600 Cedar Ln,,Springfield,AK,30416,2026-05-15
VC002921,Johnson,Patricia,M,12-26-1940,9905,821.596.3067,,patricia.johnson4@aol.com,9793 Maple Dr,,Marion,NJ,93071-8979,2026-05-20
VC002922,Davis,David,,06/09/1945,6663,(793) 425-4387,,,3324 River Dr,,Manchester,NJ,68827,2026-05-17
VC002923,Martin,Margaret,Z,1958-04-22,5156,7567693991,,,842 Maple Dr,Apt 45,Manchester,NM,57803,2026-05-22
VC002924,Anderson,Betty,K,01-May-1988,6254,939-509-3320,,,1225 Sunset Blvd,Apt 782,Madison,NY,58895-8294,2026-06-03
VC002925,Baker,Michael,I,12-06-1976,7655,+15569242216,,michael.baker90@gmail.com,2568 Hill Rd,,Springfield,VT,98628,2026-06-01
VC002926,Nguyen,Sarah,D,01/02/1986,5997,329.882.9890,,sarah.nguyen24@gmail.com,2176 Hill Rd,,Franklin,SD,15051,2026-05-21
VC002927,Miller,Ashley,U,1948-05-03,6111,(600) 621-3645,232-911-3984,ashley.miller64@icloud.com,8817 Lincoln Ave,Apt 834,Dayton,OK,71545-9797,2026-05-08
VC002928,Smith,James,,23-Dec-1985,9608,6908123231,+15124022610,james.smith22@yahoo.com,5917 Jefferson Dr,,Salem,OR,84793,2026-05-25
VC002929,Smith,Jessica,,10-18-2000,2439,836-592-8090,,,538 Park Blvd,,Clinton,WY,17681,2026-05-25
VC002930,Torres,Charles,W,02/15/1960,1407,+18103617191,,,9985 Maple Dr,Apt 423,Franklin,AL,54194-6623,2026-05-27
VC002931,Hall,Charles,,1955-02-18,7635,565.707.3088,9365833092,charles.hall77@hotmail.com,9627 Valley Ln,,Marion,WI,67987,2026-05-26
VC002932,Young,Sarah,,03-Dec-1966,2676,(736) 446-1478,705-286-7060,,2092 Hill Rd,Apt 454,Springfield,CA,13110,2026-05-09
VC002933,Allen,David,,05-06-1995,9446,7562204040,+14249729151,david.allen38@hotmail.com,1103 Forest Ave,,Georgetown,NM,28696-8302,2026-05-05
VC002934,Wilson,David,H,04/20/1945,8623,607-454-9668,,,1289 Lake Rd,,Madison,IL,33710,2026-05-08
VC002935,Jackson,Mark,,1965-11-11,1407,+14659188392,,mark.jackson55@yahoo.com,5956 Cedar Ln,Apt 967,Salem,WV,93238,2026-06-02
VC002936,Hill,Nancy,,27-Jun-1941,8099,639.439.8184,,nancy.hill50@outlook.com,6484 Main St,Apt 162,Arlington,NJ,61072-2382,2026-05-09
VC002937,Hill,Michael,M,04-25-1952,8625,(570) 330-2619,764-696-3593,michael.hill75@aol.com,1151 River Dr,Apt 22,Clinton,NY,86829,2026-05-26
VC002938,Johnson,Patricia,,01/11/1967,2545,7057165083,+17398013133,patricia.johnson50@icloud.com,4374 Lake Rd,Apt 855,Madison,MT,14894,2026-05-30
VC002939,Taylor,Jennifer,,1983-05-02,6661,666-349-1713,,jennifer.taylor24@yahoo.com,7284 Park Blvd,,Arlington,CA,88538-5985,2026-05-17
VC002940,Martin,Linda,P,22-Jun-1977,4957,+12773936546,(675) 492-7294,linda.martin35@gmail.com,8034 Valley Ln,,Clinton,NY,36526,2026-05-12
VC002941,Johnson,Christopher,,11-08-1941,7514,307.605.6956,2863583341,christopher.johnson82@yahoo.com,4702 Forest Ave,,Richmond,SD,46871,2026-05-11
VC002942,King,Nancy,,04/19/1959,5606,(763) 267-6570,,nancy.king17@yahoo.com,1806 Washington St,,Springfield,KY,33673-6459,2026-06-04
VC002943,Williams,Jennifer,V,1947-08-09,5658,8768343673,,jennifer.williams61@aol.com,5745 Lake Rd,,Burlington,WV,88559,2026-05-16
VC002944,Wilson,Linda,,12-Feb-1947,6904,344-849-6224,,,145 Hill Rd,,Georgetown,WV,18246,2026-05-12
VC002945,Harris,David,N,12-10-1977,4176,+12039874344,(217) 903-3784,david.harris84@outlook.com,3520 Cedar Ln,,Richmond,MO,13529-7454,2026-06-01
VC002946,Brown,Sandra,,02/19/1998,2169,573.366.7065,,sandra.brown59@icloud.com,5821 Cedar Ln,,Dayton,LA,99593,2026-05-22
VC002947,Davis,David,,1979-12-13,4919,(261) 293-9277,958-245-9097,,4765 Cedar Ln,,Salem,MO,10333,2026-05-08
VC002948,Thomas,Margaret,,20-Jan-2000,7800,7743577387,,margaret.thomas56@hotmail.com,413 Hill Rd,Apt 358,Greenville,MI,33786-6680,2026-05-15
VC002949,Jackson,Anthony,K,10-29-1993,9935,296-963-7016,,anthony.jackson79@gmail.com,5694 Maple Dr,Apt 169,Georgetown,NE,49993,2026-05-14
VC002950,Allen,Susan,Z,06/29/1992,2933,+14595389360,,,1261 Jefferson Dr,,Greenville,NE,96361,2026-05-21
VC002951,Taylor,Patricia,T,1941-02-19,6275,628.300.7147,,patricia.taylor82@gmail.com,5480 Cedar Ln,Apt 928,Richmond,NJ,38800-6647,2026-05-06
VC002952,Hall,Robert,,23-Feb-1950,8459,(421) 367-9501,,,1502 Maple Dr,,Salem,NY,38564,2026-05-06
VC002953,Taylor,William,O,08-22-1968,1084,9724375550,,,6132 Oak Ave,,Oxford,PA,58371,2026-05-05
VC002954,Nelson,Robert,Q,06/23/1982,8399,674-731-8130,705.209.4902,robert.nelson53@hotmail.com,3557 Sunset Blvd,Apt 307,Georgetown,MS,76051-6972,2026-05-26
VC002955,Miller,Mary,A,1995-10-28,7726,+13745177895,(631) 856-5739,mary.miller55@outlook.com,7667 Lincoln Ave,,Marion,CT,53900,2026-05-21
VC002956,King,Joseph,F,07-Jul-2002,4611,374.844.8845,2362833456,joseph.king65@gmail.com,9361 Park Blvd,,Marion,HI,69691,2026-05-21
VC002957,Thomas,Mark,V,01-25-2004,9775,(281) 555-8576,,mark.thomas84@yahoo.com,3862 Forest Ave,Apt 121,Springfield,IA,82856-9831,2026-05-20
VC002958,Anderson,Richard,,01/09/1968,9083,3906334787,+13875158664,richard.anderson15@gmail.com,3584 Valley Ln,Apt 238,Fairview,TN,92531,2026-05-07
VC002959,Hill,Susan,,1945-08-24,5620,906-392-5652,662.670.6758,susan.hill50@yahoo.com,8139 River Dr,,Madison,NE,90828,2026-05-08
VC002960,King,Thomas,T,18-Nov-1987,1458,+17957499736,(498) 814-5079,thomas.king52@icloud.com,1751 River Dr,Apt 310,Madison,WY,86582-9093,2026-05-27
VC002961,King,Susan,H,03-17-1943,7128,684.572.3705,,susan.king78@yahoo.com,3217 Park Blvd,,Springfield,NC,74463,2026-05-30
VC002962,Taylor,Christopher,X,02/20/1991,6974,(862) 936-5376,,,5018 Valley Ln,,Oxford,WA,18936,2026-05-07
VC002963,Anderson,Mark,U,1985-07-06,8295,2073409092,+14047607652,mark.anderson81@yahoo.com,4274 Main St,,Clinton,MT,75305-5587,2026-05-11
VC002964,Smith,Susan,L,08-Aug-1977,7495,223-889-3210,,susan.smith60@yahoo.com,8822 Sunset Blvd,,Georgetown,NE,10820,2026-05-10
VC002965,Anderson,Jennifer,H,03-26-2002,8871,+19668148185,(458) 204-4365,jennifer.anderson9@aol.com,1866 Park Blvd,,Oxford,NH,71204,2026-05-20
VC002966,Thompson,Robert,M,05/19/1968,2844,909.344.7124,,,9018 Lake Rd,,Burlington,LA,56670-3942,2026-06-01
VC002967,Brown,Patricia,,1961-06-03,6054,(447) 670-3713,450-701-7169,,2844 Cedar Ln,,Madison,CT,10415,2026-05-15
VC002968,Taylor,Thomas,E,14-Nov-1950,6063,4386526470,,thomas.taylor70@outlook.com,7033 Jefferson Dr,,Franklin,NE,83021,2026-06-04
VC002969,Anderson,Thomas,,03-01-1976,3546,392-974-7548,834.469.5240,thomas.anderson53@aol.com,1222 River Dr,Apt 898,Marion,NC,50770-6521,2026-05-23
VC002970,Wright,Joseph,W,02/22/1947,1534,+14925791390,,joseph.wright2@outlook.com,598 Lake Rd,,Franklin,WA,92705,2026-05-13
VC002971,Martin,Daniel,O,1955-06-28,1800,999.644.1202,8547129713,daniel.martin24@hotmail.com,4934 Oak Ave,Apt 37,Fairview,KY,78837,2026-05-18
VC002972,Harris,Nancy,R,28-Apr-1953,2165,(995) 995-5610,390-818-6160,,2484 Sunset Blvd,Apt 466,Marion,SD,52748-6336,2026-06-01
VC002973,Torres,Sandra,A,09-05-1952,8704,6747617688,,sandra.torres80@hotmail.com,6141 Sunset Blvd,,Madison,IN,61488,2026-05-22
VC002974,Williams,Patricia,M,04/28/1984,6017,559-981-5013,985.966.4315,patricia.williams77@hotmail.com,23 Sunset Blvd,Apt 355,Georgetown,NE,18237,2026-06-02
VC002975,Anderson,John,,1958-03-07,5551,+17913554798,,john.anderson63@icloud.com,825 Main St,,Greenville,ND,75980-5335,2026-05-20
VC002976,Davis,Susan,P,15-May-1988,3690,297.713.6906,6738211573,susan.davis33@icloud.com,4499 Lake Rd,,Georgetown,LA,18444,2026-05-18
VC002977,Scott,Nancy,,11-01-1952,9838,(498) 940-3499,724-917-2106,nancy.scott14@outlook.com,2094 Hill Rd,,Salem,AZ,97191,2026-05-10
VC002978,Thomas,Ashley,O,08/03/1947,2542,7667381015,,ashley.thomas79@aol.com,5307 Park Blvd,,Springfield,RI,83210-7819,2026-05-24
VC002979,White,Joseph,S,1970-12-11,3933,988-471-2583,,joseph.white26@icloud.com,9474 Main St,,Marion,NE,55013,2026-05-06
VC002980,Thompson,Barbara,,09-Aug-2004,6423,+12324802310,,,7445 Washington St,,Greenville,MD,24497,2026-05-28
VC002981,Wright,Matthew,,01-21-1990,5277,564.860.4330,,matthew.wright76@aol.com,284 Lake Rd,,Clinton,ME,22725-4833,2026-05-21
VC002982,King,James,,11/23/1962,1208,(613) 964-9303,,,3485 Main St,,Fairview,NM,15817,2026-05-12
VC002983,Johnson,Jennifer,Q,2000-11-27,1575,7719235776,,jennifer.johnson34@outlook.com,965 Valley Ln,,Greenville,FL,24310,2026-05-08
VC002984,Anderson,Jennifer,M,08-Dec-1946,7821,905-910-6386,882.363.8057,jennifer.anderson57@aol.com,6677 Lake Rd,,Franklin,OH,58794-7817,2026-05-25
VC002985,Brown,Charles,,10-13-1955,6640,+17955411355,(489) 700-1829,charles.brown88@outlook.com,7713 Lincoln Ave,Apt 661,Greenville,MI,89611,2026-05-28
VC002986,Taylor,Christopher,B,05/24/1969,5211,852.242.5210,7385671051,christopher.taylor77@gmail.com,8074 Oak Ave,,Clinton,MD,88034,2026-06-03
VC002987,Johnson,Anthony,,1977-07-31,4631,(875) 657-2505,841-630-6778,anthony.johnson17@gmail.com,641 Oak Ave,Apt 666,Burlington,SD,55411-8510,2026-05-10
VC002988,Jackson,Karen,Q,27-Aug-1959,3417,2832018687,,karen.jackson69@outlook.com,8805 Park Blvd,Apt 397,Dayton,GA,61634,2026-05-06
VC002989,Thomas,William,X,09-01-1970,2153,836-827-6331,,william.thomas81@icloud.com,5354 Washington St,Apt 911,Salem,RI,65713,2026-05-18
VC002990,Scott,Joseph,,11/24/1953,9294,+15077368591,,,7791 Lincoln Ave,,Franklin,AR,29835-2274,2026-05-17
VC002991,Walker,William,,1944-02-28,8617,335.740.2566,5476145061,,997 Park Blvd,,Franklin,WA,24314,2026-05-05
VC002992,Thomas,Richard,P,09-May-1998,3836,(617) 427-1616,245-671-8365,richard.thomas93@gmail.com,4963 Park Blvd,,Franklin,MT,71154,2026-05-10
VC002993,Thomas,Daniel,Z,12-13-1996,5494,8679752976,+14366164830,daniel.thomas9@yahoo.com,6564 Cedar Ln,,Georgetown,IA,39464-1917,2026-05-05
VC002994,Jones,John,W,09/02/1982,8511,572-542-7891,932.391.7065,,6830 Park Blvd,,Madison,WA,57584,2026-05-11
VC002995,Jones,Susan,,1948-07-24,3451,+13498236153,,susan.jones42@icloud.com,8414 Main St,,Fairview,VT,99746,2026-05-31
VC002996,Nguyen,Richard,I,08-Nov-1993,8474,840.630.7158,6999664193,richard.nguyen74@aol.com,4857 Jefferson Dr,Apt 552,Marion,TN,89254-3274,2026-06-02
VC002997,Jackson,Sandra,X,10-31-1977,3844,(212) 866-7510,,sandra.jackson83@gmail.com,4634 Washington St,Apt 926,Madison,WA,53246,2026-05-24
VC002998,Walker,James,S,10/31/1985,3407,9168286583,+19766418730,james.walker35@outlook.com,7418 Main St,,Oxford,AK,90644,2026-05-26
VC002999,Brown,Mark,,1969-02-11,6851,927-860-4768,,mark.brown17@icloud.com,9973 Cedar Ln,,Fairview,AR,33869-4936,2026-06-03
VC003000,Harris,Mark,D,05-Mar-1941,9775,+13048038017,,mark.harris6@gmail.com,2403 Main St,,Dayton,NV,58796,2026-05-21
VC003001,White,Thomas,E,04-21-1982,6260,405.281.8760,2554346715,thomas.white7@hotmail.com,1455 Lake Rd,Apt 452,Arlington,MI,99193,2026-05-09
VC003002,Johnson,Karen,,06/08/1995,4386,(839) 266-3216,466-650-8405,,375 Valley Ln,,Burlington,NJ,48336-9757,2026-05-12
VC003003,Nelson,Anthony,F,1958-05-16,7860,4894322592,+15063874073,anthony.nelson51@icloud.com,4153 Valley Ln,Apt 118,Springfield,WA,82681,2026-05-11
VC003004,Young,Mary,C,18-May-1989,6733,969-533-3543,,,7557 Cedar Ln,,Clinton,HI,29338,2026-05-29
VC003005,Anderson,Charles,X,02-19-1955,8120,+13892618817,(828) 647-8232,charles.anderson64@hotmail.com,9 Lincoln Ave,Apt 927,Greenville,AK,43242-2027,2026-06-02
VC003006,Hill,David,B,10/29/1948,6770,525.389.3328,,david.hill41@gmail.com,9086 Hill Rd,,Arlington,NC,95233,2026-06-01
VC003007,White,Linda,A,2000-11-22,6440,(809) 978-2384,,linda.white30@gmail.com,4398 Jefferson Dr,Apt 198,Dayton,AR,23140,2026-05-07
VC003008,Smith,Mary,W,11-May-1971,1749,9412852724,,mary.smith86@aol.com,9592 Washington St,Apt 905,Salem,NH,60679-3074,2026-05-28
VC003009,Hall,Susan,,02-02-1998,1083,981-403-7263,,susan.hall77@aol.com,6464 Maple Dr,,Georgetown,MD,76043,2026-05-11
VC003010,Harris,John,,01/26/1976,1782,+14839118314,,john.harris98@outlook.com,7367 Jefferson Dr,,Oxford,WY,54813,2026-05-16
VC003011,Adams,John,T,1958-03-15,5208,391.346.9936,8026781157,,1962 Valley Ln,,Madison,AR,38123-2299,2026-05-08
VC003012,Walker,Karen,D,23-Mar-1956,4356,(546) 986-1107,257-388-8246,karen.walker74@yahoo.com,6575 Oak Ave,Apt 154,Arlington,NY,69393,2026-05-10
VC003013,Nelson,John,,12-06-1945,9589,6698623232,,john.nelson33@gmail.com,9302 Park Blvd,Apt 222,Marion,OH,36874,2026-05-16
VC003014,Allen,Betty,,02/21/1987,2741,798-589-7319,633.677.8958,betty.allen24@aol.com,9401 Valley Ln,,Oxford,MA,58549-8804,2026-05-08
VC003015,Davis,Mary,M,1947-01-10,2016,+14046929463,(966) 780-6923,mary.davis42@yahoo.com,9149 Sunset Blvd,Apt 972,Arlington,WV,29914,2026-05-15
VC003016,Allen,Betty,B,13-May-1992,5422,726.866.2799,,betty.allen8@outlook.com,403 Lake Rd,Apt 908,Burlington,AK,81864,2026-05-24
VC003017,Scott,Richard,,03-18-1945,9050,(737) 707-1531,992-911-9856,richard.scott98@aol.com,6694 Lincoln Ave,,Manchester,WY,69593-9706,2026-05-30
VC003018,Walker,Lisa,C,01/17/1966,3847,6665534487,,lisa.walker57@icloud.com,4679 Cedar Ln,,Clinton,IL,84371,2026-05-28
VC003019,Miller,William,,1980-07-12,6253,970-233-7528,842.797.7463,william.miller48@aol.com,3971 Maple Dr,,Arlington,NC,69985,2026-05-09
VC003020,Nguyen,Robert,,05-Dec-1964,5552,+16449156345,,robert.nguyen48@outlook.com,86 Lincoln Ave,,Springfield,WV,70903-2934,2026-05-31
VC003021,Thomas,Betty,A,12-19-1998,7479,947.649.4947,8968958433,,7232 Washington St,,Salem,AR,62286,2026-05-19
VC003022,Taylor,Linda,N,03/29/1969,2894,(627) 738-2157,,,4520 Maple Dr,,Richmond,UT,39356,2026-05-05
VC003023,Scott,Mark,O,1946-11-07,7924,2795824290,+15732278990,mark.scott14@yahoo.com,4679 Maple Dr,Apt 837,Richmond,CO,53622-8046,2026-05-28
VC003024,Wilson,Lisa,E,05-Feb-1994,5203,923-494-2672,640.622.5747,lisa.wilson35@yahoo.com,6946 Main St,,Clinton,NE,95501,2026-06-01
VC003025,Harris,William,,09-08-1980,3969,+17066688669,,william.harris71@icloud.com,7274 Sunset Blvd,,Richmond,ME,36675,2026-05-14
VC003026,Allen,David,U,03/20/1985,3964,440.454.9905,,david.allen71@hotmail.com,6692 Hill Rd,,Dayton,IN,52544-1129,2026-05-26
VC003027,Torres,Robert,S,1982-02-13,4597,(291) 219-1931,,,4690 Forest Ave,Apt 391,Franklin,MS,66814,2026-05-22
VC003028,Jackson,William,,08-Jul-2000,4812,2946764545,+16077389712,william.jackson99@hotmail.com,7739 Maple Dr,Apt 250,Fairview,ME,27569,2026-05-10
VC003029,Johnson,Patricia,,09-28-1990,9737,505-786-1085,,patricia.johnson16@outlook.com,7425 Lake Rd,,Fairview,WV,86230-7817,2026-05-19
VC003030,Smith,Matthew,U,12/12/1956,7664,+12784206995,(478) 376-5310,matthew.smith11@icloud.com,455 Jefferson Dr,,Dayton,VA,39820,2026-05-14
VC003031,Nguyen,Richard,R,1992-04-25,7374,723.792.1622,7042607690,richard.nguyen41@icloud.com,1817 Cedar Ln,,Salem,NJ,62266,2026-05-24
VC003032,Harris,Charles,M,04-Feb-1969,5840,(628) 223-1609,820-285-2050,charles.harris77@icloud.com,7507 Jefferson Dr,Apt 116,Salem,GA,36716-4401,2026-05-16
VC003033,Allen,Richard,Z,08-26-1972,2726,9737609740,+16017265097,richard.allen87@yahoo.com,7475 Lincoln Ave,,Fairview,NV,13626,2026-05-09
VC003034,Adams,James,G,05/29/1996,2358,267-714-3428,254.309.9928,james.adams47@gmail.com,8671 Sunset Blvd,Apt 927,Burlington,WY,14673,2026-05-24
VC003035,Garcia,Linda,E,1966-07-11,9479,+14745528123,,linda.garcia62@gmail.com,9665 Hill Rd,,Salem,NE,37800-9982,2026-05-20
VC003036,Nguyen,Patricia,H,16-Jul-1943,8701,362.643.4890,,patricia.nguyen75@icloud.com,6879 Main St,Apt 913,Oxford,PA,74918,2026-05-19
VC003037,Anderson,Patricia,,04-07-1984,1997,(961) 234-8311,,,265 River Dr,Apt 960,Clinton,NE,99268,2026-06-02
VC003038,Baker,Ashley,,11/06/1963,9667,2625697814,+17309246072,ashley.baker60@icloud.com,6047 Lincoln Ave,Apt 263,Burlington,AR,90862-2448,2026-05-30
VC003039,Adams,James,U,1974-08-10,7985,847-446-7766,,,6667 Jefferson Dr,,Greenville,AZ,63691,2026-06-02
VC003040,Martin,David,C,11-Jun-1994,8246,+12684985424,(713) 437-3138,david.martin77@aol.com,2850 Main St,Apt 939,Burlington,VT,69748,2026-05-13
VC003041,Adams,Christopher,N,06-05-1965,9953,647.533.3314,7629609847,christopher.adams13@yahoo.com,8202 Oak Ave,,Springfield,AR,68271-1755,2026-05-18
VC003042,Wright,John,,12/24/1990,4138,(202) 207-5899,934-917-9197,john.wright56@gmail.com,934 Washington St,,Marion,WA,34607,2026-05-28
VC003043,Torres,Nancy,,2001-07-27,8449,6142123635,+17762959872,,5227 Maple Dr,,Oxford,NC,60330,2026-05-21
VC003044,Young,Thomas,U,09-Mar-1976,5931,829-542-2095,,,5735 Lake Rd,Apt 940,Clinton,NY,45937-6496,2026-05-29
VC003045,King,Robert,,03-15-1984,9763,+13087756360,(737) 203-9281,robert.king54@outlook.com,3765 River Dr,,Springfield,VA,79606,2026-05-28
VC003046,Jones,Linda,S,02/08/1961,9839,336.692.9604,,linda.jones83@aol.com,639 Valley Ln,,Oxford,GA,78411,2026-05-20
VC003047,Thomas,Matthew,,1954-06-06,4309,(357) 509-8196,847-253-7245,,2035 Park Blvd,,Arlington,ID,93385-2102,2026-05-26
VC003048,Davis,Betty,A,26-Mar-1960,8854,9968269767,,betty.davis6@aol.com,8376 Lincoln Ave,,Dayton,OR,53583,2026-05-05
VC003049,Young,Sarah,M,08-20-1987,4017,797-210-5217,,,383 Cedar Ln,,Franklin,IN,31117,2026-05-21
VC003050,Wilson,Linda,W,02/11/1969,5786,+14757074362,(769) 856-7316,,9498 Maple Dr,Apt 217,Clinton,ND,71854-1645,2026-05-08
VC003051,Thomas,Anthony,,1977-07-25,6311,302.987.2995,,anthony.thomas79@icloud.com,7981 Cedar Ln,,Oxford,AZ,61402,2026-05-13
VC003052,Thomas,Mary,D,28-Jan-1950,5398,(329) 206-8060,,mary.thomas78@icloud.com,2481 Lake Rd,Apt 433,Dayton,RI,26409,2026-05-16
VC003053,Martin,Nancy,O,06-01-1987,5089,7479909183,,nancy.martin76@aol.com,5121 Oak Ave,,Franklin,SC,47382-2990,2026-06-02
VC003054,Walker,Sarah,Z,07/01/1960,3589,986-642-7641,,sarah.walker7@outlook.com,1833 Park Blvd,Apt 633,Franklin,NE,53985,2026-06-02
VC003055,Walker,Margaret,G,1996-01-28,6956,+13589105857,(890) 949-6008,margaret.walker57@icloud.com,1995 Valley Ln,,Georgetown,ME,26212,2026-05-29
VC003056,King,Robert,V,17-Dec-1960,4299,701.212.8374,9917292532,robert.king42@icloud.com,9068 Lake Rd,,Greenville,UT,46293-1389,2026-05-05
VC003057,Davis,Lisa,C,12-19-1982,2610,(564) 863-1471,,lisa.davis53@icloud.com,1702 River Dr,Apt 191,Manchester,NY,65986,2026-05-25
VC003058,Thompson,Sandra,M,05/27/1953,1262,2554183999,,sandra.thompson68@aol.com,2390 Maple Dr,Apt 495,Springfield,SC,52327,2026-06-03
VC003059,Scott,Thomas,,1943-03-22,4150,732-405-3083,728.367.7934,thomas.scott80@outlook.com,5932 Maple Dr,,Georgetown,ME,38197-3999,2026-05-07
VC003060,Nelson,Barbara,,07-Apr-1945,2340,+16013626905,,,9788 Valley Ln,,Georgetown,MT,87770,2026-06-03
VC003061,Thompson,Jennifer,Z,05-06-1974,6190,579.538.4945,,,286 Washington St,Apt 347,Arlington,NV,96217,2026-05-18
VC003062,Thompson,Michael,W,04/05/1989,7290,(372) 292-4540,834-949-8487,michael.thompson26@yahoo.com,598 Oak Ave,,Richmond,PA,38626-9204,2026-05-21
VC003063,Nelson,Jessica,,1953-06-03,9263,6812484507,+13213268980,jessica.nelson24@outlook.com,6647 Oak Ave,,Manchester,PA,38905,2026-05-25
VC003064,Thompson,Mary,,08-Jan-1996,7703,774-487-2579,451.924.3502,mary.thompson16@gmail.com,5872 Valley Ln,Apt 783,Dayton,GA,45089,2026-05-08
VC003065,Harris,Susan,W,08-20-1976,2345,+14813252757,(347) 582-3976,susan.harris20@aol.com,2199 Valley Ln,Apt 293,Arlington,ID,62441-4837,2026-05-12
VC003066,Martin,David,P,10/31/1975,7092,537.535.7308,,david.martin7@hotmail.com,5334 Sunset Blvd,,Manchester,NH,96847,2026-05-06
VC003067,Young,Patricia,D,1979-01-26,2277,(663) 670-3017,760-218-2958,patricia.young54@outlook.com,9827 Washington St,Apt 562,Clinton,NE,64245,2026-06-01
VC003068,Allen,Mary,,01-Dec-1957,4608,9403347112,+13564543995,mary.allen27@icloud.com,5919 Forest Ave,,Fairview,RI,86311-6651,2026-05-08
VC003069,Nelson,Jessica,,07-31-1951,4968,375-245-3869,,jessica.nelson81@icloud.com,1555 Lake Rd,Apt 715,Madison,WY,50060,2026-05-25
VC003070,Jackson,Nancy,W,10/19/1972,1680,+16849901032,(758) 243-8866,nancy.jackson95@yahoo.com,8411 River Dr,Apt 331,Arlington,TX,95103,2026-05-15
VC003071,Torres,Jennifer,,1978-12-14,3573,295.546.8909,7583729275,,508 River Dr,,Dayton,HI,89602-8651,2026-05-18
VC003072,Adams,Ashley,Q,03-Sep-1999,1263,(698) 464-3320,,ashley.adams84@gmail.com,9968 Park Blvd,,Franklin,MD,28753,2026-05-30
VC003073,Johnson,William,Q,09-15-1988,3782,6125855532,,william.johnson54@hotmail.com,2968 Park Blvd,Apt 652,Oxford,ME,19351,2026-06-01
VC003074,Allen,Daniel,T,09/09/1964,8292,584-994-2468,830.826.2373,daniel.allen84@icloud.com,7597 Jefferson Dr,Apt 432,Richmond,TN,60082-6874,2026-05-19
VC003075,Harris,William,X,1994-06-11,4692,+14108213715,(663) 585-5150,william.harris83@gmail.com,3832 Cedar Ln,Apt 292,Greenville,VA,15324,2026-05-26
VC003076,Young,Thomas,G,02-Jul-1942,9846,765.519.9541,5284126773,thomas.young12@aol.com,5583 Lincoln Ave,,Dayton,HI,13069,2026-05-24
VC003077,Hall,Barbara,,02-24-1983,6126,(408) 385-7356,,barbara.hall1@aol.com,1901 Oak Ave,,Franklin,IN,32823-9364,2026-05-31
VC003078,Allen,Richard,R,09/28/1994,1500,5379568697,+17535076832,richard.allen31@yahoo.com,2986 River Dr,Apt 42,Springfield,ME,47277,2026-05-15
VC003079,Young,Daniel,,1945-01-17,8723,200-520-1651,,daniel.young37@outlook.com,3214 Washington St,Apt 932,Georgetown,OH,74996,2026-05-22
VC003080,Harris,Betty,T,16-Jan-1987,6840,+13665382653,(693) 225-8675,betty.harris14@yahoo.com,9530 Lincoln Ave,,Clinton,SC,90573-2908,2026-06-01
VC003081,Taylor,Linda,,09-24-1992,5937,388.462.6740,,,5664 Valley Ln,,Greenville,MT,94604,2026-05-15
VC003082,Thomas,Jessica,Y,06/20/1961,8717,(315) 403-7838,606-586-7514,jessica.thomas7@gmail.com,5217 Lake Rd,,Salem,VT,83475,2026-05-14
VC003083,Jackson,Matthew,,1987-02-21,8428,3164971687,,matthew.jackson87@yahoo.com,7251 Cedar Ln,Apt 112,Salem,IL,17066-4096,2026-05-30
VC003084,Adams,Jessica,V,10-May-1940,2227,997-779-4494,320.584.7829,jessica.adams44@aol.com,1931 Forest Ave,,Fairview,AZ,87719,2026-05-27
VC003085,Brown,Mark,W,03-11-1975,3617,+17264639613,,mark.brown55@gmail.com,1942 Hill Rd,Apt 216,Manchester,TN,67943,2026-06-03
VC003086,Baker,Betty,,02/01/1959,1600,219.719.1511,,betty.baker94@gmail.com,9534 Valley Ln,Apt 715,Clinton,WY,87337-1827,2026-05-27
VC003087,Nelson,Richard,,1943-05-06,6248,(247) 629-1348,965-405-8940,,8666 Maple Dr,,Salem,NY,96386,2026-05-31
VC003088,Walker,Linda,E,22-Aug-1976,6099,7115126956,+12836913908,linda.walker73@yahoo.com,6212 River Dr,Apt 90,Greenville,IA,50036,2026-05-28
VC003089,Nelson,Mary,S,02-02-1940,4399,983-507-4209,377.612.2438,mary.nelson47@yahoo.com,9113 Cedar Ln,,Georgetown,AR,91256-1120,2026-05-29
VC003090,Brown,Sarah,,07/05/1957,4473,+16243911262,,sarah.brown47@aol.com,5252 Jefferson Dr,,Madison,GA,88451,2026-05-26
VC003091,Scott,Jessica,A,1958-10-18,2092,653.340.2288,9182327444,jessica.scott27@gmail.com,941 Sunset Blvd,,Dayton,LA,61786,2026-05-19
VC003092,Johnson,Barbara,,06-Aug-1999,4329,(967) 620-9057,,barbara.johnson92@gmail.com,5922 Washington St,,Clinton,ND,72329-6475,2026-05-24
VC003093,Torres,David,,07-03-1985,1875,3948198674,+19992683397,,4915 Park Blvd,Apt 878,Richmond,AK,75947,2026-05-16
VC003094,Martin,Linda,,11/23/1963,5090,586-812-2338,714.674.7544,,6534 Maple Dr,Apt 172,Georgetown,ME,58769,2026-05-19
VC003095,Hill,Margaret,,1940-06-19,8963,+16978256868,,,6015 Valley Ln,,Manchester,CA,21755-3750,2026-05-19
VC003096,Brown,Robert,I,07-Nov-2000,6605,359.552.9192,4099882746,,224 Lincoln Ave,,Dayton,KS,16820,2026-05-26
VC003097,Hill,William,W,05-10-1998,2668,(372) 576-1751,,william.hill72@outlook.com,6368 Park Blvd,,Dayton,OK,35063,2026-05-05
VC003098,Jackson,Thomas,Z,08/20/1962,7077,6132206858,,thomas.jackson83@hotmail.com,6491 Valley Ln,Apt 961,Richmond,GA,68694-5124,2026-05-23
VC003099,Jones,Lisa,,1980-09-14,9282,481-839-9984,,,5328 River Dr,,Oxford,ND,48652,2026-05-31
VC003100,Thomas,Michael,,07-Mar-1964,3924,+12882542351,,,9764 Washington St,,Franklin,HI,18815,2026-06-02
VC003101,Johnson,Matthew,A,06-18-1964,6823,814.396.2013,,,4654 Valley Ln,,Springfield,IA,33084-8327,2026-05-07
VC003102,Brown,Mary,K,09/24/1952,4410,(637) 827-8805,,mary.brown10@hotmail.com,8687 Main St,,Salem,SC,76797,2026-05-09
VC003103,Hall,Christopher,,1981-09-09,6178,5839832937,,christopher.hall68@outlook.com,5901 Cedar Ln,,Richmond,AL,18015,2026-05-07
VC003104,Harris,Thomas,E,10-Apr-1983,6839,797-618-5841,,thomas.harris50@hotmail.com,8185 Oak Ave,Apt 530,Marion,CO,98374-7761,2026-05-12
VC003105,Allen,Barbara,H,07-29-1954,4129,+17904004081,,barbara.allen23@yahoo.com,540 Sunset Blvd,,Arlington,NY,50526,2026-06-02
VC003106,King,Patricia,X,06/22/1957,6429,976.378.5453,,patricia.king71@outlook.com,6075 Lincoln Ave,,Salem,KS,13639,2026-05-27
VC003107,Anderson,Linda,S,1991-03-06,7601,(411) 566-9060,391-604-2818,linda.anderson65@icloud.com,1463 Valley Ln,,Greenville,CT,47183-1989,2026-05-27
VC003108,Wilson,Joseph,G,13-Dec-1946,5681,9849969540,+12222282048,joseph.wilson82@hotmail.com,7940 Sunset Blvd,Apt 735,Fairview,LA,67654,2026-05-09
VC003109,Miller,Matthew,F,12-01-1964,1548,836-802-1953,,matthew.miller27@gmail.com,530 Sunset Blvd,,Burlington,AZ,84838,2026-05-25
VC003110,White,Sarah,B,11/20/1964,4132,+19309222418,,sarah.white99@aol.com,7022 Lincoln Ave,,Salem,FL,28237-8171,2026-05-30
VC003111,Brown,John,A,1972-10-08,4073,354.784.3804,,,8243 Jefferson Dr,Apt 355,Madison,CO,50568,2026-05-26
VC003112,Thompson,Robert,,11-Nov-1952,5413,(880) 766-3335,,robert.thompson89@aol.com,3074 Oak Ave,,Manchester,AL,28415,2026-05-29
VC003113,Thomas,Charles,,03-25-1967,8471,5887181407,,,5896 Oak Ave,,Franklin,SD,85860-1340,2026-05-09
VC003114,Williams,Mary,J,07/03/1993,1277,477-230-1188,,mary.williams60@aol.com,5315 Sunset Blvd,Apt 404,Oxford,WV,63596,2026-05-19
VC003115,Jones,William,,2004-10-02,8572,+14202124163,,william.jones76@outlook.com,6334 Park Blvd,Apt 995,Dayton,OH,21250,2026-05-17
VC003116,Williams,Robert,E,20-Jun-1953,5408,895.756.1781,,,5407 River Dr,,Springfield,ID,34103-3035,2026-05-13
VC003117,Allen,Mary,S,04-27-1973,7577,(349) 933-8861,,mary.allen94@aol.com,5036 Lake Rd,Apt 999,Fairview,NM,88615,2026-05-23
VC003118,Nelson,William,,04/03/1976,2194,7509209189,+15299673844,william.nelson90@gmail.com,7218 Jefferson Dr,Apt 496,Springfield,VT,14678,2026-05-14
VC003119,Martin,Thomas,G,1989-04-21,1321,833-351-3912,,,5345 Jefferson Dr,Apt 542,Madison,MS,16029-4238,2026-05-14
VC003120,Harris,James,V,23-Apr-1971,7841,+16939684751,,james.harris60@aol.com,5633 Park Blvd,,Franklin,LA,52417,2026-05-09
VC003121,Hill,Betty,S,03-27-1956,3785,632.521.6136,,betty.hill81@hotmail.com,3319 Main St,,Oxford,GA,29560,2026-05-17
VC003122,Scott,Susan,,05/10/1995,9534,(773) 289-1555,338-261-9382,susan.scott81@aol.com,9101 Park Blvd,Apt 60,Georgetown,NY,95630-9402,2026-05-05
VC003123,Nelson,Sandra,,1944-05-24,9486,4052042848,,sandra.nelson67@outlook.com,1104 Maple Dr,,Arlington,GA,13547,2026-05-11
VC003124,Jones,Anthony,,24-Jun-2003,4151,613-303-8303,496.392.1386,,6750 Main St,,Richmond,MA,35553,2026-05-09
VC003125,Jackson,John,O,12-19-1957,2170,+13189827366,(498) 997-5441,john.jackson15@outlook.com,9948 Maple Dr,,Clinton,SD,27237-2613,2026-05-05
VC003126,Brown,Nancy,C,12/16/1993,4872,952.281.2644,,nancy.brown91@aol.com,7116 Maple Dr,Apt 365,Franklin,MS,30110,2026-05-10
VC003127,Baker,Lisa,E,1953-11-25,5106,(734) 635-6366,277-615-6088,lisa.baker81@outlook.com,3422 Oak Ave,Apt 340,Clinton,VT,63910,2026-05-12
VC003128,Garcia,Susan,E,26-May-1979,9737,6362849805,,susan.garcia71@icloud.com,5440 Sunset Blvd,,Burlington,PA,84309-9819,2026-05-22
VC003129,Davis,Patricia,C,09-15-1976,3482,240-870-9139,952.767.1151,patricia.davis30@outlook.com,3087 Cedar Ln,Apt 729,Arlington,MD,23909,2026-06-01
VC003130,Allen,John,,03/22/1976,5433,+14915241498,(832) 316-1212,john.allen8@yahoo.com,7204 River Dr,Apt 725,Greenville,ME,79667,2026-05-31
VC003131,Garcia,Jessica,R,1956-09-21,2478,671.632.1399,,,2509 Park Blvd,,Salem,WV,73554-1365,2026-05-14
VC003132,Torres,Robert,J,08-Aug-1947,4775,(746) 978-8518,,robert.torres71@icloud.com,6889 Park Blvd,,Richmond,MO,22219,2026-05-06
VC003133,Nguyen,Charles,,11-01-1949,1776,8785666524,,charles.nguyen11@hotmail.com,3921 Sunset Blvd,,Madison,TX,14128,2026-06-01
VC003134,Jones,Christopher,B,09/19/1953,3502,750-473-7292,270.750.5397,christopher.jones95@icloud.com,1812 Valley Ln,Apt 382,Fairview,GA,17328-9899,2026-06-03
VC003135,Baker,Barbara,,1989-08-16,2534,+19353802730,,,4070 Forest Ave,Apt 212,Clinton,IL,77639,2026-05-31
VC003136,Wright,Sarah,S,14-Nov-1956,3877,749.674.9511,6103725364,,7019 Park Blvd,,Clinton,RI,46499,2026-05-12
VC003137,Scott,Lisa,B,03-23-1987,2531,(585) 858-6381,,lisa.scott40@aol.com,2094 Sunset Blvd,,Burlington,WV,99838-9980,2026-05-14
VC003138,Hall,Richard,I,10/06/1969,3020,4209627101,+19715825620,richard.hall17@aol.com,5662 Cedar Ln,Apt 8,Fairview,WI,34195,2026-05-12
VC003139,Jones,Patricia,Z,1982-03-12,1985,527-345-7648,,,1520 Forest Ave,Apt 900,Franklin,NC,64912,2026-05-09
VC003140,Torres,Lisa,V,21-May-1941,7640,+13754878191,(421) 268-6289,lisa.torres53@icloud.com,569 Lake Rd,Apt 369,Burlington,NY,21043-7902,2026-05-30
VC003141,Williams,Jessica,,04-30-1998,6594,991.856.1654,,jessica.williams91@yahoo.com,6055 Park Blvd,Apt 273,Clinton,LA,70883,2026-05-29
VC003142,White,Betty,,05/31/1995,3832,(466) 509-1848,,betty.white23@outlook.com,1248 Jefferson Dr,,Oxford,WI,77241,2026-05-29
VC003143,Johnson,Charles,R,1975-04-20,6836,5643093234,,charles.johnson19@icloud.com,1881 Cedar Ln,,Burlington,NJ,53688-6925,2026-05-10
VC003144,Torres,Margaret,,07-Dec-1967,3563,805-761-4855,778.211.2881,margaret.torres57@hotmail.com,9754 Main St,Apt 422,Greenville,HI,81076,2026-05-15
VC003145,White,Jessica,,02-29-1980,9027,+13875987223,,jessica.white63@yahoo.com,3568 Maple Dr,Apt 991,Springfield,WY,32191,2026-06-04
VC003146,Thomas,Sandra,V,03/30/1944,7923,345.317.5276,,sandra.thomas47@icloud.com,9312 Forest Ave,Apt 349,Madison,FL,18237-7291,2026-05-17
VC003147,Martin,Charles,,1941-07-04,3296,(300) 727-6231,,,238 River Dr,,Richmond,TX,79397,2026-05-15
VC003148,Williams,Sarah,,27-Jan-1997,7707,9024423570,,,3501 Sunset Blvd,,Clinton,NM,54711,2026-05-26
VC003149,Thomas,Nancy,J,02-06-1949,9009,607-373-7703,,nancy.thomas3@hotmail.com,9249 Sunset Blvd,Apt 305,Georgetown,PA,58981-1020,2026-05-29
VC003150,Nelson,Ashley,,10/09/1991,6894,+12114135179,,,314 Sunset Blvd,Apt 777,Clinton,CT,36041,2026-05-22
VC003151,Davis,Michael,J,1975-04-30,3064,940.865.7993,9278387362,,89 Valley Ln,Apt 102,Springfield,PA,18768,2026-05-15
VC003152,Davis,Barbara,,17-Sep-1945,6533,(567) 467-6849,,barbara.davis7@gmail.com,2599 Maple Dr,Apt 974,Richmond,NC,14190-8312,2026-05-06
VC003153,Taylor,Jessica,T,06-25-1967,3667,4517412455,+13929139880,jessica.taylor64@icloud.com,6634 Forest Ave,Apt 804,Madison,NY,91991,2026-05-20
VC003154,Young,Richard,,03/27/1995,7692,685-874-6971,,richard.young1@gmail.com,4031 Sunset Blvd,,Arlington,AL,68794,2026-05-05
VC003155,Walker,Ashley,V,1951-11-05,7987,+14706166198,,ashley.walker66@hotmail.com,2214 Park Blvd,Apt 805,Dayton,ND,83344-4327,2026-05-28
VC003156,Baker,James,R,21-Jan-1956,2090,853.882.5426,3175387095,james.baker92@gmail.com,7445 Hill Rd,Apt 950,Georgetown,DE,72857,2026-05-06
VC003157,Hill,David,,12-21-1983,4502,(215) 226-6558,,,7884 Jefferson Dr,,Fairview,VT,57061,2026-05-05
VC003158,Thompson,Richard,F,10/29/1991,3256,7937856697,,richard.thompson2@icloud.com,8610 Washington St,,Franklin,NC,67776-5329,2026-05-26
VC003159,Jones,Christopher,,1975-05-14,9745,359-524-1657,,christopher.jones9@yahoo.com,9584 Lincoln Ave,,Burlington,MI,60499,2026-05-06
VC003160,Baker,Sarah,,06-Nov-1989,8733,+18428303496,,sarah.baker92@aol.com,5215 Oak Ave,,Salem,CT,82307,2026-05-05
VC003161,Taylor,Karen,,10-08-1956,5021,614.803.8372,,,2633 Maple Dr,Apt 333,Georgetown,UT,70621-1431,2026-05-28
VC003162,Nelson,Charles,,08/19/1996,9970,(452) 237-9976,521-877-3219,charles.nelson97@hotmail.com,1409 River Dr,,Oxford,MA,72486,2026-06-01
VC003163,King,Lisa,G,1952-01-01,5806,9589818529,,,3686 Oak Ave,,Clinton,IL,39039,2026-05-24
VC003164,Davis,Daniel,F,30-May-1948,7988,823-680-5073,826.345.7268,daniel.davis84@icloud.com,7079 Lincoln Ave,Apt 645,Oxford,NM,14512-5416,2026-05-19
VC003165,White,Matthew,K,05-21-1970,9147,+13963915516,(431) 231-3852,,6453 Forest Ave,Apt 933,Greenville,OH,82495,2026-05-15
VC003166,Scott,Matthew,,01/25/1982,7562,215.803.4426,4989385509,matthew.scott13@aol.com,7626 Sunset Blvd,,Clinton,RI,94025,2026-05-24
VC003167,White,Sandra,,1962-04-14,6725,(787) 252-5495,468-351-2753,sandra.white95@hotmail.com,3198 Hill Rd,,Greenville,ME,30317-4381,2026-05-08
VC003168,Brown,Mary,K,09-Sep-1946,8104,4342309420,,mary.brown9@gmail.com,3742 Valley Ln,Apt 471,Georgetown,IL,24581,2026-05-05
VC003169,Garcia,Jessica,T,07-12-1997,7584,411-595-3823,,jessica.garcia4@icloud.com,4479 Washington St,,Dayton,OR,30428,2026-06-02
VC003170,Torres,Sandra,,01/09/1960,6896,+14412154465,,sandra.torres4@hotmail.com,8868 Valley Ln,,Salem,NV,43821-5700,2026-05-11
VC003171,Hall,Sandra,R,1945-07-05,3540,885.461.2408,3668156734,sandra.hall11@outlook.com,9757 River Dr,,Madison,AK,17889,2026-05-31
VC003172,King,Nancy,,08-May-1957,4058,(342) 622-7042,,,1620 Jefferson Dr,Apt 179,Oxford,TX,25885,2026-05-25
VC003173,Torres,William,H,02-04-1954,6542,2586492977,,william.torres80@icloud.com,2857 Maple Dr,Apt 459,Burlington,KS,14028-2590,2026-05-11
VC003174,Walker,Joseph,D,04/28/1974,5148,492-602-4285,,joseph.walker88@aol.com,9493 Lake Rd,,Arlington,MI,54763,2026-05-22
VC003175,Thomas,Linda,,1942-02-19,6396,+16147552697,,linda.thomas84@hotmail.com,2470 Main St,,Oxford,MA,26432,2026-06-03
VC003176,Thompson,Robert,,20-Jul-1943,5037,321.613.9917,8358097447,robert.thompson54@outlook.com,541 Washington St,,Franklin,SC,88934-5159,2026-05-21
VC003177,Scott,Mary,,01-09-1997,7209,(740) 878-7441,,,5493 Main St,,Fairview,AZ,60831,2026-05-18
VC003178,Johnson,Thomas,,10/14/1961,8703,7229471648,+14046117831,thomas.johnson32@gmail.com,9389 Main St,,Fairview,WY,32570,2026-05-13
VC003179,Harris,Joseph,M,1994-08-08,5601,906-863-3536,,joseph.harris17@icloud.com,8873 Washington St,,Burlington,WI,23327-5700,2026-05-17
VC003180,King,James,,29-Oct-1990,6608,+16316725164,(711) 460-4244,james.king53@yahoo.com,3575 Cedar Ln,,Oxford,MA,95659,2026-05-31
VC003181,Thompson,Thomas,,07-08-1993,9956,698.751.7764,,thomas.thompson33@aol.com,4059 Hill Rd,,Greenville,LA,61160,2026-05-07
VC003182,Allen,Mary,H,12/10/1984,1838,(986) 824-1848,,,6333 Forest Ave,Apt 314,Salem,KY,59406-6919,2026-06-01
VC003183,Williams,Christopher,U,1991-03-08,2533,3126712088,+16932994237,christopher.williams74@hotmail.com,5684 Jefferson Dr,,Richmond,HI,37531,2026-05-13
VC003184,Jones,John,C,21-Oct-1995,6786,927-833-1005,387.419.4253,,1111 Sunset Blvd,,Greenville,GA,63150,2026-06-04
VC003185,Thomas,Mark,,02-01-1990,2596,+17273514755,(984) 396-3391,,9087 Maple Dr,,Marion,SD,79899-1799,2026-05-24
VC003186,Wright,Jessica,B,08/04/2004,1375,326.234.1170,2526275990,jessica.wright13@aol.com,4954 Hill Rd,,Marion,NV,61947,2026-05-21
VC003187,Williams,Richard,C,1983-08-02,3402,(575) 634-6042,,richard.williams65@hotmail.com,6961 Cedar Ln,Apt 487,Manchester,NM,20655,2026-05-22
VC003188,Harris,William,R,08-Jun-1963,9859,5664966823,,william.harris41@icloud.com,706 Lincoln Ave,,Marion,MA,52349-1479,2026-05-16
VC003189,Wright,Michael,,10-13-1973,4863,396-539-8368,468.929.2324,,177 Main St,Apt 775,Richmond,WY,96985,2026-05-19
VC003190,Garcia,Richard,,03/14/1993,3781,+19519028050,(246) 548-7794,,3440 Valley Ln,Apt 397,Franklin,WA,84907,2026-05-11
VC003191,Nelson,Charles,,1979-08-19,7829,455.900.7310,,charles.nelson7@hotmail.com,2069 Cedar Ln,,Clinton,TX,11809-5166,2026-06-04
VC003192,White,Barbara,B,19-Nov-1993,2321,(867) 844-3261,418-893-3692,,3573 Jefferson Dr,Apt 679,Madison,AR,13244,2026-05-13
VC003193,Wright,Mary,,09-21-2001,1572,3748849892,+17572494396,mary.wright40@icloud.com,1668 River Dr,Apt 285,Madison,MA,76064,2026-05-23
VC003194,Harris,Charles,B,07/12/1965,5869,928-782-1140,845.958.7434,charles.harris32@gmail.com,67 Forest Ave,Apt 411,Fairview,NY,86989-5457,2026-06-04
VC003195,Adams,Jennifer,M,1995-12-26,8791,+19353944100,(908) 732-4789,jennifer.adams32@gmail.com,1753 River Dr,Apt 17,Franklin,AR,99225,2026-06-01
VC003196,Williams,Richard,,10-Apr-1987,2952,759.769.6546,7594402144,richard.williams80@aol.com,7143 Lake Rd,,Oxford,MO,54910,2026-05-11
VC003197,Wilson,Joseph,,01-14-1964,3098,(394) 366-9636,,joseph.wilson68@yahoo.com,9092 Forest Ave,Apt 162,Salem,NV,53093-3896,2026-05-22
VC003198,Johnson,Jessica,P,10/05/1949,3981,9029628045,,jessica.johnson48@hotmail.com,273 Park Blvd,,Franklin,AZ,96634,2026-05-11
VC003199,Wilson,Nancy,A,2001-12-15,1998,837-781-7972,,,9607 Hill Rd,,Marion,WY,30316,2026-05-22
VC003200,Johnson,James,,23-Jun-1994,8207,+19824344055,,james.johnson63@outlook.com,5330 Maple Dr,,Salem,TX,42005-3745,2026-05-11
VC003201,Smith,James,A,03-20-1959,7727,247.380.9117,,,5005 Lincoln Ave,,Richmond,AR,71739,2026-05-18
VC003202,Taylor,Matthew,A,10/26/1965,2996,(700) 524-8861,,matthew.taylor89@icloud.com,5715 Hill Rd,Apt 356,Arlington,WA,45842,2026-06-04
VC003203,Wright,Barbara,B,1999-04-10,4321,3272051604,+15447077380,barbara.wright8@yahoo.com,3016 Valley Ln,,Arlington,VT,22543-7369,2026-05-15
VC003204,Adams,Christopher,,25-Oct-1971,5900,712-206-7599,,christopher.adams37@gmail.com,4728 Washington St,,Fairview,NJ,81542,2026-05-09
VC003205,Hall,Margaret,Y,03-23-1991,7382,+13524871510,(318) 909-7251,margaret.hall46@gmail.com,5557 River Dr,,Dayton,OH,31753,2026-05-26
VC003206,Adams,Mary,,05/02/1994,2351,971.397.5195,,,3771 Main St,,Greenville,CA,33724-9643,2026-05-20
VC003207,Wright,Margaret,,1976-03-24,2976,(885) 783-9913,467-298-1161,margaret.wright85@icloud.com,4195 Maple Dr,Apt 285,Dayton,LA,99561,2026-05-12
VC003208,White,William,,10-Jan-1951,6790,2346653472,+18739269748,william.white47@hotmail.com,8519 Cedar Ln,Apt 993,Franklin,WI,11285,2026-05-22
VC003209,Martin,John,,08-24-2003,7609,600-661-6712,368.417.4961,john.martin81@hotmail.com,339 Cedar Ln,Apt 577,Dayton,KY,38861-5695,2026-05-27
VC003210,Miller,Charles,I,07/27/2003,1152,+18935722651,(335) 398-8852,charles.miller13@hotmail.com,8308 Park Blvd,,Marion,VT,75520,2026-05-27
VC003211,Thomas,David,,1980-06-30,6718,393.768.9413,,david.thomas94@icloud.com,4721 Lincoln Ave,,Clinton,OR,95886,2026-05-07
VC003212,Williams,Jennifer,I,01-Mar-1982,5119,(988) 737-8826,,jennifer.williams37@outlook.com,6705 Lake Rd,,Manchester,VT,97730-1023,2026-05-07
VC003213,Baker,William,V,04-23-1968,2368,4325185642,,william.baker53@yahoo.com,3291 River Dr,,Oxford,ID,75961,2026-05-15
VC003214,White,Daniel,,01/09/1979,7672,972-736-4135,,,2604 Oak Ave,,Georgetown,MD,85332,2026-06-01
VC003215,Jones,Margaret,R,2001-07-04,5404,+13843642094,,margaret.jones45@yahoo.com,1861 Jefferson Dr,,Dayton,WY,80044-3062,2026-05-30
VC003216,King,Thomas,,28-Sep-1970,6634,864.556.1986,6838195000,thomas.king17@hotmail.com,9624 Park Blvd,,Salem,GA,24112,2026-05-21
VC003217,Baker,Robert,,10-25-1975,2709,(934) 466-6231,,robert.baker73@aol.com,300 Lake Rd,,Greenville,NM,91177,2026-05-18
VC003218,Walker,Ashley,H,01/05/1990,1542,5943123809,+18826839356,ashley.walker93@aol.com,7738 River Dr,,Clinton,FL,12038-3147,2026-05-23
VC003219,Williams,Sandra,D,2001-03-03,8572,323-302-1739,901.571.5979,sandra.williams75@icloud.com,7158 Jefferson Dr,Apt 90,Richmond,WV,19513,2026-05-30
VC003220,Miller,Daniel,,27-Sep-2001,3754,+17622201934,(610) 393-1731,,3594 River Dr,Apt 523,Clinton,NE,12744,2026-05-21
VC003221,Taylor,Mark,,06-01-1993,2615,622.706.9424,,mark.taylor23@icloud.com,4801 Sunset Blvd,,Greenville,AK,38182-1985,2026-05-29
VC003222,Thomas,Susan,N,06/18/1973,8924,(645) 391-3015,487-329-1778,susan.thomas44@hotmail.com,6947 Hill Rd,,Dayton,IN,36678,2026-06-01
VC003223,Taylor,Charles,U,2002-09-17,6047,2913116642,+12697389061,charles.taylor97@icloud.com,2339 Park Blvd,,Burlington,IN,62162,2026-05-25
VC003224,Allen,Christopher,F,25-Apr-2001,9479,977-641-1345,746.588.7860,,8846 Lincoln Ave,,Manchester,FL,42653-8131,2026-05-16
VC003225,Walker,Daniel,Z,02-07-1998,9806,+13209602047,(855) 697-1458,daniel.walker36@outlook.com,341 River Dr,,Burlington,MI,11260,2026-05-28
VC003226,White,Sandra,G,07/29/1987,1336,837.521.5428,7955637514,sandra.white69@icloud.com,7002 Forest Ave,Apt 734,Franklin,MT,12450,2026-05-25
VC003227,Scott,James,C,1971-11-19,5179,(538) 929-6494,,james.scott63@aol.com,2034 Park Blvd,,Manchester,ID,87845-8419,2026-05-16
VC003228,Garcia,Thomas,R,10-Nov-1970,9950,6094631437,,thomas.garcia19@icloud.com,7647 Jefferson Dr,,Arlington,NE,56502,2026-05-27
VC003229,Torres,James,M,04-07-1985,7818,489-874-7545,,james.torres39@aol.com,3242 Lincoln Ave,,Georgetown,NJ,59530,2026-05-24
VC003230,Nguyen,Michael,W,07/14/1975,1159,+14648835210,,,3598 River Dr,,Arlington,IN,20995-2232,2026-05-10
VC003231,Harris,Lisa,I,2000-08-10,1555,367.245.4570,4084737372,,7392 River Dr,Apt 152,Fairview,MT,70398,2026-05-15
VC003232,Jones,Christopher,,16-Apr-1965,1406,(304) 518-5775,223-754-8590,christopher.jones57@outlook.com,160 Washington St,Apt 361,Burlington,MO,56333,2026-05-11
VC003233,Wilson,Sarah,,05-15-1978,4002,2779717538,,,3558 Maple Dr,,Georgetown,NE,13428-9302,2026-06-03
VC003234,Torres,Christopher,Y,11/28/1962,4312,611-333-7305,606.390.2279,,3561 Maple Dr,,Salem,MT,33501,2026-05-27
VC003235,Taylor,Karen,Q,1990-03-17,4109,+13472769232,(803) 296-3317,,5885 Main St,,Georgetown,MO,16840,2026-05-12
VC003236,Scott,Linda,,22-Nov-1951,9561,823.472.5546,5376611416,linda.scott23@gmail.com,1497 Washington St,,Fairview,WA,18345-1059,2026-05-08
VC003237,Thompson,Sandra,U,11-16-1984,3324,(463) 966-1651,,,7070 Main St,,Burlington,WI,30001,2026-05-28
VC003238,Nguyen,Daniel,,11/19/1992,3358,3212488449,+18273018640,,9604 Maple Dr,Apt 56,Fairview,NM,29232,2026-05-16
VC003239,Scott,Christopher,K,1989-07-27,8847,413-292-6614,,,7963 Maple Dr,,Madison,CO,15032-6162,2026-05-24
VC003240,Hill,Charles,H,04-Oct-1988,2396,+18316677805,(206) 795-5068,charles.hill22@icloud.com,9136 Oak Ave,,Franklin,RI,92138,2026-05-12
VC003241,Johnson,Patricia,,10-15-1952,4401,682.985.1871,9492236131,patricia.johnson30@icloud.com,114 Hill Rd,Apt 529,Burlington,PA,50919,2026-05-08
VC003242,Davis,David,G,03/19/1951,6019,(866) 710-1854,,,1035 River Dr,,Madison,MO,56840-2012,2026-06-01
VC003243,White,Charles,,1947-01-05,6725,6193866923,+17924701809,charles.white76@yahoo.com,5556 Maple Dr,,Georgetown,NJ,65185,2026-05-20
VC003244,Nelson,Barbara,,01-Jun-1992,4441,958-824-3873,,barbara.nelson55@hotmail.com,7356 Cedar Ln,,Springfield,MI,55111,2026-05-15
VC003245,Thomas,John,,01-02-1957,7639,+13818313306,,john.thomas55@hotmail.com,7457 Sunset Blvd,Apt 189,Marion,DE,92604-9820,2026-05-25
VC003246,Allen,William,O,11/04/2003,7297,460.453.3644,,william.allen88@yahoo.com,203 Oak Ave,Apt 87,Manchester,CO,94462,2026-05-24
VC003247,Scott,James,S,1947-11-02,3820,(835) 644-2626,883-836-5192,james.scott17@outlook.com,8027 Forest Ave,,Dayton,AK,14445,2026-05-06
VC003248,Torres,David,U,23-Jan-1946,1649,8308265369,+16697948713,david.torres66@gmail.com,2389 Jefferson Dr,,Arlington,VT,60676-7665,2026-05-27
VC003249,Nguyen,Robert,I,12-02-1982,7394,556-452-9950,,robert.nguyen78@yahoo.com,4215 Oak Ave,Apt 681,Marion,NH,53299,2026-06-02
VC003250,Thomas,Michael,Y,10/22/1967,5289,+19214046539,,michael.thomas10@gmail.com,7757 Valley Ln,Apt 771,Manchester,MT,22013,2026-05-05
VC003251,Hill,Jessica,B,1988-09-30,9095,817.940.6138,,jessica.hill14@hotmail.com,2719 Forest Ave,,Arlington,ME,68501-2475,2026-05-17
VC003252,Johnson,David,A,22-Jun-1976,8594,(696) 309-6514,257-966-3102,david.johnson4@icloud.com,7883 Lincoln Ave,,Richmond,PA,93916,2026-06-04
VC003253,Harris,Matthew,E,11-30-1992,7801,5613363274,,,5878 Jefferson Dr,,Springfield,LA,64097,2026-06-01
VC003254,Taylor,Anthony,G,10/19/2004,3048,527-290-7266,,anthony.taylor15@outlook.com,606 River Dr,,Fairview,CT,56716-9102,2026-06-03
VC003255,Torres,James,N,1947-02-03,5478,+12102105947,(805) 344-8742,,6704 Cedar Ln,Apt 134,Clinton,VT,71212,2026-05-07
VC003256,White,Mark,I,25-Feb-1946,2248,299.983.5731,9093834838,mark.white21@hotmail.com,5071 Hill Rd,Apt 778,Burlington,OK,93757,2026-05-06
VC003257,Martin,Lisa,,01-02-1941,3953,(229) 689-3229,,lisa.martin55@outlook.com,1983 Forest Ave,Apt 497,Dayton,IA,48500-6283,2026-05-12
VC003258,Anderson,Margaret,,08/07/1997,9220,7196733103,+17952839062,margaret.anderson6@outlook.com,8874 Washington St,,Fairview,CA,23280,2026-05-14
VC003259,Torres,Mark,,1993-06-23,8443,952-699-7157,,,4684 Main St,Apt 544,Arlington,WY,80432,2026-05-14
VC003260,Williams,Jennifer,,18-Sep-1958,4375,+19175744050,,jennifer.williams52@yahoo.com,5914 Forest Ave,,Greenville,WI,12174-1742,2026-05-19
VC003261,Miller,Patricia,X,09-27-1960,2366,909.249.9461,4874659789,patricia.miller64@outlook.com,3166 Maple Dr,Apt 650,Richmond,MI,92655,2026-05-11
VC003262,Jones,Daniel,B,05/24/1992,8501,(554) 688-5982,732-435-3173,daniel.jones18@aol.com,3514 Forest Ave,,Madison,MT,60608,2026-06-03
VC003263,Wilson,William,T,1940-03-19,8778,7762199083,+16158487316,william.wilson30@icloud.com,6719 Washington St,Apt 857,Madison,KS,34740-1499,2026-05-17
VC003264,Jackson,Daniel,,17-Dec-1966,7889,825-827-2930,,daniel.jackson82@hotmail.com,1934 Sunset Blvd,,Burlington,ID,85020,2026-05-06
VC003265,Davis,Robert,R,10-29-1943,7272,+17038379471,(771) 673-8940,,1324 Hill Rd,Apt 80,Franklin,TN,12030,2026-05-23
VC003266,Davis,Susan,O,04/26/1976,6908,924.608.3475,,susan.davis74@yahoo.com,8726 Washington St,,Georgetown,HI,10487-5664,2026-05-27
VC003267,Hall,Michael,,1979-11-02,2012,(654) 845-2303,,michael.hall30@hotmail.com,6345 Forest Ave,,Marion,AZ,43774,2026-05-29
VC003268,Johnson,Mark,A,11-Jan-1996,2841,9578168039,,mark.johnson78@yahoo.com,2879 Sunset Blvd,Apt 869,Arlington,NV,82425,2026-05-22
VC003269,Hall,John,,03-29-1994,1866,822-885-7577,,,1228 Hill Rd,Apt 637,Franklin,CO,52119-3955,2026-05-20
VC003270,Williams,Mary,X,11/22/1999,2749,+19136816429,,mary.williams68@gmail.com,1297 Oak Ave,Apt 175,Marion,DE,32365,2026-05-05
VC003271,Smith,Jennifer,J,1999-09-05,8420,716.573.3766,,jennifer.smith65@icloud.com,3842 Cedar Ln,,Manchester,OR,78438,2026-05-21
VC003272,Hill,Betty,,29-Jan-1965,9428,(640) 461-7747,474-412-7050,,1932 Park Blvd,,Clinton,OR,89938-9098,2026-05-20
VC003273,King,Thomas,J,11-24-1960,4641,2813904243,+15646095760,thomas.king49@gmail.com,2327 Washington St,,Marion,AL,73334,2026-05-18
VC003274,King,Robert,,03/26/1993,4269,257-612-6096,,,8459 Lake Rd,,Greenville,WA,55065,2026-06-02
VC003275,Martin,Richard,,1977-11-22,1327,+19455331000,(827) 710-3729,,5550 Oak Ave,,Marion,WA,76215-5595,2026-05-31
VC003276,King,William,,18-Feb-1952,3829,328.726.9799,,william.king22@yahoo.com,1293 Lake Rd,Apt 148,Salem,UT,34447,2026-05-08
VC003277,Brown,Matthew,E,03-04-1955,3637,(809) 625-5793,,matthew.brown9@aol.com,3400 Forest Ave,,Georgetown,RI,48862,2026-05-20
VC003278,Miller,Robert,J,12/17/1957,4655,5949709470,+13156291695,robert.miller41@aol.com,9102 Cedar Ln,Apt 999,Clinton,KY,42651-1277,2026-05-06
VC003279,Davis,Lisa,,1990-12-09,4109,641-705-4898,380.716.6154,lisa.davis23@outlook.com,3379 Sunset Blvd,,Springfield,HI,33035,2026-05-19
VC003280,Wilson,Mary,,22-Sep-1945,2782,+13982766119,(574) 253-7180,mary.wilson63@hotmail.com,3869 Main St,Apt 336,Dayton,CO,71555,2026-05-20
VC003281,Baker,Patricia,G,02-02-1989,3769,532.772.2166,6085768281,patricia.baker49@icloud.com,66 Oak Ave,Apt 843,Clinton,WV,71030-4315,2026-05-17
VC003282,Adams,Sandra,,08/05/1954,5354,(905) 692-1108,,,3511 Cedar Ln,,Clinton,OR,30566,2026-05-26
VC003283,Garcia,Margaret,,1987-10-28,7745,8296246170,+14295653269,,4609 Main St,Apt 713,Greenville,VT,71219,2026-05-21
VC003284,Scott,Patricia,,28-Oct-2001,5301,461-796-5180,,patricia.scott17@yahoo.com,5560 Washington St,Apt 836,Salem,ID,44952-2576,2026-05-20
VC003285,Harris,Daniel,R,09-29-1952,1822,+19064887377,(948) 764-5261,,2398 Valley Ln,,Springfield,MN,20733,2026-05-29
VC003286,White,Margaret,M,10/09/1992,2745,817.921.8290,5913766069,,3290 Oak Ave,,Clinton,IN,69823,2026-06-04
VC003287,Wright,Karen,,1997-05-23,6793,(307) 714-7167,,karen.wright44@yahoo.com,8588 Valley Ln,,Georgetown,NJ,20183-5845,2026-05-20
VC003288,Hall,Sarah,K,29-Jun-1964,2148,4026643137,+13413368423,,3766 Forest Ave,Apt 229,Clinton,NE,15907,2026-05-28
VC003289,Miller,Karen,Q,10-31-1943,1356,280-372-6589,,karen.miller22@outlook.com,8943 River Dr,,Clinton,DE,47605,2026-05-06
VC003290,Thomas,Joseph,,03/26/1964,6314,+12072033917,(370) 402-3442,joseph.thomas11@outlook.com,1930 Main St,,Burlington,DE,88449-2632,2026-05-31
VC003291,Jones,Christopher,Y,1989-05-30,2790,772.566.5891,8619544151,,5225 Oak Ave,,Madison,ND,18578,2026-05-19
VC003292,Anderson,Thomas,B,29-May-1987,6715,(976) 408-1170,750-907-3229,thomas.anderson88@gmail.com,9976 Hill Rd,Apt 838,Madison,UT,59836,2026-05-28
VC003293,Torres,Ashley,B,01-13-1948,7401,6328287234,,,1900 Valley Ln,Apt 868,Marion,DE,13772-2219,2026-05-18
VC003294,Miller,Michael,I,08/06/1990,8914,572-831-8941,,,9455 Washington St,,Clinton,CT,12841,2026-05-20
VC003295,Harris,Matthew,,1963-11-12,1263,+18249407187,(378) 501-3872,matthew.harris6@aol.com,8586 Jefferson Dr,,Fairview,IL,47692,2026-05-11
VC003296,King,Sandra,O,18-Mar-1949,8375,494.591.8572,,sandra.king32@gmail.com,8846 Park Blvd,,Madison,WV,26314-2404,2026-05-24
VC003297,Smith,Nancy,Q,06-02-1985,7976,(576) 748-3325,,,5507 Lake Rd,Apt 360,Madison,NC,41294,2026-05-09
VC003298,Anderson,David,,05/02/1974,6736,5308763410,,david.anderson23@icloud.com,1647 Valley Ln,Apt 325,Salem,NE,19823,2026-05-25
VC003299,Martin,Matthew,,1940-05-03,2479,787-933-3876,,,4567 Valley Ln,,Madison,CT,82378-5785,2026-05-22
VC003300,Taylor,William,Y,25-Oct-1942,3687,+18788559433,,william.taylor78@yahoo.com,6464 Main St,Apt 169,Georgetown,HI,25501,2026-05-27
VC003301,Walker,Nancy,X,05-05-1985,2268,331.412.4349,,nancy.walker7@hotmail.com,8978 Oak Ave,,Springfield,MT,15315,2026-05-06
VC003302,Johnson,Ashley,L,04/19/1940,9862,(235) 993-4941,,ashley.johnson89@icloud.com,5270 Valley Ln,,Oxford,NE,56564-3257,2026-05-31
VC003303,Williams,Margaret,V,1949-07-28,3301,5977519792,,margaret.williams76@hotmail.com,1212 Valley Ln,,Arlington,CA,26119,2026-05-13
VC003304,Harris,Sarah,N,04-Feb-1956,8470,508-754-9633,,sarah.harris95@hotmail.com,3659 Valley Ln,,Salem,AR,92130,2026-05-09
VC003305,Allen,Patricia,,09-27-1999,6930,+16769565096,(475) 663-9584,patricia.allen38@hotmail.com,757 Lake Rd,,Manchester,DE,89131-3361,2026-05-19
VC003306,White,Jessica,T,12/14/1988,6603,720.987.3560,,jessica.white83@hotmail.com,4333 Sunset Blvd,Apt 932,Fairview,NE,49548,2026-05-21
VC003307,Torres,Karen,L,1995-02-28,7411,(914) 552-1216,656-694-6958,karen.torres60@gmail.com,3002 Valley Ln,,Springfield,OR,96236,2026-05-28
VC003308,Jackson,Nancy,,24-Jan-1997,3192,6933773022,,,2219 Sunset Blvd,,Richmond,TX,10582-3360,2026-05-17
VC003309,Torres,John,J,01-18-1998,5132,372-801-7468,361.692.6438,john.torres1@icloud.com,3881 Maple Dr,,Richmond,WI,16740,2026-05-06
VC003310,Davis,John,O,02/01/1956,3863,+19214503247,,,2969 Jefferson Dr,,Georgetown,ND,12786,2026-06-03
VC003311,Hill,Thomas,X,1978-03-20,7180,502.424.2971,,,7634 Hill Rd,,Clinton,GA,11703-7910,2026-05-12
VC003312,Hill,William,,15-Feb-1977,7441,(708) 489-9050,591-732-7406,,835 Cedar Ln,,Dayton,AK,37865,2026-05-25
VC003313,Young,James,,09-12-1979,4509,7205475459,+17484652921,,9550 Main St,Apt 455,Greenville,SC,74155,2026-06-03
VC003314,Anderson,Mark,,03/26/1999,9294,419-232-8762,,mark.anderson82@hotmail.com,2647 Lincoln Ave,,Franklin,UT,75910-3373,2026-05-29
VC003315,Wilson,Jennifer,,1964-05-20,9425,+13624046642,,,9419 Hill Rd,,Burlington,SD,60015,2026-05-10
VC003316,Jackson,William,O,04-Apr-1952,5918,988.910.6926,8687865628,william.jackson8@icloud.com,2685 Maple Dr,,Burlington,NE,23347,2026-05-31
VC003317,Taylor,Nancy,Z,10-22-1950,2465,(646) 763-5344,,,2956 Hill Rd,,Georgetown,RI,39501-6451,2026-05-13
VC003318,Smith,Betty,P,08/15/1982,1337,9974419335,,betty.smith95@outlook.com,1075 Forest Ave,Apt 395,Salem,OH,18259,2026-05-18
VC003319,Thomas,David,,1958-09-25,9319,617-485-9738,433.813.7101,david.thomas46@aol.com,768 Washington St,,Arlington,MT,49218,2026-06-02
VC003320,Thompson,Robert,P,26-Aug-1988,5963,+15395988155,(256) 880-7044,,5649 Oak Ave,,Marion,IL,67999-4114,2026-05-08
VC003321,Smith,Sandra,M,03-04-1961,9161,854.398.9938,2973153909,sandra.smith93@outlook.com,7782 Jefferson Dr,,Arlington,FL,29784,2026-05-08
VC003322,Jones,Mary,Z,10/04/1967,9036,(785) 897-5910,823-304-8766,mary.jones85@gmail.com,203 Hill Rd,,Salem,GA,17671,2026-05-20
VC003323,Taylor,Lisa,E,1957-11-10,4417,8369927121,,lisa.taylor11@yahoo.com,1400 Forest Ave,,Clinton,OR,88603-3299,2026-05-09
VC003324,Taylor,Christopher,C,29-Sep-1955,6232,668-332-2454,,,1196 Jefferson Dr,Apt 279,Richmond,WV,26175,2026-05-25
VC003325,Hill,Karen,,09-13-1986,2250,+16129127092,(946) 774-5978,,3848 Jefferson Dr,,Clinton,MD,43611,2026-05-07
VC003326,Smith,Barbara,G,05/01/1974,5190,632.850.6693,,barbara.smith76@yahoo.com,8273 Forest Ave,Apt 762,Richmond,AL,52011-8510,2026-05-12
VC003327,Williams,Nancy,V,1957-05-03,7443,(245) 946-7664,675-800-4358,nancy.williams82@aol.com,1535 Lake Rd,Apt 931,Dayton,WY,41229,2026-05-17
VC003328,Harris,Patricia,,25-Aug-2001,6510,2588275659,+15337402615,,1879 Jefferson Dr,Apt 245,Clinton,UT,68059,2026-05-25
VC003329,Scott,Patricia,,01-31-1941,3652,633-881-5158,,,4183 Washington St,,Arlington,NV,84664-9572,2026-05-23
VC003330,White,William,L,12/24/1991,7505,+13947964674,(933) 864-5299,william.white40@outlook.com,2979 Oak Ave,,Oxford,MD,38087,2026-05-05
VC003331,Wright,John,M,1946-04-30,8810,844.244.4513,8972143498,,432 Forest Ave,Apt 931,Manchester,MO,61143,2026-05-14
VC003332,Anderson,Linda,,18-Apr-1998,4113,(688) 464-5056,,linda.anderson30@hotmail.com,3997 Valley Ln,Apt 776,Burlington,MI,13514-1792,2026-05-29
VC003333,Jones,John,Y,01-27-1952,7597,6218572473,,john.jones19@hotmail.com,9787 River Dr,Apt 492,Richmond,ID,41643,2026-05-05
VC003334,Johnson,Mark,,04/16/1968,9736,435-516-9192,709.352.2822,,4208 Park Blvd,Apt 644,Salem,NY,41032,2026-05-10
VC003335,Thompson,Richard,,1953-10-12,3167,+17328303177,(264) 546-6305,,3619 River Dr,Apt 145,Greenville,PA,86728-9182,2026-06-02
VC003336,Davis,Mary,H,08-Aug-1988,7505,784.776.4416,,mary.davis10@aol.com,2063 River Dr,,Burlington,AK,42492,2026-05-05
VC003337,Garcia,Sarah,C,10-05-1943,1302,(919) 680-1868,984-506-1555,,6839 Hill Rd,Apt 974,Burlington,NV,58713,2026-05-22
VC003338,Miller,Michael,,12/02/1990,8454,9223922418,,,576 Jefferson Dr,,Georgetown,NH,20861-5620,2026-05-31
VC003339,Garcia,Lisa,B,1961-05-05,3103,670-283-8202,968.337.1345,lisa.garcia96@icloud.com,2766 Park Blvd,,Madison,GA,27770,2026-05-25
VC003340,Jones,James,D,20-Oct-1995,9638,+14736286214,,james.jones48@yahoo.com,8758 Jefferson Dr,Apt 505,Franklin,MN,37530,2026-05-15
VC003341,Smith,Anthony,T,03-21-1943,9625,342.905.1746,,,9240 River Dr,Apt 170,Springfield,IN,21740-1836,2026-05-06
VC003342,Anderson,Matthew,C,06/07/1950,9556,(840) 442-8916,,matthew.anderson29@yahoo.com,6192 Main St,,Greenville,AR,23171,2026-05-17
VC003343,Thomas,David,,1945-06-24,4546,7173206971,,,4674 Valley Ln,Apt 142,Arlington,NV,25749,2026-06-04
VC003344,Garcia,Barbara,G,18-May-1951,4386,267-528-1321,664.941.1971,barbara.garcia66@gmail.com,7360 Oak Ave,,Clinton,OH,84314-8371,2026-05-24
VC003345,Miller,Charles,A,10-23-1945,1649,+13142057259,(815) 864-7588,charles.miller93@aol.com,7590 River Dr,Apt 788,Oxford,ND,72502,2026-05-25
VC003346,Nguyen,Mark,,01/04/1985,1132,749.914.9733,2746652211,mark.nguyen37@gmail.com,8298 Lake Rd,,Clinton,UT,39064,2026-05-12
VC003347,Jones,Sarah,H,1999-04-20,8590,(666) 250-4297,,,2588 Maple Dr,,Springfield,AZ,94592-6720,2026-05-08
VC003348,Allen,Jennifer,D,23-Aug-2002,2665,3395606101,,jennifer.allen43@hotmail.com,2498 Hill Rd,,Fairview,WY,86687,2026-05-16
VC003349,Allen,David,G,11-26-1973,9184,715-667-1045,272.893.8091,david.allen43@outlook.com,5086 Jefferson Dr,,Greenville,NV,44385,2026-05-16
VC003350,Brown,Karen,,02/08/1991,3662,+16285947731,(447) 769-2504,karen.brown82@icloud.com,2758 Lake Rd,,Oxford,NC,39486-9319,2026-06-02
VC003351,Garcia,James,F,1955-04-23,3890,271.992.7845,,james.garcia1@gmail.com,8601 River Dr,,Dayton,ME,66485,2026-05-15
VC003352,Torres,Nancy,J,31-Aug-1991,2655,(316) 976-4403,963-811-1353,nancy.torres6@gmail.com,4195 Hill Rd,,Madison,IN,39311,2026-05-30
VC003353,Davis,Matthew,Y,10-27-1995,5887,9472658415,,matthew.davis61@gmail.com,326 Cedar Ln,,Clinton,IL,15974-9066,2026-05-07
VC003354,Jackson,Robert,,04/09/1997,7931,694-372-7158,,,3106 Jefferson Dr,,Arlington,DE,17735,2026-05-28
VC003355,Wilson,John,,1997-07-28,4065,+17317967496,,,2212 Hill Rd,Apt 436,Oxford,KS,10975,2026-05-11
VC003356,Martin,Robert,G,05-Apr-2002,1946,487.213.5277,,robert.martin79@gmail.com,1863 Washington St,,Marion,UT,64267-2599,2026-05-31
VC003357,Hall,James,S,12-25-2002,8672,(279) 847-3467,999-653-4340,james.hall47@outlook.com,9126 Main St,Apt 206,Clinton,TN,62632,2026-05-23
VC003358,White,Betty,F,05/03/1958,1621,2613407136,,betty.white80@gmail.com,8172 Park Blvd,,Fairview,GA,59250,2026-05-14
VC003359,Brown,William,,1945-03-03,7325,602-765-7679,,,756 Hill Rd,Apt 540,Oxford,NE,79561-6598,2026-05-06
VC003360,Jackson,Anthony,Z,16-May-1977,9598,+19723106502,(537) 776-4569,anthony.jackson87@aol.com,6417 Lake Rd,,Manchester,NC,59176,2026-06-01
VC003361,Jones,Jennifer,,11-04-1950,7198,876.820.9944,,jennifer.jones80@hotmail.com,9496 Forest Ave,Apt 503,Clinton,IA,84589,2026-05-17
VC003362,King,Richard,,06/17/1977,7755,(558) 948-8650,,richard.king34@gmail.com,696 Washington St,Apt 807,Oxford,IN,13602-9561,2026-05-27
VC003363,Thompson,Matthew,Q,1972-04-27,6492,9703225176,,,6023 Cedar Ln,,Georgetown,RI,16303,2026-05-25
VC003364,Taylor,Anthony,X,10-Oct-1971,2957,880-400-2435,257.988.8158,anthony.taylor77@yahoo.com,1473 Maple Dr,,Franklin,NC,13138,2026-05-27
VC003365,Harris,Linda,X,07-30-1964,8803,+16069046657,,linda.harris27@yahoo.com,3296 Forest Ave,,Greenville,KY,50936-7962,2026-05-17
VC003366,Baker,Joseph,J,04/28/1963,4295,702.666.4567,2512253408,joseph.baker96@hotmail.com,7585 Forest Ave,Apt 285,Springfield,MI,36977,2026-05-28
VC003367,Jackson,Joseph,U,1954-01-18,3602,(949) 730-3008,,joseph.jackson93@icloud.com,6120 Oak Ave,,Oxford,PA,75862,2026-05-30
VC003368,King,Sandra,,09-Jun-1945,6230,3992157573,,sandra.king69@gmail.com,1900 Lake Rd,,Madison,NM,22259-7571,2026-05-07
VC003369,Jones,Mary,,09-25-1950,4678,206-590-1056,894.693.1663,mary.jones88@yahoo.com,9220 Main St,,Richmond,MO,84311,2026-05-24
VC003370,Martin,Nancy,U,01/20/1998,9398,+13592733261,(365) 394-9974,,6203 Jefferson Dr,,Dayton,ND,47287,2026-05-11
VC003371,Thompson,Joseph,J,1971-09-12,3991,872.339.6285,,joseph.thompson57@outlook.com,3107 Washington St,,Greenville,AR,90906-7328,2026-05-24
VC003372,Nguyen,Anthony,V,19-Mar-1957,5258,(879) 440-4873,365-590-1402,anthony.nguyen43@gmail.com,9887 Washington St,,Fairview,OR,81775,2026-05-30
VC003373,Davis,James,,03-31-2002,6056,8229294148,,james.davis71@aol.com,1433 Valley Ln,,Manchester,ID,62450,2026-05-17
VC003374,Harris,Mark,W,08/02/1946,7260,481-444-1689,,mark.harris97@aol.com,444 Lincoln Ave,,Arlington,TX,24619-2487,2026-05-29
VC003375,Wilson,David,O,1991-07-09,5157,+12465668671,(548) 879-9187,david.wilson68@gmail.com,2946 Jefferson Dr,,Georgetown,WI,30110,2026-05-16
VC003376,Williams,Betty,,10-Jul-1988,6094,747.463.4952,4138658193,betty.williams67@gmail.com,8528 Hill Rd,,Arlington,CA,60150,2026-05-22
VC003377,Harris,Ashley,U,02-28-2004,8962,(404) 840-2999,,ashley.harris8@yahoo.com,8517 Cedar Ln,,Dayton,MS,64461-9063,2026-05-15
VC003378,Taylor,Robert,A,04/08/1943,4071,4978835341,,robert.taylor34@outlook.com,6610 Lincoln Ave,,Georgetown,AR,74175,2026-05-20
VC003379,Davis,David,,1983-09-17,1721,856-525-8931,,david.davis83@gmail.com,8984 River Dr,,Madison,CT,84518,2026-05-25
VC003380,Williams,Daniel,,06-May-1964,4853,+13102047715,,daniel.williams8@gmail.com,4064 Hill Rd,Apt 200,Greenville,ID,45874-2702,2026-05-23
VC003381,Thomas,Betty,S,06-30-1974,5380,623.770.6304,2964024509,betty.thomas43@aol.com,6295 Hill Rd,,Georgetown,AK,65862,2026-05-19
VC003382,Thompson,Charles,J,04/30/1998,2114,(392) 613-8543,,,8641 Sunset Blvd,Apt 194,Greenville,NC,95054,2026-05-08
VC003383,Thompson,Nancy,,1950-05-18,1977,3942917957,+16945225630,nancy.thompson70@outlook.com,2927 Sunset Blvd,,Manchester,IA,37961-8635,2026-05-27
VC003384,Wright,Mary,,02-Aug-1989,5439,581-874-1461,,mary.wright29@gmail.com,4600 Sunset Blvd,,Georgetown,WV,20855,2026-05-13
VC003385,Martin,Jennifer,F,11-09-1966,6900,+13366365283,(773) 366-2550,jennifer.martin34@outlook.com,3531 Valley Ln,,Fairview,IL,11454,2026-05-08
VC003386,Taylor,Patricia,Z,11/14/2002,6179,979.437.9635,8886919128,,6300 Forest Ave,,Dayton,DE,32757-3642,2026-05-22
VC003387,Harris,Betty,T,1958-11-18,1439,(687) 652-1905,,betty.harris93@gmail.com,5059 Sunset Blvd,,Dayton,MS,54222,2026-05-31
VC003388,Nguyen,Sandra,R,02-Oct-1997,6947,2259679160,,sandra.nguyen2@aol.com,708 Valley Ln,,Greenville,NJ,77816,2026-05-24
VC003389,Smith,Sandra,,04-18-1946,5089,849-469-3264,931.732.7716,sandra.smith87@hotmail.com,6929 Oak Ave,,Burlington,MI,41134-7227,2026-05-05
VC003390,Johnson,Mark,O,11/09/1988,7497,+15532253163,,,8095 Sunset Blvd,Apt 688,Georgetown,UT,88519,2026-05-21
VC003391,Taylor,Richard,Y,2000-01-05,2206,636.827.5445,3345967535,richard.taylor79@icloud.com,5799 Valley Ln,,Franklin,MN,24870,2026-05-10
VC003392,Adams,William,C,02-Aug-1958,5772,(474) 465-7750,711-272-6689,william.adams27@hotmail.com,1311 River Dr,Apt 416,Oxford,WY,27669-2302,2026-05-10
VC003393,Williams,Michael,,08-12-1995,8753,3478965057,,,300 Lincoln Ave,,Fairview,AZ,30896,2026-05-26
VC003394,Taylor,Robert,,04/26/1974,4057,670-465-1421,,robert.taylor42@icloud.com,7129 Lincoln Ave,Apt 713,Franklin,NE,75600,2026-05-06
VC003395,Jones,Robert,Z,1977-10-15,4565,+13779913575,,robert.jones45@yahoo.com,4789 Main St,,Dayton,TN,44946-8609,2026-05-14
VC003396,Martin,Matthew,Z,09-Sep-2003,3281,377.320.3742,,,7199 Lake Rd,Apt 402,Dayton,AZ,85256,2026-05-17
VC003397,Allen,Joseph,Q,10-11-1980,6369,(753) 236-6786,,,2594 Maple Dr,Apt 402,Madison,TX,27410,2026-05-24
VC003398,Hall,Betty,J,09/16/1942,4379,5158255299,,betty.hall69@outlook.com,2812 River Dr,,Oxford,ME,30674-6528,2026-05-12
VC003399,Jones,Mary,K,1976-03-25,1333,298-940-4288,,,5020 Lincoln Ave,Apt 456,Dayton,PA,18302,2026-05-24
VC003400,Thomas,Daniel,V,22-Aug-1961,1374,+17594033307,,daniel.thomas88@gmail.com,7228 Hill Rd,Apt 166,Georgetown,NE,44416,2026-05-06
VC003401,Adams,John,,09-24-1940,7574,535.707.4128,,,8888 Lake Rd,,Burlington,KS,64934-9343,2026-05-05
VC003402,Hall,David,G,07/03/1963,5300,(869) 669-6032,,david.hall35@yahoo.com,6955 Oak Ave,,Springfield,AL,90137,2026-05-24
VC003403,Brown,Mark,L,1946-01-02,8364,5292839670,+17969745967,mark.brown19@aol.com,8044 Forest Ave,,Oxford,WA,44866,2026-05-05
VC003404,Thompson,Margaret,Y,11-Aug-1986,7760,884-453-2053,946.347.4009,margaret.thompson10@outlook.com,7979 Washington St,,Oxford,AK,59910-9337,2026-05-10
VC003405,Taylor,Karen,,04-04-1969,7722,+15003948995,,karen.taylor96@outlook.com,2073 River Dr,Apt 193,Franklin,WY,40647,2026-05-12
VC003406,Hall,Richard,,01/27/1977,8517,901.211.1539,,richard.hall6@hotmail.com,4772 Valley Ln,,Fairview,IN,34215,2026-05-15
VC003407,Adams,James,O,1942-10-31,9367,(278) 719-5094,426-560-4397,,7284 River Dr,Apt 442,Richmond,SC,18825-1388,2026-05-15
VC003408,White,Mary,,18-Feb-1991,7975,9224321422,,mary.white38@yahoo.com,5657 Park Blvd,Apt 744,Springfield,WI,62960,2026-05-22
VC003409,Allen,Richard,,09-05-1955,9537,791-724-1458,,richard.allen69@outlook.com,3096 Maple Dr,,Fairview,MI,34183,2026-06-02
VC003410,Nguyen,Charles,,02/15/1980,6771,+18835953365,(374) 610-5892,charles.nguyen53@yahoo.com,7430 Cedar Ln,,Marion,MT,99406-5043,2026-05-29
VC003411,Williams,Matthew,,1995-02-09,9627,900.438.4136,4862446891,matthew.williams8@hotmail.com,9966 Main St,,Burlington,MI,38632,2026-05-19
VC003412,Williams,Michael,Z,29-Jun-1984,4468,(702) 368-1968,921-435-3627,michael.williams89@aol.com,6307 Maple Dr,,Greenville,NH,58911,2026-05-07
VC003413,Thomas,Sarah,,06-28-1961,2595,6036709740,+19237115690,sarah.thomas26@outlook.com,349 Oak Ave,,Burlington,FL,52425-6298,2026-05-19
VC003414,Allen,Matthew,D,08/04/1991,1021,783-911-2021,878.686.1966,matthew.allen93@yahoo.com,456 Washington St,Apt 708,Oxford,OH,75126,2026-05-28
VC003415,White,Susan,,1987-01-02,2498,+15668467223,,susan.white72@aol.com,4500 Washington St,,Georgetown,RI,98384,2026-06-03
VC003416,Jones,Ashley,,30-Aug-2002,8275,446.909.1278,,ashley.jones63@hotmail.com,7360 Forest Ave,,Dayton,AR,80105-4013,2026-05-16
VC003417,Hill,Robert,D,03-19-1997,7257,(719) 292-1127,512-353-5401,,3891 Cedar Ln,Apt 594,Dayton,VT,87314,2026-05-25
VC003418,Brown,Susan,,07/10/1987,3194,8712538519,,susan.brown38@icloud.com,397 Cedar Ln,,Fairview,TN,90080,2026-05-30
VC003419,Anderson,Lisa,Q,1969-02-11,2755,363-410-3994,,,160 Valley Ln,,Springfield,OH,53687-8570,2026-06-01
VC003420,Hill,Ashley,B,16-Oct-1985,6444,+15996203585,(685) 829-8513,ashley.hill25@aol.com,1927 Park Blvd,,Marion,OH,38183,2026-05-15
VC003421,Allen,Karen,,03-25-1948,1059,761.726.9503,9276394270,karen.allen1@icloud.com,6285 Lincoln Ave,Apt 904,Springfield,ND,18990,2026-05-29
VC003422,Young,Christopher,,03/19/1970,1280,(437) 574-7479,,christopher.young30@yahoo.com,2735 Lincoln Ave,,Dayton,TN,58748-3394,2026-05-29
VC003423,Adams,Anthony,,1956-06-04,9478,7604015419,,anthony.adams35@gmail.com,4477 Park Blvd,Apt 770,Fairview,LA,18051,2026-05-06
VC003424,Young,Linda,I,27-Sep-1943,2992,533-469-5491,,linda.young60@yahoo.com,5971 Oak Ave,,Salem,ID,33207,2026-05-07
VC003425,Jones,Mary,,05-05-1994,6105,+15406381108,,mary.jones28@icloud.com,8188 Forest Ave,,Salem,WY,80639-1748,2026-06-04
VC003426,White,John,M,01/22/1960,8319,341.988.5005,,john.white2@hotmail.com,5448 Park Blvd,,Franklin,AK,69398,2026-06-03
VC003427,Baker,Jessica,,2002-06-27,4633,(317) 500-6672,583-690-9131,,7709 Oak Ave,Apt 532,Oxford,MT,84196,2026-05-06
VC003428,Torres,Joseph,B,12-Aug-1946,8045,5389391780,+15994622194,,9846 River Dr,,Manchester,WV,10647-2691,2026-05-21
VC003429,Brown,Richard,S,08-14-1961,4055,750-482-6546,,,9190 Main St,,Georgetown,HI,62342,2026-05-12
VC003430,Wilson,Patricia,U,01/08/2000,3207,+12554665167,(596) 232-3213,patricia.wilson39@yahoo.com,5733 Jefferson Dr,Apt 964,Dayton,NH,59386,2026-05-12
VC003431,Scott,Patricia,T,2000-10-26,9490,663.564.3911,,,5824 Forest Ave,Apt 173,Burlington,MD,48950-8453,2026-05-05
VC003432,Brown,William,C,09-May-2001,8262,(486) 617-7145,365-593-6976,william.brown31@outlook.com,7222 Hill Rd,,Georgetown,NE,36997,2026-05-22
VC003433,Adams,Margaret,J,07-01-2001,6434,7335066169,,,9097 Hill Rd,,Springfield,IN,85680,2026-05-25
VC003434,Brown,Matthew,,03/25/1948,2792,288-592-6084,,,2929 Hill Rd,,Dayton,DE,79189-1177,2026-05-15
VC003435,Jones,Nancy,I,1996-02-19,9859,+12897355289,(669) 743-7931,,7519 Lincoln Ave,,Manchester,NY,97555,2026-05-19
VC003436,Miller,Joseph,,22-Oct-1972,6838,299.200.9699,,joseph.miller48@yahoo.com,5595 Hill Rd,Apt 205,Fairview,SD,70298,2026-05-12
VC003437,Nguyen,Nancy,D,04-24-1990,3144,(639) 823-9714,,nancy.nguyen28@outlook.com,2709 Cedar Ln,Apt 534,Salem,MO,21193-4840,2026-05-21
VC003438,Walker,Jessica,,12/05/1996,6734,6027355089,,jessica.walker61@outlook.com,4890 Lincoln Ave,Apt 142,Burlington,MN,53700,2026-05-28
VC003439,Adams,Linda,,1948-09-20,3409,661-225-9730,,linda.adams41@gmail.com,8717 Lincoln Ave,Apt 419,Clinton,OH,20195,2026-05-23
VC003440,Miller,Thomas,G,04-Feb-1941,8167,+15387113230,,thomas.miller61@yahoo.com,109 Jefferson Dr,Apt 47,Greenville,NY,81348-5390,2026-05-20
VC003441,Thomas,Sarah,E,08-01-1951,7428,489.288.1167,9574777102,,1105 Main St,,Springfield,ID,12896,2026-05-21
VC003442,Hill,Karen,L,05/28/1959,3949,(395) 918-5430,969-316-2267,karen.hill60@hotmail.com,589 Forest Ave,,Dayton,SD,91928,2026-06-01
VC003443,White,Margaret,R,1982-10-22,6210,9714237453,+17729592303,margaret.white46@outlook.com,8051 Washington St,,Georgetown,SD,89188-5241,2026-05-10
VC003444,Adams,Matthew,P,17-Dec-1960,7222,371-675-7533,844.285.5296,,7803 Park Blvd,,Salem,WV,79798,2026-05-05
VC003445,Wilson,Lisa,Q,11-20-1969,6022,+18947397729,(787) 234-9461,lisa.wilson24@yahoo.com,7719 Oak Ave,,Richmond,KY,28726,2026-05-09
VC003446,Thomas,William,D,05/16/1990,3054,770.349.5824,,,8079 Hill Rd,Apt 146,Fairview,MA,65620-3470,2026-05-10
VC003447,Anderson,Sarah,L,1997-02-15,1489,(543) 483-6765,,sarah.anderson16@yahoo.com,5629 Sunset Blvd,,Salem,RI,69870,2026-05-22
VC003448,Wilson,Thomas,L,20-May-1951,3024,5378274767,+15653664151,thomas.wilson53@gmail.com,4722 Sunset Blvd,Apt 761,Greenville,KS,29585,2026-05-07
VC003449,King,Sarah,P,02-19-1952,6253,455-295-9427,874.312.5286,,7584 Jefferson Dr,,Fairview,FL,67305-1119,2026-05-30
VC003450,Jones,Joseph,,11/08/1983,4850,+19487708941,(762) 729-4072,joseph.jones60@icloud.com,6846 Sunset Blvd,,Georgetown,TN,89459,2026-05-10
VC003451,Harris,Charles,M,1985-11-21,5174,307.932.9095,,charles.harris66@gmail.com,374 Jefferson Dr,Apt 675,Georgetown,WV,32544,2026-05-07
VC003452,Thomas,Betty,C,07-Apr-1999,1011,(242) 769-7242,,betty.thomas49@hotmail.com,9362 Maple Dr,Apt 198,Dayton,FL,70040-4028,2026-05-12
VC003453,Wilson,Mary,Z,10-26-1958,7401,5345866202,,mary.wilson44@hotmail.com,7113 River Dr,,Fairview,VT,60524,2026-05-07
VC003454,Wright,Karen,,11/21/1967,3089,350-302-3109,,karen.wright20@outlook.com,5075 Lake Rd,,Oxford,NE,16709,2026-05-12
VC003455,Anderson,Jessica,,1995-09-28,9075,+19736171115,(293) 921-4036,jessica.anderson46@icloud.com,3703 Lake Rd,,Clinton,MO,26050-7667,2026-05-10
VC003456,Thomas,Nancy,V,03-Oct-1951,8358,316.214.8502,,nancy.thomas33@yahoo.com,992 Oak Ave,,Madison,WA,24523,2026-05-30
VC003457,Anderson,Patricia,,05-09-1955,1668,(972) 373-8082,,,7249 Cedar Ln,Apt 530,Manchester,AK,32365,2026-05-07
VC003458,Wilson,Linda,O,08/13/1977,5503,9894832446,,linda.wilson39@aol.com,3195 Lake Rd,Apt 519,Greenville,PA,67065-4957,2026-05-20
VC003459,Jackson,Sarah,,1966-05-31,7475,285-504-7234,,,1588 Maple Dr,,Dayton,WV,48159,2026-05-23
VC003460,Hill,Jennifer,,26-Mar-1959,2437,+19257822125,,,4870 Valley Ln,,Clinton,NJ,40825,2026-05-13
VC003461,Johnson,Mark,,09-18-1957,7683,817.892.4733,4749125766,mark.johnson18@icloud.com,4413 Maple Dr,,Georgetown,OK,21244-6579,2026-05-28
VC003462,Nelson,Lisa,,09/03/1944,3318,(652) 844-1099,,lisa.nelson42@yahoo.com,1059 Jefferson Dr,,Salem,CA,35226,2026-05-11
VC003463,Taylor,Nancy,,1988-10-26,8572,5526305342,,,4804 Forest Ave,Apt 730,Springfield,GA,77529,2026-06-04
VC003464,Torres,Linda,P,24-Aug-1989,5100,467-596-7518,,,6535 Main St,,Madison,VT,58284-7748,2026-05-30
VC003465,Adams,Mary,,05-30-1940,8927,+12336732161,,mary.adams26@gmail.com,7049 Valley Ln,Apt 422,Georgetown,UT,11927,2026-05-15
VC003466,Baker,Nancy,J,03/01/1971,6164,210.648.7993,,nancy.baker59@hotmail.com,2327 Lincoln Ave,,Salem,SC,89948,2026-05-08
VC003467,Williams,Jessica,,1964-01-04,6568,(289) 765-8317,774-468-6566,,6795 Washington St,Apt 828,Salem,IL,55235-6507,2026-06-04
VC003468,Thomas,Daniel,,29-Jun-2004,3064,9944025940,,daniel.thomas84@outlook.com,1381 Main St,,Marion,MI,61117,2026-05-11
VC003469,Harris,William,H,10-24-1974,2867,481-484-7106,,william.harris29@aol.com,7456 Maple Dr,Apt 525,Richmond,OK,30751,2026-05-12
VC003470,Scott,Christopher,,04/27/1963,5365,+17647692858,,,3489 Park Blvd,,Richmond,ME,76095-1856,2026-06-03
VC003471,Garcia,Barbara,,1971-09-25,9530,629.887.3935,7189236525,,139 Washington St,,Greenville,NJ,58502,2026-05-21
VC003472,Nguyen,David,Y,02-Sep-2004,7960,(781) 549-1023,,david.nguyen71@outlook.com,7882 Cedar Ln,Apt 308,Greenville,CT,50152,2026-05-15
VC003473,Thompson,Patricia,X,02-07-1995,3991,6222871364,,patricia.thompson94@aol.com,7731 Valley Ln,,Franklin,OH,32345-6234,2026-05-06
VC003474,Johnson,Linda,,03/30/1972,2291,581-591-8669,,linda.johnson37@gmail.com,7400 Jefferson Dr,,Richmond,CT,34176,2026-05-24
VC003475,Torres,Sarah,,1984-04-13,1609,+15955567817,,sarah.torres13@hotmail.com,6843 Sunset Blvd,,Fairview,NH,15823,2026-05-05
VC003476,Johnson,Barbara,X,18-Jun-1949,8761,647.267.9160,,barbara.johnson63@yahoo.com,5094 Lake Rd,Apt 35,Salem,WI,44303-6550,2026-05-12
VC003477,Nelson,Matthew,,11-26-1986,2160,(497) 824-5529,693-343-8489,,2888 Main St,,Richmond,GA,68338,2026-05-13
VC003478,Taylor,Lisa,Y,11/08/1981,4492,6652439125,+15507742037,lisa.taylor21@gmail.com,3595 Main St,Apt 334,Dayton,IA,40182,2026-06-01
VC003479,Young,Betty,,1987-01-03,6496,764-562-7163,951.939.8132,,1293 Main St,,Salem,VT,91923-2485,2026-05-25
VC003480,Jackson,Jessica,L,01-Oct-1958,2170,+12694088480,(351) 937-9074,jessica.jackson3@aol.com,4617 Oak Ave,,Richmond,HI,81451,2026-05-07
VC003481,Scott,Daniel,,10-27-1980,6022,978.296.6190,,daniel.scott1@outlook.com,3480 Oak Ave,Apt 582,Franklin,ID,47865,2026-05-13
VC003482,Torres,Charles,S,10/21/1980,3569,(436) 679-6991,,charles.torres94@aol.com,1818 Main St,Apt 556,Marion,NY,92435-5586,2026-06-01
VC003483,Martin,Jennifer,H,2001-07-03,4389,8447866058,+14199871572,,4271 River Dr,,Manchester,TX,44672,2026-05-29
VC003484,Hill,Robert,,31-Jan-1990,8822,245-622-1501,,robert.hill58@hotmail.com,4968 Valley Ln,Apt 743,Dayton,ID,59096,2026-05-22
VC003485,Jackson,Mary,,05-04-1964,9848,+17966063555,,,1456 Lake Rd,Apt 922,Oxford,TN,93936-8376,2026-05-28
VC003486,Miller,Nancy,,11/02/1967,8505,849.870.2688,6479927650,nancy.miller25@aol.com,4497 Hill Rd,,Dayton,IN,72562,2026-05-06
VC003487,Williams,Patricia,,1943-07-12,2959,(363) 670-5355,885-824-6619,patricia.williams27@yahoo.com,4339 Valley Ln,,Salem,SD,58692,2026-06-04
VC003488,Nguyen,Linda,A,11-Nov-1967,7902,9153359688,+17699999828,linda.nguyen39@gmail.com,2457 Lake Rd,Apt 836,Clinton,NV,26888-8067,2026-05-21
VC003489,Anderson,Betty,,05-28-1961,2722,975-709-4562,401.393.9173,,1153 Oak Ave,,Madison,RI,36980,2026-05-20
VC003490,Hill,Anthony,,07/02/1947,3198,+17216163022,,anthony.hill21@outlook.com,8373 River Dr,,Madison,VT,69526,2026-05-28
VC003491,Nelson,Margaret,E,1958-08-21,5068,359.825.6311,8428633195,,4239 River Dr,Apt 316,Richmond,IN,72501-2239,2026-05-07
VC003492,Davis,Barbara,,18-Jan-1982,3405,(994) 670-5000,,barbara.davis2@aol.com,1253 Sunset Blvd,,Greenville,NC,15971,2026-05-22
VC003493,Harris,Jessica,J,05-03-2004,2179,6658681827,+15828314971,jessica.harris66@hotmail.com,6631 Jefferson Dr,,Manchester,FL,58946,2026-05-15
VC003494,Brown,Karen,,01/27/1947,2687,341-338-3752,,karen.brown60@outlook.com,1419 Park Blvd,,Manchester,NJ,98224-9834,2026-05-05
VC003495,Thomas,Matthew,E,1977-06-30,4350,+17912536555,(914) 292-2740,matthew.thomas11@yahoo.com,2586 Lincoln Ave,,Salem,ME,24738,2026-06-02
VC003496,Scott,Daniel,F,13-Mar-1971,3011,200.349.2251,4457682694,daniel.scott57@outlook.com,9711 Maple Dr,,Marion,IA,93529,2026-05-08
VC003497,Baker,Michael,P,07-03-2001,5157,(665) 676-2401,,michael.baker67@gmail.com,929 Valley Ln,,Franklin,HI,17584-5188,2026-05-11
VC003498,Smith,Anthony,,12/10/1962,2476,4117488963,,anthony.smith53@hotmail.com,4307 Hill Rd,,Springfield,OH,93448,2026-06-04
VC003499,Hill,Anthony,B,1951-07-07,2171,475-474-5178,,,4148 Park Blvd,,Arlington,IL,23541,2026-05-13
VC003500,Wright,Sarah,,09-Jun-1988,1563,+13926461290,(445) 386-5443,sarah.wright82@gmail.com,658 Hill Rd,,Manchester,LA,38026-7817,2026-05-25
VC003501,Scott,William,,09-13-2000,2043,772.804.4835,3543462116,william.scott79@icloud.com,4674 Lake Rd,,Burlington,NV,16175,2026-05-05
VC003502,Allen,Thomas,N,08/29/1973,4523,(585) 457-2671,548-428-5011,,1762 Sunset Blvd,,Georgetown,GA,26584,2026-05-12
VC003503,Taylor,Joseph,,1959-11-20,4297,6236357737,,joseph.taylor12@yahoo.com,5758 River Dr,Apt 906,Richmond,AZ,33007-7418,2026-05-13
VC003504,Johnson,Betty,,22-Jun-1988,9202,546-837-6443,833.871.5135,betty.johnson57@outlook.com,4863 Jefferson Dr,,Madison,AZ,83222,2026-05-22
VC003505,Johnson,James,X,06-21-1972,6617,+12079038318,(992) 332-9521,,6402 Maple Dr,,Salem,KS,32295,2026-05-13
VC003506,Torres,Anthony,,08/30/1944,2494,234.274.5088,,,7980 Park Blvd,,Greenville,OK,68116-9160,2026-06-03
VC003507,Thompson,Michael,,1958-04-29,9326,(305) 562-3798,951-479-4949,michael.thompson46@hotmail.com,4537 River Dr,,Dayton,SD,81671,2026-05-14
VC003508,Smith,Sarah,,05-Apr-1980,1962,5387718424,+15509401462,,8770 Forest Ave,,Greenville,CO,10906,2026-05-22
VC003509,King,Mary,,04-18-1990,3988,754-861-1772,336.357.7429,mary.king73@yahoo.com,3580 Main St,,Salem,VA,56329-4812,2026-05-24
VC003510,Adams,Anthony,P,05/03/1956,8683,+13748285556,,anthony.adams59@hotmail.com,5925 Forest Ave,Apt 898,Greenville,WY,88523,2026-05-21
VC003511,Williams,Patricia,Z,1973-06-24,3906,451.813.5912,2553849000,patricia.williams1@aol.com,813 Maple Dr,,Greenville,NC,92403,2026-05-13
VC003512,Taylor,Jessica,G,01-Mar-1957,4510,(538) 703-6118,,jessica.taylor74@gmail.com,4605 Lake Rd,,Oxford,SD,33387-5229,2026-05-24
VC003513,Garcia,Lisa,S,06-30-1965,7982,8517724703,,,5652 Sunset Blvd,,Springfield,IL,45989,2026-05-30
VC003514,Baker,Thomas,,04/06/1974,9985,856-227-4726,,thomas.baker14@yahoo.com,9091 Valley Ln,,Fairview,CA,50599,2026-05-11
VC003515,Garcia,Charles,,1998-10-18,3390,+13416953551,(785) 279-1378,charles.garcia53@outlook.com,8234 Sunset Blvd,Apt 745,Manchester,TX,24034-3188,2026-05-14
VC003516,Jones,Mary,A,25-Feb-1956,9464,844.724.1642,4366896534,mary.jones21@yahoo.com,9377 Maple Dr,Apt 777,Springfield,HI,43850,2026-05-06
VC003517,Brown,Thomas,H,03-15-1989,7471,(880) 368-4715,,,5487 Forest Ave,Apt 359,Franklin,MA,58932,2026-05-26
VC003518,Brown,Charles,M,10/20/1956,5115,6666325456,,,8145 Oak Ave,,Arlington,WI,50433-8769,2026-05-13
VC003519,Smith,Margaret,,2004-10-26,9604,952-347-7679,819.976.3720,margaret.smith61@gmail.com,762 Hill Rd,,Clinton,WI,88447,2026-05-17
VC003520,Adams,Anthony,,03-Mar-1996,3524,+18405716415,,anthony.adams30@aol.com,1596 Washington St,,Dayton,FL,87665,2026-05-23
VC003521,Wright,Patricia,X,03-09-1955,6729,395.528.6644,4888498358,patricia.wright47@hotmail.com,9731 Sunset Blvd,,Springfield,WY,49953-8105,2026-06-01
VC003522,Nelson,John,X,08/30/1954,9376,(398) 400-1860,,john.nelson45@gmail.com,4587 Jefferson Dr,,Salem,IA,78175,2026-05-13
VC003523,Adams,John,R,1967-10-06,8812,2297092445,,john.adams9@outlook.com,8279 Lake Rd,,Dayton,AK,60966,2026-05-22
VC003524,Garcia,Charles,Z,05-Apr-1996,4182,997-589-1962,293.696.8201,,1304 Washington St,Apt 361,Fairview,WA,10071-3486,2026-05-13
VC003525,Anderson,Margaret,,08-04-1947,3043,+14118683641,,margaret.anderson17@aol.com,1439 Hill Rd,Apt 474,Madison,WI,14588,2026-05-31
VC003526,Walker,John,A,01/04/1992,8964,926.639.8389,9646083054,,5111 Hill Rd,Apt 500,Richmond,WI,60834,2026-05-14
VC003527,Baker,Michael,O,1988-09-18,1972,(835) 655-3525,609-438-9261,,3299 River Dr,,Manchester,DE,16644-8833,2026-05-10
VC003528,Adams,Margaret,,28-Sep-1976,8485,2917892176,,,3624 River Dr,,Fairview,IA,22689,2026-05-22
VC003529,Thompson,Robert,Q,10-14-1950,1657,885-517-2702,538.979.9356,,5455 Washington St,Apt 358,Dayton,KS,68118,2026-05-05
VC003530,Davis,Anthony,N,05/27/1941,4943,+14823932848,(798) 934-3296,anthony.davis45@yahoo.com,528 Lincoln Ave,,Dayton,NE,90599-4088,2026-06-02
VC003531,Adams,Karen,R,1947-07-11,6564,537.818.5465,,karen.adams56@gmail.com,584 Lake Rd,,Marion,CO,35520,2026-05-13
VC003532,Smith,Thomas,R,17-Sep-1949,1152,(883) 744-9334,306-211-6800,,3027 Valley Ln,Apt 372,Richmond,DE,58788,2026-06-03
VC003533,White,Lisa,J,06-10-1961,7148,5687423240,+14172618681,lisa.white64@hotmail.com,2690 Main St,Apt 884,Madison,IL,50100-1008,2026-05-13
VC003534,Wilson,Susan,F,11/10/1976,5071,540-709-1473,,,1345 Washington St,Apt 11,Burlington,WI,42544,2026-05-07
VC003535,Williams,Patricia,V,1991-11-03,5813,+12424016789,,patricia.williams75@icloud.com,9850 Park Blvd,Apt 411,Richmond,WV,11887,2026-05-15
VC003536,Garcia,Jennifer,U,16-Jan-2002,5514,619.656.1594,,jennifer.garcia79@aol.com,1857 River Dr,Apt 431,Burlington,WA,26594-6030,2026-05-10
VC003537,Hill,Jennifer,,03-22-1967,3725,(449) 629-1559,,jennifer.hill82@outlook.com,4941 Oak Ave,,Richmond,WY,48082,2026-05-29
VC003538,Hall,Lisa,G,04/15/1954,5727,4726847053,,lisa.hall39@gmail.com,3591 Cedar Ln,,Clinton,PA,58610,2026-05-27
VC003539,Nelson,Sandra,S,1996-08-09,6067,774-616-5260,393.388.2436,,7779 Valley Ln,,Salem,MN,15433-5397,2026-05-22
VC003540,Wilson,Charles,,09-Dec-1969,1334,+13992479617,(825) 695-5321,charles.wilson94@aol.com,7715 Lake Rd,,Clinton,NJ,67693,2026-05-14
VC003541,Brown,Ashley,D,02-15-1944,5247,240.515.4702,,ashley.brown89@yahoo.com,9068 Park Blvd,,Manchester,TX,52461,2026-05-18
VC003542,Thomas,Susan,D,03/29/1973,7945,(315) 404-7315,,susan.thomas20@gmail.com,3700 Maple Dr,Apt 304,Springfield,ID,55617-6157,2026-05-12
VC003543,Martin,Karen,,1976-12-28,4738,8342628259,,,1399 River Dr,Apt 421,Clinton,PA,12933,2026-05-30
VC003544,Miller,Sarah,,18-Dec-1993,1118,956-829-3658,812.741.5212,sarah.miller23@icloud.com,1150 Cedar Ln,,Arlington,AK,11945,2026-05-14
VC003545,Smith,John,O,06-12-1984,8865,+17008871412,(807) 254-5925,,5902 Sunset Blvd,,Arlington,NY,42449-5506,2026-05-20
VC003546,Hill,Sarah,T,06/16/1974,4718,490.242.7957,,,8658 Oak Ave,,Salem,KY,13840,2026-05-20
VC003547,Jones,Christopher,T,2002-09-05,9718,(710) 609-3714,358-262-1682,christopher.jones92@icloud.com,6102 Oak Ave,,Salem,NC,46145,2026-05-26
VC003548,Nguyen,Jessica,A,03-Nov-1949,8765,2287762070,+18079852166,jessica.nguyen67@outlook.com,2467 Washington St,,Clinton,NE,70665-8706,2026-05-21
VC003549,Thompson,Patricia,,12-22-1941,8543,693-488-9009,,patricia.thompson69@yahoo.com,5531 River Dr,,Dayton,MD,89263,2026-05-20
VC003550,Adams,John,M,08/30/1986,5566,+14943171620,(856) 651-8825,john.adams6@hotmail.com,6061 Jefferson Dr,,Manchester,SC,28782,2026-05-29
VC003551,Wilson,Robert,A,1942-07-18,1958,583.207.3601,4583689560,,1698 Park Blvd,,Manchester,NJ,36647-8038,2026-05-16
VC003552,Miller,Matthew,,05-Feb-1971,3318,(667) 846-2404,614-959-8352,,3452 Washington St,,Madison,SC,59028,2026-05-07
VC003553,Thomas,Thomas,,09-09-1996,8067,7679326735,+12396744115,,5711 Park Blvd,Apt 477,Georgetown,CO,44018,2026-05-27
VC003554,Walker,John,,02/04/1940,9019,871-819-2415,,john.walker25@icloud.com,8072 River Dr,,Burlington,WV,72688-8002,2026-05-26
VC003555,White,Daniel,T,1945-10-13,3489,+13554578596,,daniel.white85@gmail.com,5493 Forest Ave,,Manchester,SC,32330,2026-05-31
VC003556,Williams,Mary,D,27-Feb-1969,5141,839.238.8911,,mary.williams43@icloud.com,4122 Lake Rd,,Marion,MI,49659,2026-06-01
VC003557,White,Christopher,N,03-29-1969,8038,(445) 668-8295,,christopher.white14@hotmail.com,2713 Maple Dr,,Greenville,NC,58327-5300,2026-05-08
VC003558,Allen,William,,12/03/1981,5389,3842199457,,,3057 Valley Ln,,Salem,IN,96613,2026-05-26
VC003559,Smith,Patricia,,2003-11-02,6243,540-628-7035,622.362.8633,,8699 Lincoln Ave,,Clinton,TX,91824,2026-05-16
VC003560,Anderson,Jennifer,E,27-Nov-1948,8693,+13756796996,,,7065 Forest Ave,,Oxford,SC,55477-9031,2026-05-12
VC003561,Nguyen,John,,12-07-1945,3279,980.663.8300,,john.nguyen67@icloud.com,5144 Washington St,Apt 580,Georgetown,FL,94560,2026-05-14
VC003562,Walker,Jessica,,01/25/1984,2657,(248) 983-2427,,,8719 River Dr,,Springfield,UT,97979,2026-05-16
VC003563,Davis,Richard,,1951-12-19,2168,4487831174,,,5626 Valley Ln,,Richmond,ND,18707-5098,2026-05-29
VC003564,Hall,Richard,,21-Apr-1972,8356,542-254-8299,,richard.hall7@hotmail.com,7280 Park Blvd,Apt 662,Burlington,AR,61573,2026-05-09
VC003565,Jones,James,,05-23-1940,1782,+12243638462,,james.jones68@aol.com,6971 Park Blvd,Apt 189,Georgetown,DE,34651,2026-06-04
VC003566,Hall,Jessica,,07/23/1958,3121,510.537.1077,4556953876,jessica.hall84@gmail.com,1917 Washington St,,Oxford,NV,27422-3801,2026-05-22
VC003567,Davis,Sarah,N,1943-05-14,6476,(840) 809-7450,,,7166 Park Blvd,Apt 274,Marion,CA,20880,2026-05-05
VC003568,Johnson,James,,13-Oct-1985,5609,8124567228,+19528643430,,5758 Jefferson Dr,,Dayton,IN,86697,2026-05-06
VC003569,Hall,Daniel,,08-05-1991,8975,813-398-3372,,,9962 Lake Rd,,Arlington,MI,94384-3955,2026-06-03
VC003570,Davis,Mark,,11/01/1993,2037,+18897539324,(428) 762-9589,mark.davis20@gmail.com,3667 Lake Rd,Apt 857,Arlington,ID,70435,2026-05-12
VC003571,Baker,Barbara,,1988-09-24,7922,383.931.6424,,barbara.baker7@outlook.com,2396 Hill Rd,,Dayton,NC,27372,2026-05-08
VC003572,Adams,Lisa,W,25-Oct-1951,6119,(437) 605-2750,863-290-6410,,8073 Jefferson Dr,,Dayton,AZ,40743-1236,2026-05-10
VC003573,Jones,Thomas,,12-05-1984,7227,3143166357,,thomas.jones72@aol.com,1039 Washington St,Apt 207,Franklin,WI,23576,2026-05-16
VC003574,King,Sandra,,11/12/1964,5616,342-359-8908,877.876.3348,sandra.king53@icloud.com,5882 Valley Ln,Apt 528,Richmond,CT,28600,2026-05-06
VC003575,Smith,Thomas,,1956-02-23,1033,+13657252644,,thomas.smith74@outlook.com,566 Valley Ln,,Springfield,WY,61150-5101,2026-05-31
VC003576,Davis,Christopher,T,16-Jul-1993,7508,837.762.3473,,,3186 Park Blvd,,Salem,MA,72028,2026-05-30
VC003577,Allen,David,,03-28-1978,4044,(970) 943-3488,,,3954 Cedar Ln,,Springfield,SC,48923,2026-05-23
VC003578,Taylor,Susan,T,07/31/1953,4338,5714869077,,susan.taylor10@outlook.com,1149 Oak Ave,,Georgetown,MD,18040-6119,2026-05-25
VC003579,King,Sarah,,1968-11-19,7153,855-971-4660,603.832.7209,,6903 Washington St,Apt 9,Franklin,NY,98669,2026-05-14
VC003580,Adams,Jessica,,21-Jul-1998,6000,+13864976308,,jessica.adams60@hotmail.com,2773 Forest Ave,,Clinton,MN,60734,2026-05-15
VC003581,Thomas,Robert,,07-25-1959,9346,831.561.7427,,robert.thomas97@gmail.com,3222 River Dr,Apt 29,Dayton,WA,17369-6156,2026-05-05
VC003582,Hall,Margaret,V,01/23/1948,7491,(604) 954-3635,,margaret.hall91@icloud.com,9952 Oak Ave,,Arlington,WA,49408,2026-05-20
VC003583,Adams,Robert,H,1961-11-15,6414,2823619813,,robert.adams79@hotmail.com,7942 Washington St,,Clinton,MS,92924,2026-05-12
VC003584,Jackson,Linda,Z,19-Sep-1944,1549,411-888-2500,943.741.2929,linda.jackson96@icloud.com,3520 Lincoln Ave,,Oxford,MN,85547-8172,2026-05-28
VC003585,Wright,Jessica,,01-05-1953,3638,+17289584132,(702) 363-5141,jessica.wright89@icloud.com,165 Jefferson Dr,,Madison,IN,46734,2026-05-27
VC003586,Hill,Lisa,Q,06/19/1970,7292,401.328.5409,,,941 Valley Ln,Apt 898,Georgetown,RI,13215,2026-05-05
VC003587,Taylor,David,M,1942-12-23,1481,(972) 783-5952,587-865-9069,,2828 River Dr,,Greenville,KY,78492-7965,2026-05-10
VC003588,Baker,Margaret,,19-Aug-1965,9961,5233297597,+17257583805,,547 Lake Rd,,Burlington,NJ,87802,2026-05-17
VC003589,Adams,Jennifer,,04-15-2000,6837,482-411-2886,738.335.5396,jennifer.adams56@hotmail.com,8953 Cedar Ln,Apt 998,Georgetown,UT,71771,2026-05-24
VC003590,Baker,Betty,R,08/15/1998,2973,+13777879187,,betty.baker32@aol.com,8210 Lincoln Ave,Apt 590,Greenville,WV,26926-5045,2026-05-31
VC003591,Baker,Matthew,,1977-09-13,1255,645.643.5540,3562748404,matthew.baker94@outlook.com,2003 Jefferson Dr,,Richmond,VT,25896,2026-06-01
VC003592,Wilson,Daniel,P,25-Apr-1993,3490,(682) 647-9455,,,5743 Lincoln Ave,,Clinton,LA,43852,2026-05-12
VC003593,Martin,Jennifer,P,11-07-1971,2613,9837273262,,,7154 Park Blvd,,Richmond,FL,86923-9105,2026-05-10
VC003594,Thompson,Mark,C,09/26/1969,5648,250-476-2095,872.680.9189,,657 Oak Ave,,Clinton,ND,22550,2026-06-01
VC003595,Torres,Michael,,1980-01-07,1240,+18058095736,,,9550 Valley Ln,Apt 330,Arlington,DE,90025,2026-05-29
VC003596,Garcia,Sarah,R,10-Dec-1958,1907,752.920.8973,5603113282,sarah.garcia11@aol.com,8820 Jefferson Dr,,Fairview,KS,40658-8178,2026-05-26
VC003597,Taylor,Charles,A,10-13-1999,7721,(612) 866-2032,,,2783 Lincoln Ave,,Arlington,CA,53554,2026-05-31
VC003598,White,Charles,,01/02/1966,3148,9087942130,,charles.white32@yahoo.com,5577 Maple Dr,,Georgetown,VT,72047,2026-05-15
VC003599,Thomas,Matthew,,2002-06-06,5971,754-452-5548,820.504.5370,matthew.thomas46@gmail.com,7104 Maple Dr,,Greenville,VT,15458-8837,2026-05-16
VC003600,Nelson,Charles,,10-Dec-2003,9254,+18019251274,,charles.nelson54@yahoo.com,2106 Main St,,Marion,VA,33931,2026-05-05
VC003601,Scott,James,T,11-18-1945,9257,555.821.9409,9347454800,,4230 Hill Rd,,Springfield,ND,64760,2026-05-08
VC003602,Adams,Jessica,V,02/17/1941,8632,(750) 778-2408,,,7847 Cedar Ln,,Burlington,MO,88673-3797,2026-05-12
VC003603,Thompson,Michael,C,1941-11-16,6813,8674254490,,michael.thompson85@aol.com,7786 Park Blvd,,Springfield,OH,20237,2026-05-15
VC003604,Walker,Karen,R,03-Mar-1990,8218,442-828-8356,851.847.9000,,7339 Park Blvd,,Oxford,AZ,97802,2026-05-24
VC003605,White,John,M,04-13-2004,9946,+17624789665,,john.white21@hotmail.com,5760 Forest Ave,,Burlington,KY,92350-1373,2026-05-30
VC003606,Williams,Robert,R,12/21/1966,9595,236.751.4204,9859067215,robert.williams42@outlook.com,2970 Maple Dr,,Arlington,PA,76842,2026-05-10
VC003607,Torres,Lisa,,1947-06-30,6282,(620) 954-2716,,lisa.torres60@outlook.com,777 Lake Rd,,Madison,DE,70160,2026-05-05
VC003608,King,Ashley,,16-Jun-1977,5552,8554384293,,ashley.king6@hotmail.com,4142 Lincoln Ave,,Manchester,AL,22573-6031,2026-05-11
VC003609,Garcia,Charles,P,05-07-1988,6303,507-234-3130,547.976.6873,charles.garcia58@gmail.com,5414 Main St,,Richmond,UT,41551,2026-05-20
VC003610,Jones,Lisa,T,02/09/1980,7062,+15829053099,,lisa.jones44@icloud.com,6055 Valley Ln,,Salem,CA,12321,2026-06-03
VC003611,Torres,Linda,,2001-05-17,4401,489.368.7463,4434129809,linda.torres8@icloud.com,6590 Lake Rd,,Salem,WV,69301-2390,2026-06-01
VC003612,Garcia,Barbara,,08-Jan-1951,2174,(990) 910-3807,,barbara.garcia27@outlook.com,8532 River Dr,,Arlington,RI,20290,2026-05-27
VC003613,Walker,Nancy,Q,10-30-1976,5229,5959162157,+14067175657,nancy.walker80@yahoo.com,1365 River Dr,Apt 927,Dayton,WY,20407,2026-05-18
VC003614,Scott,David,E,10/02/1976,3593,775-363-3490,,david.scott39@gmail.com,2675 River Dr,,Franklin,OH,91040-9490,2026-05-07
VC003615,Hall,Susan,L,1946-02-20,7719,+14563572073,,,948 Cedar Ln,Apt 120,Oxford,ND,92228,2026-06-02
VC003616,Hall,Richard,,11-Jul-1967,9545,298.894.5008,,richard.hall87@outlook.com,6216 Sunset Blvd,,Salem,NE,35391,2026-06-04
VC003617,Scott,Patricia,L,10-22-1947,3622,(430) 330-8569,,patricia.scott95@aol.com,2589 Lincoln Ave,,Salem,ID,80899-5744,2026-05-05
VC003618,Harris,Michael,,04/16/2000,2525,8756425141,,michael.harris2@yahoo.com,644 Lincoln Ave,,Richmond,MN,65592,2026-05-29
VC003619,Williams,William,,1984-03-14,4733,396-655-6580,271.426.9402,william.williams58@yahoo.com,188 Washington St,Apt 555,Greenville,AZ,54595,2026-05-26
VC003620,Baker,Joseph,M,29-Oct-1958,6257,+17339846119,,,369 Valley Ln,,Manchester,MD,93735-4298,2026-05-18
VC003621,Young,Sarah,,03-21-1952,7627,827.882.7364,2862221586,sarah.young56@yahoo.com,3154 Jefferson Dr,,Marion,ME,55123,2026-05-22
VC003622,Miller,John,,04/26/1994,2056,(406) 888-5829,286-983-8361,,3690 Oak Ave,,Burlington,NH,20203,2026-05-09
VC003623,Taylor,Richard,J,1974-04-22,1282,7744858919,,richard.taylor29@outlook.com,4660 Washington St,,Marion,NC,42062-2059,2026-05-10
VC003624,Miller,Nancy,S,01-Mar-1950,6971,831-779-8071,,nancy.miller51@yahoo.com,494 Oak Ave,,Madison,LA,74569,2026-05-26
VC003625,Wright,Mark,T,08-11-1947,5382,+16486222168,,mark.wright21@aol.com,6369 Oak Ave,,Arlington,MA,17440,2026-05-16
VC003626,Allen,Matthew,,02/20/1989,1672,299.801.4610,2723544901,matthew.allen69@yahoo.com,5097 Hill Rd,,Manchester,OR,22019-9171,2026-05-25
VC003627,Wilson,Jennifer,,1949-05-11,3897,(610) 789-8652,312-304-8178,jennifer.wilson45@gmail.com,1231 Forest Ave,,Arlington,CA,89135,2026-05-07
VC003628,Taylor,Thomas,,04-Jun-1952,4102,3736647651,,thomas.taylor41@icloud.com,1348 Oak Ave,,Richmond,NY,61920,2026-05-20
VC003629,Hall,Richard,T,05-28-1972,8527,325-794-1929,,richard.hall45@icloud.com,3918 Main St,Apt 326,Richmond,MD,63603-2422,2026-05-24
VC003630,Martin,Margaret,I,06/07/1949,1206,+13619425904,,,9567 Valley Ln,Apt 922,Franklin,LA,98403,2026-05-12
VC003631,Wilson,David,Z,1992-09-15,4826,511.672.7445,,david.wilson63@aol.com,8685 Valley Ln,Apt 341,Salem,HI,55534,2026-05-24
VC003632,White,Joseph,L,12-Jun-1952,7964,(575) 590-4385,358-458-6344,joseph.white62@yahoo.com,9991 Lake Rd,Apt 789,Franklin,NE,66629-3774,2026-05-30
VC003633,Young,Thomas,,11-08-2004,7669,8473623844,,thomas.young49@outlook.com,4233 Lake Rd,,Richmond,WY,77936,2026-05-23
VC003634,Miller,Karen,N,09/01/1999,3769,326-408-6946,,,4882 Maple Dr,Apt 687,Arlington,MS,77231,2026-06-02
VC003635,Scott,Lisa,Z,1993-03-06,1621,+13463447160,,lisa.scott54@icloud.com,7858 Oak Ave,,Clinton,NH,51235-8831,2026-05-14
VC003636,Nguyen,Richard,,23-Dec-1998,3512,232.884.1830,,,4387 Maple Dr,,Madison,OK,23852,2026-05-15
VC003637,Davis,Sandra,K,01-29-2004,3986,(334) 524-2281,,sandra.davis79@outlook.com,7221 Jefferson Dr,Apt 479,Marion,AK,95633,2026-06-02
VC003638,Harris,Betty,Y,06/22/2002,6084,9424181306,,betty.harris39@aol.com,7579 Lake Rd,,Burlington,MN,79609-5542,2026-05-17
VC003639,Smith,William,,1960-05-10,7001,837-677-9146,710.711.7249,william.smith28@hotmail.com,5195 Main St,,Manchester,NH,86353,2026-05-05
VC003640,Brown,Mark,,27-Dec-1945,3548,+18922813137,,,5105 Oak Ave,,Georgetown,VA,30962,2026-05-13
VC003641,Davis,Matthew,,09-24-1965,4926,371.899.1345,,matthew.davis60@outlook.com,4352 Jefferson Dr,Apt 364,Arlington,OH,44527-1397,2026-05-08
VC003642,Nelson,Margaret,,10/20/1996,2759,(505) 476-9837,,margaret.nelson38@yahoo.com,4764 River Dr,,Clinton,WA,24507,2026-05-18
VC003643,Nelson,Richard,M,1992-10-07,8960,9466201515,,,4630 Main St,,Greenville,NC,10871,2026-05-26
VC003644,Hill,Betty,P,07-Jul-1989,2909,730-548-2103,,,5387 River Dr,,Burlington,WI,51876-2214,2026-05-19
VC003645,White,Sarah,,05-04-1940,9345,+19753033067,,,7518 Sunset Blvd,,Greenville,MT,69383,2026-05-27
VC003646,Thompson,John,I,03/12/2003,9919,477.892.5298,4229985990,john.thompson6@yahoo.com,6888 Cedar Ln,Apt 829,Madison,MD,61098,2026-05-13
VC003647,Davis,Barbara,L,1956-06-08,6681,(219) 483-6234,825-733-4246,barbara.davis52@aol.com,3474 Washington St,,Manchester,TX,87327-2624,2026-05-31
VC003648,Scott,Christopher,S,20-Mar-1971,7536,8502375000,+19278599600,christopher.scott48@outlook.com,130 Maple Dr,,Springfield,OH,11742,2026-06-02
VC003649,Young,Daniel,V,11-17-1998,9362,911-871-1480,626.576.1358,,5283 Jefferson Dr,,Dayton,NC,11891,2026-05-31
VC003650,Martin,Robert,H,11/03/1988,9560,+14449768179,,robert.martin16@outlook.com,584 Park Blvd,,Dayton,MN,67979-4869,2026-05-18
VC003651,Baker,Thomas,N,1967-08-13,4192,561.729.3441,,,3537 Park Blvd,Apt 29,Dayton,OR,54320,2026-05-23
VC003652,White,Susan,,06-Mar-1942,2541,(807) 653-3421,463-530-4872,susan.white46@icloud.com,2126 Jefferson Dr,,Arlington,IN,72529,2026-05-28
VC003653,Allen,Daniel,,05-19-1983,8615,9814222432,,daniel.allen65@outlook.com,9098 Cedar Ln,,Springfield,AL,60642-7165,2026-05-10
VC003654,Scott,Barbara,,03/31/1990,4943,713-367-6669,,barbara.scott51@yahoo.com,1092 Lake Rd,,Richmond,LA,12519,2026-05-08
VC003655,Thomas,Margaret,A,1947-04-21,9787,+18214327517,(832) 380-9985,margaret.thomas23@yahoo.com,2735 Jefferson Dr,,Arlington,OR,95244,2026-05-11
VC003656,Hill,Richard,,27-Dec-1999,2386,548.756.4063,,richard.hill87@hotmail.com,4815 Cedar Ln,Apt 146,Richmond,WA,13049-5552,2026-05-23
VC003657,Brown,Sarah,N,04-26-1957,7383,(362) 828-3061,,sarah.brown38@outlook.com,9256 Oak Ave,,Manchester,NY,72952,2026-05-25
VC003658,Williams,Ashley,,07/23/1960,6489,9212653467,,ashley.williams94@yahoo.com,5497 Lincoln Ave,Apt 551,Dayton,PA,53907,2026-05-16
VC003659,King,Christopher,L,1951-03-16,3021,667-377-8369,916.343.3775,christopher.king50@icloud.com,5027 Maple Dr,,Oxford,IA,20288-8902,2026-05-31
VC003660,Hall,Jessica,B,02-Dec-1962,1329,+14114009915,(363) 496-8152,,9571 Cedar Ln,Apt 953,Manchester,WI,50872,2026-05-20
VC003661,Adams,Joseph,,11-12-1977,5401,220.905.1754,4877068794,,7142 River Dr,,Arlington,TX,61109,2026-06-04
VC003662,Davis,Margaret,J,02/17/1949,8493,(822) 325-8227,,margaret.davis75@outlook.com,9032 Forest Ave,,Burlington,AZ,12249-4752,2026-05-16
VC003663,Hall,Margaret,,1972-01-26,1428,8596148756,+12545946724,,7345 Sunset Blvd,Apt 10,Burlington,MO,69948,2026-05-26
VC003664,Brown,Christopher,D,22-Jul-1988,8444,990-843-8718,,christopher.brown68@gmail.com,3805 Sunset Blvd,Apt 46,Salem,MD,26366,2026-05-09
VC003665,Jackson,Richard,N,02-19-1997,5718,+19519085395,,,8113 Cedar Ln,Apt 487,Greenville,IN,55564-8663,2026-05-31
VC003666,Garcia,Betty,,07/27/1945,7028,899.577.5328,7537211975,betty.garcia17@icloud.com,1693 Lincoln Ave,,Franklin,WV,97548,2026-05-14
VC003667,White,Charles,P,1976-08-11,3047,(831) 864-4560,,charles.white68@icloud.com,9650 Hill Rd,,Marion,VT,92035,2026-05-28
VC003668,Thompson,Charles,,21-Jan-1980,7988,9176942763,,charles.thompson6@icloud.com,7582 Lake Rd,Apt 33,Burlington,HI,48734-3215,2026-05-11
VC003669,Nguyen,Robert,,06-09-1973,5351,578-223-8994,,robert.nguyen56@gmail.com,3121 Valley Ln,Apt 842,Greenville,MO,82346,2026-05-21
VC003670,Jackson,John,S,10/03/2004,6037,+13235262752,,john.jackson36@hotmail.com,3772 River Dr,,Manchester,CT,30266,2026-05-29
VC003671,Hall,Michael,S,1977-04-07,2767,994.421.4988,9729473554,michael.hall67@yahoo.com,2492 Lincoln Ave,,Springfield,CO,76237-4975,2026-05-12
VC003672,Thomas,Michael,,12-Jun-1983,7038,(335) 992-9582,788-365-4286,,9809 Washington St,,Manchester,NE,57820,2026-05-23
VC003673,Smith,Daniel,J,11-04-1999,3016,8625498330,,,2694 Sunset Blvd,,Fairview,OH,66206,2026-05-05
VC003674,White,Jennifer,V,05/12/1953,2499,644-970-1477,,jennifer.white15@yahoo.com,3710 River Dr,Apt 957,Richmond,RI,96684-6374,2026-05-13
VC003675,White,Mary,,1999-11-17,2868,+16295935664,,mary.white3@outlook.com,5465 Lincoln Ave,,Madison,MT,71992,2026-05-24
VC003676,Jackson,Barbara,B,12-Sep-1985,3670,395.984.7073,,,4096 Lake Rd,Apt 303,Dayton,PA,62063,2026-05-17
VC003677,Jackson,Ashley,F,09-15-1965,2746,(467) 878-4168,463-380-8109,ashley.jackson63@outlook.com,4848 Valley Ln,Apt 962,Richmond,IL,85234-5834,2026-05-20
VC003678,Thompson,Joseph,S,03/29/2002,8443,8605747756,,,8398 Forest Ave,,Burlington,OR,60377,2026-06-02
VC003679,Johnson,Robert,,1978-09-22,8573,892-223-7560,517.397.9797,robert.johnson48@hotmail.com,1707 Forest Ave,,Manchester,RI,14866,2026-05-17
VC003680,Williams,Jennifer,,03-Aug-1990,9298,+14195435727,(737) 982-4989,,5433 Lincoln Ave,Apt 139,Manchester,NJ,47819-5084,2026-06-02
VC003681,Taylor,Jennifer,,03-10-1983,3785,213.836.1393,8843727214,jennifer.taylor80@outlook.com,1550 Maple Dr,,Manchester,NM,25847,2026-05-29
VC003682,Thomas,David,,10/01/2003,9801,(642) 453-4331,946-718-3908,david.thomas55@aol.com,8891 Washington St,,Manchester,OR,56583,2026-05-06
VC003683,Wright,Susan,,1966-04-06,1643,4644528185,+13517326093,susan.wright67@yahoo.com,8956 Main St,,Madison,NH,10359-8034,2026-06-04
VC003684,Wilson,Thomas,,29-Jul-2003,4565,787-791-6751,799.484.8083,thomas.wilson93@yahoo.com,945 Hill Rd,,Madison,NV,50199,2026-05-30
VC003685,Smith,Ashley,,03-15-1958,7697,+13946527633,(642) 547-8062,ashley.smith62@icloud.com,7792 Jefferson Dr,Apt 199,Greenville,OK,15131,2026-06-02
VC003686,Johnson,Betty,,11/30/1994,4455,517.999.2430,2523449321,betty.johnson18@outlook.com,409 Oak Ave,,Springfield,MN,93830-8633,2026-05-20
VC003687,Thomas,Ashley,P,1972-12-18,7304,(869) 348-1450,,ashley.thomas13@gmail.com,3090 Jefferson Dr,,Fairview,OR,17806,2026-05-17
VC003688,Hall,Sarah,L,24-May-1995,9179,4438102604,+18254992476,sarah.hall20@gmail.com,3667 Lincoln Ave,,Clinton,VT,89870,2026-06-02
VC003689,Allen,Jennifer,N,10-19-1946,9424,790-940-9957,259.338.2909,,4258 Oak Ave,,Richmond,MS,72499-5530,2026-05-05
VC003690,Nelson,Linda,R,08/29/1999,1380,+15783126944,(299) 867-3485,linda.nelson1@outlook.com,8829 Park Blvd,,Marion,MN,70601,2026-05-18
VC003691,Baker,Richard,,1957-02-06,4654,831.946.3078,,,3873 River Dr,,Fairview,SC,63611,2026-05-29
VC003692,Miller,Mary,F,17-May-1950,2345,(560) 230-1630,588-616-2143,mary.miller23@aol.com,2264 Forest Ave,Apt 335,Oxford,UT,39518-4210,2026-05-17
VC003693,Walker,Michael,Q,04-26-1993,5350,2656907474,+16367116877,michael.walker49@hotmail.com,5552 Forest Ave,Apt 370,Springfield,NM,68864,2026-05-26
VC003694,Hill,Karen,M,09/07/2003,1081,259-954-7881,,karen.hill30@gmail.com,9506 River Dr,,Salem,ID,31240,2026-05-07
VC003695,Harris,John,J,1950-05-26,7987,+16042437111,,john.harris21@gmail.com,148 Lincoln Ave,,Burlington,MS,55441-9198,2026-06-02
VC003696,Jones,Anthony,M,22-Jan-1941,2686,679.490.3609,4113563270,anthony.jones70@hotmail.com,1475 Lake Rd,Apt 687,Manchester,RI,27526,2026-05-08
VC003697,Wilson,Charles,F,09-22-1951,5382,(213) 424-3952,,,4973 Cedar Ln,,Springfield,OR,48931,2026-05-24
VC003698,Young,Barbara,X,06/20/1989,8882,8024368852,,barbara.young74@yahoo.com,9756 Park Blvd,,Clinton,IN,51970-9658,2026-05-18
VC003699,Smith,Mary,Y,1994-07-31,4911,325-742-7245,206.227.5457,mary.smith77@gmail.com,2666 Sunset Blvd,,Burlington,LA,75480,2026-05-21
VC003700,Hill,Christopher,N,05-Aug-1998,8373,+13546395746,,christopher.hill59@icloud.com,1502 Hill Rd,,Salem,SC,40952,2026-05-27
VC003701,Johnson,Jessica,L,05-03-1973,4366,250.374.5035,5609231708,,5852 Valley Ln,Apt 250,Greenville,ND,48903-6234,2026-05-26
VC003702,Adams,Patricia,U,12/06/1989,1303,(861) 856-1524,754-240-5275,patricia.adams47@icloud.com,7449 Forest Ave,,Greenville,CA,76005,2026-05-24
VC003703,Smith,Richard,T,1994-09-15,4971,7517175478,,richard.smith49@outlook.com,4117 Hill Rd,,Salem,PA,47721,2026-05-26
VC003704,Thompson,Betty,T,06-Dec-1941,8561,649-819-2746,825.246.7491,betty.thompson35@outlook.com,5255 Oak Ave,,Greenville,AL,20536-9483,2026-05-07
VC003705,Walker,John,,05-04-1988,3763,+14895419780,,,2861 Valley Ln,,Salem,AK,94327,2026-05-07
VC003706,Hill,Daniel,,07/29/1973,8089,326.247.6054,8163609638,daniel.hill23@gmail.com,7915 Hill Rd,,Richmond,AZ,77479,2026-05-14
VC003707,Martin,Patricia,,1966-05-10,1440,(535) 353-5987,,,4524 Jefferson Dr,,Clinton,DE,45959-4118,2026-06-01
VC003708,Davis,Thomas,J,13-Jun-1991,2161,5816095721,+19894105838,thomas.davis96@aol.com,3734 Park Blvd,Apt 493,Dayton,IA,22099,2026-05-23
VC003709,Taylor,Thomas,I,11-27-1948,1532,422-570-3230,,,5407 River Dr,,Dayton,WA,97435,2026-05-12
VC003710,Williams,Susan,P,11/23/1967,4727,+14647866791,(682) 925-1970,susan.williams43@icloud.com,9630 River Dr,,Clinton,NE,71800-5312,2026-05-09
VC003711,Walker,Sandra,R,1987-02-04,3779,706.861.8108,,sandra.walker50@outlook.com,2686 Sunset Blvd,Apt 369,Clinton,PA,64129,2026-06-04
VC003712,Jackson,Lisa,M,06-Mar-1981,4595,(728) 361-3532,,lisa.jackson81@aol.com,2694 Hill Rd,,Marion,TN,28565,2026-05-07
VC003713,Taylor,Jennifer,R,09-06-1955,3246,2168969684,+15367151955,jennifer.taylor79@icloud.com,9626 Oak Ave,,Franklin,CO,63359-2423,2026-05-26
VC003714,Davis,Barbara,L,01/13/1955,3918,396-280-3589,,barbara.davis45@outlook.com,2191 Washington St,,Franklin,LA,96803,2026-05-22
VC003715,Martin,David,,2004-05-26,4616,+16677912226,,david.martin14@gmail.com,6032 Hill Rd,,Manchester,AL,90947,2026-05-17
VC003716,White,Mary,I,20-Nov-1980,5710,809.969.3509,4127825140,,2293 Oak Ave,Apt 105,Clinton,OK,87027-8568,2026-05-28
VC003717,Williams,Nancy,,08-03-1967,7678,(894) 502-3799,632-807-9093,,8548 Valley Ln,,Dayton,TX,97422,2026-06-01
VC003718,Young,James,,06/09/2003,5948,4672312389,,,8452 Park Blvd,,Franklin,OK,62652,2026-05-05
VC003719,Johnson,Sandra,,2000-07-13,1293,230-427-3734,926.475.9505,sandra.johnson42@hotmail.com,8922 River Dr,,Manchester,ME,19888-3136,2026-05-24
VC003720,King,Daniel,,15-Jan-1997,3411,+17155805159,,daniel.king71@yahoo.com,2607 Washington St,,Arlington,MA,37943,2026-05-15
VC003721,Brown,Anthony,,10-03-1973,6101,781.296.6336,3978692354,anthony.brown32@hotmail.com,1328 Sunset Blvd,,Dayton,WA,63175,2026-05-30
VC003722,Miller,Christopher,,02/23/2000,7888,(745) 374-9206,,christopher.miller91@hotmail.com,796 Forest Ave,Apt 554,Richmond,KS,95601-7963,2026-06-02
VC003723,Taylor,Robert,M,1999-05-26,9157,8769699518,,robert.taylor13@gmail.com,8065 Lincoln Ave,,Salem,IL,48477,2026-05-31
VC003724,Williams,Joseph,K,07-Jan-1992,3120,285-235-8613,258.852.3100,joseph.williams35@aol.com,3942 Lincoln Ave,,Greenville,CT,29248,2026-05-29
VC003725,Williams,James,V,03-18-2004,8696,+13608668442,,james.williams62@yahoo.com,3049 Hill Rd,,Oxford,RI,80982-6330,2026-05-19
VC003726,Hill,Betty,,01/06/2004,2465,741.409.1320,7614201851,,4573 Jefferson Dr,,Oxford,NM,89571,2026-05-06
VC003727,Young,Michael,,1943-12-28,9414,(807) 624-5633,,michael.young56@icloud.com,4890 Forest Ave,Apt 866,Marion,ME,84952,2026-05-14
VC003728,Williams,Nancy,K,01-Jun-1940,1860,3706598919,,,6798 Hill Rd,Apt 824,Clinton,OR,24090-4949,2026-05-13
VC003729,Thompson,Matthew,,11-13-2003,1676,826-521-2972,669.417.2305,,7627 Forest Ave,,Greenville,CO,77665,2026-05-25
VC003730,Thompson,Jennifer,R,03/28/1984,3574,+14476543080,,jennifer.thompson9@gmail.com,4455 Washington St,Apt 182,Dayton,UT,46575,2026-06-03
VC003731,Johnson,Matthew,M,1970-11-01,1728,584.662.1712,,matthew.johnson88@hotmail.com,3744 River Dr,Apt 263,Salem,GA,94106-2667,2026-05-13
VC003732,Miller,James,N,04-Mar-1945,5795,(216) 430-2233,578-823-8672,james.miller26@icloud.com,1417 Lincoln Ave,,Clinton,WI,47220,2026-05-18
VC003733,Taylor,Christopher,G,07-30-1966,4230,5918589456,+17865704968,,4545 Oak Ave,,Oxford,ID,40410,2026-05-31
VC003734,Johnson,Mark,,03/16/1978,7548,595-255-8980,,,8698 Forest Ave,,Richmond,RI,24388-9735,2026-05-28
VC003735,Taylor,Anthony,G,1984-07-05,3443,+13844165976,,anthony.taylor53@outlook.com,634 River Dr,Apt 179,Marion,OH,67644,2026-05-31
VC003736,Jackson,David,,13-Oct-1953,9722,824.215.6136,4137116460,david.jackson91@aol.com,6429 Valley Ln,,Richmond,FL,16637,2026-05-29
VC003737,Allen,Matthew,L,10-30-1995,1726,(650) 263-7984,,matthew.allen35@yahoo.com,3687 Lake Rd,,Salem,AL,27436-3817,2026-06-03
VC003738,Harris,Mark,Z,10/14/1984,5603,7436433323,,mark.harris41@icloud.com,4267 Oak Ave,,Georgetown,AZ,26760,2026-06-04
VC003739,Harris,Margaret,R,1968-10-14,3710,816-446-8554,,margaret.harris23@outlook.com,9555 Park Blvd,,Oxford,SC,84405,2026-05-11
VC003740,White,Ashley,A,24-Apr-1963,3772,+14152011157,(583) 648-9222,,8768 River Dr,Apt 125,Fairview,NC,64676-1968,2026-05-07
VC003741,Thompson,Susan,O,09-16-1980,2637,693.779.1195,,susan.thompson75@icloud.com,3614 Lake Rd,Apt 784,Manchester,WI,89023,2026-05-05
VC003742,Scott,Lisa,H,09/13/1955,4368,(611) 560-8328,751-777-2084,lisa.scott19@yahoo.com,9869 Washington St,,Salem,CO,26429,2026-05-10
VC003743,Hill,Charles,G,1977-08-03,4135,8417239980,,charles.hill66@yahoo.com,5297 Cedar Ln,,Manchester,ME,29780-3865,2026-05-07
VC003744,Wright,Patricia,,02-May-1966,5679,339-566-4454,569.662.9994,,9706 Forest Ave,,Madison,DE,51019,2026-06-04
VC003745,Young,Mary,M,01-17-1976,1911,+17805941627,(335) 838-1762,mary.young96@outlook.com,4661 Maple Dr,Apt 428,Clinton,LA,44469,2026-05-15
VC003746,Nelson,Sarah,T,09/08/1993,7396,306.259.3570,8783123802,sarah.nelson58@gmail.com,5370 Washington St,,Burlington,GA,98179-7690,2026-05-08
VC003747,Allen,Joseph,,1973-03-24,4942,(700) 574-9050,,joseph.allen29@aol.com,2082 Lake Rd,Apt 585,Greenville,UT,68960,2026-05-05
VC003748,King,Sarah,W,28-Feb-1952,4589,7272534850,+17652621653,sarah.king95@icloud.com,298 Lincoln Ave,,Greenville,ME,85445,2026-05-07
VC003749,Jones,Richard,,12-17-1955,7440,278-532-1259,,richard.jones87@gmail.com,3715 Sunset Blvd,,Clinton,AR,40999-3561,2026-05-16
VC003750,Young,Thomas,X,10/07/1970,8755,+13694901430,,thomas.young1@yahoo.com,5677 Forest Ave,,Salem,GA,17218,2026-05-12
VC003751,Adams,Christopher,U,1988-11-08,9122,513.278.4640,,christopher.adams25@outlook.com,9661 Jefferson Dr,Apt 815,Greenville,AL,80846,2026-05-21
VC003752,Smith,Richard,V,08-Nov-1987,9471,(381) 487-2637,,,1513 Lake Rd,Apt 221,Arlington,NC,42925-9443,2026-05-17
VC003753,Young,Joseph,D,09-18-1967,3190,8416722712,+17603154739,joseph.young8@yahoo.com,3371 Lincoln Ave,,Franklin,CO,86789,2026-05-16
VC003754,Nelson,Lisa,E,12/07/1979,1740,261-705-4742,,,8486 Sunset Blvd,Apt 675,Arlington,LA,26544,2026-05-24
VC003755,Nguyen,Linda,F,2001-12-02,2486,+13123486837,(404) 417-8198,,784 Park Blvd,,Manchester,NV,41515-9171,2026-05-12
VC003756,Garcia,Daniel,S,10-Mar-1972,6137,413.541.6051,8303517376,daniel.garcia96@gmail.com,2965 Lake Rd,,Dayton,SD,83265,2026-05-18
VC003757,Hill,Nancy,O,04-20-1974,9038,(860) 846-5913,800-645-2853,nancy.hill29@icloud.com,1147 Lincoln Ave,,Oxford,ME,13836,2026-05-24
VC003758,Baker,Lisa,,03/13/1943,8662,7485038418,+15706386486,,1775 Cedar Ln,Apt 613,Oxford,MS,29931-2113,2026-05-15
VC003759,Young,Jennifer,E,1963-06-17,2777,897-932-7524,559.281.3299,,4667 Hill Rd,Apt 4,Madison,ME,84725,2026-05-05
VC003760,Wilson,William,G,06-May-1987,7173,+19357049419,,,532 Washington St,Apt 14,Richmond,OK,13557,2026-05-15
VC003761,Davis,Barbara,I,09-28-1948,4275,900.444.3136,4493406941,,692 Park Blvd,Apt 736,Arlington,NJ,95013-1501,2026-05-06
VC003762,Anderson,Mark,K,06/01/1966,6096,(889) 671-6479,220-638-4456,mark.anderson11@outlook.com,3535 Sunset Blvd,Apt 558,Springfield,UT,96265,2026-05-28
VC003763,Brown,Lisa,L,1990-09-08,8661,7664059146,,lisa.brown22@icloud.com,4838 Maple Dr,,Marion,MS,49075,2026-05-11
VC003764,Martin,Jennifer,,29-May-1976,7053,312-213-8639,231.736.4372,jennifer.martin80@gmail.com,4998 River Dr,,Georgetown,MI,15298-7401,2026-05-12
VC003765,Adams,Lisa,L,07-13-1952,6001,+18607388074,,lisa.adams87@yahoo.com,4516 Main St,,Springfield,MO,72777,2026-05-12
VC003766,Garcia,David,L,12/13/1997,7056,368.711.7177,4679541803,,2162 Lake Rd,,Arlington,RI,78994,2026-05-11
VC003767,Scott,Thomas,,1958-03-24,6919,(964) 331-7988,,,295 Main St,Apt 778,Fairview,AR,78191-4750,2026-05-09
VC003768,Thomas,Karen,,24-Jun-1949,1120,9863939916,,karen.thomas68@icloud.com,5206 Main St,,Burlington,NJ,23999,2026-05-12
VC003769,Thomas,Betty,,01-28-1984,3478,827-979-5321,,betty.thomas37@hotmail.com,8471 Lake Rd,,Clinton,HI,51358,2026-05-17
VC003770,Wilson,Matthew,K,09/21/1989,5675,+12249752475,,matthew.wilson38@yahoo.com,4652 Oak Ave,,Georgetown,NM,49814-2263,2026-05-05
VC003771,Taylor,Mary,,1955-04-15,5630,762.936.7876,,mary.taylor32@hotmail.com,5760 Sunset Blvd,,Salem,NE,96121,2026-05-17
VC003772,Martin,Jennifer,,06-Apr-1983,3626,(498) 578-5343,,,5735 Washington St,Apt 126,Madison,WY,47119,2026-05-18
VC003773,Adams,John,R,06-13-2002,5260,4622432617,,john.adams94@hotmail.com,6458 Lincoln Ave,,Arlington,WA,54932-8416,2026-05-16
VC003774,Davis,Sarah,S,03/11/2003,1130,726-251-3305,,,300 Park Blvd,,Springfield,KY,20157,2026-05-07
VC003775,Allen,Karen,B,1992-12-05,7195,+16029863629,,karen.allen6@hotmail.com,313 Sunset Blvd,Apt 177,Fairview,ID,64225,2026-05-31
VC003776,Brown,Sandra,,29-May-1989,4559,995.485.4081,,sandra.brown8@yahoo.com,481 Forest Ave,,Franklin,MD,80940-4034,2026-06-02
VC003777,Jackson,Daniel,,03-25-1958,3545,(749) 750-3501,410-469-2095,,4547 Oak Ave,Apt 358,Madison,CO,77017,2026-05-05
VC003778,Baker,Karen,,02/20/1958,5221,5676368952,+14289383385,karen.baker64@gmail.com,7058 Hill Rd,,Springfield,HI,12476,2026-05-15
VC003779,Thompson,Joseph,,1980-10-01,8712,780-358-3708,,,7628 Cedar Ln,,Georgetown,MN,80610-1325,2026-05-28
VC003780,Thompson,Anthony,,17-Apr-1965,9504,+13763761827,(954) 547-7979,,8315 Maple Dr,,Greenville,AR,50008,2026-06-04
VC003781,Brown,John,,08-03-1943,7080,935.429.7870,9984756261,,824 River Dr,,Burlington,IA,44650,2026-05-22
VC003782,Martin,David,,06/21/1965,5968,(408) 848-7974,681-588-3446,,9103 Washington St,Apt 688,Greenville,UT,23155-7017,2026-05-25
VC003783,Young,Jennifer,W,1989-08-25,2925,7246908471,,jennifer.young72@outlook.com,5490 Hill Rd,,Burlington,CO,31825,2026-06-02
VC003784,Scott,Daniel,,29-Jan-1989,2176,441-816-5263,313.432.8300,daniel.scott74@outlook.com,7945 Hill Rd,,Fairview,ME,79424,2026-05-27
VC003785,Thomas,Mary,W,08-15-1999,6964,+17796493592,,mary.thomas50@aol.com,4374 Lake Rd,,Oxford,NM,23573-5209,2026-05-30
VC003786,Thompson,Matthew,K,05/15/1959,5143,295.538.7549,5074079485,matthew.thompson58@outlook.com,570 Cedar Ln,,Burlington,WY,78069,2026-05-18
VC003787,White,John,B,1962-02-23,1926,(631) 650-4277,,john.white47@icloud.com,5852 Main St,,Salem,NC,68442,2026-05-26
VC003788,Jones,Richard,,17-Dec-1946,6943,6743729070,,richard.jones78@outlook.com,7758 River Dr,,Salem,TN,86057-9195,2026-05-24
VC003789,Nguyen,David,Z,11-24-1940,7108,513-246-7705,,david.nguyen28@outlook.com,3391 Hill Rd,,Clinton,IN,65561,2026-05-08
VC003790,Baker,Sarah,,09/03/1987,6346,+19426546238,,,1420 River Dr,,Madison,KY,68600,2026-05-10
VC003791,Allen,Barbara,,2000-08-11,2057,520.925.1929,8839315222,barbara.allen31@outlook.com,9128 Forest Ave,Apt 756,Franklin,ND,71485-6187,2026-06-03
VC003792,Scott,Matthew,,18-Nov-1980,6666,(737) 921-5140,,matthew.scott64@gmail.com,3482 Hill Rd,Apt 961,Burlington,KS,29673,2026-05-25
VC003793,Adams,Robert,,05-09-1981,1113,2388881760,,robert.adams71@outlook.com,5324 Valley Ln,,Springfield,GA,99416,2026-05-13
VC003794,Martin,Thomas,A,10/08/1955,6626,517-722-8749,965.685.2952,thomas.martin85@outlook.com,1828 Cedar Ln,Apt 361,Springfield,AR,17045-3962,2026-05-28
VC003795,King,Joseph,J,1950-03-15,1313,+18402442855,(448) 231-6523,joseph.king44@yahoo.com,7159 Oak Ave,,Greenville,IA,58196,2026-05-20
VC003796,Brown,Joseph,X,18-Jun-1999,7012,276.772.4674,,,5653 Maple Dr,Apt 921,Burlington,MA,27168,2026-05-29
VC003797,Martin,Susan,,07-13-1981,2308,(820) 675-5999,,susan.martin80@icloud.com,7511 Hill Rd,Apt 444,Oxford,MI,53677-9766,2026-05-20
VC003798,Harris,Barbara,T,05/05/1968,4773,8708585385,,,4541 Washington St,,Manchester,KY,43458,2026-05-21
VC003799,Miller,Robert,,1999-07-06,2112,361-356-4219,,,5705 Park Blvd,,Marion,AZ,94030,2026-05-12
VC003800,Harris,Betty,O,03-Feb-1964,6289,+12647477516,,,3569 River Dr,,Richmond,IN,74843-1258,2026-05-17
VC003801,Allen,Ashley,,09-23-1972,9545,499.800.1813,2063642764,ashley.allen90@aol.com,1382 Main St,,Springfield,TN,58673,2026-05-05
VC003802,Torres,Barbara,Z,02/11/1998,2079,(824) 865-7241,,,8097 Washington St,Apt 632,Richmond,NM,88774,2026-05-10
VC003803,Thomas,Betty,Q,1949-01-25,1376,3277736310,+17423741493,,5939 River Dr,Apt 174,Georgetown,NM,66086-9805,2026-05-15
VC003804,Jackson,Charles,C,08-Aug-2004,8100,666-584-6356,,charles.jackson28@hotmail.com,1452 Jefferson Dr,,Dayton,MN,23648,2026-05-18
VC003805,Allen,Daniel,Y,05-22-2002,2306,+16748059879,,,9693 River Dr,,Georgetown,WV,85517,2026-06-03
VC003806,Walker,Ashley,S,06/30/2004,6835,487.307.1114,,ashley.walker85@yahoo.com,3861 Lincoln Ave,Apt 807,Richmond,WY,43920-8008,2026-06-03
VC003807,Hall,Joseph,P,1947-08-26,4597,(218) 305-3482,771-296-8990,,3006 Lake Rd,,Greenville,LA,94273,2026-06-03
VC003808,Brown,Sandra,W,20-Jun-1951,1902,2059021723,,sandra.brown66@outlook.com,68 Main St,,Marion,FL,33433,2026-05-07
VC003809,Nguyen,Anthony,,04-21-1983,4300,462-753-2717,837.651.3074,,285 Forest Ave,Apt 348,Dayton,RI,15212-8345,2026-05-29
VC003810,Hill,John,,05/27/2001,2723,+13405627813,,john.hill75@yahoo.com,5698 Sunset Blvd,,Clinton,NE,23677,2026-06-03
VC003811,Martin,Daniel,I,2001-10-06,7270,670.726.7892,,daniel.martin61@aol.com,8123 Lincoln Ave,,Georgetown,WV,36702,2026-05-18
VC003812,Walker,Richard,O,23-Jan-1999,4338,(211) 897-6486,,richard.walker72@aol.com,8302 Forest Ave,,Marion,CO,17976-1127,2026-06-02
VC003813,Torres,Joseph,H,12-19-2000,4259,7737705222,,joseph.torres47@hotmail.com,5639 Main St,Apt 920,Clinton,DE,56018,2026-05-13
VC003814,Wilson,Michael,Y,09/14/1997,7103,326-256-8616,399.595.8726,,4751 Valley Ln,Apt 947,Dayton,AR,29274,2026-06-01
VC003815,Johnson,Richard,Y,1998-02-05,7706,+18967478584,,,4765 Hill Rd,,Madison,OK,84423-6269,2026-05-22
VC003816,Smith,Ashley,,17-May-1985,6366,908.609.9020,,ashley.smith91@outlook.com,6625 Lake Rd,Apt 442,Madison,IA,78676,2026-05-06
VC003817,Miller,Sandra,T,11-09-1968,8049,(616) 985-7693,,sandra.miller59@yahoo.com,5523 Park Blvd,,Springfield,SD,36298,2026-05-26
VC003818,Johnson,David,,09/28/1960,8893,5912038103,,david.johnson27@yahoo.com,7844 Lincoln Ave,,Springfield,WV,76715-2121,2026-05-30
VC003819,Nguyen,Barbara,K,1953-01-30,3781,695-594-6907,,barbara.nguyen18@hotmail.com,5723 Park Blvd,Apt 64,Franklin,ID,49156,2026-05-08
VC003820,Anderson,David,,29-Apr-1956,6615,+16544344192,(946) 753-7908,david.anderson32@yahoo.com,7494 Valley Ln,,Franklin,ND,11443,2026-05-23
VC003821,Hall,Betty,,10-15-1957,4423,694.704.1679,,betty.hall39@aol.com,7069 Forest Ave,,Dayton,MO,85311-8865,2026-05-30
VC003822,Jones,Mark,G,03/23/1961,1112,(849) 507-7272,,,413 Oak Ave,,Oxford,CO,53633,2026-05-28
VC003823,Nelson,Anthony,H,1980-07-30,9082,6817217798,,,926 Lake Rd,,Salem,NH,63214,2026-05-18
VC003824,Adams,Mary,H,10-Jun-1986,7833,303-583-8778,,,9700 Lincoln Ave,,Franklin,AL,37147-2023,2026-05-15
VC003825,Walker,Margaret,Z,02-09-1990,2177,+12809735570,(778) 204-5751,margaret.walker88@yahoo.com,9236 Cedar Ln,,Georgetown,ME,80292,2026-05-20
VC003826,Jones,Mark,G,08/19/1981,2853,738.908.5894,,,1432 Sunset Blvd,,Manchester,UT,39858,2026-05-16
VC003827,Harris,Daniel,Q,1970-12-09,7666,(871) 826-6783,,daniel.harris89@aol.com,980 Hill Rd,Apt 388,Arlington,WV,16449-3230,2026-05-08
VC003828,Jackson,Patricia,P,01-Apr-1983,6700,8849925608,,patricia.jackson13@yahoo.com,5466 Forest Ave,Apt 875,Salem,MD,71291,2026-06-04
VC003829,Thomas,James,,05-06-1944,8346,502-675-5090,712.625.4999,james.thomas92@aol.com,3157 Park Blvd,,Franklin,MO,96474,2026-05-14
VC003830,Thomas,Betty,C,04/22/1983,8268,+14329205239,(853) 969-6515,betty.thomas37@hotmail.com,9411 Forest Ave,,Greenville,OR,28264-7056,2026-05-19
VC003831,Scott,Jennifer,C,1954-02-22,7737,404.945.8748,,,7789 Sunset Blvd,Apt 798,Madison,WY,33675,2026-05-22
VC003832,Jackson,Christopher,S,16-Nov-1960,1238,(386) 420-6402,637-707-1784,,7037 Park Blvd,Apt 613,Springfield,UT,86451,2026-05-15
VC003833,Smith,Anthony,,07-10-1942,6632,2396622914,,,9979 Lincoln Ave,Apt 975,Dayton,MS,65176-1855,2026-05-05
VC003834,Brown,Linda,,08/11/1948,4350,353-897-4610,,,2412 Park Blvd,,Fairview,KY,28972,2026-05-14
VC003835,Brown,Nancy,V,1953-11-16,9847,+18172286467,,nancy.brown81@icloud.com,1446 Hill Rd,Apt 430,Arlington,OH,23076,2026-05-23
VC003836,Torres,Robert,E,27-Mar-1954,5394,417.412.9969,2847686145,robert.torres19@hotmail.com,2701 Forest Ave,Apt 212,Greenville,AK,72075-4104,2026-05-28
VC003837,Scott,Susan,,08-24-1983,5761,(204) 843-2680,586-386-3570,,9003 River Dr,,Georgetown,RI,89206,2026-05-13
VC003838,Smith,Patricia,,06/27/1970,3995,8417809000,+18478496407,patricia.smith9@aol.com,2807 Forest Ave,,Dayton,KS,97209,2026-05-27
VC003839,Thompson,James,,1959-09-25,9822,655-637-3664,577.900.6097,james.thompson52@yahoo.com,3357 Sunset Blvd,,Manchester,NV,87766-2681,2026-05-10
VC003840,Wright,Susan,A,05-Jun-1977,8707,+16303533847,(382) 279-9243,susan.wright50@gmail.com,3157 Main St,,Clinton,IL,55652,2026-05-19
VC003841,Wilson,David,,05-03-1962,5845,701.818.3921,,david.wilson8@outlook.com,6689 Hill Rd,,Marion,NC,40336,2026-05-09
VC003842,Nguyen,Anthony,,09/24/1997,6899,(341) 875-2243,885-619-1113,,5167 Washington St,,Dayton,VA,47921-8226,2026-05-23
VC003843,Wright,Mark,O,1984-06-13,9274,3895326890,,mark.wright52@icloud.com,9066 Main St,,Manchester,NC,19393,2026-05-26
VC003844,Taylor,Lisa,R,03-Sep-1966,7586,708-850-2234,613.533.3533,lisa.taylor56@yahoo.com,8780 Cedar Ln,Apt 631,Madison,KY,16230,2026-06-02
VC003845,Wright,Lisa,,02-09-1979,5583,+13695363137,(219) 651-6363,lisa.wright85@icloud.com,2739 Sunset Blvd,Apt 52,Burlington,FL,21657-5021,2026-06-04
VC003846,White,Joseph,R,09/19/1958,6056,574.781.4434,,joseph.white61@outlook.com,5913 Lincoln Ave,,Marion,NV,19424,2026-05-18
VC003847,Nelson,Karen,U,2001-12-23,3502,(405) 532-8251,352-207-9714,,4304 Maple Dr,,Greenville,IN,38402,2026-06-01
VC003848,Smith,Sarah,,07-May-1975,5208,5764326348,,sarah.smith14@aol.com,6944 Park Blvd,Apt 836,Greenville,IA,19476-5926,2026-06-04
VC003849,Baker,Susan,,06-02-1970,1784,988-385-8470,820.807.8153,susan.baker62@outlook.com,7475 Park Blvd,,Georgetown,NH,98401,2026-05-31
VC003850,Adams,Charles,D,12/11/1988,2702,+19356828446,(651) 298-2782,,8034 Maple Dr,,Salem,WV,94875,2026-05-05
VC003851,Miller,Robert,C,2001-08-24,3186,394.489.1341,,robert.miller74@outlook.com,5146 Main St,,Marion,IN,23698-9247,2026-05-17
VC003852,Brown,Betty,,18-Sep-1998,5777,(609) 926-8577,815-642-6442,betty.brown73@icloud.com,5358 Park Blvd,Apt 138,Marion,TN,32289,2026-06-03
VC003853,Anderson,Robert,,04-17-1971,8724,2252341316,,robert.anderson48@gmail.com,3533 River Dr,,Richmond,NE,80443,2026-05-09
VC003854,Garcia,Margaret,N,08/26/1973,9233,626-509-5982,653.769.6264,margaret.garcia87@icloud.com,8272 Lincoln Ave,Apt 673,Georgetown,CT,95527-5101,2026-05-31
VC003855,Williams,Mark,,1989-11-09,9632,+19698873127,,mark.williams80@gmail.com,4609 Park Blvd,,Clinton,VA,34193,2026-05-28
VC003856,Young,Mary,L,14-Aug-1945,2772,792.453.2841,4482131364,,6788 River Dr,,Arlington,DE,19522,2026-05-26
VC003857,Adams,Sarah,,10-16-1990,2223,(610) 325-8120,,sarah.adams9@hotmail.com,9758 Oak Ave,,Georgetown,MD,63056-6879,2026-05-17
VC003858,Torres,Richard,,05/28/1974,2078,9548766096,,richard.torres47@icloud.com,2650 Cedar Ln,,Richmond,FL,41673,2026-05-12
VC003859,King,Mary,P,1945-01-24,8296,928-320-1881,,mary.king50@yahoo.com,5877 Sunset Blvd,Apt 538,Franklin,MO,43944,2026-06-04
VC003860,Scott,Barbara,Q,26-Feb-1990,7857,+13753401143,(784) 466-5939,,2600 Washington St,,Richmond,NV,69744-2243,2026-06-01
VC003861,Hall,James,,11-29-1961,3272,982.217.2735,,james.hall30@icloud.com,3212 Main St,,Burlington,DE,19088,2026-05-05
VC003862,Taylor,Sarah,U,04/21/1971,9711,(316) 920-4220,780-384-9525,,407 Main St,,Oxford,NV,33819,2026-05-23
VC003863,Nelson,Charles,,1989-03-28,2560,5332007275,,charles.nelson55@hotmail.com,1522 Maple Dr,,Georgetown,SD,80901-2668,2026-05-30
VC003864,Jones,Barbara,U,09-Mar-1997,8339,383-558-4638,,barbara.jones22@hotmail.com,4172 Hill Rd,,Clinton,NV,86605,2026-05-27
VC003865,Johnson,Jessica,,02-04-1958,4458,+19285517111,(404) 423-4839,jessica.johnson81@hotmail.com,5525 Main St,Apt 605,Franklin,NM,75677,2026-06-04
VC003866,Jackson,Ashley,H,08/25/2002,6441,645.886.1712,2849283846,ashley.jackson10@aol.com,4830 River Dr,,Fairview,AK,58557-6805,2026-05-11
VC003867,Nelson,James,C,1996-02-12,3722,(998) 980-3892,268-870-6292,,5869 Lincoln Ave,,Franklin,MT,70796,2026-05-07
VC003868,Davis,Thomas,M,23-May-1992,7082,7464271814,+13434335372,,6560 Valley Ln,,Salem,ND,88435,2026-06-03
VC003869,Nelson,Christopher,L,12-10-1991,3795,787-794-3543,701.289.5060,,5836 Forest Ave,,Arlington,AL,86037-8746,2026-06-03
VC003870,Scott,Sandra,A,11/23/1976,5085,+13769737166,,sandra.scott55@icloud.com,4930 Hill Rd,,Manchester,CA,92468,2026-05-19
VC003871,Allen,Lisa,R,1967-06-22,8187,563.481.4276,,,3060 Oak Ave,,Dayton,MT,44188,2026-05-25
VC003872,Wilson,Karen,,16-Oct-1941,1370,(527) 728-6937,,karen.wilson24@aol.com,5450 Lincoln Ave,,Manchester,UT,37424-8150,2026-05-13
VC003873,Smith,Richard,V,04-19-1990,5745,5366948227,+12072727374,richard.smith78@icloud.com,6119 Maple Dr,,Burlington,NV,64884,2026-05-08
VC003874,Williams,Matthew,,11/09/1972,8336,243-757-1215,,matthew.williams55@aol.com,8469 Oak Ave,Apt 193,Manchester,WA,97843,2026-05-07
VC003875,Smith,Sandra,,1996-05-20,4008,+17366323346,(672) 613-7485,,4988 Valley Ln,,Dayton,NE,45649-1610,2026-05-05
VC003876,Jackson,Linda,O,20-May-1973,5784,598.522.3504,9259472785,linda.jackson30@icloud.com,8427 Main St,,Marion,KY,73501,2026-06-03
VC003877,Thomas,Anthony,L,02-17-1955,8761,(325) 291-9733,206-985-8657,anthony.thomas17@aol.com,7349 Maple Dr,,Clinton,SC,87858,2026-05-26
VC003878,King,Linda,N,03/07/1999,1283,6017281636,,linda.king30@gmail.com,9232 Jefferson Dr,,Madison,WI,76930-9746,2026-05-27
VC003879,Williams,Lisa,,1946-07-23,1422,935-388-7925,,,1579 Park Blvd,,Manchester,ND,93404,2026-05-20
VC003880,Garcia,Linda,,12-Oct-1980,9543,+13916335042,,,6642 Jefferson Dr,,Clinton,WY,20786,2026-05-15
VC003881,Wright,Karen,S,10-14-1990,4537,526.376.8062,6732403355,,180 Forest Ave,Apt 670,Madison,OH,60446-6943,2026-05-08
VC003882,Brown,Sandra,Z,08/22/1973,7162,(998) 888-4623,903-840-5678,sandra.brown13@yahoo.com,5481 Main St,Apt 24,Clinton,MT,92362,2026-05-23
VC003883,Williams,Richard,X,1996-05-29,5207,7587228759,+14108026344,,9867 Lincoln Ave,,Fairview,ME,14060,2026-05-13
VC003884,Jones,William,L,16-Oct-1945,4406,339-579-5636,724.516.3998,,2310 Lincoln Ave,,Springfield,IA,91515-3720,2026-05-23
VC003885,Young,Patricia,,01-12-1965,7656,+12885145636,,patricia.young60@outlook.com,5623 River Dr,,Fairview,KS,69336,2026-05-15
VC003886,Martin,Thomas,,09/08/1972,3773,888.241.4793,,,4073 Oak Ave,Apt 463,Georgetown,FL,37627,2026-05-18
VC003887,Nelson,Barbara,,1990-06-03,5847,(769) 795-9947,400-283-6395,,8776 Park Blvd,,Fairview,OK,65537-7864,2026-05-22
VC003888,Nguyen,James,,31-May-1966,3314,8333993869,+19958428654,james.nguyen40@aol.com,3120 Oak Ave,Apt 544,Greenville,WY,39232,2026-05-08
VC003889,Anderson,Jessica,Q,10-27-1968,9631,599-688-3565,,jessica.anderson28@icloud.com,5729 Valley Ln,,Manchester,TN,96970,2026-05-28
VC003890,Hill,Linda,D,06/08/1950,8476,+16394713800,,linda.hill90@yahoo.com,1749 Forest Ave,,Franklin,DE,69717-3732,2026-05-16
VC003891,Adams,Joseph,R,1984-06-14,2969,693.294.5390,,,351 River Dr,,Oxford,HI,49051,2026-05-25
VC003892,Harris,Anthony,T,11-Aug-1955,1680,(606) 708-8226,,,4033 Park Blvd,,Burlington,NY,72355,2026-05-31
VC003893,Johnson,Linda,L,07-18-1983,5841,6456014011,+15496257057,linda.johnson18@aol.com,9832 Oak Ave,Apt 169,Salem,HI,23003-1004,2026-06-02
VC003894,Allen,Daniel,,09/07/1957,1813,787-861-7909,,daniel.allen86@gmail.com,7131 Lake Rd,Apt 771,Richmond,MA,35971,2026-05-09
VC003895,Williams,Barbara,D,1977-04-08,3928,+17832776628,,,1174 Sunset Blvd,,Salem,WA,94316,2026-05-21
VC003896,White,Susan,E,30-Oct-1943,5659,284.312.6082,,susan.white28@gmail.com,4476 Hill Rd,,Fairview,IN,57893-5380,2026-05-20
VC003897,Baker,James,C,01-04-1974,1552,(985) 794-3677,203-305-5121,james.baker52@gmail.com,4478 Lincoln Ave,Apt 583,Richmond,AL,95279,2026-05-06
VC003898,Wilson,Richard,C,05/16/1985,6609,4755905627,+13194423569,richard.wilson33@hotmail.com,5125 River Dr,,Fairview,RI,31051,2026-05-31
VC003899,Nelson,Anthony,,1997-04-29,1496,246-856-5336,326.587.5480,,3454 Lincoln Ave,Apt 680,Oxford,NE,91016-2983,2026-05-13
VC003900,Young,Jennifer,,10-Sep-1965,7545,+15084924293,,,2107 Oak Ave,Apt 311,Marion,MO,96593,2026-05-20
VC003901,Davis,Mary,,02-09-1943,3393,226.653.3932,,mary.davis27@gmail.com,5162 Forest Ave,,Madison,NM,13252,2026-05-09
VC003902,Hill,Susan,E,02/18/1959,7475,(215) 373-5208,492-452-2366,susan.hill65@gmail.com,4804 Cedar Ln,,Manchester,WY,27688-9835,2026-05-14
VC003903,Torres,Mary,,1990-01-18,5212,2967663335,,,5659 Cedar Ln,Apt 428,Arlington,LA,55526,2026-05-07
VC003904,Garcia,William,,29-May-2001,6435,916-724-8616,409.335.5058,,2570 Lincoln Ave,,Fairview,RI,75567,2026-05-31
VC003905,White,Thomas,,01-19-1993,1561,+16136505641,,thomas.white41@yahoo.com,1181 River Dr,Apt 834,Burlington,MT,56645-2720,2026-06-01
VC003906,Nelson,Linda,,07/26/1990,9907,593.597.5532,4913914967,,982 Washington St,,Arlington,MD,81759,2026-05-13
VC003907,White,Jessica,,1984-03-29,4178,(506) 940-1727,,,8170 Jefferson Dr,,Burlington,AR,80603,2026-05-26
VC003908,Miller,David,,26-Sep-1949,2160,8553121311,,david.miller39@yahoo.com,6127 Lake Rd,,Marion,VT,88716-6112,2026-05-20
VC003909,Adams,Joseph,Z,04-22-1948,8270,509-379-2838,527.455.4549,joseph.adams28@aol.com,6132 Lincoln Ave,Apt 680,Springfield,WY,36489,2026-06-01
VC003910,Garcia,James,Z,12/04/1981,6164,+19922375930,,james.garcia97@yahoo.com,4045 Main St,,Manchester,NH,27738,2026-05-14
VC003911,Johnson,David,R,1991-04-16,9974,310.997.2399,,,8213 Lincoln Ave,Apt 285,Richmond,IN,45319-5779,2026-05-13
VC003912,Torres,Betty,H,31-May-1963,1657,(728) 378-7122,611-314-7478,betty.torres52@gmail.com,6788 Washington St,,Franklin,NE,65888,2026-05-21
VC003913,Thomas,Thomas,,11-24-1962,3713,2664965681,+12477232635,,9406 Maple Dr,Apt 442,Arlington,AK,69389,2026-06-02
VC003914,Nelson,Daniel,,12/18/1976,3596,517-387-5899,,,9197 Lincoln Ave,Apt 851,Salem,KS,86391-4994,2026-05-31
VC003915,Harris,Michael,,1996-09-26,9845,+12338545639,(995) 915-5807,michael.harris56@outlook.com,8897 Forest Ave,,Manchester,AK,61063,2026-05-17
VC003916,Taylor,John,N,10-Jan-1974,2107,425.264.6008,,,7130 Lake Rd,Apt 366,Dayton,ME,50728,2026-06-03
VC003917,Torres,Charles,V,06-16-1941,6693,(793) 819-6093,,,565 Lincoln Ave,,Springfield,UT,76130-3655,2026-05-20
VC003918,Jones,Daniel,P,08/22/1969,2919,6592647485,,daniel.jones53@gmail.com,2152 Main St,Apt 946,Dayton,NJ,50290,2026-05-07
VC003919,Walker,Matthew,G,1956-10-09,3847,994-942-4170,,matthew.walker78@yahoo.com,4820 Forest Ave,,Greenville,UT,19760,2026-05-30
VC003920,Torres,Sandra,Z,21-Apr-1959,5804,+16336337177,,sandra.torres59@icloud.com,428 Oak Ave,Apt 272,Oxford,MT,11851-4843,2026-05-24
VC003921,Johnson,Matthew,,07-09-1980,2812,809.825.9275,7845805998,,1873 Maple Dr,,Richmond,WA,91832,2026-05-16
VC003922,Harris,Robert,N,05/29/2001,8789,(565) 288-8463,,robert.harris40@yahoo.com,1275 Lake Rd,Apt 699,Richmond,WY,24474,2026-05-06
VC003923,Baker,Robert,,1993-03-24,1240,9776654501,,robert.baker34@hotmail.com,8543 Cedar Ln,,Burlington,CT,41778-3159,2026-05-23
VC003924,Brown,Richard,C,08-Feb-1986,7764,857-419-2346,,richard.brown87@icloud.com,5183 Forest Ave,,Burlington,WI,78755,2026-05-15
VC003925,Garcia,Susan,,05-30-1997,8661,+13914645389,,susan.garcia41@gmail.com,6253 Forest Ave,,Fairview,SD,11472,2026-05-20
VC003926,Jackson,Sarah,D,03/13/1988,7286,879.633.3838,,sarah.jackson56@aol.com,2751 Valley Ln,Apt 201,Georgetown,IA,40371-4801,2026-06-01
VC003927,Hill,Charles,M,1970-12-20,4580,(763) 347-5159,,charles.hill18@aol.com,7026 Cedar Ln,Apt 627,Georgetown,OK,97149,2026-05-08
VC003928,Hill,Anthony,A,28-Mar-1980,4587,5562193130,,anthony.hill3@aol.com,2140 Main St,,Marion,OH,28599,2026-06-02
VC003929,Miller,Nancy,,09-15-1975,6626,204-565-5066,276.553.4775,nancy.miller24@hotmail.com,3831 Oak Ave,,Georgetown,ME,97827-1563,2026-05-19
VC003930,Allen,Karen,J,01/25/1965,1054,+18996546433,,karen.allen83@hotmail.com,8838 Park Blvd,,Richmond,IN,71032,2026-05-30
VC003931,Anderson,Linda,,1943-08-17,8286,641.529.8372,,linda.anderson59@hotmail.com,2913 Oak Ave,,Greenville,KS,23923,2026-06-02
VC003932,Wright,Robert,T,12-Dec-1946,7820,(438) 526-7437,,robert.wright75@aol.com,5683 Maple Dr,,Burlington,KS,89011-6527,2026-05-05
VC003933,Brown,Jennifer,F,01-04-1975,1483,7992271985,,jennifer.brown55@icloud.com,7555 Valley Ln,Apt 266,Fairview,PA,97445,2026-05-21
VC003934,Adams,Charles,J,03/08/2002,3473,924-876-5814,,charles.adams25@hotmail.com,7832 Washington St,,Richmond,ID,88633,2026-05-24
VC003935,Smith,William,N,1963-10-10,2310,+18492169158,(281) 826-8439,william.smith67@hotmail.com,4827 Valley Ln,Apt 900,Fairview,ND,41847-7539,2026-05-15
VC003936,Adams,Jennifer,R,30-Jan-1991,2075,806.932.4281,8333553128,jennifer.adams28@aol.com,5553 Lincoln Ave,Apt 678,Fairview,LA,15687,2026-06-03
VC003937,King,James,D,10-08-1990,7102,(436) 453-9566,862-364-1152,,7981 Lake Rd,,Franklin,OH,56749,2026-05-24
VC003938,Young,James,,03/21/1970,2969,8889023387,,james.young55@gmail.com,3118 Lincoln Ave,,Marion,MA,84908-4410,2026-05-09
VC003939,Thompson,Jennifer,,2003-01-21,2241,380-402-5313,,,2358 Hill Rd,,Oxford,IL,26254,2026-05-11
VC003940,Baker,Thomas,B,17-Nov-1956,4367,+19132138186,(213) 374-5604,thomas.baker68@yahoo.com,2562 Forest Ave,,Franklin,GA,61287,2026-05-22
VC003941,Baker,Anthony,,09-29-1984,9193,678.990.5628,4255877099,,1530 Sunset Blvd,,Burlington,ID,66885-7041,2026-05-20
VC003942,Scott,Mark,,03/07/1980,3919,(534) 860-7158,,,6428 Valley Ln,Apt 411,Manchester,WY,35947,2026-05-27
VC003943,Wilson,Barbara,S,1953-03-08,3309,7678468647,+19334984741,barbara.wilson59@yahoo.com,9329 Washington St,,Richmond,MA,92137,2026-05-19
VC003944,Miller,Anthony,K,12-Oct-2004,3189,555-847-7047,908.691.4464,anthony.miller1@icloud.com,5318 Oak Ave,,Burlington,OK,44608-7619,2026-05-08
VC003945,Hall,James,P,10-02-1967,1543,+13103761633,(307) 227-1680,james.hall44@icloud.com,915 Cedar Ln,,Oxford,IN,43141,2026-05-16
VC003946,Williams,Jennifer,R,03/13/1966,4526,567.869.5807,5649051968,jennifer.williams76@icloud.com,3151 Maple Dr,,Arlington,VT,46193,2026-05-22
VC003947,Johnson,Margaret,G,1984-02-21,5630,(582) 216-8163,414-493-1176,,526 Hill Rd,Apt 272,Richmond,MA,80622-5267,2026-05-10
VC003948,Anderson,Christopher,,28-Dec-1969,7321,2925755782,+19707686228,,7379 Sunset Blvd,,Fairview,CO,95283,2026-05-14
VC003949,Jones,Daniel,O,08-10-1944,5136,305-212-5658,975.670.8124,daniel.jones97@outlook.com,7691 Forest Ave,,Salem,MI,34164,2026-05-23
VC003950,Harris,Mark,Z,02/21/1973,2643,+16536859398,,mark.harris30@aol.com,1366 Main St,,Arlington,KY,76560-7533,2026-05-24
VC003951,Nelson,Christopher,,1993-05-19,8957,621.946.2162,5872561579,christopher.nelson52@hotmail.com,4633 Valley Ln,,Salem,LA,51295,2026-06-03
VC003952,White,Robert,Z,19-Dec-1942,9656,(760) 919-7697,448-647-6818,robert.white56@yahoo.com,5806 Lincoln Ave,Apt 572,Fairview,LA,18115,2026-05-25
VC003953,Brown,Mary,,09-19-1981,2008,9014038072,,mary.brown29@hotmail.com,4235 River Dr,Apt 355,Clinton,PA,39183-8506,2026-05-12
VC003954,Taylor,Charles,,09/29/1959,8762,223-630-3502,462.997.7178,,3860 Maple Dr,Apt 110,Salem,WA,28928,2026-05-21
VC003955,Nelson,Anthony,,1965-04-22,4187,+19527972196,(967) 729-5812,anthony.nelson5@aol.com,2235 Maple Dr,,Arlington,WV,86089,2026-06-01
VC003956,Jones,James,,04-Mar-1956,6874,745.252.5430,8819069226,james.jones62@outlook.com,7537 River Dr,,Manchester,NM,65833-7418,2026-05-27
VC003957,Scott,Sarah,,09-02-1946,4493,(617) 947-9579,,sarah.scott64@aol.com,3895 Hill Rd,,Franklin,AZ,52051,2026-05-09
VC003958,Anderson,Mary,S,11/08/1989,5147,3028462476,+16158339023,,9884 Main St,Apt 624,Oxford,AR,78931,2026-05-13
VC003959,Scott,John,C,1959-01-01,9919,217-776-8604,,john.scott17@aol.com,1861 Cedar Ln,Apt 2,Salem,WV,93790-6562,2026-05-22
VC003960,Young,Anthony,U,09-Aug-2004,3734,+15447901186,,,372 Washington St,,Manchester,SC,96073,2026-05-14
VC003961,Torres,Jennifer,K,10-13-1950,3896,917.427.6212,,,7480 Forest Ave,,Salem,SC,38889,2026-05-10
VC003962,Adams,David,,05/18/1995,9146,(314) 774-6587,490-373-5269,,5225 Forest Ave,Apt 404,Madison,NE,21052-8616,2026-06-01
VC003963,Nelson,Mark,,1980-06-15,9792,6456221637,,mark.nelson32@aol.com,40 Valley Ln,Apt 681,Richmond,NC,61146,2026-05-16
VC003964,Baker,Lisa,G,06-Aug-2002,9623,306-979-5824,,lisa.baker11@aol.com,3456 Forest Ave,Apt 590,Franklin,ME,64135,2026-05-21
VC003965,Smith,Jessica,,10-16-1964,5929,+15083075696,,,178 River Dr,,Clinton,PA,51134-1217,2026-05-12
VC003966,Hall,Patricia,,06/02/2000,2620,609.731.9080,7382694468,patricia.hall40@outlook.com,1118 Sunset Blvd,,Arlington,IN,89919,2026-05-28
VC003967,Wright,Nancy,,1963-09-28,6916,(950) 374-8244,,nancy.wright89@hotmail.com,1922 Sunset Blvd,,Manchester,NC,13818,2026-05-23
VC003968,Jones,Sarah,U,20-Jan-1965,6688,8436892399,,,2567 Lincoln Ave,,Franklin,ND,86591-7651,2026-06-03
VC003969,Nelson,Karen,L,07-26-1981,2101,770-879-6661,795.492.1183,karen.nelson71@aol.com,9717 Maple Dr,Apt 804,Richmond,OK,72564,2026-05-25
VC003970,Wright,Linda,N,06/20/1984,9697,+18972181491,(220) 848-2589,,8752 Sunset Blvd,,Dayton,WA,25988,2026-05-25
VC003971,Nelson,Anthony,V,1972-09-29,2916,799.840.5620,,anthony.nelson69@icloud.com,78 Park Blvd,Apt 573,Fairview,PA,42383-2449,2026-05-20
VC003972,Davis,David,P,21-Aug-1999,2570,(896) 746-4630,948-326-7464,,3104 Cedar Ln,,Franklin,TN,51798,2026-05-19
VC003973,Adams,Thomas,M,06-01-1947,4704,6414967898,,thomas.adams36@icloud.com,7921 Washington St,,Dayton,WI,56935,2026-05-10
VC003974,Martin,Jessica,,10/06/1957,4768,600-370-3881,,,8026 Maple Dr,Apt 698,Marion,VT,42122-3132,2026-05-23
VC003975,Wright,Mark,,1970-12-06,9881,+14625329188,,,9919 Hill Rd,Apt 63,Burlington,WY,40403,2026-05-22
VC003976,Wilson,Joseph,V,29-Sep-1978,4245,436.284.8620,3906941778,joseph.wilson78@yahoo.com,5642 River Dr,,Richmond,CA,34835,2026-05-29
VC003977,Walker,Ashley,I,01-29-1959,9482,(910) 473-8528,,,4017 Oak Ave,Apt 942,Arlington,AK,57858-3715,2026-06-03
VC003978,White,James,,08/02/1956,1107,8677569471,+19689979410,,8734 Hill Rd,Apt 872,Dayton,PA,87191,2026-05-31
VC003979,Williams,William,,1947-07-08,5136,906-484-3227,,,6090 Oak Ave,Apt 856,Arlington,MI,21714,2026-06-04
VC003980,Nguyen,William,,24-Apr-1981,6192,+14337425707,(562) 543-6830,william.nguyen21@yahoo.com,4990 Park Blvd,Apt 640,Clinton,CA,21949-9792,2026-05-31
VC003981,Smith,John,N,11-29-1997,9703,282.294.8389,,john.smith97@gmail.com,4472 Lake Rd,,Franklin,UT,76180,2026-05-31
VC003982,White,Sarah,,07/13/1957,2626,(338) 859-7055,876-704-9297,sarah.white98@yahoo.com,3755 Forest Ave,Apt 276,Madison,WA,74924,2026-05-18
VC003983,Young,Linda,,1994-10-14,8290,5894585329,+19148823807,linda.young97@icloud.com,1047 Lincoln Ave,,Franklin,IL,34882-6957,2026-05-09
VC003984,Martin,Daniel,N,15-Jan-1967,7429,347-426-9849,,,9072 Oak Ave,,Dayton,IN,84786,2026-05-22
VC003985,Thomas,Richard,W,03-17-1968,7032,+14933831112,,richard.thomas49@aol.com,8081 Forest Ave,,Dayton,OH,20652,2026-05-28
VC003986,Wilson,James,Y,07/19/1947,2615,270.873.3069,4234209750,james.wilson26@outlook.com,5369 River Dr,Apt 165,Richmond,OR,81476-9007,2026-05-14
VC003987,Nguyen,Mary,,1962-07-15,8722,(597) 904-6363,,mary.nguyen56@hotmail.com,2322 Valley Ln,,Clinton,NJ,87866,2026-05-18
VC003988,Wilson,Lisa,,11-Mar-1993,1946,5596781012,,,1161 Jefferson Dr,,Springfield,AZ,99696,2026-05-20
VC003989,Martin,Betty,M,01-10-1952,3564,453-693-7733,,betty.martin10@hotmail.com,7658 Lake Rd,Apt 878,Burlington,MS,69129-8494,2026-05-26
VC003990,Baker,Sandra,E,02/20/1951,8013,+16836249805,(632) 961-2574,sandra.baker82@aol.com,6083 Lake Rd,,Richmond,WA,15014,2026-05-30
VC003991,Garcia,Jennifer,J,1949-12-05,4599,866.605.1120,2639558308,jennifer.garcia58@hotmail.com,3154 Cedar Ln,Apt 936,Marion,KY,74507,2026-05-26
VC003992,Brown,Barbara,V,30-Aug-1956,8973,(723) 597-7852,636-579-8424,barbara.brown89@yahoo.com,9772 Maple Dr,,Oxford,MO,65448-3199,2026-05-14
VC003993,Torres,Susan,B,10-10-2004,8315,9793081030,,susan.torres44@icloud.com,774 River Dr,,Dayton,NM,14379,2026-05-07
VC003994,Garcia,Susan,,01/24/1973,2647,935-381-4649,,susan.garcia15@gmail.com,4184 Lincoln Ave,,Greenville,OK,57234,2026-05-31
VC003995,Thompson,Nancy,,1943-02-16,1719,+15014108146,,,7942 Lake Rd,Apt 743,Burlington,UT,82754-3042,2026-06-02
VC003996,Jackson,Robert,M,04-May-1960,5388,867.562.5554,,,930 Maple Dr,,Salem,NM,27117,2026-05-16
VC003997,Young,Margaret,X,08-16-1972,3219,(202) 238-2661,253-331-9353,margaret.young43@hotmail.com,4481 Valley Ln,,Salem,FL,20146,2026-05-10
VC003998,Jones,John,E,08/01/1965,1511,6822562304,+15728319841,john.jones27@aol.com,7309 River Dr,,Oxford,IN,24376-4115,2026-05-10
VC003999,Davis,Karen,,1981-01-08,9762,334-589-8956,506.225.2352,karen.davis91@icloud.com,1012 Cedar Ln,,Fairview,AR,82690,2026-06-02
VC004000,Walker,Patricia,,25-Feb-1990,5777,+18428742220,,patricia.walker53@outlook.com,357 Main St,Apt 51,Oxford,OR,67972,2026-05-11
VC004001,Harris,John,X,05-28-1941,8751,498.535.7901,9375834132,john.harris17@gmail.com,3590 Lincoln Ave,,Oxford,KY,42901-5427,2026-05-10
VC004002,Walker,James,F,12/26/1944,7064,(887) 537-1203,373-744-7920,james.walker9@yahoo.com,3702 Forest Ave,Apt 198,Georgetown,MD,53598,2026-06-02
VC004003,Thompson,Karen,T,1963-11-08,6224,8213045260,+12159091257,,1803 Oak Ave,,Springfield,WV,21917,2026-05-15
VC004004,Taylor,Matthew,,03-Nov-1977,4383,845-283-9993,,matthew.taylor65@yahoo.com,8287 Cedar Ln,,Salem,NY,53888-8691,2026-05-12
VC004005,Garcia,Mary,W,11-15-1946,6803,+19368596632,(411) 560-1769,mary.garcia55@outlook.com,3994 Lake Rd,,Burlington,TX,82844,2026-06-04
VC004006,Hall,Joseph,,10/20/1940,2684,997.685.5564,2453149910,joseph.hall39@hotmail.com,4970 Lincoln Ave,Apt 419,Richmond,RI,47233,2026-06-01
VC004007,Johnson,James,,1973-04-21,4935,(805) 921-5458,893-366-6233,james.johnson64@icloud.com,1634 Valley Ln,,Fairview,HI,45484-4630,2026-05-22
VC004008,Scott,Richard,N,29-Nov-1961,1581,2692366116,,,9441 Park Blvd,,Clinton,DE,73615,2026-05-11
VC004009,Smith,William,X,10-07-1948,2086,926-400-9361,616.753.4518,william.smith36@gmail.com,3792 Lincoln Ave,Apt 948,Marion,OR,16669,2026-06-02
VC004010,Garcia,Margaret,I,07/28/2000,9018,+16825149263,,,9659 Lake Rd,,Franklin,GA,46898-8117,2026-05-17
VC004011,Walker,Nancy,Z,1963-12-24,3587,422.277.1107,,nancy.walker68@yahoo.com,2335 Jefferson Dr,Apt 181,Franklin,MT,25692,2026-05-20
VC004012,Allen,Daniel,H,01-Dec-1966,6172,(395) 638-3429,,,4170 Washington St,,Franklin,NJ,62415,2026-05-17
VC004013,Nelson,Sandra,X,05-12-1987,4236,8503572286,+15933602753,sandra.nelson87@gmail.com,1975 Cedar Ln,Apt 62,Richmond,CO,40287-9870,2026-05-12
VC004014,King,Susan,B,06/11/1954,6613,801-241-9844,676.615.3548,susan.king9@icloud.com,936 River Dr,,Fairview,SD,50180,2026-05-20
VC004015,Allen,Margaret,A,1985-11-17,9501,+13608359411,,,1192 Valley Ln,,Richmond,RI,70450,2026-05-30
VC004016,Thomas,John,,05-Sep-2001,9877,970.569.9730,3747116243,john.thomas1@gmail.com,3441 Lake Rd,Apt 99,Dayton,IL,49647-2848,2026-05-15
VC004017,Scott,Anthony,,06-20-1995,7213,(339) 426-4065,615-952-1088,,5915 Washington St,Apt 509,Burlington,NV,69682,2026-05-11
VC004018,Jackson,Daniel,,07/11/1968,3621,4107636623,+15546353722,daniel.jackson34@aol.com,8536 Lincoln Ave,,Richmond,VT,98369,2026-05-09
VC004019,Nguyen,Linda,J,1946-08-06,8716,433-300-4884,,,6760 Jefferson Dr,,Fairview,MO,38922-7137,2026-05-09
VC004020,Smith,Nancy,H,20-Nov-2000,1666,+12743035399,,nancy.smith97@hotmail.com,2649 Lincoln Ave,,Georgetown,CO,52384,2026-05-11
VC004021,Brown,Mark,B,05-11-1969,6155,200.263.9531,,mark.brown55@aol.com,5204 Cedar Ln,,Madison,VA,71125,2026-05-16
VC004022,Garcia,Christopher,Y,07/23/1944,1911,(302) 729-1176,521-627-8579,christopher.garcia91@aol.com,5805 Lake Rd,,Manchester,KY,74406-7992,2026-05-25
VC004023,Brown,Margaret,I,1980-10-29,1933,3608023212,,margaret.brown38@aol.com,7487 Lincoln Ave,,Georgetown,GA,18208,2026-05-25
VC004024,Thompson,James,,04-Nov-1971,3445,507-244-7319,,james.thompson33@icloud.com,5741 Washington St,Apt 3,Burlington,SD,48799,2026-06-02
VC004025,Taylor,David,,01-21-1983,5741,+17752234738,,,2509 River Dr,,Springfield,HI,84660-7114,2026-05-30
VC004026,Johnson,Sandra,Z,05/07/1954,1561,661.291.7046,2496095374,,5307 Sunset Blvd,,Manchester,HI,89774,2026-05-06
VC004027,Smith,Robert,,1947-02-24,1374,(242) 296-7979,943-640-6955,robert.smith84@outlook.com,4100 Hill Rd,,Fairview,SD,13463,2026-05-31
VC004028,Garcia,Mark,N,13-Feb-1955,5349,6353465515,+16948292735,mark.garcia3@outlook.com,3081 Lincoln Ave,,Oxford,NM,93014-9372,2026-05-24
VC004029,King,Ashley,B,09-02-1958,7590,450-840-8991,237.685.2048,,4660 Forest Ave,,Georgetown,AR,66311,2026-06-04
VC004030,Torres,William,S,10/10/1972,5537,+14282689451,,,328 Jefferson Dr,,Madison,KY,49526,2026-05-16
VC004031,Brown,Joseph,,1947-05-28,8524,332.571.2317,,joseph.brown11@icloud.com,898 Lake Rd,Apt 133,Springfield,RI,68726-2741,2026-05-16
VC004032,Miller,Richard,C,22-Aug-1974,7108,(723) 257-6915,,richard.miller78@aol.com,6514 Maple Dr,,Burlington,NV,58448,2026-05-05
VC004033,King,Betty,D,12-26-1978,1605,7925123476,,betty.king68@icloud.com,5536 Valley Ln,Apt 816,Oxford,IN,11854,2026-05-14
VC004034,Adams,Linda,,05/25/1960,3606,800-789-3519,264.884.8444,linda.adams75@hotmail.com,8028 Washington St,,Madison,AZ,36349-5063,2026-05-28
VC004035,Allen,Nancy,,2000-05-31,3879,+18978294243,,nancy.allen89@yahoo.com,8546 Sunset Blvd,Apt 79,Franklin,WI,89481,2026-05-08
VC004036,Thompson,Barbara,J,31-Dec-1991,4625,345.586.2490,8152507975,barbara.thompson29@hotmail.com,3973 Lake Rd,Apt 161,Georgetown,IN,88302,2026-05-05
VC004037,Wilson,Robert,,11-09-1966,8438,(507) 703-7764,,robert.wilson95@hotmail.com,8077 Oak Ave,Apt 523,Oxford,GA,28011-2870,2026-05-07
VC004038,Torres,Charles,X,03/22/1966,9395,8984473807,+13104514927,,1692 Oak Ave,Apt 97,Burlington,MS,97361,2026-06-01
VC004039,Jones,Barbara,A,1979-07-20,3067,247-567-7725,982.436.2441,barbara.jones49@hotmail.com,5365 Sunset Blvd,,Richmond,HI,49354,2026-05-18
VC004040,Thompson,Anthony,,23-Feb-1998,1009,+18475905959,(344) 686-4956,anthony.thompson46@gmail.com,6252 Washington St,,Richmond,MI,39412-7261,2026-05-21
VC004041,Smith,Sarah,I,08-11-1944,6770,766.283.5164,,sarah.smith6@yahoo.com,5018 Valley Ln,,Oxford,SD,62384,2026-05-08
VC004042,Scott,Mark,Y,07/02/1960,2183,(292) 774-2357,535-883-7692,mark.scott79@hotmail.com,4329 Washington St,,Georgetown,FL,75463,2026-05-15
VC004043,Torres,Mark,O,1945-10-12,9970,5362161893,+19948767466,mark.torres35@hotmail.com,8943 River Dr,,Franklin,WY,88330-6282,2026-05-08
VC004044,Nelson,Patricia,V,20-Oct-1974,4594,960-377-4367,,,6601 Main St,,Greenville,ID,50056,2026-05-17
VC004045,Martin,Joseph,X,07-04-1962,7488,+13795417303,(391) 862-9672,,4108 Lincoln Ave,,Burlington,MA,93099,2026-05-29
VC004046,White,Thomas,,01/07/1988,1342,853.555.3868,,thomas.white91@icloud.com,6874 Valley Ln,Apt 664,Georgetown,CA,68060-3056,2026-05-19
VC004047,Wilson,Jennifer,,1964-11-14,8756,(801) 860-7274,358-480-9683,jennifer.wilson17@aol.com,5410 Valley Ln,,Manchester,PA,89269,2026-05-07
VC004048,Harris,Daniel,,11-Nov-1958,6369,5047661583,+17157151925,daniel.harris54@aol.com,6071 Lincoln Ave,,Madison,WA,68833,2026-05-15
VC004049,Adams,John,F,05-11-1949,6667,965-447-7139,673.844.7623,john.adams29@outlook.com,8635 River Dr,,Clinton,WV,73697-4577,2026-05-25
VC004050,Johnson,Charles,,12/21/1995,4667,+18482125609,,charles.johnson8@outlook.com,6205 Oak Ave,,Clinton,PA,23366,2026-05-29
VC004051,Anderson,Daniel,C,1979-07-25,9387,599.611.1810,,daniel.anderson75@yahoo.com,5433 Lake Rd,Apt 557,Dayton,SD,35165,2026-05-06
VC004052,Wright,Thomas,,20-Dec-1953,4085,(559) 967-7684,,thomas.wright29@aol.com,1744 Cedar Ln,,Dayton,TN,69461-3250,2026-05-05
VC004053,Taylor,John,,10-05-1943,3437,2347994981,,,5849 Lake Rd,,Georgetown,MN,69176,2026-05-17
VC004054,Williams,Thomas,O,01/14/1994,1831,496-806-6002,,thomas.williams6@gmail.com,9183 Main St,Apt 214,Greenville,SC,78897,2026-05-09
VC004055,Walker,Patricia,K,1946-11-24,7118,+17825572192,,patricia.walker35@icloud.com,7201 Main St,Apt 682,Burlington,IL,87953-5443,2026-05-19
VC004056,Brown,Christopher,,22-Oct-2001,8026,604.297.8680,5088693606,christopher.brown89@hotmail.com,4706 Washington St,Apt 153,Clinton,WA,90238,2026-05-24
VC004057,Jackson,Charles,,05-13-1987,4512,(481) 642-8550,915-268-3034,charles.jackson55@yahoo.com,4821 River Dr,,Clinton,NH,28861,2026-05-18
VC004058,White,Daniel,,09/16/1995,7927,2569646824,,daniel.white62@yahoo.com,8979 Lake Rd,Apt 354,Marion,ID,20113-7404,2026-06-02
VC004059,Hall,Betty,,2003-05-14,8735,815-696-1276,528.334.4532,,8324 Valley Ln,,Georgetown,KS,76530,2026-05-19
VC004060,Adams,Linda,,10-Jun-1972,6246,+19826762786,,linda.adams4@yahoo.com,7632 Park Blvd,,Arlington,MN,27948,2026-05-19
VC004061,Jones,Jessica,X,10-27-1983,1237,475.552.2155,,,6485 Valley Ln,,Clinton,CO,38202-5691,2026-05-13
VC004062,Young,Matthew,,06/18/1941,9480,(663) 658-7505,,matthew.young33@hotmail.com,4 Washington St,,Springfield,ME,88087,2026-05-08
VC004063,Wilson,Susan,H,1985-03-03,1337,3604578862,+17598745210,susan.wilson48@aol.com,6742 Hill Rd,,Madison,GA,81169,2026-05-05
VC004064,Allen,James,,21-Aug-1948,7148,312-708-7852,325.438.1446,,1446 Forest Ave,Apt 419,Franklin,MN,18746-4530,2026-05-17
VC004065,Garcia,William,G,08-29-1963,2412,+15998027650,,william.garcia67@aol.com,845 Valley Ln,,Fairview,MT,49845,2026-05-05
VC004066,Torres,Joseph,K,05/08/1970,1891,860.318.2752,,joseph.torres54@hotmail.com,6844 Lake Rd,,Burlington,SC,70061,2026-06-02
VC004067,Smith,Christopher,L,1997-02-13,1497,(509) 345-5304,,christopher.smith5@gmail.com,7487 Lincoln Ave,Apt 100,Arlington,IN,25771-9098,2026-05-14
VC004068,Nelson,Robert,,30-May-1980,8120,7425455668,+19422661256,robert.nelson28@aol.com,550 Valley Ln,Apt 234,Oxford,AR,59829,2026-05-16
VC004069,Thomas,Jennifer,,12-07-1999,1511,648-513-6678,,,8811 Oak Ave,,Manchester,PA,96470,2026-05-14
VC004070,Hall,Mary,,07/17/1954,7171,+17125821550,(206) 927-8323,mary.hall74@yahoo.com,5202 Washington St,Apt 860,Madison,WI,68280-8217,2026-06-02
VC004071,Baker,Betty,K,1984-09-15,1083,602.737.2450,5008846434,betty.baker79@outlook.com,3150 Oak Ave,Apt 695,Madison,WV,52606,2026-05-12
VC004072,Hall,Patricia,,09-Jun-1958,2632,(726) 621-4295,804-619-3744,patricia.hall77@yahoo.com,2193 Forest Ave,,Burlington,AR,30166,2026-05-22
VC004073,Allen,Patricia,U,12-20-1961,5723,3854238944,+17226544057,patricia.allen45@gmail.com,4755 Cedar Ln,,Marion,SD,75370-1395,2026-05-13
VC004074,Torres,Christopher,L,10/06/1970,5939,870-395-4160,,,7304 Oak Ave,Apt 372,Franklin,OH,91134,2026-05-14
VC004075,Smith,Nancy,K,1980-01-02,5173,+19026349461,(594) 809-8327,nancy.smith70@hotmail.com,2874 Sunset Blvd,,Oxford,CO,23798,2026-06-02
VC004076,Hill,Barbara,,05-Jul-2000,9562,754.642.5573,,,1251 Valley Ln,Apt 527,Marion,IL,86096-1886,2026-05-31
VC004077,Williams,Karen,M,03-07-1981,6801,(695) 560-1895,823-309-3487,karen.williams14@aol.com,8955 Oak Ave,Apt 587,Dayton,MT,71842,2026-05-22
VC004078,Torres,Robert,,12/06/1991,9349,7137346477,,robert.torres88@yahoo.com,9637 Washington St,Apt 630,Oxford,WY,96422,2026-05-25
VC004079,Allen,Sarah,F,1987-10-24,9185,614-958-9404,323.428.8972,sarah.allen92@gmail.com,4145 Jefferson Dr,,Clinton,ME,33291-2378,2026-05-21
VC004080,Hill,John,K,27-Feb-1942,9649,+18032469052,,john.hill42@outlook.com,382 Lake Rd,,Clinton,ID,64386,2026-05-19
VC004081,Young,Betty,,08-25-1962,2821,339.845.4134,,,5327 Forest Ave,Apt 53,Franklin,WV,27128,2026-05-21
VC004082,Torres,Mark,,04/07/1969,1443,(307) 445-5437,,mark.torres82@gmail.com,4200 Valley Ln,,Clinton,OH,86017-9033,2026-05-21
VC004083,Allen,Sandra,F,1969-05-30,9461,8829323293,+17562196540,sandra.allen39@hotmail.com,6188 Hill Rd,,Burlington,KS,23792,2026-05-26
VC004084,Nelson,John,K,29-Nov-1975,7762,592-351-8781,746.912.2525,john.nelson85@yahoo.com,3625 Sunset Blvd,Apt 550,Dayton,AK,21543,2026-05-12
VC004085,Walker,Anthony,,11-18-1946,8007,+12609896583,(736) 931-1373,anthony.walker18@outlook.com,1964 Park Blvd,,Richmond,CT,68820-7021,2026-05-29
VC004086,Miller,Linda,D,06/14/1948,2589,684.962.8386,,linda.miller88@outlook.com,5294 Forest Ave,Apt 982,Oxford,TN,45729,2026-05-18
VC004087,Harris,Mark,,1969-06-05,5324,(558) 405-1100,,mark.harris10@aol.com,7094 River Dr,Apt 120,Burlington,MN,21013,2026-05-24
VC004088,Harris,Ashley,,15-Dec-1976,8400,5649331448,,,2876 Park Blvd,,Fairview,ME,14149-8313,2026-05-07
VC004089,Scott,Karen,,09-25-1940,1284,969-998-2276,,karen.scott51@outlook.com,133 Jefferson Dr,Apt 687,Clinton,TN,40011,2026-05-19
VC004090,Jackson,Ashley,,04/19/1990,5054,+16547509363,,ashley.jackson72@aol.com,6881 River Dr,Apt 847,Springfield,LA,15128,2026-05-09
VC004091,Thompson,Jennifer,,1948-07-28,2570,907.543.1309,7169585016,jennifer.thompson43@icloud.com,5349 Jefferson Dr,Apt 981,Greenville,HI,47788-8306,2026-05-22
VC004092,Hall,John,,03-Feb-1988,9938,(442) 997-3345,772-896-1958,john.hall92@outlook.com,7591 Forest Ave,,Greenville,NV,45481,2026-05-30
VC004093,Smith,Anthony,W,10-29-1981,6688,6872536444,,anthony.smith33@gmail.com,3087 Maple Dr,Apt 181,Oxford,CA,43694,2026-05-07
VC004094,Wilson,Michael,,02/02/1942,1848,873-265-9897,469.980.2214,michael.wilson16@aol.com,5035 Forest Ave,,Franklin,CA,47488-2208,2026-05-25
VC004095,Thomas,Barbara,L,1970-06-18,1640,+14249246800,(689) 919-3843,barbara.thomas73@outlook.com,9881 Lake Rd,Apt 43,Greenville,ME,16294,2026-05-20
VC004096,Taylor,Christopher,L,23-Aug-1980,9226,224.228.3728,,christopher.taylor7@outlook.com,785 Park Blvd,,Georgetown,HI,61788,2026-05-23
VC004097,Johnson,Mark,P,05-08-2003,8390,(927) 450-6379,505-418-5147,mark.johnson35@gmail.com,2999 Valley Ln,,Georgetown,OH,88173-8755,2026-05-15
VC004098,King,Karen,U,04/12/1948,1368,5614667699,+14554318079,karen.king56@gmail.com,6360 Washington St,Apt 697,Burlington,SD,32957,2026-05-24
VC004099,Hill,Betty,,2004-09-23,3158,394-424-1119,969.422.3262,betty.hill86@outlook.com,1681 Park Blvd,Apt 851,Salem,ND,87385,2026-05-31
VC004100,Harris,Michael,,13-Nov-1977,8730,+17473215753,,michael.harris66@outlook.com,6425 River Dr,,Madison,MO,97357-9464,2026-05-14
VC004101,Hall,Linda,,03-02-1982,3910,481.254.8526,,linda.hall44@outlook.com,2813 Cedar Ln,,Richmond,FL,46496,2026-06-04
VC004102,Garcia,James,,12/23/1946,1980,(221) 556-2982,674-330-8394,james.garcia78@yahoo.com,2533 Forest Ave,Apt 120,Franklin,RI,79461,2026-05-30
VC004103,Garcia,James,G,1943-03-29,9955,6457614196,+15599334921,james.garcia45@hotmail.com,5962 River Dr,,Burlington,AR,17883-6819,2026-05-25
VC004104,Anderson,Jessica,R,26-Sep-1983,5367,687-786-5073,,jessica.anderson74@yahoo.com,9563 Oak Ave,Apt 92,Arlington,RI,50420,2026-05-08
VC004105,Young,Ashley,V,04-24-1958,3054,+19707084252,(543) 610-9612,ashley.young62@yahoo.com,7906 Main St,,Georgetown,CA,23591,2026-06-04
VC004106,Hill,Joseph,M,10/07/2003,2885,687.299.8178,5888784197,,7413 Lake Rd,Apt 351,Franklin,MD,15856-9421,2026-05-05
VC004107,Hill,Mary,,1964-05-04,7077,(842) 642-6335,,mary.hill65@aol.com,7068 Forest Ave,Apt 258,Manchester,IL,35715,2026-05-29
VC004108,Nguyen,Mark,A,08-Mar-1991,5355,2465541017,+13304352134,mark.nguyen16@icloud.com,835 Maple Dr,Apt 261,Clinton,UT,53623,2026-05-31
VC004109,Adams,Barbara,G,11-06-1944,1296,493-931-5465,,barbara.adams88@yahoo.com,7995 Hill Rd,Apt 348,Marion,ME,37670-3118,2026-05-19
VC004110,Martin,James,A,10/31/1949,2965,+14084887987,(497) 596-2849,james.martin4@hotmail.com,7289 Hill Rd,,Greenville,NJ,48658,2026-05-17
VC004111,Jackson,Betty,,1989-03-06,2876,473.497.5502,,,7544 Valley Ln,,Burlington,OH,50783,2026-05-13
VC004112,Scott,Sarah,,20-Oct-1991,9886,(304) 211-7989,675-590-8783,,7199 Park Blvd,Apt 670,Greenville,IN,43622-2726,2026-05-06
VC004113,Nguyen,John,,10-12-2003,6423,6025224204,+19824738743,john.nguyen18@icloud.com,2599 Forest Ave,Apt 247,Fairview,MA,97945,2026-05-31
VC004114,Nelson,Linda,F,05/16/1942,7788,408-752-5566,,,1873 Maple Dr,,Salem,IA,25953,2026-06-01
VC004115,Thomas,Sarah,J,1949-06-05,4469,+12314172808,,,2926 Cedar Ln,Apt 389,Clinton,IA,82628-8153,2026-05-07
VC004116,Miller,James,O,07-Jan-1952,6642,939.867.8406,,james.miller22@gmail.com,7476 Lake Rd,,Oxford,SC,17163,2026-05-13
VC004117,Anderson,Daniel,H,01-19-1984,2121,(383) 814-6044,460-841-5263,daniel.anderson13@hotmail.com,7033 Main St,,Richmond,MT,85927,2026-05-23
VC004118,White,Joseph,F,07/30/1964,1132,8849539433,,joseph.white12@gmail.com,6977 Sunset Blvd,,Franklin,MI,64595-7666,2026-05-30
VC004119,Taylor,Margaret,N,1978-04-26,1136,790-315-8764,,,9461 River Dr,Apt 303,Madison,MD,25054,2026-05-21
VC004120,Baker,Nancy,Z,27-Mar-1954,2870,+15269349194,,nancy.baker40@yahoo.com,345 Forest Ave,Apt 985,Burlington,ME,29010,2026-05-11
VC004121,Thomas,Michael,,08-29-1975,6301,232.458.7382,2126753578,,3057 Jefferson Dr,,Salem,NJ,96288-1282,2026-05-15
VC004122,Torres,Betty,A,04/26/1951,4685,(635) 307-5509,,betty.torres48@yahoo.com,7363 Lake Rd,,Clinton,ND,32713,2026-05-15
VC004123,Hill,Thomas,,1984-11-08,8347,9632087452,,thomas.hill81@yahoo.com,7040 River Dr,Apt 394,Georgetown,IN,43906,2026-05-28
VC004124,Nelson,Lisa,,22-Nov-1971,6776,224-590-4460,,,4348 Forest Ave,,Dayton,NM,58795-4744,2026-05-21
VC004125,Davis,Lisa,S,11-05-1994,8387,+12824134705,(499) 460-5214,lisa.davis18@hotmail.com,8747 River Dr,,Manchester,IN,85474,2026-05-12
VC004126,King,Matthew,,03/09/1964,7110,211.688.2653,,matthew.king90@hotmail.com,31 Main St,,Salem,TX,55251,2026-05-17
VC004127,Johnson,Susan,D,1984-03-21,1561,(882) 888-9446,,susan.johnson65@hotmail.com,816 Hill Rd,,Springfield,CT,82199-7691,2026-06-03
VC004128,Smith,James,C,09-Oct-2004,8738,3847062977,,james.smith25@outlook.com,3226 Main St,Apt 699,Marion,VT,38984,2026-05-13
VC004129,Thomas,David,,06-08-1962,1815,783-413-5201,,,7879 Washington St,,Oxford,UT,44827,2026-05-11
VC004130,Anderson,Susan,F,07/31/1944,4985,+15733218856,,susan.anderson33@hotmail.com,2826 Park Blvd,Apt 853,Oxford,MS,89610-9419,2026-05-17
VC004131,Allen,Mark,K,1952-03-25,9399,356.758.6018,5183731021,mark.allen78@outlook.com,2541 River Dr,,Marion,AR,88477,2026-05-27
VC004132,Brown,Michael,,25-Mar-1991,9599,(994) 580-1145,,michael.brown58@icloud.com,6472 Maple Dr,Apt 658,Springfield,NY,11040,2026-05-29
VC004133,Miller,Jennifer,P,07-05-1991,2720,4584451297,+14083078371,jennifer.miller24@gmail.com,1004 River Dr,,Fairview,VT,18398-6586,2026-05-09
VC004134,Taylor,Susan,Z,07/22/1955,1496,702-797-8954,880.709.1883,,1848 Sunset Blvd,,Dayton,WA,36513,2026-05-30
VC004135,Thomas,Anthony,R,1962-11-21,6932,+12825609890,,anthony.thomas86@gmail.com,2802 Forest Ave,,Burlington,AL,30571,2026-05-11
VC004136,Taylor,Susan,G,09-Jul-1940,6885,475.311.8185,6162262201,,7199 Maple Dr,,Greenville,MN,66880-8112,2026-05-30
VC004137,Allen,Ashley,N,11-04-1955,6539,(558) 522-4432,617-641-8286,,4309 Maple Dr,,Salem,TX,30770,2026-05-19
VC004138,Jones,Linda,L,05/31/2004,7938,8215846581,+18827168264,,5228 Maple Dr,,Manchester,WI,94530,2026-05-12
VC004139,Davis,Karen,,2004-03-29,3491,583-362-2640,995.679.6790,karen.davis68@yahoo.com,2714 Sunset Blvd,,Dayton,SC,39656-7392,2026-05-23
VC004140,White,Daniel,N,22-Dec-1987,6453,+13763619467,(815) 915-5735,daniel.white28@aol.com,7020 Maple Dr,,Marion,OH,52284,2026-05-26
VC004141,Martin,John,E,10-21-1982,1951,636.826.9514,4132874370,,9579 Maple Dr,,Dayton,MS,79827,2026-05-17
VC004142,King,Jessica,,12/20/1986,9456,(626) 389-2536,,,8176 Maple Dr,Apt 523,Springfield,ME,81512-9376,2026-05-28
VC004143,Thompson,Matthew,E,1962-09-18,2129,7738437989,+19097829643,matthew.thompson37@yahoo.com,71 Lake Rd,Apt 657,Madison,MA,93774,2026-05-28
VC004144,Torres,Nancy,,13-Oct-1944,2157,391-940-5965,,nancy.torres91@gmail.com,8339 Jefferson Dr,Apt 175,Dayton,HI,56927,2026-06-03
VC004145,Nelson,Jessica,L,11-26-1980,1868,+17747771049,,jessica.nelson31@yahoo.com,2906 Jefferson Dr,Apt 135,Burlington,IN,20431-7998,2026-05-14
VC004146,Torres,Richard,,03/31/1943,6836,502.822.2899,7849771245,richard.torres12@aol.com,3108 River Dr,Apt 478,Dayton,WA,58978,2026-05-23
VC004147,Davis,Michael,H,1973-02-28,2157,(210) 470-1578,,michael.davis27@hotmail.com,4658 Washington St,,Clinton,NH,28310,2026-05-06
VC004148,Baker,Karen,I,01-May-2002,8152,5303256859,,karen.baker40@gmail.com,2660 Lincoln Ave,,Arlington,MI,67330-4169,2026-05-18
VC004149,Hall,Jennifer,O,03-07-1986,3078,218-521-7143,561.737.4593,jennifer.hall44@gmail.com,2407 Jefferson Dr,,Marion,NC,93983,2026-05-30
VC004150,Hill,Michael,,09/07/1991,1677,+15586183041,(952) 520-3852,michael.hill61@icloud.com,1500 Cedar Ln,Apt 221,Marion,TX,92250,2026-05-24
VC004151,Adams,Margaret,D,1984-01-01,8717,386.479.4844,9164593280,margaret.adams54@icloud.com,3044 Sunset Blvd,,Oxford,NY,76108-2504,2026-05-25
VC004152,Garcia,William,V,11-Mar-1944,3239,(926) 363-4667,,,8765 Jefferson Dr,,Georgetown,TN,28440,2026-05-19
VC004153,Taylor,Ashley,V,11-22-1955,2259,8136127790,,ashley.taylor22@hotmail.com,9362 Washington St,Apt 660,Manchester,NY,83146,2026-05-15
VC004154,Hall,David,I,11/12/1996,8716,988-986-9738,,david.hall2@icloud.com,1287 Lake Rd,Apt 882,Richmond,RI,39096-7664,2026-06-03
VC004155,Jackson,Charles,T,1969-11-12,4804,+18257289738,,charles.jackson25@hotmail.com,3663 Jefferson Dr,Apt 40,Burlington,VA,63675,2026-05-17
VC004156,King,Linda,W,27-Feb-1951,4423,299.898.3491,,linda.king48@outlook.com,8547 Lake Rd,,Marion,WY,23195,2026-05-26
VC004157,White,Susan,S,04-17-2003,1357,(878) 515-4559,,,6601 Cedar Ln,,Greenville,ID,52138-5793,2026-06-04
VC004158,Hall,James,E,03/28/1952,3864,6535507842,,james.hall97@hotmail.com,1739 River Dr,,Arlington,NY,38354,2026-06-04
VC004159,Thomas,Betty,,1961-02-22,8905,456-513-4953,869.205.1767,,6612 Main St,Apt 450,Springfield,OK,28723,2026-05-30
VC004160,Jones,Thomas,,08-Feb-1988,5463,+19926777970,,thomas.jones5@outlook.com,15 Oak Ave,,Fairview,HI,64491-1678,2026-05-11
VC004161,White,Jennifer,P,06-12-1941,5206,293.367.2221,5258432753,jennifer.white88@yahoo.com,1103 Park Blvd,,Madison,WA,40184,2026-06-02
VC004162,Walker,Betty,G,02/29/1964,7337,(225) 971-6317,,betty.walker35@outlook.com,8443 River Dr,,Dayton,NH,91727,2026-05-09
VC004163,Anderson,Barbara,O,1963-05-01,5418,8284637330,,,4348 Valley Ln,Apt 554,Madison,MS,41535-2077,2026-05-30
VC004164,Nelson,Sarah,E,28-Jan-1966,9848,970-872-9118,812.840.5678,,9186 Lincoln Ave,,Fairview,SD,26808,2026-05-18
VC004165,Garcia,Patricia,C,08-10-1945,8469,+13866655358,,patricia.garcia42@icloud.com,490 Lake Rd,Apt 826,Springfield,MA,10528,2026-05-29
VC004166,Thompson,Betty,,12/13/1945,3989,563.563.3123,,betty.thompson9@outlook.com,5500 Jefferson Dr,,Burlington,IA,88739-7322,2026-05-23
VC004167,Allen,Jennifer,A,1979-05-23,7521,(684) 428-5328,,jennifer.allen23@aol.com,2082 Lincoln Ave,,Dayton,CT,66216,2026-05-08
VC004168,Brown,Betty,B,14-Oct-1941,5437,6102597856,+12343924677,,9609 River Dr,,Manchester,DE,21460,2026-05-28
VC004169,Young,Margaret,O,04-23-2000,7420,336-200-8587,950.337.3885,margaret.young63@yahoo.com,7993 Lincoln Ave,Apt 203,Madison,GA,39339-1098,2026-05-16
VC004170,Hall,Jessica,P,09/22/1978,4073,+17959547761,,jessica.hall16@yahoo.com,6182 Cedar Ln,,Burlington,IL,56944,2026-05-30
VC004171,Thomas,Patricia,B,1993-09-13,2228,441.626.2717,,patricia.thomas85@outlook.com,1223 Valley Ln,,Arlington,MI,64655,2026-05-16
VC004172,Wright,Robert,,10-Sep-1972,2598,(485) 373-3247,,robert.wright65@aol.com,20 Main St,Apt 783,Greenville,FL,58040-8050,2026-06-03
VC004173,Martin,Mark,Z,04-29-1975,1170,7014371242,,,5487 Oak Ave,Apt 826,Burlington,MD,93137,2026-05-20
VC004174,Johnson,Charles,,08/25/1990,3623,809-312-4217,,,3231 Forest Ave,Apt 393,Madison,IL,86323,2026-05-20
VC004175,Nelson,Jessica,,1989-04-13,4773,+17906735512,,jessica.nelson64@hotmail.com,8690 Lincoln Ave,,Oxford,SC,56857-2392,2026-05-25
VC004176,Young,Karen,C,29-Jun-1999,8192,923.776.8721,6804277818,,4486 Oak Ave,,Fairview,OR,95467,2026-05-24
VC004177,Davis,Daniel,O,03-13-1973,5929,(346) 546-3524,,daniel.davis57@outlook.com,9301 Lake Rd,,Arlington,DE,29428,2026-05-30
VC004178,White,Karen,,10/12/1984,2274,7564166628,,karen.white76@yahoo.com,4268 Cedar Ln,,Madison,SD,53673-9344,2026-05-18
VC004179,Jackson,Lisa,Y,1950-01-11,2572,327-376-9675,318.859.5995,lisa.jackson14@yahoo.com,571 Oak Ave,,Arlington,VA,55919,2026-05-18
VC004180,Brown,Matthew,,01-Jun-1947,4493,+18399389432,,matthew.brown94@gmail.com,2315 Forest Ave,,Fairview,MD,80571,2026-05-17
VC004181,Hill,Mary,,12-05-1966,8412,533.436.4127,8899083021,mary.hill17@aol.com,2600 Lincoln Ave,,Dayton,HI,38694-5616,2026-06-03
VC004182,Scott,David,H,02/14/2000,8407,(776) 326-5432,,david.scott74@hotmail.com,194 Lincoln Ave,Apt 726,Marion,MN,31213,2026-06-01
VC004183,Johnson,Linda,H,2003-03-11,4345,8268998715,+12966195454,,8804 Lake Rd,,Arlington,MA,90944,2026-05-26
VC004184,Smith,Anthony,C,02-Mar-1983,1698,707-804-7947,,anthony.smith98@yahoo.com,4438 Sunset Blvd,,Springfield,ME,84135-5399,2026-05-10
VC004185,Walker,Susan,T,01-20-1995,1350,+15027129001,(591) 920-5967,susan.walker31@outlook.com,4065 Forest Ave,Apt 991,Greenville,VT,55077,2026-05-29
VC004186,Hall,Jennifer,L,01/16/2001,9796,434.476.1569,8434568907,,5160 Lake Rd,,Oxford,OR,53538,2026-05-24
VC004187,Torres,Michael,,1960-04-19,6641,(975) 743-4122,,michael.torres2@hotmail.com,294 Sunset Blvd,,Springfield,SD,42613-4675,2026-05-05
VC004188,Scott,Susan,,04-Mar-1983,9138,4212852325,+12208002816,susan.scott90@yahoo.com,6553 Park Blvd,,Burlington,LA,66986,2026-05-22
VC004189,King,Ashley,,03-27-1957,8194,502-382-8574,319.772.1613,,1942 Lincoln Ave,,Salem,TX,18309,2026-05-30
VC004190,Brown,Betty,S,04/13/1976,4435,+18698802203,,,5821 Valley Ln,Apt 148,Dayton,KS,18219-5305,2026-05-19
VC004191,Young,Sandra,E,1943-10-16,1967,514.337.6163,,sandra.young74@outlook.com,5728 Oak Ave,,Fairview,WA,65914,2026-05-21
VC004192,Walker,Daniel,,19-Dec-1970,9711,(822) 301-1785,908-933-4590,daniel.walker71@hotmail.com,2798 Lake Rd,,Manchester,MO,33681,2026-05-17
VC004193,Miller,Jennifer,W,09-28-2003,1498,8813328795,,jennifer.miller27@outlook.com,6349 Oak Ave,Apt 750,Salem,NE,45471-5231,2026-05-26
VC004194,Miller,Jessica,I,01/09/1955,2543,763-283-6127,,jessica.miller43@aol.com,9323 Washington St,,Salem,VT,71662,2026-05-17
VC004195,Torres,Ashley,I,1976-11-24,1692,+15639714628,(752) 288-4024,,1889 Jefferson Dr,,Burlington,WI,83589,2026-05-15
VC004196,Nelson,Matthew,,17-Apr-1969,7067,641.834.5789,,matthew.nelson50@outlook.com,5479 Oak Ave,,Manchester,NM,99683-2173,2026-05-10
VC004197,Brown,Margaret,N,04-19-1948,9214,(787) 618-1104,,margaret.brown32@icloud.com,6279 Oak Ave,,Springfield,KY,69532,2026-05-16
VC004198,Harris,Susan,M,04/03/1997,8105,5545033723,,susan.harris61@hotmail.com,4829 Hill Rd,,Franklin,IA,39610,2026-05-26
VC004199,Nelson,Sandra,,1964-04-03,2423,949-343-1286,345.845.6036,sandra.nelson90@aol.com,9715 Lake Rd,Apt 200,Madison,MA,57875-3026,2026-05-07
VC004200,Smith,Susan,Y,29-Nov-1964,5077,+14399618257,(934) 285-1594,susan.smith72@icloud.com,5293 Park Blvd,Apt 322,Springfield,AL,73511,2026-06-04
VC004201,Young,Sarah,C,04-11-1972,2167,639.241.1996,8368555225,sarah.young77@aol.com,6144 Jefferson Dr,,Arlington,MD,28298,2026-05-07
VC004202,Young,Christopher,Y,02/16/1959,5730,(260) 812-6630,315-950-2141,christopher.young56@icloud.com,6155 Maple Dr,,Georgetown,OR,77649-9794,2026-05-16
VC004203,Baker,Thomas,,1944-03-13,9993,4135095532,,,5742 Cedar Ln,,Oxford,NH,57172,2026-05-24
VC004204,Martin,Barbara,F,17-Jul-1986,2410,685-910-6396,481.556.3455,barbara.martin91@icloud.com,8982 Washington St,,Franklin,RI,15014,2026-05-11
VC004205,Wright,Robert,,07-05-1954,9343,+18193297386,,robert.wright87@outlook.com,5567 Lincoln Ave,Apt 36,Franklin,NH,38000-5539,2026-05-26
VC004206,Wright,James,,03/04/1962,6001,796.230.8343,,,3818 Valley Ln,,Madison,OK,82985,2026-05-23
VC004207,Miller,Jennifer,P,1943-09-05,4125,(339) 421-4166,887-749-1361,jennifer.miller11@aol.com,991 Park Blvd,,Burlington,FL,61935,2026-05-26
VC004208,Taylor,Sarah,L,26-Sep-1983,7419,5413564450,,sarah.taylor49@gmail.com,3688 Washington St,,Burlington,AR,33464-8949,2026-05-26
VC004209,Williams,Susan,,05-24-1969,5556,632-660-1780,898.380.9691,susan.williams88@icloud.com,4575 Lincoln Ave,Apt 578,Manchester,WY,25153,2026-05-08
VC004210,Johnson,Sarah,F,01/28/1952,3438,+18965056863,,,72 Lincoln Ave,Apt 617,Salem,NC,64186,2026-05-07
VC004211,Davis,Richard,,1960-03-16,4848,509.335.2620,,,1752 Jefferson Dr,,Fairview,LA,75783-6587,2026-05-29
VC004212,Williams,Barbara,,13-Aug-2001,8511,(965) 503-3478,,barbara.williams2@aol.com,89 Park Blvd,,Richmond,DE,14755,2026-05-10
VC004213,Torres,Betty,,03-11-1993,8284,6542015924,+17074459646,betty.torres82@hotmail.com,299 Forest Ave,,Franklin,KY,62487,2026-06-02
VC004214,Johnson,Anthony,,05/31/2003,6160,821-998-6187,569.838.2689,anthony.johnson48@gmail.com,7614 Park Blvd,Apt 115,Dayton,ND,51454-3137,2026-05-09
VC004215,King,Matthew,X,2001-07-05,7336,+17582751324,,,7806 Valley Ln,Apt 794,Dayton,MO,47023,2026-05-09
VC004216,Torres,Robert,L,12-Aug-1995,3110,462.390.9592,,,6340 Maple Dr,Apt 937,Greenville,NE,83882,2026-05-08
VC004217,Brown,Lisa,L,02-29-1940,4197,(946) 391-1860,,lisa.brown22@yahoo.com,9799 Washington St,,Georgetown,MI,50138-7058,2026-05-23
VC004218,Harris,Michael,E,06/03/1955,2990,7624243703,+14553378881,michael.harris87@icloud.com,6651 Hill Rd,,Marion,WI,62694,2026-05-12
VC004219,Baker,Daniel,,1973-09-01,6813,808-538-3575,,daniel.baker7@yahoo.com,6367 Jefferson Dr,,Franklin,OH,89026,2026-05-07
VC004220,Nguyen,Nancy,G,20-Aug-1992,5306,+16634298567,,nancy.nguyen24@outlook.com,5382 Lake Rd,Apt 848,Burlington,ND,73868-6587,2026-05-30
VC004221,White,Patricia,,07-19-1979,5626,910.728.8629,,patricia.white77@aol.com,7769 Cedar Ln,,Greenville,ND,60227,2026-05-25
VC004222,Jackson,Sarah,R,08/26/1994,6375,(592) 348-5550,858-375-2648,sarah.jackson11@hotmail.com,625 Cedar Ln,Apt 964,Fairview,AL,75189,2026-05-29
VC004223,Johnson,Sandra,K,1973-10-13,9182,8192215029,,sandra.johnson73@yahoo.com,894 River Dr,,Madison,VA,26101-3967,2026-05-06
VC004224,King,Sarah,N,10-Jul-1982,7912,841-751-4127,568.586.1174,sarah.king31@outlook.com,1411 Park Blvd,Apt 223,Manchester,NJ,29420,2026-05-06
VC004225,Jones,Patricia,N,05-20-1974,1185,+17719866397,,patricia.jones62@icloud.com,6586 Cedar Ln,Apt 401,Greenville,WA,75141,2026-05-09
VC004226,Harris,James,X,01/04/1994,5578,724.317.3086,3844565166,,2575 Forest Ave,,Fairview,VT,80523-6248,2026-05-20
VC004227,King,James,M,1967-01-01,8787,(497) 397-5140,,,3312 Forest Ave,Apt 334,Oxford,SD,71413,2026-05-11
VC004228,Hill,Patricia,C,15-Mar-1971,9880,6078665059,+17349215196,patricia.hill31@hotmail.com,4559 River Dr,,Clinton,CO,40305,2026-05-25
VC004229,King,Richard,,04-12-1969,9444,691-379-9308,268.353.7249,,1207 Sunset Blvd,Apt 116,Fairview,HI,64282-9304,2026-05-16
VC004230,Scott,William,,04/15/1956,8432,+13224833889,(850) 340-9314,william.scott99@yahoo.com,5514 Park Blvd,Apt 301,Burlington,VT,80275,2026-05-10
VC004231,Nguyen,William,G,1956-08-21,4032,352.706.8835,,,6943 Jefferson Dr,,Franklin,ID,80208,2026-05-10
VC004232,Baker,Jessica,,31-Jul-1961,6631,(237) 836-6813,303-799-5634,jessica.baker50@outlook.com,273 Lincoln Ave,Apt 922,Clinton,NC,81941-6754,2026-05-23
VC004233,Wright,Jennifer,,05-23-1965,8826,5176757810,,jennifer.wright99@icloud.com,2000 Oak Ave,,Georgetown,MI,79657,2026-05-19
VC004234,Adams,Jessica,F,02/11/1980,6576,872-729-1561,516.337.7400,jessica.adams34@icloud.com,5118 Sunset Blvd,,Arlington,ND,87756,2026-06-03
VC004235,Torres,Daniel,Q,1970-08-17,7134,+16802722000,(769) 423-4867,,7349 Cedar Ln,Apt 139,Springfield,WI,51068-8024,2026-05-13
VC004236,King,Christopher,,25-Feb-1990,5910,888.998.9087,9717655880,christopher.king72@gmail.com,3601 Main St,,Clinton,CT,49547,2026-05-19
VC004237,Allen,James,Z,08-08-1943,5863,(825) 401-5912,,,5007 Oak Ave,Apt 161,Richmond,CT,91021,2026-05-14
VC004238,Nguyen,Susan,,12/07/1961,1801,9837416298,,susan.nguyen89@outlook.com,329 Lake Rd,,Arlington,NM,65448-8817,2026-05-22
VC004239,Walker,Nancy,,1967-05-19,8022,376-766-9571,,,681 River Dr,,Manchester,IL,25292,2026-05-29
VC004240,Brown,David,,28-Feb-1942,3194,+16182808628,(509) 855-3583,david.brown17@outlook.com,9875 Jefferson Dr,,Madison,WA,83032,2026-06-02
VC004241,Thompson,Karen,S,08-30-1967,1936,859.953.3484,,karen.thompson49@icloud.com,7224 Oak Ave,Apt 148,Marion,MI,43291-8607,2026-06-02
VC004242,Nguyen,James,B,10/20/1975,9142,(901) 367-4490,,,1140 Maple Dr,,Fairview,AK,39885,2026-05-12
VC004243,King,Lisa,T,1993-11-13,1122,2027596397,+13295989397,lisa.king23@gmail.com,1568 Cedar Ln,,Clinton,WA,79897,2026-05-11
VC004244,Miller,Sandra,,19-Mar-1968,3290,302-343-3017,335.801.3412,,9660 Washington St,,Clinton,MN,66280-8412,2026-05-22
VC004245,Wright,Jennifer,G,09-22-1959,6786,+18699977268,(997) 442-6071,,9631 Valley Ln,,Georgetown,NJ,22463,2026-06-03
VC004246,Scott,Daniel,W,05/04/1952,6761,542.238.1216,,daniel.scott61@yahoo.com,4114 River Dr,,Georgetown,HI,16676,2026-05-27
VC004247,Davis,Robert,Y,1999-11-26,5338,(321) 472-3975,,robert.davis92@aol.com,6305 Oak Ave,,Arlington,ME,16899-4633,2026-05-17
VC004248,Miller,James,W,07-May-1961,9409,3042803676,+18248627549,james.miller22@icloud.com,8 River Dr,,Franklin,IA,65299,2026-05-06
VC004249,Smith,Karen,,03-07-1953,5054,468-520-9325,,karen.smith50@hotmail.com,8245 Sunset Blvd,,Dayton,WI,15979,2026-05-08
VC004250,Jones,Christopher,P,06/09/1965,6681,+19538249391,(391) 860-7226,,9070 Sunset Blvd,,Franklin,TN,21011-4200,2026-05-16
VC004251,White,Betty,T,1951-01-06,4751,550.694.3459,5846622282,,3809 Cedar Ln,,Oxford,NC,12427,2026-05-21
VC004252,Wilson,Michael,O,15-Aug-1980,7135,(993) 528-2912,904-318-9300,michael.wilson8@aol.com,4136 Valley Ln,,Arlington,MT,63912,2026-06-03
VC004253,Smith,John,T,07-23-1948,5487,6853337218,,john.smith64@yahoo.com,966 Forest Ave,,Burlington,HI,10533-4956,2026-05-08
VC004254,Wright,Susan,,02/01/1964,7931,576-724-4274,289.229.8472,,8022 Forest Ave,,Arlington,MO,72447,2026-05-05
VC004255,Thompson,Lisa,,1949-11-03,5623,+12635789992,(993) 214-2279,,871 Main St,,Burlington,OK,57086,2026-06-02
VC004256,Garcia,Sandra,I,29-Dec-2002,7840,289.494.3867,5833322046,sandra.garcia32@hotmail.com,9733 Main St,Apt 59,Manchester,AL,89362-6932,2026-05-18
VC004257,Taylor,Patricia,,06-26-1999,7470,(762) 645-5241,503-266-2254,patricia.taylor69@gmail.com,5448 Sunset Blvd,,Dayton,UT,21287,2026-05-08
VC004258,Jackson,Barbara,O,12/14/1982,3638,4866345648,,barbara.jackson35@outlook.com,1293 Valley Ln,Apt 98,Clinton,CO,75015,2026-05-31
VC004259,Wilson,Daniel,,1981-12-15,3863,506-823-7361,931.858.8968,daniel.wilson94@hotmail.com,2838 Forest Ave,,Fairview,CO,76648-3291,2026-05-06
VC004260,Adams,David,,22-Oct-1981,8317,+18428538340,(544) 679-6997,david.adams92@aol.com,912 Sunset Blvd,,Arlington,OK,46774,2026-06-04
VC004261,Hall,Sandra,,08-19-1943,1261,866.520.2275,,sandra.hall72@hotmail.com,7060 Hill Rd,,Dayton,NJ,73796,2026-05-18
VC004262,Harris,Sandra,W,10/04/1942,8617,(253) 672-8361,256-496-5896,sandra.harris57@hotmail.com,8204 Oak Ave,Apt 770,Richmond,CO,26141-8628,2026-05-12
VC004263,Nelson,Sandra,,1978-07-01,5877,4022917794,+15847741298,,554 Washington St,,Madison,NC,78776,2026-05-16
VC004264,Johnson,Barbara,,24-Sep-1965,8431,817-472-2915,,barbara.johnson88@gmail.com,2784 Jefferson Dr,Apt 183,Greenville,PA,52253,2026-05-05
VC004265,White,Patricia,V,01-17-1983,6094,+19897501687,(918) 701-1400,patricia.white95@yahoo.com,742 Valley Ln,,Dayton,MA,60823-3177,2026-05-27
VC004266,King,Nancy,Y,12/28/1951,4842,276.847.1805,,nancy.king11@gmail.com,2143 River Dr,,Dayton,NE,98308,2026-05-19
VC004267,Jackson,Daniel,,1978-04-16,2662,(561) 360-4303,426-927-3441,daniel.jackson86@aol.com,9783 Jefferson Dr,,Richmond,DE,45576,2026-05-20
VC004268,Walker,Sarah,P,06-May-1998,6251,2132481500,,sarah.walker61@aol.com,1438 Main St,,Manchester,OR,88883-4187,2026-06-03
VC004269,Williams,Charles,,01-24-1973,7843,629-698-1229,778.564.1758,charles.williams26@gmail.com,8210 Main St,,Georgetown,MT,83030,2026-05-09
VC004270,Wright,Thomas,V,12/25/1967,6069,+17126434854,,thomas.wright30@outlook.com,6871 Sunset Blvd,,Richmond,MD,97694,2026-06-02
VC004271,Taylor,Jessica,,1976-02-20,7851,444.875.5613,,jessica.taylor13@aol.com,9184 Washington St,,Greenville,SC,28804-1752,2026-05-12
VC004272,Jackson,Christopher,,20-Mar-1989,8563,(379) 693-3740,405-700-6068,christopher.jackson54@hotmail.com,1953 Lincoln Ave,,Richmond,VA,26374,2026-05-18
VC004273,Smith,Richard,,05-25-1997,8175,3857518161,,richard.smith59@gmail.com,5053 River Dr,Apt 103,Richmond,KY,66766,2026-05-29
VC004274,Hill,Betty,B,08/24/1997,9001,543-526-8251,409.780.1544,,2042 Lincoln Ave,,Clinton,WI,12942-5553,2026-05-19
VC004275,Allen,Daniel,,1991-06-22,9227,+18397746572,,,4075 Washington St,,Salem,VA,67683,2026-05-15
VC004276,Hill,Robert,H,19-Nov-1992,9694,619.874.1819,,robert.hill32@aol.com,6569 Cedar Ln,,Springfield,AZ,71040,2026-05-05
VC004277,Hall,David,S,11-26-1962,8847,(640) 753-7629,,,4679 Washington St,Apt 40,Oxford,OH,64214-6350,2026-05-28
VC004278,Jones,Margaret,,06/01/1984,7177,9489093400,+18696791653,margaret.jones44@gmail.com,4925 Forest Ave,,Franklin,MS,31927,2026-05-16
VC004279,Wright,James,,1977-12-14,7471,329-790-2147,647.832.5840,james.wright41@icloud.com,853 Washington St,,Richmond,IL,13683,2026-06-01
VC004280,King,Sarah,,17-Dec-1973,4893,+18467679707,(520) 206-9878,,4904 Maple Dr,,Richmond,SD,49355-9894,2026-05-19
VC004281,Anderson,Margaret,V,11-30-1987,9840,379.646.2799,4979611031,,5519 Lincoln Ave,Apt 577,Clinton,ID,39413,2026-05-27
VC004282,Davis,Mark,L,05/02/1970,5025,(228) 422-7750,787-817-3741,,1475 River Dr,,Greenville,GA,40172,2026-05-27
VC004283,Thomas,Michael,C,1981-12-18,2482,5979412992,+13918375179,michael.thomas15@gmail.com,7370 Cedar Ln,Apt 619,Fairview,TN,77221-2529,2026-05-09
VC004284,Baker,Matthew,S,11-Jul-1941,5777,934-337-2269,,matthew.baker59@hotmail.com,2284 Valley Ln,Apt 866,Burlington,WY,36303,2026-05-06
VC004285,Young,Joseph,N,11-05-1984,7046,+14569987536,,joseph.young37@outlook.com,9704 Oak Ave,,Fairview,NH,29131,2026-05-14
VC004286,Martin,John,S,07/12/1959,4614,769.498.1827,7194935797,john.martin23@yahoo.com,6888 Maple Dr,,Franklin,UT,88784-5385,2026-05-17
VC004287,Baker,James,X,1960-05-18,2890,(866) 985-3266,217-839-6297,,6864 Cedar Ln,Apt 879,Fairview,MS,33519,2026-05-10
VC004288,Miller,Joseph,P,12-May-1972,7046,6303987311,+17463136793,joseph.miller49@yahoo.com,7636 Lake Rd,,Burlington,TN,65653,2026-05-15
VC004289,Anderson,Patricia,,02-01-1954,1762,559-801-2315,600.817.4172,patricia.anderson20@hotmail.com,3875 Washington St,,Manchester,MS,91234-6133,2026-05-26
VC004290,Allen,Karen,Q,10/24/2001,7980,+13433186472,,karen.allen85@aol.com,5024 Jefferson Dr,,Manchester,PA,94401,2026-05-11
VC004291,Hall,Susan,X,1970-02-10,6050,360.986.9010,9887071964,susan.hall80@yahoo.com,7650 Main St,,Franklin,DE,99298,2026-05-24
VC004292,Adams,Anthony,,17-Jul-1961,5130,(962) 424-2943,,anthony.adams24@hotmail.com,4819 Cedar Ln,Apt 285,Georgetown,NV,11850-2369,2026-06-01
VC004293,Jackson,Jessica,J,07-28-1972,1932,2178862259,+16993864996,jessica.jackson39@hotmail.com,9068 Oak Ave,,Marion,NM,83280,2026-05-24
VC004294,Scott,Joseph,E,12/11/1975,4278,253-856-4010,926.804.6871,,7265 Lincoln Ave,Apt 105,Dayton,FL,10403,2026-05-26
VC004295,Thomas,Mary,,1974-10-17,1949,+19616764872,(740) 434-8565,,2390 Forest Ave,Apt 955,Georgetown,CT,23403-2357,2026-05-09
VC004296,Davis,Sarah,,04-Jun-2002,4339,986.319.3469,4688971987,sarah.davis17@gmail.com,425 Lincoln Ave,,Greenville,SC,21313,2026-05-08
VC004297,Thompson,Betty,I,05-07-1990,1915,(990) 866-8424,271-469-5183,betty.thompson69@outlook.com,780 Main St,,Manchester,IN,58004,2026-05-12
VC004298,Jones,Lisa,,10/10/1947,7108,6813834309,,,4354 Main St,,Georgetown,WI,92750-7364,2026-05-10
VC004299,Hall,Sarah,Y,1961-05-14,9568,286-797-7133,,sarah.hall74@aol.com,5523 Cedar Ln,Apt 334,Salem,NY,53642,2026-05-16
VC004300,Wright,Patricia,M,18-Oct-1988,5996,+19907303896,(393) 838-3181,patricia.wright42@outlook.com,1042 River Dr,Apt 450,Clinton,NC,92341,2026-05-16
VC004301,Hall,Karen,Z,12-19-1940,3396,331.501.8994,7904479371,,8943 Forest Ave,,Marion,AZ,89958-3114,2026-06-02
VC004302,Hall,Matthew,,10/25/1979,4662,(688) 638-4601,806-388-3719,matthew.hall55@outlook.com,7257 Maple Dr,,Springfield,IL,94786,2026-05-15
VC004303,Scott,Karen,X,2002-06-08,7541,3829521272,,,2469 Washington St,Apt 461,Clinton,MO,58318,2026-05-27
VC004304,Young,Mark,Z,30-Mar-1966,6796,465-286-4040,816.923.1347,mark.young27@icloud.com,7285 Main St,,Marion,SD,41789-5039,2026-05-24
VC004305,Scott,Margaret,Y,06-03-1954,7375,+17206106544,(586) 402-4585,margaret.scott13@yahoo.com,9021 Valley Ln,Apt 892,Burlington,UT,16822,2026-05-21
VC004306,Martin,Mary,D,03/17/1983,6037,915.845.3885,2552396905,mary.martin18@gmail.com,8825 Maple Dr,Apt 733,Richmond,VA,13785,2026-05-13
VC004307,Anderson,William,I,1941-03-18,3799,(591) 441-2446,,william.anderson95@outlook.com,8148 Jefferson Dr,,Clinton,ME,96995-2183,2026-05-15
VC004308,Thomas,Mark,F,03-Jan-1958,2769,3352954970,,,3127 Hill Rd,,Fairview,GA,59246,2026-05-28
VC004309,Hill,Thomas,Y,06-16-2001,2377,958-708-4816,,thomas.hill76@outlook.com,7419 Hill Rd,Apt 38,Arlington,FL,58027,2026-05-24
VC004310,Miller,Barbara,,05/06/2004,3908,+17842315167,(688) 661-5763,barbara.miller67@icloud.com,5812 Hill Rd,,Richmond,MT,51700-9683,2026-05-21
VC004311,Adams,James,Q,2000-07-26,2373,809.229.4366,8355012372,,9134 Forest Ave,,Manchester,TN,63364,2026-05-08
VC004312,Torres,Ashley,S,13-Aug-1965,7061,(265) 641-4418,604-231-2042,ashley.torres65@outlook.com,4594 Maple Dr,,Franklin,ID,54991,2026-05-17
VC004313,Williams,Sarah,O,01-14-1957,4483,9636032904,,,6160 Maple Dr,Apt 438,Madison,FL,89434-2516,2026-05-07
VC004314,Nelson,Daniel,Q,08/30/1987,6438,672-275-3337,,daniel.nelson5@gmail.com,6113 Forest Ave,Apt 465,Manchester,SC,42712,2026-06-04
VC004315,Jackson,Linda,,1980-03-04,8218,+16108311149,,linda.jackson38@yahoo.com,5146 Sunset Blvd,Apt 96,Manchester,RI,56200,2026-06-01
VC004316,Jones,Susan,,27-Dec-1952,7072,513.243.7307,8828081776,susan.jones28@gmail.com,3593 Maple Dr,Apt 625,Georgetown,WA,98542-1115,2026-05-15
VC004317,Anderson,Charles,Z,08-01-1958,6788,(301) 989-7009,,charles.anderson3@gmail.com,9318 Washington St,,Burlington,MO,88201,2026-05-26
VC004318,Adams,Karen,M,06/28/1971,2757,2136297867,,,1521 Hill Rd,,Marion,IA,66218,2026-05-24
VC004319,Johnson,Lisa,R,1974-01-31,5801,402-530-9063,953.767.9018,lisa.johnson46@icloud.com,1541 Park Blvd,,Springfield,AZ,84143-6111,2026-05-29
VC004320,Smith,Margaret,C,23-Jan-1961,2080,+12592581617,(687) 689-5418,,9656 Main St,Apt 398,Marion,RI,87154,2026-05-26
VC004321,Thomas,John,Y,01-04-1973,9655,395.747.6209,9464723691,john.thomas88@yahoo.com,4041 Maple Dr,Apt 224,Manchester,NH,99887,2026-05-11
VC004322,Walker,Daniel,,03/25/1976,8985,(958) 767-7014,666-400-8549,,1772 Hill Rd,,Clinton,NH,60908-6653,2026-05-27
VC004323,Young,Karen,Z,1950-07-01,2764,7925887752,+15674001313,,4949 Lincoln Ave,,Georgetown,HI,34675,2026-05-08
VC004324,Adams,Sarah,M,31-May-1969,4757,893-939-3272,,sarah.adams24@yahoo.com,1748 Valley Ln,,Arlington,WV,92820,2026-05-08
VC004325,Jackson,Linda,,12-01-1955,8796,+14077359263,,,6878 Jefferson Dr,Apt 357,Greenville,RI,22622-5863,2026-06-03
VC004326,Williams,Betty,W,04/13/1941,9597,631.316.3713,,betty.williams30@hotmail.com,1470 Washington St,,Georgetown,KY,34416,2026-05-26
VC004327,Harris,Patricia,E,1990-04-19,2467,(658) 989-1092,766-420-4131,patricia.harris14@hotmail.com,6940 Washington St,,Marion,WA,84274,2026-05-28
VC004328,Allen,Daniel,,13-Sep-1994,8003,5046836488,,daniel.allen45@gmail.com,2391 Hill Rd,Apt 397,Fairview,IN,52781-8109,2026-05-14
VC004329,Thompson,Karen,,04-05-1993,7539,223-359-1276,879.807.3490,karen.thompson27@aol.com,7848 River Dr,,Franklin,GA,41168,2026-05-24
VC004330,Nelson,Matthew,,09/14/1947,2176,+19004618732,,matthew.nelson40@yahoo.com,2101 Park Blvd,Apt 219,Greenville,NH,11965,2026-05-09
VC004331,Nelson,Robert,K,1985-01-29,8519,880.686.3601,4093024994,robert.nelson56@icloud.com,9892 Valley Ln,Apt 199,Madison,PA,36604-1363,2026-05-11
VC004332,Thompson,Mary,,12-Jan-1941,5123,(979) 995-3158,,mary.thompson78@aol.com,3669 Lake Rd,,Greenville,MT,82308,2026-05-18
VC004333,Jackson,Margaret,J,03-10-2002,4935,9423855015,+19908052291,margaret.jackson79@yahoo.com,2269 Washington St,,Fairview,NV,74260,2026-05-18
VC004334,Thomas,Nancy,R,07/24/1964,4784,955-368-4742,402.988.8116,,815 Lincoln Ave,,Richmond,CT,62345-8663,2026-05-24
VC004335,Young,Richard,,1967-09-30,1807,+14735828708,(347) 224-9457,,5240 Park Blvd,,Fairview,NV,15010,2026-05-22
VC004336,King,Nancy,I,26-Apr-1959,2923,637.741.4729,,nancy.king64@outlook.com,5252 Forest Ave,,Franklin,OR,55341,2026-05-22
VC004337,Taylor,David,P,08-26-2002,9816,(306) 542-5471,,david.taylor91@hotmail.com,1463 Jefferson Dr,,Madison,ID,38919-3226,2026-05-29
VC004338,Jones,Mary,W,01/12/1964,3013,4019386505,,mary.jones80@aol.com,8402 Forest Ave,,Madison,NJ,48951,2026-06-02
VC004339,King,Robert,,1992-06-17,2891,724-310-1729,,robert.king1@aol.com,4466 Main St,Apt 307,Dayton,OR,91110,2026-05-16
VC004340,Taylor,Mark,V,31-May-1942,4632,+18116039750,,mark.taylor94@outlook.com,1175 Lake Rd,,Salem,TX,86864-2750,2026-05-13
VC004341,King,Jennifer,F,05-25-1966,5441,966.760.7850,5947453639,jennifer.king63@yahoo.com,6544 Main St,,Madison,DE,67079,2026-05-27
VC004342,Nelson,Mary,,08/17/1967,9046,(264) 372-3372,660-972-7281,mary.nelson7@icloud.com,1742 Lincoln Ave,,Greenville,MN,80702,2026-06-01
VC004343,Brown,Mary,O,1963-05-08,9331,6957714898,,mary.brown44@hotmail.com,7013 Park Blvd,,Richmond,IA,70511-1556,2026-05-19
VC004344,Davis,Daniel,,14-Feb-1968,5031,937-996-1855,323.700.2069,daniel.davis71@aol.com,9078 Valley Ln,,Clinton,LA,38927,2026-05-15
VC004345,Garcia,Mary,C,01-26-1965,8077,+15072917476,,,2015 Jefferson Dr,,Greenville,WA,82938,2026-05-13
VC004346,Scott,Margaret,,09/22/1989,7058,227.328.6321,5512237177,,3197 Valley Ln,,Madison,TN,66452-8804,2026-05-07
VC004347,Jones,Barbara,W,1978-10-18,8973,(612) 796-7662,,barbara.jones20@gmail.com,8576 Valley Ln,,Manchester,HI,75541,2026-06-03
VC004348,Davis,Richard,,07-Jan-1979,1072,7736453856,+14487199202,richard.davis5@yahoo.com,93 Main St,,Richmond,KY,18354,2026-05-07
VC004349,Wilson,Barbara,,07-19-1951,4269,615-231-9659,404.496.6630,,7174 Valley Ln,Apt 579,Dayton,SD,57631-9868,2026-05-09
VC004350,Harris,Mary,D,09/03/1979,8133,+16297491710,,mary.harris31@outlook.com,3964 Oak Ave,,Clinton,RI,94243,2026-06-03
VC004351,Jackson,Sarah,F,1973-01-17,4955,725.789.9689,,sarah.jackson36@hotmail.com,8278 Main St,,Manchester,IA,24282,2026-05-14
VC004352,Adams,William,W,14-Sep-1940,4396,(438) 233-7140,971-545-4309,,2880 Oak Ave,Apt 407,Richmond,NV,85836-4891,2026-06-04
VC004353,Miller,Linda,E,01-15-1956,9635,7182068716,,,74 Main St,,Georgetown,CO,15416,2026-05-05
VC004354,Jones,Robert,A,08/26/1971,2677,393-751-5703,324.416.9199,,8582 Main St,,Fairview,AL,32815,2026-05-07
VC004355,Wilson,David,,1977-06-10,7436,+18436398675,(995) 556-9038,,402 Oak Ave,Apt 217,Manchester,WA,85127-2305,2026-05-07
VC004356,Smith,Linda,B,06-Mar-1943,4047,648.571.7434,,linda.smith76@gmail.com,6864 Hill Rd,Apt 542,Richmond,NM,91625,2026-05-13
VC004357,Smith,John,,02-08-1978,8900,(382) 512-5593,,,9174 Jefferson Dr,Apt 727,Franklin,NH,25042,2026-05-23
VC004358,Nguyen,Richard,,11/08/2003,2573,2743856898,,richard.nguyen20@yahoo.com,594 Oak Ave,Apt 575,Oxford,ME,44614-3924,2026-05-11
VC004359,Smith,Karen,W,1961-04-22,3628,701-428-4695,223.246.2118,,4775 River Dr,,Fairview,OR,93677,2026-05-30
VC004360,Jones,Charles,L,09-Dec-1964,8195,+14927205203,,charles.jones11@aol.com,5833 Park Blvd,,Dayton,WA,86539,2026-06-01
VC004361,Thompson,James,,10-04-2002,2301,241.725.6616,,james.thompson83@outlook.com,1356 Forest Ave,,Clinton,NH,54562-1598,2026-05-07
VC004362,Thomas,Matthew,J,02/14/1947,5661,(403) 381-8517,,matthew.thomas29@hotmail.com,5767 Valley Ln,Apt 334,Greenville,IA,55988,2026-05-20
VC004363,Williams,Susan,,1978-08-13,7438,9739743612,,susan.williams63@outlook.com,3979 Sunset Blvd,Apt 775,Madison,IN,99673,2026-05-13
VC004364,Wright,John,S,15-Jun-1989,6147,301-744-5587,287.404.6562,,6520 Jefferson Dr,Apt 765,Springfield,OR,43997-4322,2026-05-15
VC004365,Miller,Robert,F,09-10-1976,6517,+18197952352,,robert.miller22@aol.com,9082 Washington St,,Manchester,OK,15991,2026-05-10
VC004366,Williams,Linda,,04/22/2004,6388,348.998.6151,8412789885,linda.williams48@hotmail.com,2004 Main St,,Georgetown,VT,11428,2026-05-05
VC004367,Young,Mark,,1996-03-09,7089,(675) 424-8207,,mark.young2@hotmail.com,1656 Valley Ln,,Marion,VA,94111-3863,2026-05-16
VC004368,Thompson,Daniel,,03-Jan-1991,5128,3374813096,+16789823095,daniel.thompson50@icloud.com,6984 Park Blvd,Apt 929,Arlington,CO,16170,2026-05-07
VC004369,Jackson,Margaret,,01-28-1983,8574,604-810-7099,,margaret.jackson18@yahoo.com,9077 Hill Rd,,Madison,SD,52681,2026-05-14
VC004370,Walker,Betty,V,04/12/1997,1727,+15205597697,(443) 317-3299,betty.walker52@icloud.com,8237 Washington St,,Arlington,VT,19192-5863,2026-05-19
VC004371,Nelson,John,,1956-09-09,5939,472.826.3998,2486148911,,2041 Lake Rd,Apt 497,Georgetown,VA,59533,2026-05-30
VC004372,Jones,Karen,,27-Apr-1994,1004,(863) 692-8665,,,5138 River Dr,,Richmond,WY,88363,2026-06-04
VC004373,Harris,Patricia,J,05-27-1965,7752,7796473131,,patricia.harris24@icloud.com,2442 Valley Ln,,Greenville,IA,98720-1754,2026-05-14
VC004374,Hall,Betty,Y,06/11/1944,4422,992-994-7716,,betty.hall9@outlook.com,4650 Maple Dr,Apt 462,Springfield,ME,48646,2026-05-27
VC004375,King,Ashley,W,1988-02-24,3712,+12805475088,,,6072 River Dr,Apt 982,Dayton,TX,79626,2026-05-08
VC004376,Wright,Susan,W,09-Aug-1985,6467,951.291.7827,,susan.wright20@yahoo.com,5546 Hill Rd,,Marion,CO,35358-9014,2026-05-18
VC004377,Young,Betty,Q,07-07-1949,4672,(287) 826-6615,,betty.young85@gmail.com,8447 Hill Rd,Apt 545,Oxford,CO,62252,2026-06-04
VC004378,Nguyen,James,F,09/26/1974,9654,7677439625,,,2444 River Dr,,Fairview,AK,76693,2026-05-08
VC004379,Garcia,Anthony,S,1982-02-25,6839,571-986-6985,472.728.1723,anthony.garcia28@yahoo.com,8541 Main St,,Salem,IL,27038-7662,2026-05-10
VC004380,Thompson,Karen,U,18-Apr-1996,1180,+15215205568,(260) 693-1137,karen.thompson3@gmail.com,2433 Valley Ln,,Madison,AZ,30782,2026-05-25
VC004381,Wilson,Matthew,,06-29-1949,1855,742.446.2219,,matthew.wilson81@aol.com,427 Cedar Ln,,Greenville,AL,45953,2026-06-04
VC004382,Thompson,Thomas,U,06/02/1988,5298,(251) 898-6735,,thomas.thompson67@aol.com,5745 Main St,Apt 474,Salem,NM,76833-1953,2026-05-12
VC004383,Scott,Christopher,,1971-07-19,8207,9362908551,,christopher.scott61@gmail.com,804 Sunset Blvd,,Clinton,LA,80879,2026-05-15
VC004384,Scott,Joseph,,20-Jul-1959,8314,305-477-6863,754.422.1792,,615 Hill Rd,,Arlington,FL,97355,2026-05-17
VC004385,Hall,Mark,,07-30-1978,4962,+13575839502,(600) 259-8847,mark.hall2@gmail.com,9830 Lake Rd,Apt 858,Georgetown,HI,84997-8984,2026-05-08
VC004386,Garcia,Nancy,,05/11/1986,2357,730.777.2216,,,3174 Lincoln Ave,,Springfield,NC,88475,2026-05-10
VC004387,Torres,Jessica,A,1956-03-14,5630,(246) 215-5094,,jessica.torres69@aol.com,932 Oak Ave,,Springfield,FL,67482,2026-06-04
VC004388,Martin,Karen,,29-Jun-1981,2692,8828492444,,karen.martin63@hotmail.com,6398 Jefferson Dr,,Greenville,MN,50029-3585,2026-05-28
VC004389,Torres,James,W,01-16-1967,3874,716-964-1761,857.729.8347,,8609 Forest Ave,Apt 214,Greenville,MI,75950,2026-06-02
VC004390,Harris,Richard,G,12/09/1968,2028,+19226433296,,richard.harris49@hotmail.com,540 Sunset Blvd,,Richmond,WY,65291,2026-05-29
VC004391,Anderson,Barbara,,1951-09-09,9043,239.255.2574,,barbara.anderson93@yahoo.com,7776 Hill Rd,,Richmond,LA,62446-2911,2026-05-18
VC004392,Hall,Jessica,H,09-Jan-1940,4869,(972) 933-9551,,jessica.hall80@icloud.com,7851 Lake Rd,,Springfield,AL,74889,2026-05-22
VC004393,Harris,Mary,Y,02-21-1949,4170,9658259556,,mary.harris10@outlook.com,2030 Lake Rd,Apt 34,Georgetown,MA,67099,2026-05-06
VC004394,Thompson,Karen,Q,02/04/1995,2888,534-495-5577,,karen.thompson86@hotmail.com,858 Valley Ln,Apt 788,Marion,NE,47114-1197,2026-05-09
VC004395,Miller,James,,1964-07-09,1501,+15758056265,(611) 229-7154,james.miller11@hotmail.com,7736 Maple Dr,,Dayton,NV,51719,2026-05-18
VC004396,Smith,Betty,O,06-Nov-1967,1718,750.722.2521,6893253159,,3456 Jefferson Dr,,Oxford,UT,68085,2026-05-26
VC004397,Smith,Betty,U,04-05-1947,7583,(434) 203-9595,880-379-1315,betty.smith1@icloud.com,3766 Park Blvd,,Oxford,DE,95790-2662,2026-05-08
VC004398,Young,Barbara,,05/22/1991,6869,8776522356,+13692089537,barbara.young41@yahoo.com,3167 Oak Ave,,Springfield,AZ,33106,2026-05-22
VC004399,Smith,Sandra,,1986-07-24,7175,413-979-4568,,sandra.smith43@gmail.com,33 Main St,,Springfield,AK,81898,2026-05-18
VC004400,Wright,William,,30-Jan-1944,3796,+16949846093,(696) 725-4736,william.wright38@aol.com,2689 Sunset Blvd,,Georgetown,ME,71433-4678,2026-05-25
VC004401,Brown,Mark,E,02-22-1991,8215,323.620.2706,9946476722,mark.brown23@hotmail.com,8124 Forest Ave,,Greenville,IL,75324,2026-05-22
VC004402,Young,Karen,R,04/05/1984,3352,(404) 277-9538,,karen.young78@hotmail.com,6061 Jefferson Dr,Apt 893,Arlington,CA,42340,2026-05-06
VC004403,Adams,Karen,,1967-03-07,2142,3256315590,+13725618613,karen.adams38@gmail.com,3372 Park Blvd,,Manchester,VT,32613-6120,2026-06-01
VC004404,Martin,Thomas,,19-Nov-1952,4879,857-297-9542,,,690 Lake Rd,,Franklin,WA,92142,2026-05-09
VC004405,Thompson,Michael,Q,12-31-1985,3121,+18916336475,,michael.thompson62@gmail.com,8528 Washington St,,Arlington,VA,39900,2026-05-13
VC004406,Thomas,Jennifer,,01/26/1980,5168,385.849.2144,4412196379,jennifer.thomas71@hotmail.com,6427 Jefferson Dr,,Burlington,MI,11306-8382,2026-05-14
VC004407,Adams,Christopher,,1950-11-05,2135,(583) 661-5652,,christopher.adams8@icloud.com,1373 Sunset Blvd,,Franklin,RI,59741,2026-05-11
VC004408,Jackson,Thomas,,07-Sep-2004,5867,2314783481,,thomas.jackson34@outlook.com,710 Sunset Blvd,,Marion,NV,62988,2026-05-15
VC004409,Taylor,Barbara,D,01-16-1992,7764,228-302-6393,556.424.7664,,1557 Forest Ave,,Clinton,MD,28704-9622,2026-05-22
VC004410,Baker,Jennifer,T,10/27/1973,9169,+18018453377,(578) 547-8261,,448 Lincoln Ave,,Dayton,MD,16268,2026-05-15
VC004411,Wilson,Linda,O,1940-01-27,4842,913.696.6991,8146357930,linda.wilson86@yahoo.com,223 Maple Dr,,Burlington,CT,91603,2026-05-20
VC004412,Young,Anthony,,29-Jun-2003,2843,(510) 547-1861,,,1359 Lake Rd,,Burlington,KS,19181-5313,2026-05-19
VC004413,Wilson,James,M,11-10-1993,8819,7985723213,,,1193 Oak Ave,,Georgetown,ND,80145,2026-06-02
VC004414,Nelson,John,J,09/01/2002,1824,907-341-4854,487.895.7095,,1480 Park Blvd,,Clinton,OK,95310,2026-05-07
VC004415,King,Thomas,,1965-05-18,7347,+16486499586,,thomas.king32@icloud.com,8565 Valley Ln,,Greenville,MS,58870-6028,2026-05-05
VC004416,Thompson,Charles,,18-Sep-1972,5864,999.918.3946,2463489615,charles.thompson98@icloud.com,2872 Jefferson Dr,,Springfield,IL,31033,2026-05-21
VC004417,Torres,Matthew,,11-02-1969,1293,(805) 760-5754,,matthew.torres59@icloud.com,8828 Lincoln Ave,,Salem,AZ,47288,2026-05-28
VC004418,Hall,Daniel,H,05/04/1972,7882,7648387477,,daniel.hall1@aol.com,2287 Maple Dr,Apt 645,Salem,OK,82732-6063,2026-05-31
VC004419,Baker,Michael,E,1985-01-06,7799,391-625-7541,817.520.1089,michael.baker73@yahoo.com,9724 Jefferson Dr,Apt 838,Madison,NV,11851,2026-05-16
VC004420,Allen,Margaret,P,25-Oct-1995,8510,+16302607223,,margaret.allen38@yahoo.com,1015 Washington St,Apt 718,Springfield,SC,83618,2026-05-07
VC004421,Scott,Betty,J,09-09-2002,5986,962.825.4082,,betty.scott92@aol.com,6717 River Dr,,Georgetown,FL,14366-8142,2026-06-04
VC004422,King,Mary,G,10/12/1998,1826,(697) 701-6159,284-845-3575,,9889 Valley Ln,,Marion,ID,42508,2026-05-15
VC004423,Miller,Matthew,,1981-01-07,3934,6644761466,+14323728689,matthew.miller22@aol.com,8973 Lake Rd,,Manchester,PA,67229,2026-05-07
VC004424,Johnson,Christopher,O,10-Aug-1984,3164,361-709-9045,946.370.7922,christopher.johnson48@outlook.com,4840 Main St,Apt 60,Greenville,CA,57700-6423,2026-05-19
VC004425,Anderson,Matthew,,09-10-1988,8141,+13806698018,,,6114 Maple Dr,,Marion,RI,31319,2026-05-25
VC004426,Scott,Jennifer,N,01/16/1950,8293,821.915.6117,4755367384,,561 Lake Rd,Apt 952,Greenville,WY,68676,2026-05-07
VC004427,Hill,Anthony,,1975-06-28,8847,(893) 202-1886,,,5777 Lake Rd,,Franklin,WV,27270-8772,2026-05-22
VC004428,Thomas,Richard,,14-Jun-1964,3691,6105265097,+12127468674,,7807 Jefferson Dr,Apt 614,Fairview,NM,14878,2026-05-11
VC004429,Williams,Mary,Z,12-25-1948,4992,335-657-3826,,mary.williams71@icloud.com,1175 Main St,,Richmond,WI,51100,2026-05-15
VC004430,Taylor,Christopher,G,03/23/1986,9531,+14446966484,(241) 235-2960,christopher.taylor26@yahoo.com,5390 Washington St,,Richmond,OH,37602-5152,2026-06-04
VC004431,Davis,Daniel,,2003-08-28,8163,574.261.4461,,daniel.davis30@outlook.com,7834 River Dr,Apt 519,Oxford,CT,68488,2026-06-01
VC004432,Miller,Richard,,10-Jul-1941,9587,(292) 784-9231,,richard.miller97@aol.com,6968 Cedar Ln,,Salem,UT,95404,2026-05-17
VC004433,Garcia,James,,03-01-1989,7468,7107496260,,,9205 Lake Rd,,Manchester,AR,72142-7562,2026-05-23
VC004434,Thompson,Jessica,D,03/07/1983,5573,822-494-3306,,jessica.thompson76@hotmail.com,8104 Hill Rd,,Fairview,NV,72341,2026-05-26
VC004435,Scott,Richard,,1954-10-12,9790,+15769929762,,richard.scott76@yahoo.com,3041 Jefferson Dr,Apt 578,Arlington,HI,78883,2026-05-16
VC004436,Baker,Sandra,,19-Nov-1965,9564,631.453.1655,,sandra.baker38@aol.com,7683 Lincoln Ave,,Burlington,NE,83173-9434,2026-05-11
VC004437,Walker,Karen,,04-10-1995,8950,(729) 516-1630,786-344-3430,,1076 Park Blvd,Apt 342,Burlington,KY,92533,2026-05-25
VC004438,Hill,Jessica,P,12/11/1956,5017,2126969204,+16393067174,,5666 Cedar Ln,,Dayton,OR,16551,2026-05-20
VC004439,Martin,Anthony,K,1982-01-12,9246,348-614-8925,611.302.1964,,3094 Main St,Apt 286,Richmond,AL,82045-6146,2026-05-27
VC004440,Smith,Susan,R,04-Dec-1950,4197,+12855741192,,susan.smith13@aol.com,4324 Valley Ln,Apt 820,Manchester,MA,91383,2026-05-15
VC004441,Nelson,James,,06-04-1981,3883,893.200.8415,,james.nelson5@outlook.com,7782 Jefferson Dr,,Richmond,CA,79877,2026-05-12
VC004442,Johnson,Michael,R,05/19/1976,9230,(714) 868-3851,,michael.johnson37@aol.com,775 Valley Ln,,Richmond,NM,94661-4047,2026-05-20
VC004443,Anderson,Michael,B,1993-03-16,1249,6058452553,+19507009740,,7994 Forest Ave,Apt 774,Manchester,HI,17653,2026-05-10
VC004444,Jones,Jennifer,N,25-Jun-1945,8679,918-392-4264,539.293.1588,,1538 Hill Rd,,Salem,MI,22414,2026-05-17
VC004445,Hill,Barbara,,09-20-1953,7811,+14937273711,,,4740 Hill Rd,,Richmond,NH,24834-5226,2026-06-04
VC004446,Williams,Robert,Y,04/06/1995,9739,828.552.8650,,robert.williams32@hotmail.com,4203 Washington St,,Franklin,NC,32131,2026-05-06
VC004447,Nguyen,Mary,Y,1943-09-16,4405,(943) 849-9694,,,2211 Maple Dr,Apt 320,Fairview,IN,71621,2026-06-02
VC004448,Nguyen,Christopher,A,14-Aug-1947,2253,9673267190,+15464536710,christopher.nguyen5@hotmail.com,6566 Maple Dr,,Richmond,WV,45389-6824,2026-05-17
VC004449,Williams,Lisa,Z,09-08-1955,4724,241-307-8707,,lisa.williams73@yahoo.com,7989 River Dr,,Richmond,IA,78574,2026-05-12
VC004450,Anderson,Mary,D,04/23/2001,4579,+19575728090,,,1373 Maple Dr,Apt 456,Madison,OR,81850,2026-05-21
VC004451,Nelson,Robert,T,2000-08-26,2983,934.281.7981,,robert.nelson25@yahoo.com,8238 Hill Rd,,Marion,MS,25704-3240,2026-05-28
VC004452,White,Sandra,L,02-Mar-1998,8320,(712) 207-1196,484-677-5769,sandra.white44@yahoo.com,1840 River Dr,Apt 584,Arlington,WV,18760,2026-06-04
VC004453,Young,Anthony,,01-18-1948,8561,9826281634,,anthony.young61@gmail.com,9066 Forest Ave,Apt 19,Dayton,DE,37777,2026-05-16
VC004454,Baker,Richard,D,10/15/1961,7298,358-665-6579,840.996.3175,richard.baker39@aol.com,8634 Maple Dr,Apt 800,Springfield,WI,64247-5241,2026-05-07
VC004455,Nelson,Christopher,U,2002-09-15,6241,+18858454633,,christopher.nelson44@aol.com,2660 Forest Ave,,Manchester,VT,76506,2026-06-04
VC004456,Wilson,Jessica,H,23-Apr-2001,2976,618.387.2862,9856392191,jessica.wilson38@gmail.com,2331 Hill Rd,,Georgetown,OR,51358,2026-05-09
VC004457,King,Sandra,,01-26-2001,5937,(473) 241-9125,,sandra.king4@outlook.com,587 Forest Ave,Apt 44,Marion,IN,80496-9967,2026-05-15
VC004458,Torres,Sandra,M,04/25/1989,3449,5707654900,,sandra.torres8@yahoo.com,6357 Jefferson Dr,,Burlington,VA,60113,2026-06-04
VC004459,Garcia,Ashley,U,1944-04-03,6093,392-871-5789,375.266.6074,,9112 Maple Dr,,Georgetown,IA,24861,2026-05-14
VC004460,Williams,Thomas,A,21-Feb-1961,2924,+12979873526,,,7394 Washington St,Apt 971,Fairview,MA,43231-2549,2026-05-07
VC004461,Davis,Daniel,,10-19-1989,2599,957.928.8972,4339214189,daniel.davis86@gmail.com,1874 Valley Ln,Apt 170,Oxford,NJ,52647,2026-05-08
VC004462,King,Margaret,,10/16/1947,6132,(528) 526-9867,,margaret.king98@yahoo.com,1174 Washington St,,Madison,UT,43128,2026-05-11
VC004463,Thompson,Charles,,2001-07-28,3431,3913511159,,charles.thompson36@outlook.com,2756 Oak Ave,,Greenville,IL,74443-6846,2026-05-31
VC004464,Brown,Daniel,E,08-Jul-1963,5084,934-433-9243,,,4614 Valley Ln,Apt 941,Clinton,GA,69065,2026-05-05
VC004465,Hall,Thomas,A,10-30-1955,3927,+12483729219,,thomas.hall76@icloud.com,2619 Valley Ln,,Salem,NV,73666,2026-05-06
VC004466,Torres,Sarah,,12/11/2002,4567,974.294.3857,,,3797 Cedar Ln,,Georgetown,WY,68635-4747,2026-06-02
VC004467,Miller,Christopher,,1958-01-06,1969,(691) 482-3520,870-791-6824,christopher.miller47@yahoo.com,1393 Maple Dr,Apt 628,Marion,DE,42211,2026-05-28
VC004468,Johnson,Nancy,P,21-Aug-1979,1723,4826663844,+15954016818,nancy.johnson57@icloud.com,2628 Park Blvd,Apt 645,Marion,NH,29974,2026-05-28
VC004469,Wright,Barbara,D,10-19-1948,7805,314-818-9041,760.720.2326,,8437 Lincoln Ave,,Arlington,WY,83633-9905,2026-05-17
VC004470,Jackson,Richard,H,11/23/1967,9350,+12588773481,(817) 847-1381,,6697 Sunset Blvd,,Richmond,RI,25640,2026-06-02
VC004471,Johnson,William,,1983-12-29,6536,592.928.4492,,william.johnson32@aol.com,6145 Maple Dr,Apt 840,Manchester,IA,18911,2026-05-10
VC004472,Martin,Lisa,F,06-Jan-1962,3269,(840) 392-6611,230-739-3860,lisa.martin63@outlook.com,5562 Oak Ave,Apt 796,Salem,NV,59741-7509,2026-05-10
VC004473,Torres,Lisa,,07-15-1985,3107,9654284123,+12324159690,,7924 Washington St,Apt 143,Dayton,LA,38595,2026-05-12
VC004474,Taylor,Thomas,,08/12/1957,9893,804-428-7379,,thomas.taylor76@yahoo.com,435 River Dr,,Burlington,GA,65348,2026-06-02
VC004475,Hall,Mary,S,1962-05-18,1500,+18384966789,(433) 324-1919,mary.hall92@gmail.com,9460 Forest Ave,,Georgetown,TX,23620-6144,2026-05-27
VC004476,White,Betty,N,12-May-1942,8921,226.544.5306,,,1817 Lake Rd,,Manchester,FL,75840,2026-05-18
VC004477,Davis,Lisa,M,10-10-1959,3565,(511) 420-8048,725-474-1729,lisa.davis99@hotmail.com,6067 Washington St,,Oxford,DE,52622,2026-05-05
VC004478,Scott,David,C,02/17/1960,4952,8335424201,,david.scott14@hotmail.com,3035 Lake Rd,,Arlington,OK,53377-9945,2026-05-21
VC004479,Garcia,Karen,,1953-03-19,9459,506-739-6345,,karen.garcia99@hotmail.com,495 Sunset Blvd,,Richmond,AK,69984,2026-05-24
VC004480,Smith,Mark,,30-Dec-1948,8960,+18536217703,,,8872 Valley Ln,,Springfield,UT,45644,2026-05-21
VC004481,Jackson,John,,08-26-2003,7843,219.670.2275,7238184770,john.jackson6@outlook.com,5130 Valley Ln,,Clinton,OR,63008-4794,2026-05-21
VC004482,Wilson,Sandra,U,08/04/1967,7920,(647) 482-6494,686-474-1154,sandra.wilson66@outlook.com,5122 Hill Rd,,Marion,TN,23086,2026-05-28
VC004483,Jones,Robert,,1946-04-30,4707,6003637865,+12762817596,robert.jones21@yahoo.com,6407 Valley Ln,,Fairview,KS,55928,2026-05-31
VC004484,Miller,Sandra,,14-Jun-1956,3943,349-752-5655,992.473.9804,sandra.miller7@outlook.com,787 Washington St,,Richmond,LA,54802-3027,2026-05-13
VC004485,Thompson,Robert,Q,09-28-1955,4120,+19478493245,,robert.thompson36@gmail.com,1664 Main St,,Franklin,PA,99083,2026-05-09
VC004486,Allen,Margaret,,05/24/1967,7751,971.527.4478,2364863250,margaret.allen44@icloud.com,4528 Main St,,Dayton,AK,87748,2026-06-01
VC004487,Walker,Robert,,1950-02-08,1260,(265) 476-9351,814-859-2037,robert.walker18@outlook.com,2752 Cedar Ln,,Clinton,IA,94585-5001,2026-05-22
VC004488,Brown,Thomas,N,20-Feb-1961,9457,9387491391,,thomas.brown83@hotmail.com,5338 Washington St,Apt 273,Dayton,CO,43181,2026-05-08
VC004489,Wright,Karen,C,01-18-1976,6100,989-576-5778,,karen.wright38@outlook.com,3846 Sunset Blvd,,Franklin,NC,80386,2026-05-14
VC004490,Thompson,James,M,02/03/1995,1171,+12199141926,(785) 520-7419,james.thompson78@yahoo.com,4684 River Dr,Apt 179,Springfield,WV,66141-2112,2026-05-23
VC004491,Baker,Betty,Y,1941-08-03,2032,665.380.1330,5352313880,betty.baker24@yahoo.com,3419 Oak Ave,,Richmond,OH,89904,2026-05-24
VC004492,Harris,Barbara,,10-Oct-1991,3089,(616) 638-2732,,barbara.harris24@outlook.com,5564 Sunset Blvd,,Fairview,PA,38463,2026-05-07
VC004493,Hall,James,,10-03-1974,7573,9405697694,+18184388683,james.hall34@aol.com,929 Washington St,Apt 502,Clinton,TX,49328-3436,2026-05-15
VC004494,King,James,M,10/15/1943,9513,594-210-1106,,james.king17@aol.com,9962 Valley Ln,,Richmond,OK,17000,2026-05-15
VC004495,Williams,John,L,1942-01-08,9643,+14432386000,(909) 983-7293,john.williams62@outlook.com,6163 Lake Rd,Apt 947,Dayton,NY,30126,2026-05-21
VC004496,Jackson,Jennifer,Z,10-Dec-1960,8256,350.949.2139,2045998408,jennifer.jackson68@aol.com,6006 Valley Ln,,Madison,SD,34126-9499,2026-05-21
VC004497,Smith,Barbara,,03-17-1976,1535,(529) 859-1547,376-978-9086,barbara.smith91@yahoo.com,582 Maple Dr,,Franklin,NM,37362,2026-05-19
VC004498,Brown,Anthony,,04/11/1981,5425,5647072435,,anthony.brown66@hotmail.com,2249 Maple Dr,Apt 930,Salem,NY,28754,2026-05-28
VC004499,Wright,Jennifer,D,1977-12-29,4195,292-312-7958,672.423.5247,,537 Valley Ln,,Madison,MD,87070-6700,2026-05-30
VC004500,Hill,David,Y,27-May-1964,6971,+13972845373,,david.hill8@hotmail.com,616 Valley Ln,,Clinton,NJ,87778,2026-05-26
VC004501,Adams,Robert,,09-03-1963,1110,846.508.9447,5825344131,,7897 Hill Rd,,Marion,WY,21893,2026-06-01
VC004502,Harris,Karen,X,04/29/1987,8391,(406) 278-1054,849-338-8981,karen.harris66@hotmail.com,7180 Park Blvd,,Oxford,CO,44440-8056,2026-06-04
VC004503,Jones,Betty,,1979-03-12,1319,4097004822,+19417925255,betty.jones16@yahoo.com,9503 Valley Ln,Apt 178,Greenville,AL,23708,2026-05-20
VC004504,Anderson,Anthony,,24-Sep-1998,7690,395-863-6891,709.559.8727,anthony.anderson70@aol.com,9717 Oak Ave,Apt 587,Dayton,MI,85698,2026-05-29
VC004505,Jones,Sandra,,06-20-1952,8360,+17223409531,,,3208 Maple Dr,Apt 197,Franklin,NY,42074-8352,2026-05-07
VC004506,Smith,Sandra,O,10/14/1968,7802,941.787.3484,2047508902,sandra.smith56@aol.com,4191 Forest Ave,Apt 58,Franklin,MN,72367,2026-06-02
VC004507,Nguyen,Susan,,1983-12-04,4389,(932) 347-6937,488-941-2638,susan.nguyen74@hotmail.com,5340 Hill Rd,,Salem,WA,59775,2026-05-31
VC004508,Wright,Jessica,,05-Jun-1974,6182,6236493014,,jessica.wright89@yahoo.com,8595 Forest Ave,,Greenville,AK,48918-6019,2026-05-19
VC004509,Hall,Margaret,V,01-04-1964,6480,924-248-6617,,margaret.hall48@yahoo.com,4026 Valley Ln,,Springfield,MS,16037,2026-06-01
VC004510,King,Daniel,V,06/08/1947,3807,+12367243572,(943) 926-8901,,1617 Cedar Ln,,Dayton,MA,89835,2026-05-19
VC004511,Walker,Linda,A,1979-01-23,6277,980.700.2128,7767425829,,5405 Maple Dr,,Dayton,CA,34582-9588,2026-05-10
VC004512,Taylor,Nancy,,29-Mar-1981,5157,(929) 542-3266,448-870-5308,nancy.taylor37@aol.com,9625 Lake Rd,,Richmond,IL,68474,2026-05-31
VC004513,Harris,Karen,,08-03-1980,8139,9276493196,+15667226750,karen.harris49@yahoo.com,3708 Main St,,Burlington,DE,38589,2026-05-21
VC004514,Nguyen,Sandra,J,08/08/1953,7105,254-384-2924,,,5446 Lincoln Ave,,Fairview,LA,71016-7978,2026-05-19
VC004515,Davis,Robert,B,1992-02-03,1918,+18179504180,,,9230 Maple Dr,,Dayton,HI,17213,2026-06-01
VC004516,Harris,Nancy,M,26-Aug-1962,8386,401.518.6584,4278058571,nancy.harris25@icloud.com,603 Cedar Ln,Apt 375,Dayton,NY,57476,2026-05-17
VC004517,Garcia,John,U,07-19-1982,2163,(684) 638-8957,,john.garcia92@aol.com,194 Sunset Blvd,,Madison,LA,50410-9834,2026-05-13
VC004518,Nguyen,James,T,10/31/1960,1244,9459125998,+15233461739,james.nguyen66@aol.com,293 Lincoln Ave,Apt 733,Marion,MN,85184,2026-05-29
VC004519,Hall,Mary,U,1973-05-25,7191,874-846-4054,577.841.4908,,7786 Maple Dr,Apt 872,Salem,PA,52335,2026-05-09
VC004520,Jackson,Susan,U,20-Mar-1950,8403,+17243791908,(687) 555-6685,susan.jackson45@gmail.com,8638 Sunset Blvd,,Springfield,OK,64252-7806,2026-05-31
VC004521,Thomas,Ashley,L,06-05-1988,8171,264.439.7875,7437349506,ashley.thomas59@outlook.com,6125 Jefferson Dr,,Georgetown,KY,77316,2026-05-21
VC004522,Smith,David,Z,03/01/1963,2842,(367) 393-1007,,david.smith73@gmail.com,7398 Lincoln Ave,,Burlington,MN,10501,2026-05-14
VC004523,Baker,Robert,V,1971-12-17,6783,8479812945,,robert.baker75@outlook.com,9350 Maple Dr,Apt 838,Georgetown,IL,55262-9625,2026-05-18
VC004524,Martin,Sarah,,07-Oct-1945,1461,823-232-7375,,sarah.martin73@hotmail.com,8644 Sunset Blvd,,Madison,RI,32363,2026-05-09
VC004525,King,Susan,,08-16-1979,1023,+17746191587,,susan.king84@aol.com,145 Lake Rd,,Madison,CT,73980,2026-05-22
VC004526,Miller,Patricia,X,09/30/1992,6971,754.468.4358,,,6224 Jefferson Dr,,Oxford,MA,57189-3005,2026-05-30
VC004527,Miller,Mary,,1956-11-23,2316,(968) 320-3917,,,8785 Lake Rd,Apt 862,Madison,MO,75936,2026-05-17
VC004528,Martin,Sarah,,10-Nov-2000,3229,8363381640,+14322417162,sarah.martin58@outlook.com,3036 Lake Rd,,Burlington,WA,90928,2026-05-06
VC004529,Scott,Charles,Z,09-21-1968,4627,331-489-3351,,,6797 Valley Ln,,Burlington,MA,71575-9595,2026-05-30
VC004530,Young,Mary,S,06/02/1976,8393,+15584038940,(675) 966-6898,mary.young34@icloud.com,9556 Oak Ave,,Marion,AR,83115,2026-05-13
VC004531,Jackson,Mark,,1989-09-16,6575,549.253.1475,5423686512,mark.jackson56@hotmail.com,606 Oak Ave,Apt 387,Springfield,OH,88063,2026-05-14
VC004532,Wright,Barbara,,27-Aug-1973,3484,(334) 604-4130,,barbara.wright5@aol.com,7919 Park Blvd,,Dayton,NE,47050-2308,2026-06-03
VC004533,Scott,John,Q,08-31-1984,1859,9155688092,,,6521 River Dr,Apt 928,Greenville,MT,56512,2026-05-24
VC004534,Wilson,Thomas,,11/07/1988,5309,462-766-8564,569.705.7332,thomas.wilson64@gmail.com,373 Cedar Ln,Apt 814,Madison,WI,76098,2026-05-20
VC004535,White,Susan,,1945-03-17,9931,+16144618861,,susan.white44@yahoo.com,169 Washington St,,Greenville,MI,65746-3365,2026-06-04
VC004536,Walker,Charles,Q,10-May-1975,5921,205.516.6532,,charles.walker83@aol.com,5542 Cedar Ln,,Salem,NM,32202,2026-05-07
VC004537,Jackson,William,,04-28-1975,3863,(255) 738-7933,444-892-5677,william.jackson74@yahoo.com,7837 Hill Rd,Apt 618,Springfield,NC,55519,2026-05-07
VC004538,Allen,Daniel,,08/11/1959,1169,6064199440,+12933214131,daniel.allen14@hotmail.com,4340 Sunset Blvd,,Dayton,UT,82325-5436,2026-05-14
VC004539,Young,Daniel,H,1970-10-13,9782,821-952-6695,,,5805 Park Blvd,,Salem,DE,73537,2026-05-17
VC004540,Allen,Jessica,,30-Jan-1959,7910,+17205189142,,,1373 Oak Ave,,Salem,CA,71037,2026-05-28
VC004541,Garcia,Richard,P,04-18-2003,6248,355.643.9658,3394705304,,7801 Washington St,,Fairview,CT,11832-8378,2026-05-18
VC004542,Taylor,Jessica,,05/07/1985,4078,(509) 297-4338,,,1478 Cedar Ln,Apt 458,Arlington,MS,20007,2026-05-24
VC004543,Taylor,Thomas,E,1967-03-19,4978,5396879986,,thomas.taylor25@yahoo.com,3203 Main St,Apt 902,Franklin,NY,59722,2026-05-05
VC004544,Williams,James,,23-Jun-1966,6839,512-369-2200,312.741.6944,james.williams17@gmail.com,9133 River Dr,,Springfield,GA,32018-7447,2026-05-11
VC004545,Allen,Ashley,I,08-14-1981,2599,+16237481807,(514) 984-6512,ashley.allen19@icloud.com,3322 River Dr,,Burlington,WY,70063,2026-05-08
VC004546,Wilson,Sarah,,09/09/1990,8628,814.417.5042,3786131695,sarah.wilson98@icloud.com,3017 Hill Rd,,Springfield,PA,93840,2026-05-25
VC004547,Thomas,William,P,1967-04-27,4429,(820) 739-7771,,william.thomas41@yahoo.com,3052 Washington St,,Arlington,CA,92921-6750,2026-05-25
VC004548,Walker,Anthony,S,30-Jan-1954,5189,5129358336,+12919728794,anthony.walker81@icloud.com,8039 Cedar Ln,Apt 139,Greenville,KS,74497,2026-05-11
VC004549,Garcia,Margaret,K,09-27-1975,6457,913-316-4309,220.250.8514,margaret.garcia89@icloud.com,1765 Park Blvd,Apt 782,Georgetown,MI,33395,2026-05-24
VC004550,Nguyen,Joseph,H,12/20/2001,6454,+13895798607,,joseph.nguyen91@outlook.com,23 Jefferson Dr,Apt 964,Dayton,CA,60446-9114,2026-05-25
VC004551,Adams,Patricia,J,1989-08-23,5786,383.509.1231,,patricia.adams30@hotmail.com,8752 Maple Dr,,Madison,AZ,17146,2026-05-16
VC004552,Jones,John,L,22-Mar-1971,3116,(814) 886-2326,,,4302 Sunset Blvd,Apt 563,Oxford,VA,87294,2026-05-18
VC004553,Brown,James,I,03-02-1942,8345,4762611404,,james.brown92@aol.com,8348 Cedar Ln,Apt 452,Dayton,ND,58662-3275,2026-06-03
VC004554,Miller,Jessica,L,10/12/1980,9787,828-869-7861,341.392.9930,jessica.miller94@icloud.com,6530 Oak Ave,Apt 739,Manchester,OR,45643,2026-05-31
VC004555,Jackson,Anthony,K,1991-01-03,2017,+17025007980,(585) 350-2285,anthony.jackson7@outlook.com,6771 River Dr,,Marion,IA,78669,2026-05-09
VC004556,Thompson,Ashley,,11-May-1988,9060,399.290.2256,4757907616,ashley.thompson61@hotmail.com,5701 Maple Dr,Apt 616,Dayton,KY,37054-1427,2026-05-18
VC004557,Smith,Ashley,B,04-28-1956,1093,(325) 691-7281,930-457-2352,,3577 Forest Ave,,Clinton,WI,72667,2026-05-17
VC004558,Young,Jennifer,F,10/18/2001,6886,5938764129,+18109588228,,4897 Washington St,Apt 415,Clinton,CT,92656,2026-05-22
VC004559,Jackson,Margaret,,1942-03-06,4998,614-480-5075,,margaret.jackson41@hotmail.com,4763 Cedar Ln,,Clinton,RI,71566-1237,2026-05-16
VC004560,Anderson,Sandra,,22-Jan-1966,7731,+12986222104,(780) 639-4900,sandra.anderson80@outlook.com,377 Park Blvd,Apt 414,Burlington,IA,78161,2026-05-15
VC004561,Harris,William,,11-17-1988,5889,913.955.8952,5892838913,,4796 Maple Dr,Apt 406,Clinton,MS,81333,2026-05-19
VC004562,Young,Ashley,T,11/09/1950,5061,(930) 519-7537,976-855-1343,ashley.young89@yahoo.com,6119 Forest Ave,,Arlington,ND,69177-9823,2026-06-03
VC004563,Taylor,Nancy,C,1949-03-17,9023,2303442798,+13154572838,nancy.taylor49@yahoo.com,37 River Dr,,Fairview,NY,96202,2026-05-12
VC004564,King,Patricia,,16-May-1963,8685,842-771-3918,,,678 Valley Ln,Apt 438,Clinton,IL,18320,2026-05-28
VC004565,Walker,Mary,C,09-15-1941,8878,+13685276153,,mary.walker34@outlook.com,1609 Oak Ave,,Salem,AR,34573-4139,2026-05-07
VC004566,Young,Barbara,V,04/17/2002,9395,932.419.6182,7282337654,,6775 Jefferson Dr,,Greenville,OK,10140,2026-06-02
VC004567,Walker,Sandra,S,1985-03-02,9202,(431) 202-5289,,,448 Forest Ave,,Madison,CT,87898,2026-05-16
VC004568,Miller,Ashley,B,12-Nov-1993,7527,8866787045,+17297385940,,6171 River Dr,,Richmond,MO,21709-2674,2026-05-22
VC004569,Thompson,Christopher,H,09-12-2001,4430,681-541-1087,770.752.2462,,4882 Park Blvd,,Clinton,LA,92915,2026-05-29
VC004570,Scott,Ashley,,12/08/1986,9181,+15626863970,,ashley.scott40@gmail.com,4684 Lincoln Ave,,Manchester,SD,54403,2026-05-22
VC004571,Nelson,Richard,,1994-08-04,9608,564.245.2087,2072247612,richard.nelson67@yahoo.com,8662 Oak Ave,Apt 268,Greenville,FL,97463-8747,2026-06-03
VC004572,Anderson,Robert,T,22-Apr-1987,3319,(552) 276-2867,451-807-4346,robert.anderson40@outlook.com,58 Lake Rd,,Greenville,MT,59689,2026-05-09
VC004573,Thompson,Mary,S,06-09-1995,4293,5263132142,,,4687 Park Blvd,,Madison,TN,63864,2026-05-11
VC004574,Nelson,Ashley,N,08/31/1990,8388,644-299-7951,,,6458 Main St,,Fairview,IA,42720-3886,2026-05-25
VC004575,Hill,Anthony,V,1995-10-31,2714,+18186806298,,anthony.hill80@hotmail.com,239 Maple Dr,,Arlington,MI,43139,2026-05-12
VC004576,Walker,Lisa,S,08-Mar-2002,7518,420.931.6752,2226083229,,6619 Washington St,,Greenville,MA,73234,2026-05-27
VC004577,Adams,John,C,03-26-1965,5311,(976) 345-8511,,,9308 Washington St,Apt 668,Fairview,MI,97741-2491,2026-05-12
VC004578,Adams,Jessica,,10/14/1983,1859,2772849844,,jessica.adams15@hotmail.com,9191 Hill Rd,Apt 393,Marion,VA,34119,2026-05-14
VC004579,Scott,Sarah,A,1940-11-06,6465,578-574-3774,783.819.7970,sarah.scott14@hotmail.com,5851 Cedar Ln,,Burlington,MD,64614,2026-05-20
VC004580,Thomas,William,C,17-May-1987,9458,+14547318436,(567) 740-3841,,2594 Park Blvd,,Salem,MN,48611-1094,2026-05-13
VC004581,Anderson,Matthew,,12-23-1973,6562,590.574.4122,7248076346,matthew.anderson61@yahoo.com,1448 Valley Ln,Apt 876,Fairview,IL,62706,2026-05-13
VC004582,Hall,Betty,H,06/21/1941,6173,(366) 390-9747,917-760-5069,betty.hall21@icloud.com,9435 Maple Dr,,Oxford,WY,85183,2026-05-09
VC004583,Martin,Ashley,P,1964-12-29,8495,7728812114,+19049304173,ashley.martin12@yahoo.com,181 Oak Ave,,Arlington,KS,58627-2556,2026-05-06
VC004584,Jones,Linda,Y,01-Nov-1965,8783,639-974-5727,,,4384 Sunset Blvd,Apt 58,Springfield,MD,99485,2026-06-02
VC004585,Walker,John,I,12-18-1956,7542,+19092705250,,,1157 Cedar Ln,,Georgetown,WA,81375,2026-05-28
VC004586,White,Matthew,D,09/14/1963,9719,380.536.9311,,matthew.white64@icloud.com,7919 Hill Rd,,Madison,TN,49274-3828,2026-05-23
VC004587,Torres,Charles,,1992-12-12,9929,(379) 836-8551,807-826-7263,charles.torres9@outlook.com,1215 Lincoln Ave,Apt 61,Madison,NE,71345,2026-05-11
VC004588,Garcia,Karen,,09-Aug-1973,7367,9096193152,+13157443494,,2236 River Dr,Apt 930,Oxford,TX,24472,2026-05-26
VC004589,Scott,Sarah,O,03-20-1994,1897,753-604-7513,634.431.2430,sarah.scott13@icloud.com,9556 Maple Dr,,Georgetown,MA,26533-3145,2026-05-19
VC004590,Jackson,David,T,08/14/1983,4849,+14489068754,(560) 548-8580,,5494 Hill Rd,,Georgetown,ND,99504,2026-05-24
VC004591,Torres,Jennifer,B,1991-01-26,3311,720.874.7752,9237376719,,340 Sunset Blvd,,Madison,FL,46610,2026-05-19
VC004592,Scott,Joseph,,13-Nov-1998,5129,(254) 691-6483,974-909-4410,joseph.scott52@icloud.com,7344 Hill Rd,Apt 712,Oxford,WA,78241-7391,2026-05-07
VC004593,Young,David,,10-04-1981,6552,3564101584,,david.young52@gmail.com,3072 Maple Dr,,Richmond,TX,85164,2026-05-27
VC004594,Thompson,William,K,06/18/1983,9934,332-719-3410,,,2036 Washington St,,Madison,FL,73677,2026-05-13
VC004595,Allen,Joseph,W,1997-03-26,4815,+18524711524,,joseph.allen60@hotmail.com,3107 Valley Ln,,Greenville,MS,38717-1819,2026-06-03
VC004596,Adams,John,V,02-Oct-2004,4674,974.741.4436,,john.adams91@outlook.com,7573 Park Blvd,,Salem,MO,59785,2026-05-11
VC004597,Williams,Matthew,,09-03-1966,1772,(303) 693-1727,,matthew.williams97@aol.com,4066 Hill Rd,Apt 243,Greenville,MA,52341,2026-05-30
VC004598,Hall,Charles,,11/07/1969,6072,6466207884,+16972817584,charles.hall82@icloud.com,4854 Forest Ave,,Richmond,UT,15106-4303,2026-05-09
VC004599,Hill,Karen,,1990-08-31,4258,336-653-9098,,karen.hill66@outlook.com,717 Valley Ln,,Madison,WA,92815,2026-06-01
VC004600,Thompson,Joseph,S,07-Oct-2000,7743,+15599652349,,joseph.thompson9@aol.com,1078 River Dr,,Arlington,TX,23838,2026-05-29
VC004601,King,Margaret,F,08-16-2003,3525,235.403.2992,,margaret.king64@yahoo.com,3246 River Dr,,Oxford,MN,56014-5474,2026-05-29
VC004602,Harris,John,Y,01/10/2001,1725,(544) 645-7861,,john.harris50@icloud.com,7489 Cedar Ln,,Oxford,AR,59527,2026-05-27
VC004603,King,Nancy,,2002-12-11,2729,7643186740,,nancy.king34@yahoo.com,654 Valley Ln,,Arlington,NY,43184,2026-05-11
VC004604,Hall,Patricia,,09-Aug-1963,4770,357-370-4332,,patricia.hall4@yahoo.com,1588 Hill Rd,,Clinton,ND,65802-2134,2026-05-20
VC004605,Jackson,William,P,10-27-1944,2514,+19296627876,(451) 608-4581,,8598 Cedar Ln,Apt 587,Dayton,KY,34127,2026-05-07
VC004606,Walker,Sarah,F,11/23/2000,4933,458.593.4972,9839184204,,8280 River Dr,,Dayton,MO,47176,2026-05-13
VC004607,Smith,Charles,,2002-02-06,7347,(786) 811-7034,419-314-5393,,1579 Washington St,,Salem,NM,56847-1302,2026-06-04
VC004608,Young,Matthew,,02-Sep-1998,4327,4077019104,+13668916174,,2391 Park Blvd,,Madison,ID,70424,2026-05-19
VC004609,Williams,Ashley,R,05-17-1946,8715,984-792-9414,,,4993 Main St,,Madison,VT,25720,2026-05-19
VC004610,Torres,Patricia,R,07/09/1948,3174,+15133079970,(742) 453-3925,patricia.torres71@icloud.com,3260 Cedar Ln,,Fairview,OK,81999-8609,2026-05-14
VC004611,Miller,Susan,F,1993-05-07,6053,482.868.2430,,susan.miller60@gmail.com,2190 Forest Ave,Apt 310,Marion,UT,98019,2026-05-17
VC004612,Hall,Sarah,X,12-Mar-1943,3380,(624) 667-9298,,,1819 Jefferson Dr,Apt 856,Dayton,MD,81783,2026-05-08
VC004613,Jones,Lisa,E,08-25-1973,9168,9489825036,,,1073 Maple Dr,,Madison,NE,73334-1991,2026-05-23
VC004614,Wright,Jessica,J,03/14/1972,7398,365-804-8328,485.447.3119,jessica.wright46@outlook.com,9928 Valley Ln,,Richmond,ME,33854,2026-05-09
VC004615,Scott,Mary,G,1955-09-16,1430,+15428615127,,mary.scott75@yahoo.com,985 Park Blvd,,Marion,AR,95293,2026-05-18
VC004616,Smith,Daniel,L,04-Mar-1951,8739,294.257.2632,,,6179 Oak Ave,Apt 715,Madison,NC,21261-3152,2026-06-03
VC004617,Nelson,Robert,R,09-08-1979,4411,(849) 820-1534,315-630-7339,robert.nelson41@outlook.com,200 Sunset Blvd,,Arlington,AL,21418,2026-05-17
VC004618,Wright,Ashley,K,03/08/1999,7248,4237414810,,,9062 Maple Dr,,Greenville,WV,14994,2026-06-04
VC004619,Hill,Sandra,,2004-09-07,7140,405-313-5091,661.664.6207,sandra.hill27@yahoo.com,2420 Jefferson Dr,Apt 504,Burlington,HI,60091-9240,2026-06-02
VC004620,Scott,Patricia,,08-Dec-1990,6635,+19789769589,(678) 644-4700,patricia.scott82@outlook.com,5572 Cedar Ln,,Burlington,CT,46613,2026-05-06
VC004621,Johnson,Thomas,V,10-12-1998,4428,887.326.4598,,thomas.johnson14@aol.com,5257 Park Blvd,,Burlington,NC,28893,2026-05-09
VC004622,Taylor,Joseph,,02/24/1985,8418,(320) 592-7190,,joseph.taylor14@aol.com,6278 Lincoln Ave,Apt 200,Richmond,DE,32566-5116,2026-05-25
VC004623,Williams,Linda,I,1986-11-21,4023,6717666286,+17834829192,linda.williams67@aol.com,3430 Cedar Ln,,Oxford,MN,66690,2026-05-06
VC004624,Williams,Susan,,13-Feb-1968,9596,391-918-6462,565.685.6317,susan.williams85@gmail.com,2960 Forest Ave,Apt 864,Madison,NC,18715,2026-06-03
VC004625,Smith,Susan,D,12-15-1963,9336,+16239384043,,susan.smith46@gmail.com,6615 Oak Ave,,Franklin,NE,60003-1169,2026-05-25
VC004626,Wright,James,,06/09/1966,9892,548.939.4412,4719066513,james.wright30@yahoo.com,5724 Park Blvd,Apt 591,Salem,KS,10456,2026-05-22
VC004627,Torres,William,J,1990-12-24,3602,(819) 793-8058,,william.torres70@hotmail.com,8537 Oak Ave,,Manchester,ND,94323,2026-05-21
VC004628,Smith,David,,20-Aug-1950,4071,9617893590,,,1635 Park Blvd,,Oxford,WV,58830-3910,2026-05-08
VC004629,Anderson,Daniel,O,03-15-1953,2665,546-866-7762,235.892.7214,,5687 Sunset Blvd,,Georgetown,TX,17568,2026-05-26
VC004630,Jackson,Mary,,07/28/1996,5376,+19278351043,,,1917 Valley Ln,Apt 886,Richmond,MT,96904,2026-05-31
VC004631,Garcia,Linda,,1966-06-21,5811,869.791.8636,,linda.garcia46@gmail.com,5563 Cedar Ln,Apt 395,Greenville,MD,31701-6331,2026-06-02
VC004632,White,Ashley,,18-Dec-1987,8794,(797) 925-4111,354-518-9743,ashley.white95@gmail.com,5623 Washington St,,Burlington,IA,99957,2026-05-16
VC004633,Johnson,William,R,11-04-1990,4073,3836397504,+17325712046,william.johnson9@hotmail.com,4054 Maple Dr,Apt 62,Arlington,NY,51155,2026-06-04
VC004634,Thompson,Richard,,06/13/1967,8660,914-278-4275,,,4185 Valley Ln,,Dayton,MS,62535-3357,2026-05-13
VC004635,Wright,Sandra,Y,1991-03-10,1308,+15619764739,,sandra.wright48@yahoo.com,9351 Washington St,,Burlington,CT,83094,2026-05-16
VC004636,Harris,Susan,,08-Mar-1961,7536,914.275.7066,,susan.harris26@outlook.com,1789 Lincoln Ave,Apt 368,Springfield,ME,22981,2026-05-26
VC004637,Smith,William,,05-19-1952,8569,(654) 682-1669,821-444-1174,william.smith41@gmail.com,9890 Sunset Blvd,,Springfield,CA,77873-5386,2026-05-23
VC004638,Baker,Ashley,N,02/22/1983,7070,5558486750,+17532071525,ashley.baker41@icloud.com,8614 Main St,Apt 589,Dayton,AK,75978,2026-05-17
VC004639,Baker,John,E,1944-07-20,2292,356-792-6437,,john.baker82@yahoo.com,7433 Maple Dr,,Franklin,WY,62241,2026-05-08
VC004640,Brown,Jennifer,,17-Jul-1992,2301,+17176809307,,,1109 Cedar Ln,,Burlington,ID,90226-4698,2026-05-22
VC004641,Hill,Matthew,B,08-01-1955,3682,752.765.1059,,,6272 Oak Ave,,Greenville,WI,28096,2026-05-14
VC004642,Davis,Thomas,Y,05/07/1978,9463,(996) 387-4664,,,1262 Hill Rd,,Franklin,RI,52720,2026-05-17
VC004643,Hill,James,,1977-10-08,1664,6975306765,+15004841711,james.hill89@hotmail.com,3149 Maple Dr,,Madison,DE,36405-1821,2026-05-31
VC004644,Baker,Richard,L,16-Apr-1950,1434,420-913-5647,,richard.baker76@yahoo.com,1063 Hill Rd,Apt 359,Dayton,WY,85216,2026-05-13
VC004645,White,Michael,R,10-20-1994,1943,+16372922903,,michael.white47@icloud.com,5913 Maple Dr,,Georgetown,UT,77968,2026-05-07
VC004646,Williams,Joseph,A,10/22/1961,8737,466.978.9138,9964027773,joseph.williams92@icloud.com,1492 Maple Dr,,Georgetown,AZ,85061-2862,2026-05-22
VC004647,Miller,Margaret,C,1959-11-02,3031,(344) 773-1493,,,9932 Oak Ave,,Richmond,NE,61956,2026-05-10
VC004648,Scott,Matthew,,05-Jan-1959,8464,2016354789,+17576479767,,4650 Lincoln Ave,,Marion,MO,73488,2026-05-23
VC004649,Walker,Charles,W,12-23-1980,9771,272-200-6453,,charles.walker74@gmail.com,9557 Jefferson Dr,Apt 551,Clinton,UT,96090-2380,2026-05-10
VC004650,Wilson,Anthony,,05/25/1984,9060,+14223234799,,anthony.wilson55@aol.com,5351 Jefferson Dr,,Georgetown,AK,85988,2026-05-19
VC004651,Wilson,Christopher,,1966-03-15,7349,451.582.3341,4574959710,christopher.wilson57@hotmail.com,2102 Oak Ave,,Dayton,IN,91073,2026-05-13
VC004652,White,David,,25-May-1990,5345,(990) 357-8746,,david.white28@yahoo.com,6672 Washington St,Apt 87,Oxford,GA,60157-7578,2026-06-01
VC004653,King,Betty,Z,12-27-1980,6421,3948855451,+19269895574,betty.king1@icloud.com,2333 Jefferson Dr,,Dayton,LA,35885,2026-05-21
VC004654,Harris,Robert,R,01/23/1961,8735,298-927-4470,,,8550 Park Blvd,,Arlington,KY,59309,2026-05-15
VC004655,Hill,William,C,1971-04-06,1566,+12267344612,,william.hill57@icloud.com,9426 Washington St,,Fairview,VT,94425-7924,2026-05-14
VC004656,Miller,Matthew,R,10-Jul-1944,4367,907.985.8141,,matthew.miller58@hotmail.com,1098 Lake Rd,,Madison,WV,89334,2026-05-30
VC004657,Davis,Susan,M,12-25-1984,1481,(638) 836-5510,648-591-1446,,1033 Jefferson Dr,,Salem,MN,24556,2026-05-25
VC004658,Harris,Jennifer,A,11/17/1999,5871,9644255341,+13946648960,,2343 Park Blvd,,Salem,AR,64537-9119,2026-06-04
VC004659,Harris,Christopher,,1960-04-05,2504,446-791-8830,,christopher.harris67@aol.com,8030 Park Blvd,,Georgetown,WY,73269,2026-06-03
VC004660,Scott,Jessica,X,30-Aug-1995,3441,+19093689377,(903) 522-2507,,3333 Hill Rd,,Greenville,MD,48193,2026-05-15
VC004661,Harris,Sarah,K,01-10-1974,3458,761.950.9578,,sarah.harris73@gmail.com,4831 Park Blvd,,Fairview,NH,60370-8198,2026-05-27
VC004662,Thompson,Barbara,V,10/10/1997,9635,(404) 491-9006,415-885-8808,barbara.thompson43@outlook.com,1618 Jefferson Dr,Apt 1,Arlington,NV,82505,2026-05-20
VC004663,Thomas,Daniel,P,2001-08-28,2143,4318366477,+12458173827,daniel.thomas48@icloud.com,7213 Lake Rd,,Franklin,MI,33329,2026-05-27
VC004664,Taylor,Richard,G,12-Apr-1998,1269,647-849-5640,,richard.taylor89@icloud.com,1626 Oak Ave,,Manchester,CT,21749-2286,2026-05-30
VC004665,Torres,Margaret,,11-29-1989,2735,+18479991675,(673) 361-5034,margaret.torres68@outlook.com,9217 River Dr,Apt 147,Springfield,MI,32582,2026-05-26
VC004666,Anderson,Nancy,D,11/09/1988,8023,786.968.8366,,,376 Forest Ave,Apt 891,Manchester,VT,87150,2026-05-10
VC004667,Harris,Ashley,E,1941-09-27,4383,(239) 416-3599,,ashley.harris49@hotmail.com,4947 Hill Rd,Apt 266,Franklin,OH,32690-3715,2026-05-09
VC004668,Jones,Mary,M,23-Sep-1979,5868,4536508313,,mary.jones60@outlook.com,5594 Lake Rd,,Richmond,MS,96962,2026-05-14
VC004669,Wilson,Linda,,04-08-1952,2370,846-361-3384,,,4988 Oak Ave,,Springfield,OR,12322,2026-05-22
VC004670,White,Sarah,,08/12/1961,1325,+17095882525,,sarah.white37@outlook.com,872 Sunset Blvd,,Dayton,AR,14925-4716,2026-05-05
VC004671,Wright,Patricia,P,1991-05-28,8752,972.208.3277,8073372490,patricia.wright6@aol.com,9856 Valley Ln,,Manchester,TX,93779,2026-05-25
VC004672,Young,Thomas,Q,09-Jun-1956,3628,(347) 429-3493,633-846-9144,,6089 Washington St,,Springfield,NE,54779,2026-06-02
VC004673,Thomas,John,O,06-23-2000,6941,3882322670,+19432525081,john.thomas91@yahoo.com,484 Washington St,,Salem,UT,40063-5716,2026-05-05
VC004674,Scott,Daniel,S,06/11/1942,2835,644-953-4353,,,5749 Cedar Ln,,Fairview,IN,57503,2026-05-06
VC004675,White,Michael,,1955-03-23,2389,+15296768238,,michael.white78@icloud.com,7245 Sunset Blvd,Apt 910,Fairview,NC,72021,2026-05-25
VC004676,Nguyen,Margaret,Q,25-Dec-2002,5649,264.914.9090,,,5528 Maple Dr,Apt 289,Richmond,IA,97941-3769,2026-05-18
VC004677,Smith,Barbara,,06-11-1944,9873,(975) 225-9894,937-646-1073,barbara.smith98@yahoo.com,4068 Main St,Apt 686,Springfield,WY,48079,2026-05-27
VC004678,Taylor,Patricia,E,02/03/1970,2723,3468483434,+15682016658,patricia.taylor29@aol.com,4223 Washington St,,Madison,ID,85238,2026-05-24
VC004679,Johnson,Mark,O,1954-01-28,6904,699-461-5870,,mark.johnson53@gmail.com,356 River Dr,,Franklin,GA,53331-7356,2026-05-24
VC004680,Davis,Mark,J,21-Dec-1981,6012,+12378352014,(861) 983-9612,mark.davis83@icloud.com,8391 Lake Rd,Apt 905,Salem,MI,39192,2026-06-01
VC004681,Jackson,Matthew,P,02-22-1955,9024,319.322.9823,,matthew.jackson95@outlook.com,8586 Oak Ave,,Clinton,CA,78954,2026-05-17
VC004682,Brown,David,D,07/16/1993,5636,(389) 396-4545,,,7934 Park Blvd,Apt 25,Burlington,PA,78765-8361,2026-05-11
VC004683,Nguyen,Michael,,1953-09-12,3769,9534707111,+19356593654,,503 Oak Ave,,Arlington,CO,64146,2026-05-10
VC004684,Miller,David,K,14-May-1944,1535,380-632-7874,241.797.5865,,2094 Lake Rd,,Madison,NY,76635,2026-05-11
VC004685,Torres,William,K,01-22-1949,5184,+14974039464,,william.torres12@gmail.com,6817 Forest Ave,,Clinton,MO,55714-1815,2026-05-19
VC004686,Miller,Betty,,05/08/1948,5282,792.455.4130,9957844696,betty.miller17@gmail.com,9711 Main St,,Oxford,AR,96962,2026-05-28
VC004687,Jones,William,,1999-01-07,7077,(483) 474-1111,,william.jones38@aol.com,6076 Cedar Ln,Apt 38,Greenville,VT,77664,2026-05-31
VC004688,Wilson,Susan,,02-Dec-1985,7466,9648579604,+18025499879,,547 Main St,Apt 932,Arlington,LA,35846-2534,2026-05-25
VC004689,Adams,Michael,N,10-09-1954,9348,659-216-6644,637.886.8946,,2204 Lincoln Ave,,Burlington,VA,12710,2026-05-15
VC004690,Williams,Lisa,,08/30/1983,2282,+19223599171,,,6584 Jefferson Dr,,Greenville,CT,21175,2026-05-21
VC004691,Jones,Daniel,A,1951-02-24,1537,921.281.1197,9194317799,daniel.jones5@outlook.com,4040 Oak Ave,,Arlington,LA,30107-6285,2026-06-01
VC004692,Wright,Karen,,27-Sep-1948,9525,(680) 533-3415,,karen.wright20@yahoo.com,8168 Sunset Blvd,,Fairview,TX,23778,2026-05-20
VC004693,Adams,Linda,S,05-10-1967,1596,7107061121,,,6161 Forest Ave,,Georgetown,NV,24125,2026-05-11
VC004694,Hall,Robert,,06/04/2000,6543,798-337-2172,,robert.hall83@yahoo.com,4536 Main St,,Dayton,NE,16546-2577,2026-05-26
VC004695,Taylor,Charles,I,1974-07-14,7275,+12859688287,(611) 454-8105,,4033 Sunset Blvd,,Madison,IA,46201,2026-06-04
VC004696,Brown,Daniel,Y,29-Jun-1984,6278,896.899.5351,4574851956,daniel.brown4@icloud.com,8699 Valley Ln,Apt 438,Salem,NV,76347,2026-05-20
VC004697,Smith,Barbara,,01-27-1957,4504,(668) 679-2050,,barbara.smith5@yahoo.com,6455 Washington St,,Richmond,HI,66184-1386,2026-05-07
VC004698,Wilson,Jessica,W,10/23/1992,2053,2123754223,,,1894 Valley Ln,Apt 630,Franklin,WV,27366,2026-05-15
VC004699,Davis,Susan,,1989-11-02,8346,593-275-9759,324.343.7513,susan.davis18@icloud.com,4935 Main St,,Greenville,MS,73722,2026-05-28
VC004700,Torres,Jennifer,C,22-Jan-1956,7475,+19003719158,(857) 315-9417,,4702 Sunset Blvd,,Richmond,MO,34550-8991,2026-05-29
VC004701,Allen,Jennifer,K,05-09-1963,1419,933.889.6007,,jennifer.allen5@gmail.com,9303 River Dr,,Arlington,FL,83006,2026-05-19
VC004702,Martin,Matthew,U,06/26/1997,2127,(411) 918-1689,950-574-6167,matthew.martin77@gmail.com,2024 Cedar Ln,Apt 157,Arlington,OH,45056,2026-05-06
VC004703,Allen,Karen,K,1959-07-30,1382,3437093899,+14906182364,,4454 Valley Ln,,Clinton,VA,53322-7892,2026-05-27
VC004704,Johnson,David,M,02-Jul-1991,7774,795-479-2071,,david.johnson44@yahoo.com,4926 Oak Ave,Apt 377,Springfield,KY,68904,2026-05-29
VC004705,Scott,Sarah,S,07-17-1940,9027,+18457175275,(418) 607-4475,sarah.scott89@aol.com,5424 Park Blvd,,Springfield,RI,77022,2026-05-14
VC004706,Adams,Christopher,,04/14/1963,1200,230.450.6208,,christopher.adams59@yahoo.com,7703 Valley Ln,,Clinton,MN,65298-7070,2026-06-01
VC004707,Walker,Betty,U,1955-04-11,9224,(691) 791-3423,,betty.walker30@yahoo.com,2560 Lincoln Ave,,Richmond,VT,66413,2026-05-21
VC004708,Smith,Barbara,,28-Jan-1997,9366,7519866038,,barbara.smith97@gmail.com,8804 Sunset Blvd,Apt 153,Richmond,NM,73446,2026-05-22
VC004709,Garcia,Sandra,,06-06-1945,5628,232-492-1795,231.406.4618,sandra.garcia65@hotmail.com,6742 Washington St,,Franklin,ND,79519-1699,2026-06-01
VC004710,Nelson,Karen,M,01/02/1985,3071,+12167082892,,karen.nelson11@yahoo.com,1757 Lake Rd,Apt 905,Greenville,NM,52145,2026-05-13
VC004711,Baker,Christopher,Q,1969-01-07,7850,833.445.8344,7699893806,christopher.baker32@icloud.com,517 Forest Ave,,Fairview,ME,83332,2026-05-18
VC004712,Scott,Mark,H,20-Oct-1956,3101,(717) 504-5875,,,7977 Oak Ave,,Georgetown,MN,56329-1955,2026-05-31
VC004713,Harris,Daniel,K,12-26-1976,3156,4225044963,+14344029986,daniel.harris81@yahoo.com,1441 Cedar Ln,,Dayton,HI,19431,2026-05-16
VC004714,Miller,Linda,O,05/30/1960,8927,670-603-1508,614.414.8408,linda.miller69@icloud.com,9449 Hill Rd,Apt 28,Salem,NJ,40921,2026-06-01
VC004715,Torres,Sandra,Q,1964-11-16,9077,+19968763138,(362) 895-8623,,137 Lincoln Ave,,Fairview,NE,61597-1600,2026-05-29
VC004716,Anderson,Thomas,H,05-Apr-1961,9001,557.390.2118,6825155274,,8442 Oak Ave,,Georgetown,CT,48732,2026-05-28
VC004717,Williams,James,I,11-26-2002,8296,(973) 926-6964,,james.williams45@icloud.com,7126 Maple Dr,,Greenville,WV,26240,2026-05-12
VC004718,Harris,Karen,A,06/26/1993,2535,9585073011,,karen.harris1@hotmail.com,1328 River Dr,,Dayton,WV,59896-3180,2026-05-18
VC004719,Brown,James,T,1990-04-13,9375,902-298-2824,,james.brown20@icloud.com,7349 Jefferson Dr,,Salem,KY,86097,2026-05-21
VC004720,Johnson,Susan,U,06-Jun-1991,3329,+14766583760,,,7073 Lincoln Ave,,Greenville,GA,37434,2026-05-20
VC004721,Wilson,Susan,B,12-05-1943,9798,536.678.8906,,,149 Jefferson Dr,Apt 756,Madison,LA,61843-7056,2026-05-08
VC004722,Johnson,Robert,,04/12/1953,3165,(970) 809-9269,913-971-9128,,1476 Cedar Ln,,Clinton,ME,61684,2026-05-27
VC004723,Garcia,James,,1959-04-10,8150,8899914593,,james.garcia65@gmail.com,673 Main St,,Oxford,SC,63934,2026-05-29
VC004724,Jones,Thomas,W,11-May-1978,2213,977-968-9693,634.564.2415,thomas.jones18@hotmail.com,802 Washington St,,Georgetown,MI,29109-2886,2026-05-26
VC004725,Harris,Michael,X,03-26-1949,5555,+17752677317,,michael.harris42@yahoo.com,4647 Valley Ln,,Fairview,ND,38503,2026-06-03
VC004726,Scott,Margaret,Z,11/09/1990,4507,796.390.1479,,margaret.scott73@icloud.com,5339 Maple Dr,,Greenville,GA,85582,2026-06-02
VC004727,Walker,Ashley,,1956-06-10,1007,(653) 803-1864,841-444-3162,ashley.walker6@hotmail.com,722 River Dr,Apt 216,Arlington,WA,44752-6004,2026-05-19
VC004728,Wilson,David,,09-May-1982,9722,9459588709,,,2567 Valley Ln,Apt 80,Salem,AL,34065,2026-05-14
VC004729,Young,Margaret,B,05-11-1978,8977,344-989-7913,745.647.6834,margaret.young43@hotmail.com,2874 Hill Rd,,Fairview,IA,36021,2026-05-15
VC004730,Anderson,Nancy,C,05/11/1996,6816,+12782313084,(504) 334-9341,nancy.anderson69@yahoo.com,1042 Lincoln Ave,Apt 310,Burlington,WV,49480-7069,2026-05-19
VC004731,Jones,Daniel,,1968-05-13,1627,680.469.7547,,daniel.jones75@yahoo.com,6724 Park Blvd,,Marion,WA,68207,2026-05-29
VC004732,Thomas,Patricia,H,03-Sep-1999,4492,(397) 409-2157,,patricia.thomas95@yahoo.com,7307 Valley Ln,,Manchester,IA,19336,2026-06-03
VC004733,Allen,Barbara,,08-26-2002,1128,2209732833,,,7800 Lake Rd,,Greenville,MD,18025-5440,2026-06-04
VC004734,Torres,William,W,12/16/1986,4327,289-210-3008,,william.torres23@hotmail.com,1342 Main St,,Greenville,TX,82964,2026-05-14
VC004735,Williams,Sandra,U,1950-01-15,9196,+18878732479,(748) 824-8071,sandra.williams53@hotmail.com,6503 Jefferson Dr,,Burlington,FL,40938,2026-05-20
VC004736,Harris,John,R,28-Dec-1977,9275,355.736.2818,,,5369 Park Blvd,,Madison,IA,19161-4338,2026-05-19
VC004737,Thompson,Joseph,N,04-14-1954,3935,(714) 210-4913,,,2718 Lincoln Ave,,Marion,FL,68487,2026-05-24
VC004738,Taylor,William,,11/22/1997,5552,9273836513,,,1159 Forest Ave,Apt 234,Fairview,WI,77715,2026-05-07
VC004739,Thomas,Ashley,,1973-09-12,2550,483-988-9869,,,2435 Cedar Ln,,Dayton,NY,89361-5394,2026-05-25
VC004740,King,John,O,24-Feb-1958,6285,+14629074128,,john.king13@icloud.com,2790 Park Blvd,,Fairview,AK,72656,2026-05-16
VC004741,Williams,Thomas,X,06-11-1972,7524,925.905.3695,7246388084,thomas.williams41@aol.com,2421 Forest Ave,,Oxford,VT,37002,2026-05-06
VC004742,Johnson,James,,10/13/1999,6129,(561) 739-8915,,james.johnson12@icloud.com,5181 Lincoln Ave,,Dayton,CO,90383-7664,2026-05-11
VC004743,Brown,Michael,,1954-07-21,3471,4539599867,,michael.brown4@hotmail.com,4521 Oak Ave,Apt 535,Oxford,MO,61364,2026-05-19
VC004744,Anderson,Barbara,I,19-Mar-1994,2321,333-671-9117,281.818.2065,barbara.anderson37@aol.com,2047 Valley Ln,Apt 795,Burlington,WA,55563,2026-05-22
VC004745,Wright,Sarah,S,05-17-1985,2174,+17386306763,,sarah.wright31@yahoo.com,894 Hill Rd,,Arlington,MT,53379-7285,2026-05-09
VC004746,Adams,Joseph,,05/16/1976,2991,969.888.7150,,joseph.adams75@gmail.com,6135 Main St,Apt 242,Georgetown,MD,23045,2026-05-17
VC004747,Scott,Ashley,,1944-05-15,7097,(869) 556-5142,371-952-8660,,7598 Park Blvd,,Springfield,DE,49990,2026-06-02
VC004748,King,James,B,08-Feb-1943,8048,9616485241,+17853306829,james.king6@gmail.com,8255 Cedar Ln,,Fairview,CO,85763-6116,2026-05-21
VC004749,King,Michael,J,01-26-1997,8739,681-272-2608,373.433.3091,,2661 Maple Dr,,Madison,NE,81929,2026-05-28
VC004750,Adams,Richard,,11/14/1949,9130,+19816091146,(249) 971-4244,,7459 Hill Rd,,Burlington,LA,42821,2026-05-30
VC004751,Jackson,Jennifer,C,2004-04-18,8206,281.999.9344,,jennifer.jackson39@gmail.com,8942 Oak Ave,Apt 304,Madison,OR,67463-9833,2026-05-25
VC004752,Torres,William,,02-Sep-1969,1429,(216) 396-7833,679-588-9151,william.torres91@gmail.com,2798 Oak Ave,,Springfield,IL,63866,2026-05-16
VC004753,Anderson,Mark,L,08-15-1984,1340,4802434333,+13255034105,mark.anderson56@aol.com,7829 Oak Ave,Apt 599,Madison,CO,94271,2026-06-01
VC004754,Adams,Thomas,Z,11/25/1985,5683,722-798-4420,677.586.5749,,9772 Valley Ln,,Madison,ME,83885-5868,2026-05-16
VC004755,Anderson,Margaret,,2004-01-25,9964,+15132967839,,,9527 Oak Ave,,Springfield,WY,86440,2026-05-13
VC004756,Adams,Mark,K,12-Jun-2002,6470,861.541.4043,5482686442,,1455 Park Blvd,Apt 757,Oxford,MN,69869,2026-06-02
VC004757,Hill,Susan,,03-03-1977,7591,(509) 716-5913,,,7093 Sunset Blvd,Apt 346,Marion,MA,36224-3869,2026-05-18
VC004758,Jackson,Sarah,,10/12/1941,9057,8009046937,,sarah.jackson99@gmail.com,7225 Valley Ln,,Oxford,ID,68632,2026-05-27
VC004759,Walker,Thomas,Z,1957-07-28,3705,589-214-4016,,thomas.walker40@yahoo.com,1644 Park Blvd,Apt 983,Marion,NH,19559,2026-05-27
VC004760,Thomas,Joseph,,03-May-1965,5873,+16417039267,,joseph.thomas67@hotmail.com,9143 River Dr,,Arlington,VT,68115-7207,2026-05-18
VC004761,Wilson,Charles,S,10-27-1956,3929,551.627.8505,,charles.wilson94@aol.com,6277 Forest Ave,Apt 71,Clinton,NC,68907,2026-05-09
VC004762,Davis,Mary,R,12/20/1954,5386,(452) 733-4095,,mary.davis30@icloud.com,7761 Sunset Blvd,Apt 386,Manchester,NJ,45592,2026-05-16
VC004763,Williams,Mark,W,1982-07-09,8127,2616685626,,mark.williams57@yahoo.com,4909 Forest Ave,Apt 19,Greenville,TN,28345-1053,2026-06-04
VC004764,Nguyen,John,Q,22-Apr-1950,5265,534-941-1730,467.277.8165,john.nguyen91@yahoo.com,3772 Park Blvd,,Marion,KS,85678,2026-05-29
VC004765,Johnson,John,M,06-13-1984,3803,+12672078697,,john.johnson80@icloud.com,2557 Valley Ln,,Oxford,WA,66870,2026-05-22
VC004766,Garcia,Thomas,B,07/10/1966,9356,480.931.5597,,thomas.garcia26@outlook.com,1345 Maple Dr,,Richmond,OR,44015-6722,2026-05-08
VC004767,Torres,James,,1975-11-02,2940,(325) 221-1154,650-444-7639,james.torres36@yahoo.com,1848 Park Blvd,,Dayton,PA,90096,2026-06-01
VC004768,Walker,Mark,,18-Oct-1992,2901,5044837144,+12826075181,mark.walker50@aol.com,5021 Cedar Ln,Apt 707,Franklin,AK,26504,2026-05-17
VC004769,Garcia,Matthew,C,06-04-1974,1757,935-792-8484,,,9554 Cedar Ln,,Fairview,MT,82874-3009,2026-05-13
VC004770,Walker,Thomas,,09/17/1947,8606,+15543041476,(385) 852-6279,thomas.walker62@yahoo.com,8780 Valley Ln,,Clinton,NV,48964,2026-05-14
VC004771,Wright,Sandra,W,1987-04-05,9152,739.666.6907,,sandra.wright71@gmail.com,4402 Lincoln Ave,,Madison,MD,20201,2026-05-22
VC004772,Adams,Michael,,18-Nov-1942,2107,(590) 273-7829,,,3004 Jefferson Dr,,Georgetown,ID,39273-8271,2026-06-04
VC004773,Nguyen,Karen,,07-24-1971,9818,9586106710,+19399834277,karen.nguyen83@hotmail.com,2819 Jefferson Dr,Apt 414,Salem,CO,53747,2026-05-30
VC004774,Martin,Thomas,,07/28/1980,1262,921-225-1385,948.578.8037,,2941 Cedar Ln,Apt 224,Richmond,PA,71755,2026-06-04
VC004775,Taylor,Anthony,C,2003-06-27,7731,+12687418702,(319) 634-2310,anthony.taylor72@icloud.com,1251 Lincoln Ave,,Manchester,CA,36435-2084,2026-05-05
VC004776,Thompson,Richard,,21-Sep-1987,7214,974.223.5888,,richard.thompson29@gmail.com,7586 Sunset Blvd,,Burlington,OH,65591,2026-05-24
VC004777,Thomas,Sandra,T,06-20-1995,9372,(948) 602-5194,,sandra.thomas78@hotmail.com,960 Lake Rd,,Greenville,KY,42922,2026-05-19
VC004778,Adams,Mary,,01/17/1996,3517,5683142475,+12085413147,mary.adams5@hotmail.com,5047 Cedar Ln,,Salem,CO,89369-4475,2026-05-07
VC004779,Johnson,Richard,L,1998-04-25,8519,323-760-9781,,richard.johnson12@icloud.com,5821 Washington St,,Burlington,IN,49559,2026-05-25
VC004780,Hall,Karen,I,12-Sep-1973,8545,+16864579749,,karen.hall94@gmail.com,5439 Lincoln Ave,,Greenville,OR,76830,2026-05-20
VC004781,Taylor,Matthew,,02-18-1978,7212,672.646.1023,,matthew.taylor26@icloud.com,3629 Washington St,Apt 201,Richmond,OH,99540-8580,2026-05-05
VC004782,Miller,Jessica,,02/18/1950,2792,(418) 864-1219,,jessica.miller44@outlook.com,7178 Park Blvd,Apt 748,Manchester,WV,44201,2026-06-01
VC004783,Nelson,Robert,,1968-06-20,1687,3178701630,,robert.nelson7@yahoo.com,3019 Sunset Blvd,,Marion,NH,86007,2026-05-20
VC004784,Garcia,Betty,,14-Mar-1970,9783,398-365-3413,,,8520 Lincoln Ave,,Georgetown,MN,38292-2925,2026-05-15
VC004785,Nguyen,Margaret,N,07-01-2001,8517,+16435668288,(300) 906-9853,margaret.nguyen74@yahoo.com,2649 Sunset Blvd,Apt 522,Franklin,ND,22241,2026-05-24
VC004786,Wilson,Barbara,,09/28/1999,5200,891.870.9036,2875742837,barbara.wilson81@hotmail.com,1409 Jefferson Dr,,Richmond,ME,70686,2026-05-09
VC004787,Garcia,David,,1958-07-29,5800,(415) 557-3324,,david.garcia96@outlook.com,9892 Jefferson Dr,,Springfield,CA,39467-6318,2026-05-29
VC004788,Miller,Patricia,,28-Feb-1972,2110,3288769872,+13184936036,patricia.miller45@hotmail.com,4148 Sunset Blvd,,Manchester,VA,32956,2026-05-19
VC004789,Jackson,Mary,X,12-28-1964,7173,946-551-3881,,,2130 Oak Ave,,Greenville,KY,26217,2026-05-19
VC004790,Davis,Matthew,,03/13/1964,8966,+17548311285,,,2628 Oak Ave,,Oxford,WV,90495-2016,2026-05-16
VC004791,Harris,Sandra,,1991-07-17,5156,562.914.1360,8723196212,sandra.harris92@hotmail.com,4468 Washington St,,Arlington,VT,13675,2026-05-16
VC004792,Brown,Robert,U,10-Dec-1948,6967,(860) 905-8071,,robert.brown91@icloud.com,8386 Maple Dr,,Clinton,ME,93323,2026-05-31
VC004793,Nguyen,Richard,Z,07-15-1967,8654,2487484208,+19876093348,,3191 Lincoln Ave,Apt 657,Fairview,MS,17819-3435,2026-05-29
VC004794,Thompson,Margaret,C,09/27/1994,5983,297-971-2989,,margaret.thompson77@icloud.com,2365 Cedar Ln,Apt 548,Franklin,WA,85856,2026-05-07
VC004795,Smith,David,J,1974-06-04,8131,+19788222846,,,3002 Maple Dr,,Manchester,MO,64248,2026-05-08
VC004796,Jones,Ashley,,08-Nov-1996,6039,713.523.1605,,ashley.jones68@icloud.com,7421 Valley Ln,,Burlington,AK,94010-5743,2026-05-20
VC004797,Anderson,Patricia,Y,03-03-2002,1960,(271) 954-5899,,patricia.anderson38@gmail.com,209 Oak Ave,,Georgetown,FL,52965,2026-06-02
VC004798,Baker,Sarah,K,10/02/1945,6516,6786637411,+17133522014,sarah.baker11@icloud.com,3939 Main St,,Madison,RI,41123,2026-05-26
VC004799,Smith,Sarah,,1961-01-29,9579,938-338-8033,,,679 Oak Ave,,Marion,OH,11214-5131,2026-06-04
VC004800,Thompson,Christopher,P,16-Jan-1945,2661,+17668208414,,christopher.thompson93@gmail.com,4729 Washington St,Apt 454,Richmond,IA,81693,2026-05-23
VC004801,Baker,Nancy,I,02-13-1970,9263,207.882.6409,,nancy.baker74@aol.com,6748 Forest Ave,,Oxford,WV,81876,2026-05-20
VC004802,Scott,Michael,U,12/17/2000,5267,(788) 724-9205,,michael.scott6@gmail.com,7748 Oak Ave,,Greenville,MA,62441-4032,2026-05-20
VC004803,Hill,Anthony,F,1973-08-23,8097,5012781583,,anthony.hill75@outlook.com,1440 Valley Ln,,Georgetown,SD,11189,2026-05-05
VC004804,Nguyen,Barbara,D,06-May-1956,7264,208-280-9983,,,3010 Lincoln Ave,,Madison,MT,93708,2026-05-29
VC004805,Torres,Sandra,,07-21-1989,5711,+19878141838,(275) 912-2697,sandra.torres82@hotmail.com,8137 Valley Ln,,Fairview,OH,96676-7615,2026-05-21
VC004806,Wilson,Matthew,W,09/24/1956,6587,536.448.8490,,matthew.wilson41@yahoo.com,4636 Valley Ln,Apt 493,Georgetown,FL,58833,2026-05-17
VC004807,Walker,Karen,A,1942-04-02,8099,(795) 950-6312,777-708-4989,karen.walker44@yahoo.com,3563 Maple Dr,Apt 943,Richmond,HI,73368,2026-05-17
VC004808,Thompson,James,,12-Mar-1995,9915,5882303428,,james.thompson22@icloud.com,6592 Sunset Blvd,,Burlington,HI,48584-8717,2026-05-09
VC004809,Davis,Margaret,J,11-16-1959,9563,909-546-9154,,margaret.davis89@hotmail.com,8447 Lake Rd,Apt 365,Dayton,PA,14407,2026-06-04
VC004810,Harris,Karen,T,04/13/1992,8174,+18429687447,,,8747 Valley Ln,,Franklin,WV,14911,2026-06-03
VC004811,Scott,Richard,L,1967-11-22,1957,930.340.6375,,richard.scott67@outlook.com,2882 River Dr,,Salem,MN,36953-7523,2026-05-06
VC004812,Williams,Lisa,,12-Sep-1942,8691,(285) 644-9092,861-224-4797,lisa.williams24@gmail.com,1179 Jefferson Dr,,Franklin,IA,58834,2026-05-09
VC004813,Young,Linda,,04-02-1993,2615,9983081094,+18544659843,linda.young72@outlook.com,2521 Valley Ln,,Salem,ID,32278,2026-05-14
VC004814,Hall,Sarah,,04/17/1994,3845,534-619-4395,,sarah.hall39@yahoo.com,4153 Jefferson Dr,Apt 317,Georgetown,RI,57783-8405,2026-05-11
VC004815,Young,Margaret,N,1998-05-25,7987,+13955904140,(248) 594-8687,margaret.young66@aol.com,2727 Lincoln Ave,,Richmond,NJ,81995,2026-05-24
VC004816,Anderson,Sandra,R,09-Oct-1963,7464,855.913.5047,3849275669,sandra.anderson70@outlook.com,5856 Jefferson Dr,,Oxford,CA,21812,2026-06-03
VC004817,Torres,Daniel,T,08-20-1944,1078,(505) 593-5731,,daniel.torres50@aol.com,5642 Valley Ln,,Madison,KY,57726-3410,2026-05-07
VC004818,Hill,Sarah,M,06/11/1947,6149,2514854303,,sarah.hill6@aol.com,5458 Park Blvd,,Oxford,KS,70918,2026-05-27
VC004819,Walker,Matthew,M,1949-07-30,5955,637-961-3883,,matthew.walker66@gmail.com,6049 Park Blvd,Apt 17,Oxford,RI,35621,2026-05-30
VC004820,Garcia,Susan,,29-Jan-1974,9828,+19116779832,,susan.garcia35@gmail.com,3487 Maple Dr,,Franklin,CO,29832-4635,2026-06-02
VC004821,Baker,Lisa,Q,12-25-1987,2472,426.262.6685,,lisa.baker2@yahoo.com,9371 Valley Ln,,Fairview,VA,71727,2026-05-24
VC004822,Taylor,William,K,01/29/1952,9382,(516) 729-2117,,william.taylor47@outlook.com,4791 Washington St,,Georgetown,HI,51559,2026-05-19
VC004823,King,Patricia,M,1971-05-13,4634,7337524051,,patricia.king21@outlook.com,985 Oak Ave,,Oxford,AR,96686-4958,2026-05-08
VC004824,Davis,Anthony,M,16-Jul-1941,6937,631-739-4593,707.820.6550,anthony.davis75@icloud.com,1430 Cedar Ln,Apt 912,Georgetown,AL,36644,2026-05-31
VC004825,King,Betty,,09-18-1947,1248,+13197693711,(599) 249-8625,,8577 Washington St,Apt 205,Burlington,IL,97046,2026-05-21
VC004826,Anderson,Patricia,S,03/04/1960,7542,749.500.4554,4658528468,,5985 Lincoln Ave,,Fairview,NV,27658-2409,2026-05-25
VC004827,Hill,Betty,,1979-05-18,2838,(258) 506-3001,,,1615 Valley Ln,,Georgetown,VT,72232,2026-05-25
VC004828,Hill,Sandra,,12-Feb-1960,1204,8548293587,,sandra.hill21@gmail.com,2958 Lake Rd,,Greenville,DE,34175,2026-05-29
VC004829,Scott,John,D,01-17-1955,8943,753-947-4877,785.913.6422,,4492 Sunset Blvd,Apt 354,Burlington,CA,83626-2302,2026-05-21
VC004830,Johnson,Michael,,06/22/1994,3147,+19285098141,(473) 345-5944,michael.johnson98@gmail.com,9902 Lincoln Ave,,Greenville,VT,89383,2026-05-17
VC004831,Scott,Karen,,1990-02-26,2887,754.911.3444,,,2441 Main St,,Richmond,MT,97172,2026-05-22
VC004832,Hill,Jennifer,L,14-Oct-1999,1275,(996) 623-4529,993-256-1806,jennifer.hill90@aol.com,5896 Lake Rd,,Arlington,MN,95920-9470,2026-05-08
VC004833,Brown,Margaret,,07-07-1997,2659,5996501546,+19488571582,margaret.brown62@aol.com,7053 Main St,,Georgetown,MS,83297,2026-05-05
VC004834,Miller,David,,07/22/1975,8968,461-818-1379,,david.miller91@hotmail.com,2299 Oak Ave,,Dayton,NE,66011,2026-05-20
VC004835,Baker,Mark,B,1987-11-09,1646,+13939913429,,mark.baker74@yahoo.com,3378 Park Blvd,,Greenville,CT,13437-6927,2026-05-07
VC004836,Hill,Susan,B,12-Jun-1954,2212,398.312.5228,5645478827,susan.hill25@outlook.com,244 River Dr,,Georgetown,KY,20698,2026-05-10
VC004837,Anderson,Charles,S,10-18-1980,9621,(945) 427-3316,,,1675 Oak Ave,,Franklin,VA,88624,2026-06-04
VC004838,Nelson,Mark,B,01/04/1983,1986,7393945508,+18414257718,,3391 Jefferson Dr,,Clinton,RI,87248-4559,2026-05-23
VC004839,Smith,Jessica,D,1994-08-01,1873,220-738-1434,818.353.5357,jessica.smith44@hotmail.com,605 Lake Rd,,Richmond,AR,98968,2026-05-29
VC004840,Johnson,Sarah,,17-Jun-1995,1464,+13422533351,(852) 492-5697,sarah.johnson73@yahoo.com,5206 Oak Ave,Apt 932,Manchester,VT,37604,2026-05-11
VC004841,Jackson,Sandra,D,03-01-1979,9475,357.536.5399,,sandra.jackson25@hotmail.com,4469 Cedar Ln,,Springfield,OR,33494-8612,2026-05-26
VC004842,Smith,Sarah,A,04/25/1946,3642,(322) 559-7955,,sarah.smith97@icloud.com,645 Washington St,Apt 165,Madison,PA,38158,2026-05-06
VC004843,Smith,William,,1961-09-25,5211,9112918607,,william.smith96@icloud.com,7737 River Dr,,Clinton,UT,39302,2026-05-14
VC004844,Baker,Mark,I,20-Jun-1966,3145,612-911-3218,389.411.2329,mark.baker17@hotmail.com,3086 Lincoln Ave,Apt 401,Manchester,NC,90910-4507,2026-05-16
VC004845,Jones,William,S,03-20-2004,9771,+12236383203,(338) 835-1098,william.jones86@outlook.com,1908 Park Blvd,Apt 642,Salem,TX,54646,2026-05-09
VC004846,Williams,Sarah,O,11/16/1979,5583,256.772.3063,7818558670,sarah.williams54@gmail.com,2381 Hill Rd,,Fairview,TN,70725,2026-05-08
VC004847,Jones,Matthew,X,1979-07-13,9911,(562) 610-2745,777-259-4612,matthew.jones31@aol.com,2204 Washington St,Apt 732,Clinton,WI,60027-2068,2026-05-24
VC004848,Taylor,Margaret,G,15-Jun-1940,8050,2414225636,,,9717 Oak Ave,Apt 485,Springfield,NY,50084,2026-05-25
VC004849,Williams,Charles,,07-24-1989,4410,554-876-4127,,,3887 Hill Rd,Apt 336,Greenville,OR,44927,2026-05-12
VC004850,White,Anthony,G,12/30/1985,3011,+19366089552,,anthony.white27@aol.com,9517 Lincoln Ave,,Marion,GA,55285-1008,2026-05-10
VC004851,Young,Susan,,1969-07-19,6112,732.432.8692,7595158504,susan.young18@icloud.com,1027 Washington St,Apt 15,Georgetown,ND,73187,2026-06-01
VC004852,Allen,Charles,M,08-Sep-1955,9229,(403) 370-8693,,charles.allen51@hotmail.com,8977 Hill Rd,Apt 549,Burlington,VA,21107,2026-06-02
VC004853,Allen,Jennifer,,02-04-1983,1905,8599695347,,jennifer.allen86@aol.com,4487 Jefferson Dr,,Georgetown,MI,79902-9667,2026-05-30
VC004854,Anderson,Jessica,Y,06/05/1997,6122,379-835-8330,572.456.5909,jessica.anderson16@aol.com,4750 Maple Dr,Apt 428,Madison,AK,41373,2026-05-12
VC004855,Williams,Betty,D,1989-04-03,8594,+15723677583,,betty.williams24@yahoo.com,4517 Valley Ln,,Salem,ME,67413,2026-05-14
VC004856,Wilson,Barbara,R,10-Nov-1955,4341,305.972.9560,2997333028,barbara.wilson1@outlook.com,4055 Lincoln Ave,,Marion,SC,23180-9985,2026-05-11
VC004857,Thompson,Jennifer,Q,09-12-1989,2839,(690) 359-8999,,,2566 Jefferson Dr,Apt 689,Springfield,WA,93665,2026-05-09
VC004858,Brown,Mary,M,12/19/1959,8286,8638921414,+16307073809,,8668 River Dr,,Manchester,MI,29344,2026-05-17
VC004859,Nguyen,Thomas,I,1976-09-05,6135,610-912-8616,828.412.5594,thomas.nguyen79@hotmail.com,699 Oak Ave,Apt 731,Salem,OR,75516-6864,2026-05-09
VC004860,Taylor,Christopher,,20-Oct-1997,1157,+18353929864,,christopher.taylor97@hotmail.com,8493 Lincoln Ave,,Arlington,AZ,64501,2026-05-29
VC004861,Smith,Thomas,Y,04-26-1988,9212,982.271.2316,4826638167,thomas.smith65@outlook.com,4764 River Dr,Apt 90,Dayton,MA,64656,2026-05-22
VC004862,Williams,Michael,T,01/31/1970,2572,(375) 692-4793,,michael.williams59@outlook.com,9432 Main St,,Springfield,AZ,61142-1141,2026-05-26
VC004863,Brown,Sandra,T,1949-01-23,4713,2352444408,+12844025429,sandra.brown23@hotmail.com,7463 Maple Dr,,Clinton,PA,10075,2026-05-05
VC004864,Wilson,David,,13-Jan-1946,3321,531-257-9279,534.212.2569,,5933 Sunset Blvd,Apt 10,Dayton,NE,47682,2026-06-03
VC004865,Walker,Matthew,,09-07-2004,1319,+18805018077,,matthew.walker57@aol.com,7354 Valley Ln,,Springfield,NC,72895-7025,2026-05-10
VC004866,Harris,Jessica,E,08/13/1941,8259,463.709.9820,8897555147,,6285 Valley Ln,,Franklin,AR,48609,2026-05-20
VC004867,Smith,Michael,,1968-02-12,6825,(827) 306-7651,875-571-4677,,4765 River Dr,,Franklin,SC,19786,2026-05-08
VC004868,Walker,Richard,,24-Oct-1965,7507,4478022441,+17942481192,richard.walker6@icloud.com,6810 Oak Ave,,Marion,ND,75719-2005,2026-06-03
VC004869,Allen,Jennifer,,04-11-1973,6447,614-992-2509,,,5483 Washington St,Apt 609,Greenville,MO,62990,2026-05-23
VC004870,Brown,Nancy,,11/09/1951,6998,+18154882143,,,2382 Cedar Ln,Apt 161,Madison,GA,92074,2026-05-24
VC004871,Thomas,Karen,X,1950-03-17,5832,329.368.7705,,karen.thomas13@hotmail.com,3780 Sunset Blvd,,Greenville,NE,26726-4333,2026-05-29
VC004872,Torres,Betty,,10-Feb-1980,2532,(970) 605-9039,,betty.torres44@gmail.com,6916 Forest Ave,,Arlington,OH,55324,2026-06-04
VC004873,Hill,Sandra,U,07-09-1975,1296,2574911044,+15455855734,,8144 Hill Rd,,Springfield,AK,12260,2026-05-12
VC004874,Baker,Mary,,10/29/1995,9426,919-234-9799,738.270.2747,,5264 Forest Ave,,Marion,ND,29855-8038,2026-06-04
VC004875,Thompson,William,,1984-04-27,8846,+12995551725,(202) 835-2083,william.thompson83@outlook.com,7263 Maple Dr,,Georgetown,NC,90220,2026-05-23
VC004876,Adams,Daniel,L,23-Nov-1948,3280,649.869.1478,,daniel.adams74@gmail.com,6941 Main St,,Dayton,WA,81132,2026-05-13
VC004877,Harris,Margaret,,04-17-1946,2436,(946) 786-4262,,,3272 Oak Ave,,Marion,IN,98440-8973,2026-05-24
VC004878,Allen,Joseph,C,04/07/1956,2440,7963106918,,joseph.allen14@gmail.com,7098 Park Blvd,,Arlington,LA,15457,2026-05-10
VC004879,Brown,Margaret,S,1948-12-13,6803,590-239-2616,272.882.8678,margaret.brown21@yahoo.com,232 Forest Ave,Apt 152,Franklin,GA,61960,2026-05-08
VC004880,Wilson,Daniel,N,10-Feb-1949,3923,+18976924768,,daniel.wilson6@aol.com,6343 Oak Ave,Apt 464,Greenville,SD,65104-3686,2026-06-01
VC004881,Brown,Matthew,,09-05-2002,3216,636.718.5575,,matthew.brown78@aol.com,8539 Washington St,,Fairview,LA,40049,2026-05-05
VC004882,Nelson,Karen,,07/28/1947,9866,(451) 208-7400,552-687-3146,karen.nelson37@gmail.com,8401 Washington St,Apt 284,Springfield,LA,29670,2026-05-25
VC004883,Smith,Linda,Q,2004-11-28,4660,4847808091,,,4988 River Dr,Apt 275,Arlington,CA,29448-2433,2026-05-12
VC004884,Jones,Margaret,,17-Oct-1995,1735,323-620-1880,321.248.2926,margaret.jones95@yahoo.com,2880 Oak Ave,Apt 961,Dayton,IA,82739,2026-05-09
VC004885,Williams,Mark,,07-16-1986,1839,+19189767921,,,7211 Park Blvd,Apt 503,Salem,OH,60485,2026-05-13
VC004886,Garcia,Jennifer,T,06/19/1984,7576,683.542.6628,6806041414,jennifer.garcia9@icloud.com,1845 Cedar Ln,,Madison,OK,32434-3959,2026-06-03
VC004887,Williams,Robert,I,1990-02-13,6365,(664) 469-9462,,robert.williams49@icloud.com,6901 Lake Rd,,Marion,NY,43024,2026-05-31
VC004888,Adams,Mark,,17-Jul-1983,7521,3288698345,,mark.adams42@hotmail.com,6206 River Dr,Apt 135,Burlington,SD,99194,2026-05-15
VC004889,Johnson,James,,11-11-1975,7583,443-304-7920,,james.johnson33@outlook.com,4548 Washington St,Apt 761,Arlington,NE,15121-8186,2026-05-20
VC004890,Nelson,Nancy,,11/11/1941,1105,+19526724229,(852) 591-3884,,4072 Maple Dr,,Burlington,OK,77653,2026-05-20
VC004891,King,William,J,1980-07-19,7900,205.571.7242,5323094029,,6398 Lincoln Ave,Apt 830,Georgetown,WI,67403,2026-05-19
VC004892,Johnson,Jennifer,,09-Dec-1991,1651,(270) 809-2113,839-346-7989,jennifer.johnson11@yahoo.com,3854 River Dr,,Franklin,OR,42271-5263,2026-05-08
VC004893,Wilson,Barbara,S,12-12-1995,2155,8876419183,+18102319019,barbara.wilson34@icloud.com,3740 Cedar Ln,,Greenville,VA,33372,2026-05-26
VC004894,Baker,Ashley,Y,02/23/1961,6111,793-298-3355,974.713.8147,,5668 Washington St,,Manchester,NC,58987,2026-05-14
VC004895,Hall,Robert,L,1999-12-04,7595,+12553551014,(485) 804-1223,,8513 Maple Dr,,Springfield,WY,96431-3878,2026-06-03
VC004896,Allen,Mary,,05-Jul-1954,1292,728.864.2350,,mary.allen9@yahoo.com,9952 Hill Rd,,Manchester,NV,12753,2026-05-12
VC004897,Nguyen,Anthony,,12-17-1943,1800,(521) 588-8682,,anthony.nguyen80@gmail.com,662 Hill Rd,,Clinton,NJ,13440,2026-06-02
VC004898,Walker,Barbara,,06/12/1975,6027,3578367259,,,5432 Hill Rd,,Springfield,IN,24883-6174,2026-05-12
VC004899,Thomas,Richard,,1950-10-29,1477,384-468-7008,475.610.7294,,9171 Main St,,Greenville,KS,42486,2026-05-09
VC004900,Baker,Robert,G,28-Mar-1961,9401,+16075342020,,robert.baker43@icloud.com,9984 Main St,Apt 131,Georgetown,WY,92307,2026-05-08
VC004901,King,Daniel,H,08-03-1961,5747,852.250.1915,,daniel.king14@outlook.com,5554 Park Blvd,,Georgetown,MI,82834-3730,2026-05-09
VC004902,Harris,Barbara,,02/19/1957,3361,(537) 385-5196,,barbara.harris32@aol.com,6612 Lincoln Ave,,Dayton,TN,60658,2026-06-02
VC004903,Baker,John,,2002-05-15,6796,2286504884,,,5948 River Dr,,Manchester,AZ,63188,2026-05-27
VC004904,Smith,William,H,14-Oct-1949,8685,838-201-5105,,william.smith13@hotmail.com,2002 Main St,Apt 880,Clinton,NV,74217-9520,2026-05-19
VC004905,Martin,Lisa,,05-16-1989,8549,+15982526052,(647) 548-4347,,3862 Forest Ave,,Manchester,NM,55296,2026-05-09
VC004906,Martin,William,O,08/14/1980,2541,330.745.3444,6464206565,william.martin1@gmail.com,3678 Park Blvd,,Manchester,IA,96746,2026-06-04
VC004907,Hill,Mary,U,1970-11-11,6856,(798) 437-6311,,,1537 Oak Ave,,Salem,TX,49903-3138,2026-05-23
VC004908,Davis,Richard,X,07-May-1986,5454,5995874614,,richard.davis95@icloud.com,4309 Oak Ave,,Clinton,SD,41399,2026-05-05
VC004909,Williams,Robert,X,05-22-1980,7681,664-987-8783,,robert.williams82@icloud.com,6437 Washington St,Apt 130,Richmond,VT,67886,2026-05-21
VC004910,Miller,Charles,L,01/11/1990,4220,+14197948890,(421) 656-2118,,6093 Oak Ave,,Arlington,AR,67712-8231,2026-05-07
VC004911,Garcia,Patricia,F,1941-11-03,9604,776.224.8177,,patricia.garcia95@aol.com,8129 Lake Rd,,Manchester,VT,66357,2026-05-09
VC004912,Garcia,Lisa,X,24-Oct-1973,1860,(668) 511-7479,211-556-9179,,5907 River Dr,,Arlington,MD,28364,2026-05-23
VC004913,Jones,Jessica,,12-20-1953,1619,8068784460,,jessica.jones35@gmail.com,5426 Oak Ave,Apt 682,Dayton,IL,23436-9346,2026-06-01
VC004914,Martin,Linda,U,07/01/1961,9538,399-327-9681,735.779.7455,,3568 River Dr,,Franklin,CA,36350,2026-05-22
VC004915,Allen,John,,1950-08-06,1772,+13327579352,(290) 634-6343,john.allen34@yahoo.com,6446 Lincoln Ave,,Salem,MD,81675,2026-05-18
VC004916,Miller,Sarah,L,16-Jan-1953,2114,597.766.9870,4527495624,,1162 Maple Dr,Apt 774,Dayton,FL,76829-6465,2026-05-14
VC004917,Taylor,Robert,R,03-04-1966,9587,(925) 334-5472,,,6926 Park Blvd,Apt 447,Springfield,MO,39386,2026-05-10
VC004918,Nguyen,Richard,,06/01/1981,4281,8724468224,+14928084722,richard.nguyen34@outlook.com,8811 Maple Dr,,Manchester,CT,39366,2026-06-03
VC004919,Taylor,Anthony,,1950-06-10,8149,853-844-4659,672.202.5340,anthony.taylor50@gmail.com,477 Maple Dr,,Fairview,NE,44314-7152,2026-05-12
VC004920,Taylor,Robert,,06-Apr-2004,3478,+17198969255,,robert.taylor85@hotmail.com,2377 Lincoln Ave,,Marion,ME,48048,2026-05-13
VC004921,Davis,Mark,M,11-20-1954,6575,771.640.6804,,mark.davis76@aol.com,1561 Lake Rd,,Richmond,SC,17492,2026-05-31
VC004922,Jackson,Jessica,H,08/16/1950,2959,(425) 643-8530,,jessica.jackson78@gmail.com,946 Lake Rd,,Oxford,AR,45283-1128,2026-05-15
VC004923,Walker,Daniel,A,1949-07-06,8838,7623356596,,daniel.walker38@aol.com,943 Park Blvd,,Clinton,CO,62522,2026-05-26
VC004924,Baker,William,,02-Sep-1978,8571,741-758-7511,660.220.6343,,4459 Cedar Ln,,Springfield,LA,84491,2026-06-03
VC004925,Harris,John,L,11-08-1972,8493,+12599449806,(339) 872-4951,john.harris29@outlook.com,6379 Main St,,Oxford,UT,21438-8862,2026-06-03
VC004926,Hall,Christopher,,01/03/1965,4463,878.359.1969,,christopher.hall30@yahoo.com,4129 Oak Ave,,Madison,LA,73868,2026-05-27
VC004927,Miller,Patricia,,2002-09-11,8805,(944) 798-4351,525-385-9804,patricia.miller19@yahoo.com,6325 River Dr,,Burlington,MN,55939,2026-05-17
VC004928,Thompson,Patricia,,02-Nov-1983,5959,3528427619,,patricia.thompson76@outlook.com,4015 Main St,,Franklin,KS,61989-7130,2026-05-30
VC004929,Miller,Jennifer,W,06-04-1955,6629,972-450-2087,,,8735 Jefferson Dr,,Arlington,FL,14920,2026-05-30
VC004930,Garcia,Mary,I,04/11/1940,6535,+16965651801,,,4515 Maple Dr,,Greenville,CO,53788,2026-05-23
VC004931,Jackson,Barbara,T,1976-10-30,1619,739.731.4215,,barbara.jackson98@yahoo.com,6702 Hill Rd,,Georgetown,NY,80009-3751,2026-05-08
VC004932,Smith,Lisa,Y,26-Dec-1973,7827,(565) 508-5571,,lisa.smith81@yahoo.com,6604 Washington St,Apt 618,Arlington,NE,79382,2026-05-22
VC004933,Anderson,Jessica,A,08-01-1952,5807,7554184688,,,8724 Oak Ave,,Dayton,ID,74275,2026-05-25
VC004934,Thomas,Lisa,K,02/28/1972,9649,265-243-4183,,lisa.thomas74@gmail.com,221 Hill Rd,Apt 424,Richmond,PA,67788-9984,2026-06-02
VC004935,Brown,Margaret,L,1981-05-20,1174,+12136181994,(474) 944-1743,margaret.brown35@aol.com,3974 Lake Rd,,Clinton,SD,31127,2026-05-29
VC004936,Brown,Charles,,13-Nov-1980,6146,575.903.9272,,charles.brown41@aol.com,9393 Cedar Ln,,Dayton,AR,53044,2026-05-07
VC004937,Thompson,Matthew,Y,10-10-1981,5112,(243) 767-6116,,matthew.thompson99@outlook.com,8935 Jefferson Dr,,Burlington,MA,53517-3806,2026-05-26
VC004938,Taylor,Susan,,01/11/1995,6479,5465686451,+17515342863,susan.taylor91@aol.com,9830 Jefferson Dr,Apt 123,Greenville,OH,54308,2026-05-08
VC004939,Jones,Betty,Y,1984-08-19,4076,418-372-6567,458.801.9497,betty.jones7@aol.com,4159 Lake Rd,Apt 186,Manchester,WV,68883,2026-05-25
VC004940,Thompson,Joseph,B,18-Aug-1972,4261,+13466047563,(731) 645-7430,joseph.thompson11@gmail.com,9676 Oak Ave,Apt 763,Burlington,HI,18481-3940,2026-05-29
VC004941,Jones,Mary,C,07-04-1983,6658,216.594.6860,,mary.jones36@hotmail.com,506 Cedar Ln,,Fairview,WY,36269,2026-05-23
VC004942,Harris,Christopher,B,07/09/1996,4920,(762) 334-5719,,christopher.harris27@hotmail.com,7179 Washington St,,Salem,DE,13783,2026-05-09
VC004943,Martin,Linda,M,1943-12-26,2894,8579473314,,linda.martin99@yahoo.com,3426 Washington St,Apt 15,Fairview,LA,53188-1053,2026-05-19
VC004944,Thompson,Karen,N,18-Aug-1964,8881,286-539-1978,,,3370 Sunset Blvd,,Richmond,IL,57343,2026-05-13
VC004945,Williams,Sarah,U,10-03-2001,8817,+15495112139,(436) 857-3008,,3329 Valley Ln,Apt 66,Manchester,CA,99530,2026-05-28
VC004946,Baker,Mark,G,01/29/1942,6317,423.234.3305,,mark.baker6@outlook.com,6194 Lake Rd,Apt 353,Springfield,MD,26097-2188,2026-06-03
VC004947,Wright,Daniel,J,1997-11-26,5564,(983) 236-5210,,daniel.wright72@hotmail.com,1157 Hill Rd,Apt 958,Manchester,NV,29448,2026-05-07
VC004948,Miller,James,V,22-Dec-1956,3012,4856808272,,james.miller45@icloud.com,3038 River Dr,Apt 353,Marion,CT,84815,2026-05-21
VC004949,Wright,Charles,B,06-27-1942,6065,259-847-1480,893.726.1171,,5728 Washington St,Apt 372,Madison,MI,40418-8345,2026-06-04
VC004950,Thomas,Ashley,A,01/06/1996,8244,+14867403406,(532) 682-3154,,6619 Forest Ave,,Dayton,IN,81358,2026-05-24
VC004951,Adams,Lisa,X,2003-07-13,6877,630.740.5689,8249287891,,8535 Lincoln Ave,,Springfield,VT,76535,2026-05-25
VC004952,White,Karen,,28-Feb-1968,9854,(253) 687-8561,994-835-4965,karen.white67@aol.com,7513 Oak Ave,,Oxford,SD,80756-2566,2026-05-14
VC004953,Thomas,Ashley,A,02-05-1973,1302,8206601651,+12588384292,,4379 Cedar Ln,,Fairview,AR,11030,2026-05-26
VC004954,Miller,Mary,,06/19/1947,1428,945-878-8179,,,3987 Hill Rd,,Georgetown,NM,23679,2026-05-08
VC004955,Young,Daniel,H,1957-03-07,1587,+19453037574,,daniel.young7@yahoo.com,981 Oak Ave,,Burlington,WA,96276-3942,2026-05-29
VC004956,Adams,Sarah,O,04-Jan-1995,4237,822.729.7018,,sarah.adams66@yahoo.com,4046 Forest Ave,Apt 377,Arlington,HI,39106,2026-06-04
VC004957,Baker,Patricia,D,04-11-1940,7587,(214) 837-4318,648-278-6833,,645 Cedar Ln,,Arlington,AR,60323,2026-05-16
VC004958,White,Sarah,,06/30/1981,9993,9678274174,+12603984724,,218 Oak Ave,Apt 99,Clinton,IA,61907-5475,2026-05-12
VC004959,Thompson,Joseph,,1972-07-03,6287,960-383-1962,,,8203 River Dr,,Clinton,CT,74102,2026-05-23
VC004960,Nelson,Robert,Y,29-May-1946,3663,+16694742267,,robert.nelson17@hotmail.com,8262 Lake Rd,Apt 430,Marion,ID,37006,2026-05-30
VC004961,Anderson,Charles,,12-07-1945,9069,402.473.5115,,charles.anderson23@outlook.com,5477 Hill Rd,,Dayton,AK,97692-4898,2026-05-25
VC004962,Wilson,Jennifer,S,09/18/1969,6907,(511) 314-2587,,jennifer.wilson47@hotmail.com,224 Sunset Blvd,,Marion,WY,27079,2026-06-01
VC004963,Harris,Ashley,B,1944-01-08,9670,7349138148,,,1017 Oak Ave,,Burlington,MA,14692,2026-05-20
VC004964,Nelson,Sandra,,18-Apr-1950,2905,522-407-5527,,sandra.nelson77@yahoo.com,2495 Washington St,,Greenville,KS,60315-5641,2026-05-20
VC004965,Miller,Christopher,F,07-07-1996,9160,+12054119084,,christopher.miller51@yahoo.com,6765 Main St,Apt 859,Greenville,SD,15114,2026-05-28
VC004966,King,David,A,06/14/1999,6375,682.538.9450,8974003148,david.king49@hotmail.com,394 Main St,,Dayton,HI,60161,2026-05-06
VC004967,Thompson,William,G,1990-08-13,8541,(825) 778-2253,,william.thompson24@aol.com,982 River Dr,,Georgetown,MA,47946-8500,2026-05-18
VC004968,Scott,Patricia,,23-Apr-1970,6537,6559708738,,patricia.scott42@yahoo.com,581 Lake Rd,,Springfield,OH,71928,2026-05-09
VC004969,Torres,James,C,09-25-1995,7906,812-965-4183,,,2578 Valley Ln,Apt 595,Georgetown,IA,94151,2026-06-03
VC004970,Thomas,Joseph,,11/12/1940,9975,+14536083312,,joseph.thomas3@aol.com,6265 Washington St,,Oxford,UT,45657-4139,2026-05-12
VC004971,Hall,Nancy,A,1971-04-25,8574,895.961.6849,4517458152,nancy.hall33@icloud.com,6162 Hill Rd,,Richmond,GA,35741,2026-05-20
VC004972,Young,David,B,19-Jun-1968,9784,(903) 696-6017,,david.young71@aol.com,8538 Maple Dr,,Dayton,OH,69429,2026-06-01
VC004973,Miller,Karen,P,05-17-1999,5172,5012914415,+16525482718,,675 Oak Ave,,Clinton,AR,63161-9586,2026-05-31
VC004974,Baker,Jessica,U,11/02/2003,4521,290-671-3041,,jessica.baker23@gmail.com,8696 Main St,Apt 38,Oxford,CT,89843,2026-05-25
VC004975,Garcia,Barbara,,1986-10-02,7550,+15546384670,(486) 872-1560,barbara.garcia98@aol.com,202 Hill Rd,,Manchester,NC,24354,2026-05-25
VC004976,Allen,Christopher,E,28-Dec-1940,3342,255.886.8031,,christopher.allen8@hotmail.com,4686 Hill Rd,,Manchester,NH,20043-8893,2026-05-16
VC004977,Allen,Jennifer,,02-20-1961,4144,(934) 711-2442,,jennifer.allen77@yahoo.com,4935 Lake Rd,Apt 994,Clinton,AL,83100,2026-05-25
VC004978,Young,Patricia,,06/24/1940,5155,5404408715,+12318648324,,5805 Valley Ln,Apt 932,Dayton,RI,15965,2026-05-09
VC004979,Scott,James,G,2001-03-08,5342,502-369-9268,,james.scott82@hotmail.com,7015 Lincoln Ave,Apt 269,Burlington,MD,93749-9788,2026-05-20
VC004980,Garcia,Sandra,,02-Aug-1951,7591,+16448301363,,,9125 River Dr,Apt 759,Clinton,AK,32070,2026-05-06
VC004981,Jones,Joseph,K,01-11-2001,3226,518.550.9223,,joseph.jones59@hotmail.com,3275 Main St,Apt 658,Burlington,MN,22696,2026-05-22
VC004982,Hall,William,D,01/31/1941,7429,(822) 358-2911,,,2789 Main St,Apt 987,Clinton,NJ,99439-1577,2026-06-01
VC004983,Wilson,Jessica,D,1951-11-30,5770,2535959581,+15089574169,,7314 Lake Rd,,Marion,NE,79593,2026-05-19
VC004984,Torres,James,W,22-May-1957,9772,846-996-6867,,james.torres59@icloud.com,3057 Cedar Ln,,Dayton,IA,48918,2026-05-10
VC004985,Nelson,Christopher,L,07-09-1952,8364,+18404084191,(804) 642-6056,christopher.nelson2@gmail.com,5278 Lincoln Ave,,Dayton,AL,39249-4936,2026-05-12
VC004986,Baker,Ashley,,07/22/1944,7141,639.698.1377,,ashley.baker56@icloud.com,4153 Maple Dr,,Clinton,LA,72524,2026-05-10
VC004987,Anderson,William,N,1955-09-24,1219,(481) 703-2942,,william.anderson70@aol.com,4231 Sunset Blvd,,Fairview,MN,19599,2026-05-11
VC004988,Martin,William,,05-Nov-1956,4590,6985981732,,,2792 Jefferson Dr,,Salem,OR,20416-2709,2026-05-23
VC004989,Miller,Anthony,N,12-12-1977,2266,579-213-5463,537.599.3889,anthony.miller99@outlook.com,8719 Valley Ln,,Madison,VA,37436,2026-05-08
VC004990,Allen,William,,06/03/1956,6382,+19154155414,,,5 River Dr,Apt 873,Richmond,DE,21425,2026-05-14
VC004991,Nelson,Nancy,,1989-06-03,4377,939.963.7258,,nancy.nelson75@gmail.com,4217 Jefferson Dr,,Dayton,SD,89212-4639,2026-06-04
VC004992,White,Mary,Y,28-Apr-1989,1627,(225) 425-9949,,mary.white83@hotmail.com,9414 Forest Ave,Apt 576,Marion,NE,21740,2026-05-07
VC004993,Jackson,Christopher,T,10-17-1970,4684,4309467574,+15302808271,christopher.jackson7@icloud.com,2052 Hill Rd,,Marion,LA,95436,2026-05-24
VC004994,Johnson,Matthew,P,01/11/1967,7149,490-613-3258,,matthew.johnson21@outlook.com,2607 Maple Dr,Apt 848,Greenville,MA,45364-3767,2026-05-10
VC004995,Williams,Jennifer,J,1949-09-27,5728,+16462485910,,,4868 Main St,,Madison,GA,44910,2026-06-02
VC004996,Torres,Michael,,22-Jan-1996,3731,498.968.6166,8899151712,michael.torres48@hotmail.com,7398 Sunset Blvd,,Salem,AK,30434,2026-05-22
VC004997,Walker,Patricia,A,03-13-1992,1441,(773) 708-4980,,,248 Jefferson Dr,,Georgetown,UT,34765-2993,2026-05-27
VC004998,Jackson,Barbara,,12/19/1992,6806,2038621739,+15707703621,barbara.jackson1@outlook.com,1317 Main St,,Richmond,AR,91115,2026-06-03
VC004999,King,Daniel,W,1986-06-22,4900,525-578-3539,,,1807 Lincoln Ave,,Georgetown,PA,69376,2026-05-18
VC005000,Allen,Margaret,G,22-Mar-1982,8424,+15824466511,(613) 882-1551,margaret.allen42@outlook.com,2581 Lincoln Ave,,Madison,TN,42004-1882,2026-05-12
VC005001,Smith,Joseph,,02-16-1951,8377,206.606.4861,7067961897,,1610 Maple Dr,,Manchester,OR,89026,2026-06-02
VC005002,Wright,Patricia,B,02/23/1972,1960,(574) 344-4923,856-688-2013,patricia.wright44@yahoo.com,8041 Cedar Ln,Apt 710,Manchester,MT,15451,2026-05-14
VC005003,Anderson,Mary,,1940-04-04,9544,5745236765,+14553829617,mary.anderson37@gmail.com,1167 Hill Rd,,Marion,PA,86876-1758,2026-06-01
VC005004,Adams,Robert,J,07-May-1961,3225,547-327-7557,309.296.2116,robert.adams30@aol.com,908 Oak Ave,,Oxford,AL,42289,2026-05-27
VC005005,Brown,Charles,O,11-08-1955,2300,+13335769392,,charles.brown7@yahoo.com,6235 River Dr,,Fairview,NM,14072,2026-05-24
VC005006,Nguyen,Christopher,,03/30/1969,4771,520.508.7985,8864642983,christopher.nguyen93@aol.com,8829 Cedar Ln,Apt 843,Salem,MN,25851-1220,2026-05-09
VC005007,Nguyen,Anthony,U,2000-08-19,3057,(346) 787-1060,,,1140 Lincoln Ave,,Clinton,ND,53977,2026-06-04
VC005008,Nelson,Linda,L,10-Sep-1979,6230,6925082406,,linda.nelson93@yahoo.com,4865 Cedar Ln,,Marion,KS,90867,2026-06-04
VC005009,Brown,Christopher,,11-22-1959,1450,482-733-3893,849.705.7402,christopher.brown17@aol.com,3410 Hill Rd,,Dayton,GA,46864-4152,2026-05-31
VC005010,Wright,Daniel,X,11/21/1982,1456,+15538776852,,daniel.wright11@hotmail.com,4947 Park Blvd,Apt 296,Salem,FL,30228,2026-05-12
VC005011,Davis,Michael,X,1941-04-28,3600,312.777.2506,7314837853,,7817 Oak Ave,,Marion,HI,69931,2026-05-22
VC005012,Davis,Michael,,18-Oct-1948,8901,(538) 542-8690,,michael.davis42@yahoo.com,5912 Sunset Blvd,,Franklin,ND,34068-5055,2026-05-29
VC005013,Nguyen,Richard,S,03-03-1986,5264,4059265423,,,3962 Park Blvd,Apt 888,Madison,VA,68895,2026-06-03
VC005014,White,James,G,12/19/1994,2234,270-918-3668,891.966.3686,james.white13@gmail.com,9599 Park Blvd,Apt 712,Burlington,AZ,42327,2026-05-30
VC005015,Harris,Matthew,A,1978-07-15,6259,+16317703737,(474) 321-6793,,5699 Forest Ave,,Manchester,UT,17059-9554,2026-05-06
VC005016,Hall,Mark,M,03-May-1984,7841,853.887.1603,,,6608 Sunset Blvd,Apt 740,Salem,IA,49015,2026-05-23
VC005017,Smith,Anthony,N,04-21-1971,6653,(487) 643-6975,,,759 Hill Rd,,Marion,MD,88761,2026-05-15
VC005018,Adams,Thomas,V,09/04/1971,6718,8794523603,,,7132 Jefferson Dr,,Clinton,OR,91374-6385,2026-05-25
VC005019,Torres,James,,1955-06-22,3043,853-354-6851,,,2036 Forest Ave,,Madison,KS,49556,2026-05-22
VC005020,Nguyen,Ashley,H,14-May-1960,9071,+14472935142,(936) 581-9239,ashley.nguyen87@hotmail.com,9297 River Dr,Apt 905,Madison,MS,51094,2026-05-28
VC005021,Brown,Jennifer,L,12-16-1990,2756,253.694.5147,,,4734 Park Blvd,,Salem,OR,40343-3323,2026-05-30
VC005022,Anderson,Thomas,A,03/24/1997,3374,(724) 775-8652,353-581-1763,thomas.anderson61@gmail.com,5773 Oak Ave,,Burlington,KS,89856,2026-05-16
VC005023,Garcia,Lisa,Z,2002-03-26,9475,9337054307,,lisa.garcia97@yahoo.com,2770 Oak Ave,Apt 52,Fairview,WI,95127,2026-06-03
VC005024,Johnson,Thomas,G,10-Apr-1997,2476,581-751-5547,,thomas.johnson38@icloud.com,5882 Washington St,,Springfield,NE,37650-3413,2026-05-30
VC005025,Allen,Nancy,Y,07-11-1976,9473,+14158952533,(392) 219-4128,,7009 Oak Ave,,Richmond,CA,80762,2026-05-06
VC005026,Jones,James,,01/02/1957,5351,676.873.6198,7949858128,,4146 Park Blvd,,Burlington,NJ,41877,2026-06-02
VC005027,Garcia,Charles,,1999-08-06,7795,(826) 592-7109,,,6241 Valley Ln,Apt 204,Fairview,ID,58556-1335,2026-05-26
VC005028,Smith,Mark,,15-Mar-1991,3484,7574252164,,mark.smith71@gmail.com,5739 Lake Rd,,Springfield,MA,94708,2026-06-04
VC005029,Walker,James,,02-19-1944,9621,664-302-3707,728.302.8212,james.walker49@outlook.com,6680 Oak Ave,,Manchester,WV,69526,2026-06-01
VC005030,Smith,Susan,,12/09/1965,2098,+17544986543,(935) 342-1671,susan.smith42@outlook.com,1433 Park Blvd,Apt 690,Richmond,MI,48287-1246,2026-05-24
VC005031,Miller,Sandra,,1975-10-02,6309,599.924.3469,6864799313,,8058 Valley Ln,Apt 490,Oxford,IA,93190,2026-05-30
VC005032,White,Sandra,N,20-Jan-1958,7271,(592) 500-7543,,sandra.white57@hotmail.com,9999 Lincoln Ave,Apt 872,Richmond,NC,97879,2026-05-15
VC005033,Hill,John,T,03-20-1976,8172,5666405808,+15973074108,john.hill70@hotmail.com,8457 Washington St,,Springfield,IA,58418-1311,2026-05-21
VC005034,Baker,Sandra,S,04/06/1982,7765,524-985-7656,992.703.2169,sandra.baker57@icloud.com,556 Park Blvd,,Richmond,CO,74447,2026-05-05
VC005035,Harris,Matthew,,1993-02-07,4828,+13283095364,,matthew.harris67@icloud.com,5066 Sunset Blvd,Apt 369,Burlington,VT,16482,2026-05-07
VC005036,Thomas,Michael,W,09-Nov-1973,9707,450.713.6802,,michael.thomas48@yahoo.com,7732 Valley Ln,,Dayton,CA,79848-3007,2026-06-03
VC005037,Davis,Ashley,,06-19-1972,2305,(436) 666-6157,,,1891 Washington St,Apt 327,Fairview,NH,63729,2026-05-24
VC005038,Thomas,Charles,J,01/12/1943,7272,9695375561,,charles.thomas36@icloud.com,7503 Main St,Apt 145,Marion,CA,66174,2026-05-22
VC005039,White,Betty,,1961-03-19,3728,637-534-2234,,betty.white13@icloud.com,4968 Cedar Ln,Apt 368,Marion,OK,28857-2461,2026-05-30
VC005040,Torres,Michael,M,09-May-1948,2601,+13368006440,,,6426 Park Blvd,Apt 250,Franklin,MT,57255,2026-05-17
VC005041,Nguyen,Lisa,G,10-11-1958,3068,339.566.1193,,,8457 Cedar Ln,Apt 792,Georgetown,AR,60194,2026-05-28
VC005042,Wilson,Barbara,,08/01/1983,4652,(859) 693-1596,,barbara.wilson12@icloud.com,3598 Main St,Apt 878,Fairview,MO,76875-8979,2026-05-13
VC005043,Smith,Sarah,,1968-01-05,9216,3706017097,+16319471845,sarah.smith42@aol.com,8913 River Dr,Apt 452,Richmond,WA,54386,2026-05-09
VC005044,Hill,Sandra,N,05-Apr-1970,7342,506-974-3249,571.705.8186,sandra.hill33@yahoo.com,4113 Valley Ln,,Dayton,LA,18882,2026-05-11
VC005045,Garcia,Richard,C,08-20-1990,2765,+13925667893,,richard.garcia86@yahoo.com,4013 Lake Rd,,Oxford,MT,45637-2835,2026-05-24
VC005046,Torres,David,,10/10/2001,4669,773.977.2533,2179105504,,908 Sunset Blvd,Apt 369,Salem,ID,78497,2026-05-16
VC005047,Jones,Sandra,W,1972-04-06,1275,(371) 879-9073,382-958-9034,sandra.jones25@gmail.com,4525 Jefferson Dr,Apt 316,Clinton,FL,66832,2026-05-19
VC005048,Jones,David,,10-Jun-1967,6245,8774827094,,,4651 Valley Ln,Apt 727,Oxford,IL,65972-2705,2026-05-11
VC005049,Taylor,David,Z,04-12-1968,5325,626-782-7596,,david.taylor73@yahoo.com,8523 Oak Ave,Apt 724,Richmond,MT,74177,2026-05-30
VC005050,Adams,Mark,,10/23/1997,1698,+17118564344,,mark.adams38@aol.com,7921 Maple Dr,Apt 199,Greenville,NJ,72064,2026-05-28
VC005051,Thomas,Linda,,1985-06-28,6677,433.446.6437,,,8470 Washington St,Apt 682,Clinton,ID,62700-6854,2026-06-01
VC005052,Jones,Sandra,F,14-Nov-1988,8283,(415) 993-7042,318-440-6969,sandra.jones71@yahoo.com,8635 River Dr,Apt 562,Fairview,MT,41326,2026-05-13
VC005053,Smith,Betty,,02-08-1996,9227,4716845618,,betty.smith81@outlook.com,2981 Maple Dr,Apt 68,Manchester,OH,44861,2026-05-14
VC005054,Williams,Thomas,Q,06/01/1955,1090,694-932-1131,,thomas.williams21@yahoo.com,1305 Washington St,,Arlington,NJ,97564-9897,2026-05-17
VC005055,Jackson,William,K,1994-12-13,3162,+19833804328,,,6829 Jefferson Dr,,Dayton,CA,20931,2026-05-23
VC005056,Davis,Linda,,01-May-1947,6483,317.438.7692,2734842869,,8206 Maple Dr,,Manchester,HI,16144,2026-05-29
VC005057,King,Patricia,,10-24-1947,9333,(229) 722-6020,522-657-5296,,2746 Lincoln Ave,,Fairview,LA,75507-9645,2026-05-13
VC005058,Harris,Christopher,,12/04/1970,9583,4013399185,,,6656 Sunset Blvd,Apt 570,Greenville,ND,13161,2026-05-26
VC005059,Hall,Mark,E,1976-05-12,5458,418-878-4796,,mark.hall5@outlook.com,1703 Cedar Ln,Apt 962,Georgetown,MT,78618,2026-05-22
VC005060,Adams,Linda,,06-Mar-1983,7782,+15508707885,,linda.adams47@hotmail.com,4420 Valley Ln,Apt 548,Salem,MI,74550-4703,2026-05-17
VC005061,Young,Lisa,S,01-29-1953,8598,797.560.9218,3709715425,,8510 Hill Rd,,Georgetown,AR,49893,2026-05-09
VC005062,Johnson,Anthony,S,08/06/1942,3846,(518) 926-9303,,anthony.johnson21@gmail.com,6610 Maple Dr,Apt 794,Manchester,ND,84537,2026-05-26
VC005063,Walker,Richard,Z,1971-10-12,9034,6938389376,+12753387127,,6934 Jefferson Dr,Apt 100,Madison,AR,18743-1920,2026-05-06
VC005064,Walker,Christopher,F,17-Dec-1985,6237,566-423-1013,,christopher.walker45@aol.com,8037 Lake Rd,,Springfield,IL,52194,2026-06-03
VC005065,Smith,Matthew,N,03-24-1988,7840,+13725857537,(624) 996-4254,matthew.smith89@icloud.com,3447 Main St,Apt 639,Marion,RI,62515,2026-05-08
VC005066,Allen,David,X,03/19/1989,9876,419.295.7848,9198847070,,3171 Hill Rd,Apt 919,Richmond,CO,33346-2913,2026-06-01
VC005067,Smith,William,S,1993-05-04,9818,(264) 681-8933,,william.smith54@outlook.com,1071 Lincoln Ave,Apt 797,Marion,FL,43907,2026-05-08
VC005068,Williams,Sandra,,08-Sep-1956,8999,8402784435,+14782177013,sandra.williams14@yahoo.com,8907 Washington St,Apt 802,Springfield,NY,81372,2026-05-30
VC005069,Jones,James,R,03-19-1982,8011,769-536-8064,,james.jones71@outlook.com,4167 Jefferson Dr,,Oxford,VA,62010-4016,2026-05-24
VC005070,Williams,David,K,05/27/1950,6792,+13143535947,,david.williams50@yahoo.com,3747 Valley Ln,Apt 512,Springfield,SD,78422,2026-05-08
VC005071,Martin,Michael,,1985-07-03,3250,292.299.1136,,,4435 Lake Rd,Apt 81,Fairview,LA,69811,2026-05-11
VC005072,Hall,Robert,R,15-Aug-1967,7575,(989) 858-7858,601-342-6222,robert.hall17@aol.com,3976 Oak Ave,,Oxford,MO,34558-5842,2026-05-29
VC005073,Baker,Sarah,,12-20-1988,3307,4518574515,+19577126967,sarah.baker89@hotmail.com,154 Oak Ave,Apt 445,Marion,OR,90210,2026-05-30
VC005074,Thompson,Matthew,V,01/12/1951,3915,652-723-7095,,matthew.thompson99@yahoo.com,7350 Forest Ave,,Franklin,UT,70700,2026-05-11
VC005075,Brown,Barbara,,1982-03-04,3169,+17287889121,,,5266 Maple Dr,,Arlington,SD,81246-6521,2026-06-03
VC005076,Nguyen,Anthony,Y,30-Nov-1994,8444,638.819.1093,,anthony.nguyen46@aol.com,9463 Main St,Apt 467,Richmond,OK,42547,2026-05-21
VC005077,Johnson,John,O,08-29-1959,4801,(269) 878-1298,848-708-1892,john.johnson44@hotmail.com,1924 Lincoln Ave,,Madison,WV,52709,2026-05-12
VC005078,Williams,Jennifer,,06/06/1982,7479,2259605087,,jennifer.williams11@icloud.com,23 Sunset Blvd,Apt 243,Dayton,CA,26747-9027,2026-05-21
VC005079,Hill,Michael,F,1988-03-06,2716,896-759-7973,234.926.1851,,6898 Maple Dr,,Richmond,OH,60579,2026-05-18
VC005080,Smith,John,Q,23-Feb-1977,1647,+14588362249,,,8897 Maple Dr,,Burlington,IN,79959,2026-05-11
VC005081,Scott,Sarah,D,10-31-1978,8587,744.472.9665,,sarah.scott81@gmail.com,1265 Cedar Ln,,Greenville,WV,98275-4214,2026-05-28
VC005082,Garcia,Robert,,12/31/2001,9429,(548) 422-9384,940-329-6485,robert.garcia43@outlook.com,680 Valley Ln,,Franklin,MS,80729,2026-05-28
VC005083,Adams,Richard,B,2003-05-07,5361,7812425601,,,7662 Maple Dr,,Fairview,ND,66868,2026-05-30
VC005084,White,Betty,R,11-May-2003,5627,720-874-8930,215.697.3303,betty.white92@hotmail.com,2347 Washington St,,Franklin,WI,99786-9253,2026-05-11
VC005085,Jackson,Mark,W,09-09-1964,6631,+13735687202,(659) 661-4382,mark.jackson88@aol.com,7713 River Dr,Apt 84,Arlington,WV,83421,2026-05-11
VC005086,Young,Ashley,,11/17/2004,7769,900.268.1514,7709831198,ashley.young94@yahoo.com,9509 Cedar Ln,,Arlington,NE,73638,2026-05-07
VC005087,Davis,Jessica,W,1940-08-15,6563,(615) 342-1459,,jessica.davis67@gmail.com,2895 Forest Ave,,Georgetown,CO,22843-9429,2026-05-24
VC005088,Young,Anthony,J,05-Aug-2000,4509,6433647749,,anthony.young93@icloud.com,9675 Maple Dr,Apt 818,Georgetown,WY,84787,2026-05-15
VC005089,Scott,Thomas,,08-31-1977,8407,792-529-9828,,thomas.scott30@hotmail.com,9878 Valley Ln,,Dayton,WA,94751,2026-05-10
VC005090,Torres,Sandra,Q,07/28/1958,7284,+14629957058,,,6077 Park Blvd,Apt 525,Oxford,VT,12045-6214,2026-05-09
VC005091,Johnson,Patricia,F,1958-01-11,5350,779.971.4962,2099378401,patricia.johnson6@aol.com,2202 Maple Dr,,Arlington,MD,62103,2026-05-24
VC005092,White,David,W,26-Sep-1999,4977,(481) 654-4302,,david.white67@icloud.com,2391 Cedar Ln,Apt 133,Clinton,MN,34641,2026-05-08
VC005093,Martin,Karen,Y,01-25-1974,5829,3184689491,,karen.martin32@gmail.com,737 Main St,,Greenville,GA,68013-8874,2026-06-04
VC005094,Jackson,William,I,02/21/1989,8374,840-334-7166,,william.jackson16@yahoo.com,1667 Hill Rd,,Clinton,OR,26203,2026-05-12
VC005095,Taylor,Linda,L,1982-07-21,4810,+12465562453,,,207 Sunset Blvd,,Richmond,WI,43490,2026-05-15
VC005096,Thompson,Charles,I,27-Jul-1983,7473,248.395.8990,,charles.thompson38@gmail.com,7558 Sunset Blvd,Apt 669,Greenville,VT,20186-2208,2026-05-11
VC005097,Jones,Betty,S,09-27-1969,4622,(889) 286-7903,936-611-9796,,9495 River Dr,,Richmond,TN,69143,2026-05-13
VC005098,Johnson,Lisa,,04/05/1981,8012,5898889640,,,4606 Park Blvd,,Franklin,MD,69062,2026-05-19
VC005099,Torres,Susan,,1967-10-17,9172,864-619-5920,,susan.torres45@aol.com,7937 Maple Dr,Apt 709,Clinton,ND,97056-6921,2026-05-07
VC005100,Hill,Lisa,,04-Jan-1941,6141,+18935291086,,lisa.hill48@yahoo.com,1259 Jefferson Dr,Apt 874,Dayton,AZ,87899,2026-05-26
VC005101,Johnson,Robert,Y,09-15-1951,2394,901.897.3095,,robert.johnson98@yahoo.com,3802 Valley Ln,,Georgetown,NV,70850,2026-05-30
VC005102,White,Betty,W,06/03/1972,4122,(501) 464-8952,,betty.white29@hotmail.com,200 Forest Ave,Apt 88,Georgetown,MA,48061-4071,2026-05-11
VC005103,Harris,James,,1961-11-14,3174,5295553718,,,4006 Park Blvd,,Burlington,VT,84266,2026-05-25
VC005104,Anderson,Jessica,P,08-Nov-1959,2657,427-593-4691,840.234.8496,jessica.anderson73@gmail.com,8479 Lake Rd,,Salem,LA,36294,2026-05-13
VC005105,Brown,David,W,05-31-1955,3316,+16085795340,,david.brown2@aol.com,4818 Lake Rd,,Fairview,AZ,43697-3901,2026-05-24
VC005106,Davis,Nancy,,05/13/1994,9461,890.581.2122,9586022082,,2860 Valley Ln,Apt 334,Madison,NJ,65126,2026-05-11
VC005107,Jones,Sarah,F,1998-02-23,8992,(712) 544-7574,891-585-3501,sarah.jones47@outlook.com,4171 Oak Ave,,Fairview,MI,45437,2026-05-07
VC005108,Garcia,Karen,S,29-Jul-1988,7353,2648134939,,karen.garcia11@aol.com,6512 Lincoln Ave,,Fairview,UT,55415-2127,2026-05-24
VC005109,Williams,Jennifer,,02-11-1946,2902,560-733-9815,605.581.6720,jennifer.williams10@outlook.com,9875 Lake Rd,Apt 705,Madison,FL,14813,2026-05-19
VC005110,King,Ashley,L,10/07/1942,8550,+14385093937,,,8031 Cedar Ln,Apt 77,Madison,NC,26380,2026-05-26
VC005111,Johnson,Joseph,,1940-12-05,8611,868.597.9707,,joseph.johnson82@icloud.com,9772 Oak Ave,Apt 410,Springfield,WY,99580-4709,2026-05-25
VC005112,Harris,Betty,,05-Nov-1964,6554,(439) 442-1883,,,6175 River Dr,,Clinton,MT,15305,2026-06-01
VC005113,King,Robert,T,09-30-1991,4364,3056444539,,robert.king68@hotmail.com,8835 Lake Rd,Apt 80,Greenville,MT,21791,2026-05-07
VC005114,Baker,William,W,01/23/2003,1794,321-277-1661,,,5778 River Dr,Apt 863,Greenville,IL,59056-5174,2026-05-15
VC005115,Nelson,Betty,H,1987-06-04,8614,+13712693903,,betty.nelson56@outlook.com,4947 Hill Rd,Apt 243,Richmond,TN,85617,2026-05-26
VC005116,Jackson,Mary,N,13-Mar-1979,9556,809.426.6035,9272042447,,307 Sunset Blvd,,Fairview,ID,61507,2026-05-18
VC005117,Torres,William,E,10-08-1940,8013,(993) 481-3671,,william.torres65@gmail.com,1903 Lincoln Ave,,Springfield,AK,92131-1753,2026-05-23
VC005118,Jones,James,W,12/10/1944,4490,2826319851,+18279879295,james.jones57@gmail.com,7866 Maple Dr,,Oxford,TX,63144,2026-05-10
VC005119,Adams,Sandra,F,1987-05-06,2678,784-870-5628,971.639.6096,sandra.adams6@aol.com,9584 Hill Rd,,Oxford,AL,61372,2026-06-02
VC005120,Wright,Christopher,,01-Nov-1998,6797,+13965482986,,christopher.wright51@aol.com,1119 Valley Ln,,Springfield,WA,36635-5320,2026-05-22
VC005121,White,Robert,,09-13-1972,9467,249.989.7620,,,6641 Park Blvd,Apt 436,Clinton,AR,95335,2026-05-08
VC005122,Baker,Sarah,B,02/22/2001,6677,(636) 366-9479,,,294 Sunset Blvd,Apt 763,Richmond,WI,87911,2026-05-20
VC005123,Adams,Linda,Y,1950-12-02,8789,3878467016,+14067965839,linda.adams80@aol.com,5054 Park Blvd,Apt 303,Oxford,TX,37676-4903,2026-05-16
VC005124,Hall,Jennifer,P,25-Nov-1940,6201,229-800-4471,421.656.8570,jennifer.hall22@aol.com,7442 Lake Rd,,Franklin,KY,22672,2026-05-13
VC005125,Thompson,Michael,D,05-15-1943,9860,+13779957312,,,4837 Lincoln Ave,,Arlington,UT,93855,2026-05-19
VC005126,King,Sarah,W,09/17/1989,8534,598.814.9458,,sarah.king15@icloud.com,6988 Lincoln Ave,Apt 413,Arlington,SD,74518-3067,2026-05-26
VC005127,Taylor,Michael,,1947-07-06,4601,(433) 323-5000,861-712-7099,michael.taylor58@hotmail.com,9714 Washington St,,Salem,WI,56660,2026-05-23
VC005128,Harris,Nancy,,03-Aug-1996,3589,4545414698,,nancy.harris20@outlook.com,3845 Jefferson Dr,Apt 370,Madison,AL,61174,2026-05-23
VC005129,Adams,William,W,08-17-1985,8372,403-538-8729,,william.adams14@hotmail.com,523 Main St,Apt 468,Oxford,IN,53297-1019,2026-05-10
VC005130,Thomas,Patricia,C,07/02/1955,6050,+12295674611,(509) 862-7817,patricia.thomas26@icloud.com,2934 Lincoln Ave,,Manchester,MN,66629,2026-05-26
VC005131,Torres,Betty,H,1964-08-18,3238,609.349.9316,,betty.torres17@gmail.com,9998 Lake Rd,,Burlington,ND,11159,2026-05-28
VC005132,White,Richard,V,16-Jan-1960,1607,(447) 535-4902,840-947-2007,richard.white45@gmail.com,3515 Washington St,Apt 986,Georgetown,VT,43291-4462,2026-05-28
VC005133,Wright,Jessica,,07-28-1990,5783,3358071163,+12785122305,jessica.wright40@aol.com,8104 Main St,,Fairview,ND,39056,2026-05-12
VC005134,Miller,William,Y,05/22/1950,8851,759-377-1631,885.398.7357,william.miller61@yahoo.com,7804 Hill Rd,Apt 566,Richmond,HI,69531,2026-05-20
VC005135,Johnson,Patricia,Q,1956-05-14,2082,+15208551374,(756) 584-6608,,8411 Hill Rd,Apt 58,Franklin,CA,97491-4575,2026-05-13
VC005136,Martin,Christopher,Z,27-Oct-1941,4791,298.914.5178,7345734019,christopher.martin52@gmail.com,356 Sunset Blvd,Apt 81,Salem,NV,69231,2026-05-21
VC005137,Davis,Sandra,V,10-07-1949,6401,(834) 973-3380,,,2264 Jefferson Dr,,Springfield,CT,61216,2026-05-26
VC005138,Jones,Lisa,,10/30/1971,3405,3942834311,+15339867848,,3077 Jefferson Dr,Apt 383,Salem,AZ,60358-7744,2026-05-06
VC005139,Brown,Daniel,Z,1951-01-21,7041,309-549-4380,,,7325 Maple Dr,,Greenville,WA,94929,2026-05-13
VC005140,Hall,Ashley,,11-Apr-1993,9352,+18934162315,,ashley.hall67@yahoo.com,6100 Main St,,Fairview,HI,22399,2026-05-27
VC005141,Wilson,William,,10-05-1941,6882,654.644.6692,,william.wilson6@aol.com,1424 Sunset Blvd,Apt 797,Dayton,CO,37282-5374,2026-05-09
VC005142,Hall,James,L,10/18/1946,5973,(767) 619-7933,,,2086 Valley Ln,Apt 19,Arlington,ID,81962,2026-05-13
VC005143,Thomas,James,,1979-02-06,8956,7519659947,,james.thomas50@outlook.com,9884 Cedar Ln,,Salem,IA,45774,2026-05-09
VC005144,Hill,Jennifer,Q,10-May-1973,5881,933-478-2582,443.606.3933,jennifer.hill20@aol.com,3109 Valley Ln,,Franklin,GA,52357-7281,2026-05-27
VC005145,Nelson,Margaret,F,09-26-1969,7223,+17923981685,,margaret.nelson75@outlook.com,5707 Forest Ave,,Arlington,DE,63066,2026-05-22
VC005146,Johnson,Robert,X,02/17/1991,4660,347.695.1134,,,4620 Maple Dr,,Greenville,VT,58409,2026-05-24
VC005147,Nguyen,Nancy,P,1996-07-08,4407,(426) 704-7013,,,2403 Cedar Ln,Apt 635,Burlington,AR,40476-3215,2026-05-31
VC005148,Davis,Lisa,D,27-Nov-1972,1484,5597336553,,lisa.davis39@yahoo.com,9671 Oak Ave,Apt 482,Franklin,SC,42026,2026-05-10
VC005149,Wright,Anthony,,10-12-1940,2541,934-975-2285,877.447.9347,anthony.wright57@hotmail.com,7199 Main St,,Greenville,WV,89430,2026-05-08
VC005150,King,Mark,V,10/27/1958,3836,+14219532948,(366) 214-5217,mark.king30@hotmail.com,6655 Main St,,Burlington,SC,44695-9646,2026-05-19
VC005151,Garcia,Karen,,1998-08-03,3742,768.662.1684,3926982056,karen.garcia69@outlook.com,17 Jefferson Dr,,Salem,SC,47912,2026-05-17
VC005152,Scott,Lisa,J,07-Jul-1955,4762,(799) 338-2059,,lisa.scott82@hotmail.com,1881 Washington St,,Marion,MI,67439,2026-05-08
VC005153,White,Mark,O,02-23-1959,9841,2775074601,,mark.white16@outlook.com,9267 Forest Ave,Apt 776,Springfield,MA,33177-9436,2026-05-15
VC005154,Walker,John,Z,09/29/1994,1444,686-618-5031,,john.walker47@gmail.com,8383 River Dr,,Franklin,OK,95742,2026-05-26
VC005155,Garcia,Sandra,B,1947-07-15,2578,+18593696133,(713) 634-1429,,9768 Valley Ln,,Georgetown,TN,53120,2026-05-24
VC005156,Torres,Michael,,25-Feb-1945,9636,597.919.1492,,,9918 Oak Ave,,Salem,KS,24942-7717,2026-05-07
VC005157,Thomas,Susan,Y,02-16-1943,2922,(839) 824-4023,,,681 Hill Rd,,Clinton,NJ,52962,2026-05-14
VC005158,Jackson,Susan,S,03/21/1974,8002,6327178101,+16438622600,susan.jackson61@outlook.com,2554 Jefferson Dr,,Manchester,NM,12596,2026-05-14
VC005159,Nguyen,Jessica,U,1946-05-07,6488,863-549-8534,387.684.9550,jessica.nguyen62@aol.com,1649 Lincoln Ave,Apt 929,Salem,NE,63212-2073,2026-05-20
VC005160,Walker,Jennifer,,17-Feb-1965,2739,+12513052906,,,2662 Lincoln Ave,,Madison,SC,40906,2026-05-19
VC005161,Scott,Betty,,02-13-1985,5882,693.204.7903,4174068021,betty.scott2@gmail.com,1148 Hill Rd,Apt 829,Clinton,RI,49780,2026-05-27
VC005162,Nelson,Lisa,X,07/09/1992,3568,(282) 556-6995,855-570-6191,lisa.nelson80@icloud.com,8680 Lake Rd,,Arlington,OR,38710-2792,2026-05-20
VC005163,Miller,Barbara,Y,1954-03-06,1476,9766641709,+19882768578,barbara.miller43@aol.com,1711 Washington St,Apt 270,Springfield,OH,33053,2026-06-02
VC005164,Jones,James,,28-Dec-1941,5388,213-578-2572,,james.jones4@outlook.com,7512 Park Blvd,,Springfield,AR,48003,2026-05-12
VC005165,Scott,Lisa,P,04-08-1946,3655,+18187968189,(323) 622-7470,lisa.scott24@outlook.com,45 Maple Dr,,Oxford,ID,67690-4865,2026-06-01
VC005166,Smith,Christopher,D,08/21/1994,1618,814.645.2444,,,1050 Park Blvd,,Fairview,MS,20490,2026-05-23
VC005167,Thompson,Sandra,,1954-04-27,3970,(892) 780-6798,245-512-6394,sandra.thompson7@gmail.com,9519 Valley Ln,,Dayton,VA,34479,2026-05-29
VC005168,White,Margaret,Z,26-Aug-1953,9135,4362072412,,,1520 Valley Ln,,Clinton,TN,28044-2306,2026-05-13
VC005169,Wright,David,,11-25-1956,9613,997-531-7841,,david.wright87@aol.com,3594 Lincoln Ave,Apt 404,Dayton,MN,56291,2026-06-04
VC005170,Garcia,Michael,H,09/12/1976,7643,+19742434123,,michael.garcia30@outlook.com,1292 Valley Ln,,Dayton,AZ,52790,2026-05-17
VC005171,Johnson,Christopher,K,1996-03-17,2008,649.920.2420,,christopher.johnson84@icloud.com,5039 River Dr,Apt 73,Richmond,WI,72900-2677,2026-05-20
VC005172,Smith,William,,16-Nov-1956,3258,(221) 266-8409,230-418-3708,william.smith45@gmail.com,7761 Park Blvd,,Salem,IL,68639,2026-05-11
VC005173,Brown,Betty,C,05-10-1960,1012,2995725064,+15364356395,,413 Hill Rd,,Salem,AZ,41299,2026-05-17
VC005174,Smith,Sarah,X,12/30/1965,8057,496-264-3521,,sarah.smith59@hotmail.com,2912 Cedar Ln,,Springfield,IL,87880-8766,2026-06-01
VC005175,Williams,Anthony,,1958-05-16,8006,+14587042781,(240) 238-1596,,4592 Oak Ave,Apt 748,Franklin,MT,74875,2026-05-15
VC005176,Williams,Margaret,T,07-Jun-1971,9179,960.654.5637,,,2931 Park Blvd,,Dayton,NJ,20637,2026-05-21
VC005177,Baker,Patricia,,10-16-1954,6434,(847) 305-9047,,,896 Jefferson Dr,Apt 45,Fairview,NM,25033-7752,2026-05-08
VC005178,Adams,Karen,N,11/11/1940,1006,2452794483,,,6660 River Dr,,Georgetown,CA,94373,2026-05-22
VC005179,Adams,Jennifer,,2000-02-12,7015,786-928-8870,544.949.9555,jennifer.adams4@hotmail.com,9819 Hill Rd,,Dayton,OH,46357,2026-05-16
VC005180,Johnson,Robert,N,19-Aug-1946,5280,+15738544047,(856) 494-4419,robert.johnson20@hotmail.com,8852 Washington St,Apt 38,Arlington,AZ,70715-7020,2026-05-16
VC005181,Jackson,Jessica,,06-19-1995,8097,776.731.8798,,,1585 Main St,Apt 754,Marion,WV,31329,2026-05-12
VC005182,Allen,Robert,A,10/24/1949,7063,(605) 413-3721,,robert.allen68@outlook.com,9905 Maple Dr,Apt 68,Oxford,NJ,84658,2026-06-02
VC005183,Baker,John,,1947-12-06,5137,4325926560,,,3728 Park Blvd,,Salem,MO,48712-2992,2026-05-30
VC005184,Adams,Matthew,T,22-Jun-1950,8943,536-377-9099,,matthew.adams75@outlook.com,7710 Oak Ave,,Georgetown,WY,17323,2026-05-18
VC005185,Young,Lisa,R,10-09-2004,8625,+12038651283,,lisa.young9@outlook.com,1912 Lake Rd,Apt 291,Oxford,DE,85296,2026-06-02
VC005186,Baker,Sarah,,02/01/1990,4200,341.680.3099,,sarah.baker58@yahoo.com,4899 Washington St,Apt 762,Clinton,TX,52124-6399,2026-05-19
VC005187,Brown,Michael,L,1942-11-15,7805,(364) 819-2527,,michael.brown92@gmail.com,8098 River Dr,Apt 8,Richmond,OK,13093,2026-05-26
VC005188,Allen,Daniel,Z,11-Apr-1942,4756,4124124630,+16554615250,,1099 River Dr,,Oxford,NE,58023,2026-05-15
VC005189,Jones,Sandra,M,11-06-1948,9781,789-427-1245,449.930.6983,sandra.jones93@hotmail.com,5100 Lake Rd,,Oxford,VA,82099-1477,2026-05-12
VC005190,Allen,Lisa,,02/19/2000,3965,+15109344142,(681) 881-7142,,5831 Oak Ave,Apt 955,Clinton,WA,20053,2026-05-24
VC005191,Thompson,David,,1975-08-18,5371,495.907.9552,,,9983 Oak Ave,,Salem,GA,76859,2026-05-07
VC005192,Jackson,Patricia,V,26-Sep-1948,6556,(449) 506-4027,,patricia.jackson52@yahoo.com,8392 Lincoln Ave,Apt 937,Springfield,RI,20710-9015,2026-05-14
VC005193,Hall,Robert,,11-10-1986,5782,4435469352,+18108895303,robert.hall25@hotmail.com,1605 River Dr,Apt 229,Georgetown,ID,26441,2026-05-09
VC005194,Allen,Margaret,S,10/09/1980,7177,231-579-8024,,,2960 Lake Rd,Apt 374,Salem,CA,84625,2026-05-08
VC005195,Anderson,Jennifer,O,1980-09-25,3164,+12979092518,(970) 398-8667,jennifer.anderson59@yahoo.com,9088 Washington St,,Oxford,MN,50982-2349,2026-05-05
VC005196,Thomas,John,,23-Feb-1989,7889,546.604.4462,,john.thomas39@aol.com,6624 River Dr,Apt 731,Dayton,NH,79581,2026-05-09
VC005197,Jones,Betty,U,02-23-1974,8316,(705) 707-6024,741-360-3919,betty.jones25@icloud.com,9719 Forest Ave,,Fairview,WA,89537,2026-05-24
VC005198,Torres,Patricia,Z,01/17/1982,2080,8774236203,+13149027997,patricia.torres91@gmail.com,9585 Valley Ln,Apt 72,Burlington,GA,28540-8373,2026-05-28
VC005199,Torres,Patricia,,1984-10-20,8805,323-855-2354,,patricia.torres22@hotmail.com,3579 Cedar Ln,,Oxford,ND,86870,2026-05-08
VC005200,Wright,Richard,,06-Feb-1980,2843,+13749406014,,,3017 Main St,Apt 266,Fairview,NV,60352,2026-05-17
VC005201,Taylor,Barbara,G,01-04-1999,1939,836.693.3583,5095757598,barbara.taylor36@gmail.com,9247 Jefferson Dr,,Dayton,ME,19303-1081,2026-06-02
VC005202,Baker,Thomas,,04/21/2003,8278,(874) 744-3944,,,311 Park Blvd,Apt 802,Manchester,IN,42150,2026-05-25
VC005203,Garcia,Joseph,,1973-08-24,2708,2622374443,,joseph.garcia71@yahoo.com,617 River Dr,,Fairview,IA,83117,2026-05-21
VC005204,Nguyen,Patricia,Y,14-Mar-1947,9389,922-348-9465,426.927.7150,patricia.nguyen6@yahoo.com,8076 Lincoln Ave,Apt 319,Dayton,DE,73063-5750,2026-05-11
VC005205,King,David,,09-17-1986,5941,+15385367515,,,1127 Park Blvd,Apt 704,Arlington,CA,67866,2026-05-24
VC005206,Hill,Margaret,,06/03/1977,2228,216.879.9378,,,9240 Forest Ave,,Fairview,IL,54830,2026-06-01
VC005207,Anderson,Jennifer,,1977-11-04,5967,(995) 598-6234,,jennifer.anderson13@outlook.com,6812 Washington St,,Oxford,OK,38874-9317,2026-05-09
VC005208,Young,Sarah,,05-Jun-1949,9432,6677448969,+14814989501,,7854 Lake Rd,,Georgetown,AL,69812,2026-05-08
VC005209,Adams,Mark,A,04-25-1978,9698,354-905-5976,,mark.adams98@aol.com,740 Lincoln Ave,Apt 692,Greenville,CT,25041,2026-05-10
VC005210,Allen,Joseph,,06/12/1942,4522,+18889454580,(331) 250-9205,joseph.allen72@aol.com,685 Cedar Ln,,Fairview,MI,16697-5936,2026-05-09
VC005211,Thomas,Margaret,,1969-08-26,9114,360.828.2667,,margaret.thomas67@hotmail.com,848 Lincoln Ave,,Richmond,CO,24838,2026-05-14
VC005212,Allen,Ashley,,01-Mar-1980,6642,(528) 761-9362,617-816-8787,,4821 Hill Rd,,Marion,NV,59477,2026-05-23
VC005213,Scott,Sandra,,02-19-1969,5386,4098036856,+12065359873,,5287 Park Blvd,,Fairview,ME,17478-2057,2026-05-11
VC005214,King,Betty,T,07/16/1995,9464,349-942-8089,,betty.king87@hotmail.com,7878 Washington St,,Dayton,TX,50929,2026-05-07
VC005215,Jackson,Jennifer,,1955-02-11,5202,+19693455027,,,5470 Park Blvd,,Dayton,NM,30154,2026-05-11
VC005216,Taylor,Linda,N,24-Jan-1983,2360,299.371.7894,,linda.taylor69@hotmail.com,3020 Maple Dr,,Salem,NV,21663-9403,2026-05-19
VC005217,Garcia,Robert,L,05-20-1997,2705,(600) 989-1530,412-724-8596,robert.garcia90@aol.com,2984 Valley Ln,Apt 926,Georgetown,SC,38953,2026-05-08
VC005218,Harris,Anthony,W,07/24/1955,7360,3356564181,+14223044045,anthony.harris43@aol.com,5483 Sunset Blvd,,Clinton,ID,36828,2026-05-05
VC005219,Brown,Susan,D,1961-02-25,5294,771-313-7463,,susan.brown72@yahoo.com,742 Maple Dr,,Manchester,MA,42748-1707,2026-05-20
VC005220,Wright,Charles,I,03-Jun-1956,4085,+12108487366,(993) 874-8321,,9205 Oak Ave,Apt 630,Arlington,NV,58617,2026-05-28
VC005221,Thomas,Christopher,,08-15-1983,3626,661.283.4818,,christopher.thomas32@hotmail.com,3250 Lincoln Ave,Apt 610,Marion,KY,43021,2026-05-27
VC005222,Torres,Susan,A,09/10/1964,9810,(559) 241-5787,267-758-8110,,3858 Oak Ave,Apt 91,Springfield,MO,14196-7989,2026-05-21
VC005223,King,Michael,,1941-03-13,6262,2223511822,+18566897249,michael.king92@yahoo.com,6841 Lincoln Ave,,Marion,ID,28676,2026-05-30
VC005224,Jackson,James,E,01-Oct-1994,3528,782-797-7687,514.377.4263,,2899 Cedar Ln,,Arlington,MN,59408,2026-06-01
VC005225,Harris,Karen,U,09-04-1960,3850,+17572187789,,karen.harris82@yahoo.com,4298 Forest Ave,Apt 755,Oxford,NM,35900-9312,2026-05-24
VC005226,Jackson,Jennifer,,08/09/1979,8200,884.929.7515,,,6558 Lincoln Ave,Apt 381,Dayton,SD,15281,2026-06-02
VC005227,White,Michael,M,1953-06-08,5049,(702) 535-7358,,,2259 Valley Ln,,Salem,OK,81187,2026-05-08
VC005228,Baker,Mary,E,06-Aug-1976,6855,4505383217,,,1698 River Dr,Apt 784,Greenville,FL,85556-8466,2026-05-08
VC005229,Anderson,Mark,,10-06-1972,7301,246-600-8617,,,1419 Lake Rd,,Franklin,MA,30703,2026-05-10
VC005230,Nguyen,Jessica,,10/17/1982,8126,+16335642151,,,8318 Cedar Ln,,Madison,TX,90127,2026-05-12
VC005231,Allen,Nancy,,1988-03-28,2376,736.782.6413,,nancy.allen98@gmail.com,4761 Valley Ln,Apt 711,Richmond,IL,25561-9362,2026-05-10
VC005232,Garcia,Susan,,11-Nov-1964,5710,(736) 985-3842,,,5709 Valley Ln,,Georgetown,MT,81071,2026-06-04
VC005233,Brown,Joseph,,06-19-1961,7406,3132429320,,joseph.brown45@hotmail.com,4392 Lake Rd,,Georgetown,VT,66440,2026-05-28
VC005234,Nguyen,Patricia,,07/18/2001,1160,376-673-1345,,,8762 Main St,,Dayton,NV,28103-9934,2026-05-11
VC005235,Harris,Linda,M,1992-01-15,1907,+18802178382,(585) 690-5218,linda.harris4@hotmail.com,897 Forest Ave,,Arlington,MN,94173,2026-05-15
VC005236,Jones,Richard,D,01-Oct-1971,6064,932.935.5600,,richard.jones44@outlook.com,8065 Oak Ave,,Marion,WV,58295,2026-05-10
VC005237,Young,Daniel,F,11-12-1962,3521,(848) 895-6148,888-226-1096,daniel.young25@outlook.com,4745 Forest Ave,Apt 888,Fairview,AR,70365-4623,2026-05-08
VC005238,Nelson,John,Y,07/07/1970,8905,6753187082,+17703987114,,1828 Cedar Ln,Apt 263,Dayton,IN,23258,2026-05-16
VC005239,Torres,Robert,I,1974-08-26,7923,497-424-1526,499.848.2112,,7753 Lake Rd,,Fairview,UT,93498,2026-05-07
VC005240,King,Barbara,S,02-Sep-1957,1343,+12228035909,(355) 773-4489,,5320 Lake Rd,Apt 14,Salem,KY,65664-4136,2026-06-03
VC005241,Wright,Matthew,Y,03-15-1994,4686,402.268.1017,7983352460,matthew.wright32@gmail.com,387 Lake Rd,Apt 310,Georgetown,WA,18334,2026-05-31
VC005242,Scott,Sarah,T,08/02/2004,8159,(647) 861-2389,,sarah.scott30@yahoo.com,8195 Sunset Blvd,Apt 27,Clinton,TN,87730,2026-05-07
VC005243,Hall,Sarah,G,2000-10-15,9955,8534608529,,sarah.hall30@outlook.com,4184 Sunset Blvd,,Springfield,NJ,47700-4043,2026-05-15
VC005244,Garcia,William,,28-Sep-1954,6408,217-851-1146,482.795.2992,,7788 Park Blvd,Apt 230,Manchester,OH,82675,2026-05-11
VC005245,King,James,,02-27-1952,1121,+18368967742,(281) 275-5027,james.king44@outlook.com,7891 Maple Dr,,Salem,TX,61813,2026-05-15
VC005246,Adams,Sandra,H,11/05/1942,4684,964.863.6336,,,780 Park Blvd,,Clinton,MT,32947-7022,2026-06-04
VC005247,Garcia,Matthew,V,1990-09-20,9100,(486) 837-9118,545-624-8862,matthew.garcia81@hotmail.com,749 Forest Ave,Apt 287,Georgetown,CT,48614,2026-05-19
VC005248,Harris,Barbara,V,02-Jun-1969,7114,9877788265,,barbara.harris49@yahoo.com,1181 Maple Dr,Apt 827,Marion,KY,12630,2026-05-06
VC005249,Allen,Daniel,,02-07-1968,5162,993-998-3374,458.896.5055,daniel.allen63@icloud.com,3885 Oak Ave,,Greenville,CO,54637-3246,2026-05-06
VC005250,Thompson,Nancy,G,01/16/1999,1279,+13994929858,,nancy.thompson30@yahoo.com,5166 River Dr,Apt 712,Franklin,ND,77577,2026-05-08
VC005251,Thomas,Christopher,X,1949-05-30,5340,602.895.6997,,,244 Lincoln Ave,,Georgetown,OH,68626,2026-05-12
VC005252,Adams,Michael,,04-Sep-1970,4025,(229) 324-3455,423-844-9611,,8401 Jefferson Dr,Apt 829,Arlington,OH,44125-5601,2026-05-12
VC005253,Williams,Lisa,,10-29-1948,9119,9559912585,,,1523 Maple Dr,Apt 832,Marion,LA,17089,2026-06-04
VC005254,Baker,William,J,10/19/1956,6360,522-686-2143,,william.baker60@gmail.com,4239 Valley Ln,Apt 82,Oxford,IA,24589,2026-05-11
VC005255,Davis,Karen,,2000-04-14,4854,+13032777047,,karen.davis42@gmail.com,2525 Hill Rd,,Salem,NY,61081-2581,2026-05-28
VC005256,Torres,Linda,X,10-Jun-1988,3979,293.568.3052,7797358716,linda.torres32@yahoo.com,6832 Valley Ln,,Springfield,AR,92471,2026-05-14
VC005257,Allen,Anthony,J,04-07-1941,6498,(864) 609-3943,,,1960 Sunset Blvd,Apt 995,Salem,LA,47941,2026-05-26
VC005258,Williams,Margaret,,07/15/1951,2004,7017592570,+16432482755,margaret.williams64@yahoo.com,9784 Washington St,,Madison,PA,27048-4008,2026-05-30
VC005259,White,James,,1998-01-07,6632,610-342-8403,608.216.9476,james.white49@aol.com,5688 Main St,,Clinton,HI,19668,2026-05-05
VC005260,Nelson,Margaret,W,01-Oct-1969,3132,+17198756526,,margaret.nelson60@outlook.com,9369 Main St,Apt 729,Springfield,CA,29109,2026-05-09
VC005261,Brown,John,,05-07-1977,4521,552.582.8670,6628203613,john.brown2@outlook.com,8808 Lincoln Ave,,Clinton,HI,19418-5648,2026-05-25
VC005262,Scott,Joseph,X,07/02/1948,2690,(447) 625-6889,,joseph.scott81@aol.com,2682 Lincoln Ave,Apt 52,Madison,GA,49948,2026-05-12
VC005263,Hall,Charles,,1979-09-29,5323,8172737641,,,8840 Lincoln Ave,,Salem,MA,92067,2026-05-17
VC005264,Hall,Linda,X,06-Aug-1994,2116,273-919-9969,434.415.8286,linda.hall78@aol.com,1098 Maple Dr,Apt 135,Marion,SD,10897-8406,2026-05-06
VC005265,Williams,Robert,P,10-04-1951,7172,+19897529626,,robert.williams13@aol.com,619 Sunset Blvd,Apt 909,Georgetown,WY,91006,2026-05-09
VC005266,Hill,Charles,S,09/18/1996,4550,205.268.3545,6476329353,charles.hill7@gmail.com,127 Hill Rd,Apt 421,Salem,CT,60787,2026-05-26
VC005267,Anderson,Matthew,V,1993-03-12,3688,(362) 387-4481,501-667-4818,,6761 Valley Ln,,Salem,WA,49087-8047,2026-05-17
VC005268,Brown,James,,20-Jul-1983,9539,7846919747,,james.brown98@yahoo.com,6750 Park Blvd,,Georgetown,DE,62442,2026-05-16
VC005269,White,John,F,06-21-1951,4233,784-954-9668,,john.white7@outlook.com,3304 River Dr,Apt 946,Oxford,WA,91962,2026-05-27
VC005270,King,Barbara,,04/02/1974,8609,+15089554834,(745) 969-1359,,343 Park Blvd,,Manchester,ME,50518-7470,2026-05-18
VC005271,Johnson,James,,1969-09-29,9052,641.655.3640,,,486 Maple Dr,,Manchester,ND,82221,2026-05-28
VC005272,Wilson,Betty,,30-Jan-1986,9015,(314) 674-3479,,betty.wilson96@icloud.com,4951 Oak Ave,,Georgetown,ND,17390,2026-05-29
VC005273,Miller,Joseph,,11-04-1984,1021,6713247463,+15118503856,joseph.miller53@hotmail.com,4499 Lake Rd,,Richmond,NE,33117-6942,2026-05-28
VC005274,Miller,Linda,B,02/09/1974,8414,943-265-2784,,linda.miller94@yahoo.com,4350 Hill Rd,Apt 445,Georgetown,AR,83556,2026-05-28
VC005275,King,Susan,G,1979-05-11,4161,+13286994812,(742) 379-5010,susan.king69@gmail.com,5190 Hill Rd,Apt 948,Manchester,TN,55523,2026-05-12
VC005276,Wright,Charles,F,31-May-1997,8371,274.467.4906,,charles.wright74@outlook.com,2889 Maple Dr,Apt 986,Dayton,FL,34800-3365,2026-05-18
VC005277,Anderson,Anthony,Y,10-28-1979,9088,(385) 598-6113,,anthony.anderson60@outlook.com,2548 Jefferson Dr,,Franklin,WV,64808,2026-05-28
VC005278,Baker,Robert,T,06/23/1940,7007,8138216926,,robert.baker9@gmail.com,8798 Lincoln Ave,Apt 363,Fairview,UT,41348,2026-06-03
VC005279,Allen,Patricia,U,1982-04-02,9490,453-675-1040,,,2494 Cedar Ln,,Burlington,NC,97619-9767,2026-05-22
VC005280,Baker,Ashley,K,25-May-1941,2665,+15096104418,,ashley.baker34@outlook.com,9709 Hill Rd,,Burlington,RI,68701,2026-05-24
VC005281,Anderson,Robert,,11-17-1978,9408,496.727.8266,,robert.anderson76@icloud.com,7913 Washington St,,Clinton,DE,31892,2026-05-31
VC005282,Garcia,Karen,A,12/13/1953,2532,(663) 771-4303,826-971-9583,,6003 Sunset Blvd,,Clinton,CA,72942-4829,2026-06-02
VC005283,Adams,Robert,H,1970-06-27,8067,9153211039,+17626353228,robert.adams15@aol.com,4587 Hill Rd,Apt 788,Richmond,KY,52027,2026-05-19
VC005284,Miller,John,X,03-Jun-1976,1595,640-835-7611,831.282.8024,,7582 Hill Rd,Apt 958,Oxford,TN,69494,2026-05-25
VC005285,White,Mark,Y,10-23-1993,1506,+13614479540,(776) 890-5809,,4713 Forest Ave,,Manchester,CA,66720-1219,2026-05-09
VC005286,Miller,James,S,06/20/2000,1590,399.234.9364,3935113535,james.miller67@hotmail.com,8452 Washington St,,Fairview,SC,32214,2026-06-03
VC005287,Young,Patricia,L,1974-06-23,9478,(622) 252-4267,516-320-1198,patricia.young39@aol.com,3559 Lake Rd,Apt 474,Marion,HI,96461,2026-05-08
VC005288,Johnson,Charles,,13-Oct-1970,4106,3153334135,+15295837229,,356 Sunset Blvd,,Salem,OH,96248-5915,2026-05-22
VC005289,Nelson,Ashley,L,02-03-1948,1368,739-788-3429,,,1189 Lincoln Ave,,Richmond,IL,18221,2026-06-04
VC005290,Davis,Jessica,,11/16/1979,4629,+15755109200,,jessica.davis93@outlook.com,3613 River Dr,,Madison,CO,67447,2026-05-25
VC005291,Hall,Patricia,U,1949-03-30,9028,318.526.4707,,patricia.hall27@yahoo.com,4469 Valley Ln,Apt 318,Salem,MO,32684-2486,2026-05-11
VC005292,Anderson,Matthew,R,05-Dec-1960,6021,(594) 409-4594,,,5998 Oak Ave,,Richmond,KS,10164,2026-05-30
VC005293,Miller,Jessica,M,11-17-1955,4001,8794693927,+17579864396,jessica.miller40@hotmail.com,2074 Oak Ave,Apt 49,Marion,SD,37737,2026-06-04
VC005294,Jones,Mary,J,01/28/1948,6796,372-934-5111,924.465.2081,mary.jones56@gmail.com,4429 Maple Dr,,Dayton,AZ,40574-1903,2026-05-27
VC005295,Smith,Betty,R,1968-02-17,8934,+12848032638,,,3293 Park Blvd,,Dayton,IN,73827,2026-05-05
VC005296,Hall,Mary,,05-May-1950,6504,653.764.8154,9924793618,mary.hall61@yahoo.com,6581 Lake Rd,,Georgetown,TX,72042,2026-05-07
VC005297,Brown,Ashley,B,03-03-1966,2311,(915) 443-8011,361-691-4760,ashley.brown43@aol.com,4608 Main St,,Clinton,NM,48874-5430,2026-05-08
VC005298,Brown,Lisa,,11/01/1954,5553,8074208142,+18278818622,lisa.brown33@gmail.com,5761 Valley Ln,,Burlington,IL,50111,2026-05-16
VC005299,Thompson,Jessica,,1989-10-16,7288,285-860-2915,,jessica.thompson62@hotmail.com,381 Washington St,,Manchester,HI,13917,2026-05-10
VC005300,Anderson,Thomas,,13-May-1949,5429,+18693825350,,thomas.anderson66@gmail.com,4002 Hill Rd,,Dayton,IL,21479-5465,2026-05-17
VC005301,Williams,Joseph,C,05-04-1982,1605,856.252.7107,,joseph.williams24@outlook.com,4154 Hill Rd,Apt 997,Salem,MD,79401,2026-06-03
VC005302,Miller,James,X,10/02/1990,3875,(313) 484-9197,,james.miller82@outlook.com,8094 Maple Dr,,Marion,IL,96486,2026-05-23
VC005303,Torres,Susan,,1996-07-09,9316,6036997964,,,7117 Washington St,,Arlington,RI,74335-6604,2026-05-15
VC005304,Nguyen,Robert,,17-Sep-1945,7072,660-716-5843,328.592.9032,robert.nguyen35@aol.com,7492 Lake Rd,Apt 677,Greenville,HI,76086,2026-05-21
VC005305,Scott,Robert,,09-02-1961,7608,+15749683612,,robert.scott37@hotmail.com,7658 Main St,,Arlington,UT,69914,2026-05-24
VC005306,Thomas,Jessica,Y,11/04/2003,4695,925.383.2359,8824611420,,8614 Maple Dr,,Clinton,MI,57612-7004,2026-05-09
VC005307,Jackson,Daniel,W,1953-08-02,1575,(352) 759-7543,,daniel.jackson61@gmail.com,7351 Washington St,Apt 33,Dayton,HI,17351,2026-05-14
VC005308,Martin,Mark,C,05-May-1980,9437,6783858816,,mark.martin83@outlook.com,1067 Washington St,,Springfield,SD,65761,2026-05-05
VC005309,Nguyen,Jennifer,P,07-01-1968,5309,244-744-3565,846.509.9427,jennifer.nguyen97@aol.com,6612 Jefferson Dr,,Arlington,NC,21189-5964,2026-05-24
VC005310,Martin,Margaret,U,06/15/1994,9780,+19985966665,,,9635 Cedar Ln,,Dayton,MT,25919,2026-05-20
VC005311,Adams,Barbara,C,1964-09-20,5129,884.546.7352,,barbara.adams16@outlook.com,2254 Park Blvd,Apt 996,Salem,RI,88943,2026-05-24
VC005312,Adams,Betty,O,27-Jun-1982,1898,(511) 935-7764,,betty.adams32@icloud.com,8853 Jefferson Dr,,Burlington,RI,31711-3829,2026-05-19
VC005313,Martin,Charles,P,02-12-1985,2015,6397808378,,charles.martin67@aol.com,4294 Lake Rd,Apt 855,Dayton,PA,98954,2026-05-11
VC005314,Hall,Richard,,06/25/2002,1945,461-989-6711,322.842.8544,richard.hall25@outlook.com,8350 Washington St,,Salem,SD,58258,2026-05-09
VC005315,Smith,Christopher,S,1948-01-14,3865,+14813435825,(374) 288-3240,christopher.smith91@gmail.com,2406 Valley Ln,,Oxford,FL,20009-9845,2026-05-16
VC005316,Jackson,Charles,T,03-Jul-1983,2477,594.643.2014,,,7335 Washington St,,Clinton,NE,44904,2026-05-18
VC005317,Johnson,Christopher,,05-29-1977,9362,(207) 995-9718,438-202-4270,christopher.johnson96@outlook.com,8802 Oak Ave,,Burlington,MT,23083,2026-06-03
VC005318,Smith,Betty,G,12/22/1959,8651,5539795909,,betty.smith9@gmail.com,6163 Forest Ave,,Salem,MD,38056-2049,2026-05-29
VC005319,Scott,Betty,,1949-06-25,8785,212-314-8001,540.324.2196,betty.scott64@yahoo.com,9580 Park Blvd,,Clinton,MS,29988,2026-05-31
VC005320,Hill,Joseph,,23-Sep-1946,3496,+18386411655,(517) 471-9125,joseph.hill38@hotmail.com,6351 Cedar Ln,,Fairview,SC,89544,2026-05-17
VC005321,King,Susan,,09-10-1971,5200,952.779.4871,,susan.king2@gmail.com,3895 Lake Rd,,Greenville,TX,60912-1434,2026-05-08
VC005322,Garcia,Linda,,10/05/1988,8474,(913) 897-7501,562-272-9791,linda.garcia4@aol.com,3351 Jefferson Dr,,Arlington,SD,51944,2026-05-13
VC005323,Thomas,Jessica,,1962-12-16,4029,7388022699,,jessica.thomas57@aol.com,4642 River Dr,,Marion,MI,66761,2026-05-11
VC005324,Thompson,Robert,R,20-Aug-1985,9264,437-800-3041,979.353.1618,robert.thompson76@outlook.com,6617 Jefferson Dr,,Burlington,KS,80900-5523,2026-05-13
VC005325,Thomas,Daniel,,05-09-2000,2564,+16515974469,(446) 618-2363,daniel.thomas68@yahoo.com,148 Hill Rd,,Arlington,MA,94217,2026-05-11
VC005326,Johnson,Joseph,,08/12/1999,8637,935.470.5552,7022948029,joseph.johnson58@aol.com,6121 Forest Ave,,Dayton,WA,63302,2026-05-31
VC005327,Walker,Sandra,Z,1974-10-28,7349,(811) 519-1080,901-799-8025,,1225 Jefferson Dr,Apt 376,Arlington,WI,46339-9758,2026-05-05
VC005328,Johnson,David,X,17-Aug-1943,3831,5494215998,,david.johnson79@icloud.com,3304 Main St,,Clinton,MI,98059,2026-05-30
VC005329,Harris,John,,10-30-1953,4696,747-279-5336,,,3604 River Dr,Apt 177,Georgetown,OR,71919,2026-05-05
VC005330,Hall,Daniel,,10/14/1992,5598,+18185307236,,daniel.hall30@yahoo.com,1910 Sunset Blvd,,Salem,NE,34090-7339,2026-05-07
VC005331,Harris,Thomas,,1941-11-28,3505,715.498.6894,,thomas.harris44@outlook.com,7744 Sunset Blvd,,Greenville,AZ,78995,2026-05-16
VC005332,Taylor,Matthew,F,30-Mar-1952,3635,(929) 579-6967,313-479-4176,matthew.taylor54@hotmail.com,6349 Maple Dr,Apt 216,Arlington,MN,43807,2026-05-24
VC005333,Walker,Christopher,V,01-31-1949,5959,3139918530,+14637705182,,3295 Maple Dr,Apt 756,Burlington,SD,71659-4263,2026-05-06
VC005334,Williams,Mark,N,02/24/1993,9253,621-854-4555,623.486.9192,mark.williams62@icloud.com,2610 Lake Rd,,Clinton,MT,20051,2026-05-30
VC005335,Hill,Charles,,1998-08-10,2707,+19975315718,,charles.hill56@gmail.com,1695 Oak Ave,Apt 133,Burlington,IN,72364,2026-05-06
VC005336,Baker,Matthew,,13-Feb-1942,6116,517.553.9029,,,670 Lake Rd,Apt 726,Dayton,IN,24726-6557,2026-05-22
VC005337,Brown,Margaret,S,04-01-1983,8983,(468) 808-1878,,,3087 Maple Dr,Apt 858,Greenville,KS,45106,2026-05-30
VC005338,Walker,Nancy,M,06/10/1948,8246,3572714554,,,3149 Lake Rd,,Clinton,OK,37118,2026-05-13
VC005339,Wright,Jessica,Z,1994-04-07,4435,323-919-4417,,,1646 Washington St,,Oxford,ID,90896-9115,2026-05-18
VC005340,Wilson,Jennifer,,22-Apr-1985,2200,+17666728344,,,9983 Valley Ln,,Oxford,ME,96339,2026-05-31
VC005341,Jones,David,P,08-02-1953,9694,460.354.5661,5698681478,david.jones62@icloud.com,5337 Jefferson Dr,Apt 796,Fairview,IN,66142,2026-05-08
VC005342,White,Margaret,V,11/01/1961,8935,(656) 950-7000,212-204-5134,margaret.white42@hotmail.com,8336 Jefferson Dr,,Salem,OK,97424-8253,2026-05-22
VC005343,Torres,Sarah,D,2004-11-11,9437,6535786438,,sarah.torres36@aol.com,8522 Lake Rd,,Marion,HI,56275,2026-05-12
VC005344,Smith,Joseph,,03-Aug-1975,1618,911-891-8567,526.797.2568,,6245 Lake Rd,,Burlington,MT,35480,2026-05-26
VC005345,Wright,Linda,,08-01-1992,6797,+14646494105,(638) 809-8279,linda.wright55@yahoo.com,7955 Sunset Blvd,,Salem,LA,33559-3171,2026-06-01
VC005346,Wright,Patricia,,07/08/1997,4600,787.723.5578,2425475587,patricia.wright45@gmail.com,7584 Valley Ln,,Fairview,SC,78276,2026-05-12
VC005347,Scott,Matthew,,1940-01-28,7434,(989) 806-2119,,matthew.scott96@hotmail.com,207 River Dr,,Georgetown,MO,44437,2026-05-05
VC005348,Jackson,Susan,,17-May-1949,7869,7786455175,+15409459198,susan.jackson87@yahoo.com,8765 Valley Ln,,Greenville,FL,54528-1583,2026-06-02
VC005349,Wright,Charles,,11-04-1996,4350,902-442-7462,709.240.8963,charles.wright22@icloud.com,3532 Lake Rd,,Marion,KS,68745,2026-05-15
VC005350,Hill,William,K,08/30/1980,3522,+15039237110,,william.hill31@hotmail.com,6233 Lake Rd,,Franklin,ND,63280,2026-06-03
VC005351,Young,James,H,1969-08-11,8623,385.377.3587,,james.young85@hotmail.com,116 Oak Ave,Apt 735,Georgetown,AZ,15941-5321,2026-05-28
VC005352,Taylor,Matthew,,05-Nov-1948,8692,(567) 515-5285,359-866-3888,matthew.taylor69@icloud.com,5893 Hill Rd,,Arlington,NY,71080,2026-05-09
VC005353,Martin,Jessica,,08-26-1963,8176,7629993030,,,6591 Cedar Ln,Apt 962,Salem,CT,62835,2026-06-04
VC005354,Wilson,Mary,B,07/25/1960,9562,885-683-4275,,,8169 Washington St,,Springfield,NJ,14087-7399,2026-05-31
VC005355,Garcia,Ashley,Z,1989-01-30,9662,+17955925916,(452) 726-7999,ashley.garcia5@icloud.com,1202 Maple Dr,,Fairview,MA,32034,2026-06-03
VC005356,Taylor,Mary,U,18-Apr-1964,5458,543.645.1127,4653307910,mary.taylor78@outlook.com,9046 Park Blvd,Apt 283,Clinton,OR,58358,2026-05-11
VC005357,Miller,Susan,,11-05-1986,8979,(667) 507-9250,,,8009 Washington St,Apt 460,Clinton,IA,65776-1350,2026-05-17
VC005358,Jackson,Mark,K,02/14/1942,5069,3903905499,,mark.jackson53@outlook.com,1761 Maple Dr,Apt 834,Marion,MO,53954,2026-05-26
VC005359,Hall,Karen,J,1984-10-17,6530,502-356-4214,719.670.7617,karen.hall93@outlook.com,5405 Cedar Ln,,Clinton,OR,42208,2026-05-18
VC005360,Johnson,Sarah,D,26-Dec-1943,3069,+13729625917,,sarah.johnson41@icloud.com,2833 Park Blvd,,Madison,KS,21438-6800,2026-05-27
VC005361,Wilson,Mark,W,05-21-1994,9379,311.810.8119,8814513022,mark.wilson34@gmail.com,5664 Washington St,,Manchester,MA,67199,2026-05-30
VC005362,Wright,David,,05/10/1960,8783,(557) 795-3460,471-804-6144,,6086 Main St,Apt 290,Salem,NV,34944,2026-06-04
VC005363,Anderson,Jessica,,2000-01-30,3309,2059403398,,,1933 Cedar Ln,,Madison,OR,28543-6499,2026-06-01
VC005364,Miller,Mark,F,20-Apr-1940,5979,351-687-7768,,,4198 Lincoln Ave,Apt 411,Franklin,NE,53092,2026-05-23
VC005365,Harris,Matthew,,07-22-1950,6888,+17438063150,(698) 261-8581,matthew.harris22@icloud.com,126 Lincoln Ave,,Arlington,NV,47914,2026-05-22
VC005366,Baker,Charles,,10/05/1944,8617,374.261.5653,,charles.baker6@hotmail.com,3289 Lincoln Ave,,Burlington,SC,45557-6294,2026-05-06
VC005367,Garcia,Mark,T,1974-10-20,8096,(774) 226-3371,626-949-3306,mark.garcia1@yahoo.com,2800 Maple Dr,,Dayton,MD,48559,2026-06-01
VC005368,Adams,James,,29-Jun-1995,5209,9785455214,,,3749 Main St,Apt 602,Oxford,WI,23376,2026-06-02
VC005369,Torres,Michael,N,09-07-1993,2070,947-409-5670,,michael.torres24@yahoo.com,8274 Forest Ave,,Madison,OR,38026-8017,2026-05-05
VC005370,Wilson,Matthew,F,09/17/1945,7142,+13192134153,,matthew.wilson45@aol.com,5169 Hill Rd,,Marion,NV,42573,2026-05-23
VC005371,Martin,William,,1987-01-08,8404,808.929.7022,8165511623,william.martin97@yahoo.com,8417 Hill Rd,Apt 419,Springfield,IN,98868,2026-05-28
VC005372,Brown,Margaret,S,25-Dec-1993,3259,(386) 254-1755,288-270-8075,,1763 Oak Ave,,Madison,RI,78895-8958,2026-05-17
VC005373,Smith,Richard,,04-26-1977,1242,5403054824,,richard.smith41@yahoo.com,5879 Lake Rd,,Madison,LA,71563,2026-05-07
VC005374,Davis,Ashley,R,08/20/1973,4678,624-254-7495,,ashley.davis45@gmail.com,8225 Lake Rd,,Fairview,MO,20696,2026-05-18
VC005375,Torres,James,L,1957-06-11,4705,+14103816825,,james.torres22@hotmail.com,8797 Oak Ave,,Fairview,SC,64317-4287,2026-06-02
VC005376,Anderson,Mark,,14-Apr-1982,7273,428.266.6755,,mark.anderson79@aol.com,131 Main St,,Salem,WI,92554,2026-05-23
VC005377,Wright,Barbara,U,03-18-1962,1659,(742) 415-1018,,barbara.wright59@aol.com,4028 Park Blvd,,Burlington,NJ,81252,2026-05-18
VC005378,Thompson,Sarah,G,11/15/1958,2528,4115495996,+13125384230,sarah.thompson51@aol.com,1738 Lincoln Ave,,Dayton,WY,47447-5451,2026-05-20
VC005379,Hall,Sarah,,1962-12-06,3785,598-267-7746,351.597.2318,sarah.hall93@yahoo.com,9486 Sunset Blvd,Apt 608,Springfield,NV,22255,2026-06-01
VC005380,Baker,Mark,,25-Apr-1953,4781,+15977506059,(249) 635-2490,,169 Valley Ln,,Dayton,NE,46406,2026-05-29
VC005381,Wilson,Christopher,,10-16-1964,7464,536.205.1898,7947065978,christopher.wilson87@icloud.com,3718 Oak Ave,,Salem,MT,77032-7139,2026-06-04
VC005382,Brown,Jessica,V,11/01/1971,3124,(488) 390-3662,,jessica.brown43@gmail.com,5766 Jefferson Dr,,Dayton,CO,37325,2026-05-30
VC005383,Adams,Sarah,X,1953-03-07,6216,9332102631,,sarah.adams44@aol.com,2189 Jefferson Dr,,Clinton,TX,11438,2026-05-28
VC005384,Jackson,Richard,,30-Sep-1955,4581,595-357-8465,236.356.8096,richard.jackson12@gmail.com,1191 Lake Rd,,Burlington,IN,23100-3368,2026-05-16
VC005385,Jones,Ashley,C,11-11-1989,7524,+18354584033,(867) 628-6890,ashley.jones36@gmail.com,7348 Hill Rd,Apt 856,Fairview,CO,99682,2026-05-05
VC005386,Martin,Sarah,H,05/17/1947,2553,328.424.9433,,sarah.martin74@yahoo.com,2127 Lincoln Ave,Apt 456,Greenville,IA,96403,2026-05-08
VC005387,Brown,Susan,,1999-06-12,7686,(552) 827-1854,,susan.brown68@icloud.com,2862 Forest Ave,,Manchester,SD,40063-6947,2026-05-18
VC005388,Thomas,Thomas,Y,01-Jan-1941,6981,2064323902,+17654777604,thomas.thomas18@outlook.com,4558 Lincoln Ave,,Burlington,KY,72596,2026-06-04
VC005389,White,Charles,,05-31-1955,5056,955-424-6707,,charles.white69@icloud.com,7989 Valley Ln,,Franklin,ID,91609,2026-05-26
VC005390,Smith,David,N,01/02/1966,9202,+16535774119,(912) 685-2953,david.smith32@yahoo.com,2106 Valley Ln,,Burlington,MO,89508-9572,2026-05-13
VC005391,Walker,Susan,J,1986-05-25,5045,980.340.9903,,,3076 Park Blvd,,Oxford,ME,29967,2026-05-29
VC005392,Hall,Lisa,X,07-Nov-1952,7566,(229) 384-5477,436-761-2824,lisa.hall89@hotmail.com,5063 Lake Rd,,Georgetown,AL,33777,2026-06-01
VC005393,Davis,James,,04-17-1979,3772,4719265949,,james.davis36@yahoo.com,5521 Sunset Blvd,Apt 871,Burlington,HI,43768-8958,2026-05-14
VC005394,Johnson,Christopher,B,05/07/1951,7982,617-244-9680,497.692.3768,christopher.johnson66@aol.com,6123 Lincoln Ave,Apt 539,Greenville,GA,39639,2026-05-06
VC005395,King,Susan,,2004-02-20,1671,+18368855487,,susan.king78@icloud.com,9133 Lake Rd,Apt 219,Oxford,TN,53784,2026-05-28
VC005396,Nguyen,Richard,X,01-Nov-1990,9790,685.396.3905,,richard.nguyen87@gmail.com,8339 Jefferson Dr,Apt 643,Oxford,CO,98198-6749,2026-06-02
VC005397,Walker,Sarah,J,03-26-1978,5829,(548) 727-8967,,sarah.walker98@yahoo.com,5802 Cedar Ln,Apt 916,Salem,CA,58640,2026-05-10
VC005398,Williams,Betty,Z,02/10/1957,4128,7957724163,+18755696620,betty.williams8@aol.com,7032 Forest Ave,,Clinton,HI,61955,2026-05-21
VC005399,Wilson,David,,1945-12-09,2855,974-298-2072,,david.wilson37@outlook.com,5667 Lake Rd,,Marion,ID,33688-4203,2026-05-24
VC005400,Garcia,Mark,P,02-Mar-1982,5433,+12263381918,,,9188 Oak Ave,Apt 528,Oxford,WV,95196,2026-05-19
VC005401,Harris,Daniel,W,02-19-1947,7996,769.272.1676,,daniel.harris33@hotmail.com,256 Oak Ave,Apt 468,Richmond,OR,49539,2026-05-19
VC005402,Williams,Thomas,,11/10/1950,8050,(795) 282-6015,,,9878 Jefferson Dr,,Franklin,UT,54497-2731,2026-05-23
VC005403,Hall,Daniel,,1945-06-07,8658,7467953734,+17975839708,daniel.hall21@aol.com,3811 Main St,Apt 205,Georgetown,AK,83149,2026-05-12
VC005404,Young,Matthew,,20-Apr-1976,5671,926-919-6363,,matthew.young12@yahoo.com,4935 Cedar Ln,Apt 76,Manchester,NM,45514,2026-05-07
VC005405,Jones,Barbara,L,07-02-1945,7746,+19524762541,,,8606 Lincoln Ave,,Richmond,WA,40085-2379,2026-06-01
VC005406,Thompson,Sarah,,10/05/1973,8250,759.218.1517,,sarah.thompson44@aol.com,7052 Oak Ave,,Clinton,NH,51229,2026-06-04
VC005407,Nguyen,Matthew,,2004-11-26,7682,(766) 221-6818,,matthew.nguyen31@aol.com,2753 Hill Rd,Apt 342,Georgetown,AL,90685,2026-05-15
VC005408,Taylor,Michael,A,09-Dec-1976,3745,4375558280,+15309837803,michael.taylor51@gmail.com,1763 River Dr,,Burlington,SD,13828-4840,2026-05-09
VC005409,Martin,Linda,,08-13-1946,6863,584-410-7558,,,3019 Jefferson Dr,Apt 10,Springfield,MS,11296,2026-05-05
VC005410,Jackson,Betty,X,11/04/1999,5071,+18169713707,,betty.jackson59@outlook.com,8056 Forest Ave,Apt 315,Marion,RI,47400,2026-05-28
VC005411,Jackson,John,E,2000-05-02,8710,797.561.1797,,john.jackson31@yahoo.com,829 Park Blvd,Apt 425,Salem,RI,95755-7282,2026-05-22
VC005412,Anderson,William,,08-Nov-1986,4244,(324) 739-8785,545-904-1205,,8460 River Dr,Apt 485,Georgetown,VT,70902,2026-05-15
VC005413,Brown,Ashley,P,06-20-1982,9998,6703914168,,ashley.brown70@aol.com,852 Sunset Blvd,,Salem,MI,55486,2026-05-12
VC005414,Nguyen,Mark,,12/02/1954,2452,858-806-4951,,mark.nguyen30@gmail.com,7946 Cedar Ln,,Greenville,OR,71909-8591,2026-05-05
VC005415,Hall,Patricia,,1977-06-20,6994,+16905952987,,patricia.hall14@icloud.com,5397 Washington St,Apt 874,Arlington,SD,75674,2026-05-10
VC005416,Anderson,Sandra,V,14-Jan-1949,2169,414.907.3023,,sandra.anderson96@outlook.com,2557 Hill Rd,Apt 657,Greenville,CA,93515,2026-05-09
VC005417,Hill,Barbara,,07-07-1945,7182,(407) 882-4447,,,1350 Sunset Blvd,,Madison,MI,60896-2452,2026-05-27
VC005418,Garcia,Mark,Z,10/21/1968,9269,8936057921,,mark.garcia59@yahoo.com,7556 Forest Ave,,Madison,MI,65013,2026-05-23
VC005419,Baker,Charles,,1971-12-09,8442,299-462-2751,,,2417 Forest Ave,,Madison,RI,29747,2026-05-26
VC005420,White,Richard,,05-Oct-1982,9318,+14277544196,(204) 436-5061,richard.white48@hotmail.com,7738 Sunset Blvd,Apt 320,Fairview,WV,52127-5073,2026-05-09
VC005421,Scott,Michael,Y,08-08-1992,2550,478.328.7953,4466008290,michael.scott56@aol.com,3956 Cedar Ln,,Clinton,CO,81711,2026-05-26
VC005422,Brown,James,B,04/25/1957,9497,(523) 967-1005,871-901-9441,james.brown66@hotmail.com,425 Maple Dr,,Oxford,MI,73166,2026-05-26
VC005423,Garcia,Sandra,A,1967-12-16,3131,5975574216,,sandra.garcia80@icloud.com,9319 Cedar Ln,Apt 847,Oxford,NH,32902-7077,2026-05-18
VC005424,Nelson,Sarah,,11-Apr-1975,4079,822-328-2940,779.698.2594,,1990 River Dr,Apt 509,Greenville,MI,13210,2026-05-25
VC005425,Wilson,Ashley,V,04-02-1944,5447,+14686402286,,ashley.wilson24@gmail.com,7505 Maple Dr,,Salem,MI,80167,2026-05-19
VC005426,Wright,Matthew,,06/21/1961,1310,811.743.4396,,matthew.wright57@outlook.com,6664 Jefferson Dr,,Salem,TX,25757-6690,2026-05-14
VC005427,Wilson,Nancy,O,1983-05-10,9535,(219) 928-6943,513-585-4443,nancy.wilson61@aol.com,4712 Washington St,,Georgetown,MN,31593,2026-05-17
VC005428,Hall,Daniel,U,16-Apr-1942,6068,8225195967,,daniel.hall10@aol.com,9832 Valley Ln,,Salem,AZ,70153,2026-05-12
VC005429,White,James,,09-08-1951,8019,410-705-5415,808.238.6002,james.white5@gmail.com,9084 Valley Ln,,Clinton,NY,82971-4936,2026-05-10
VC005430,White,Robert,,02/27/1940,6609,+16819931824,(297) 486-3443,robert.white45@aol.com,2949 Park Blvd,Apt 159,Marion,PA,19363,2026-05-16
VC005431,Hill,Robert,R,1991-09-13,6785,529.912.3096,,robert.hill43@hotmail.com,6365 Hill Rd,,Richmond,TN,38042,2026-05-23
VC005432,Hill,Lisa,P,05-Oct-1947,2488,(622) 793-3571,238-652-4758,lisa.hill11@icloud.com,3637 Lincoln Ave,,Clinton,AK,23310-6015,2026-05-27
VC005433,Jackson,Margaret,,11-11-2003,8132,6902102424,+19743116572,margaret.jackson80@aol.com,3817 Lake Rd,,Richmond,LA,20883,2026-05-16
VC005434,Smith,Lisa,,11/13/1962,2538,748-827-9028,,lisa.smith92@icloud.com,6569 Lincoln Ave,,Fairview,NM,84377,2026-05-16
VC005435,Davis,Lisa,,1990-05-02,4038,+12486159314,,lisa.davis84@aol.com,8505 Valley Ln,Apt 952,Manchester,ND,78739-4848,2026-05-30
VC005436,Hill,Lisa,,04-Feb-1942,2658,833.227.4154,,,6305 Park Blvd,,Springfield,MT,38836,2026-05-10
VC005437,Garcia,John,A,09-09-1961,5751,(490) 580-3907,,john.garcia27@outlook.com,4157 Oak Ave,,Greenville,AR,12869,2026-05-20
VC005438,Thomas,Michael,N,10/04/1958,2531,4622117703,,,1971 Park Blvd,,Dayton,PA,68961-3431,2026-05-31
VC005439,Taylor,David,X,2000-12-18,4056,854-529-4319,995.512.7477,david.taylor24@yahoo.com,5357 Oak Ave,,Franklin,NJ,78994,2026-05-19
VC005440,Jackson,Mark,T,03-Sep-1953,1623,+18599429262,(866) 951-8900,mark.jackson28@gmail.com,5647 Washington St,,Springfield,MO,67882,2026-05-16
VC005441,Smith,Linda,O,08-12-1985,9269,754.729.6094,9274761010,linda.smith97@outlook.com,7686 Forest Ave,,Richmond,OR,80668-3221,2026-05-06
VC005442,Davis,Sarah,,04/30/1993,7710,(900) 925-6576,,,2683 Oak Ave,,Burlington,CO,80818,2026-05-19
VC005443,Smith,Mary,,1943-02-04,2987,4588059302,+17343447028,mary.smith71@hotmail.com,9015 Sunset Blvd,Apt 683,Marion,DE,92039,2026-05-18
VC005444,Thomas,Betty,N,26-Jul-1996,2010,955-902-3588,259.324.5688,betty.thomas16@gmail.com,7339 Cedar Ln,,Greenville,KY,76195-6228,2026-05-10
VC005445,Walker,Christopher,N,07-08-1983,9031,+17438723950,,christopher.walker45@outlook.com,4917 Jefferson Dr,Apt 672,Fairview,ME,97552,2026-06-03
VC005446,King,Richard,,05/19/1976,6183,553.519.1860,6444006344,,6212 Lincoln Ave,Apt 310,Greenville,SC,54890,2026-06-01
VC005447,Young,Barbara,,1963-07-26,5917,(511) 705-8593,800-295-3077,barbara.young39@aol.com,3679 Main St,Apt 956,Manchester,AL,30188-3926,2026-05-11
VC005448,Brown,Jessica,,18-Feb-1963,9325,5497871383,,,6992 Washington St,,Madison,AZ,10605,2026-05-15
VC005449,Torres,Margaret,,01-10-1992,7691,782-890-7334,790.589.5957,margaret.torres64@outlook.com,5882 Washington St,,Richmond,OR,57307,2026-05-27
VC005450,King,Mary,S,12/31/1991,4489,+15982267465,(710) 300-5583,,5890 Cedar Ln,,Arlington,MD,93190-5278,2026-05-27
VC005451,Scott,Anthony,V,1968-05-05,4953,464.891.4080,,anthony.scott15@hotmail.com,6291 Lincoln Ave,,Franklin,WV,19036,2026-05-16
VC005452,Wilson,Margaret,,26-Feb-1976,3791,(875) 458-6074,,margaret.wilson88@icloud.com,4541 Oak Ave,Apt 944,Richmond,AZ,69231,2026-05-13
VC005453,Thomas,Patricia,,07-12-1961,1152,6833107810,,,5708 Maple Dr,,Dayton,NV,95618-7873,2026-05-24
VC005454,Wilson,David,,07/28/1945,4919,569-281-4383,809.913.2790,david.wilson60@outlook.com,9531 Valley Ln,,Franklin,AR,54857,2026-05-23
VC005455,Hill,Linda,Z,1948-05-14,1405,+14476478637,,linda.hill96@aol.com,4953 Washington St,,Oxford,NV,83596,2026-05-05
VC005456,Johnson,Lisa,S,25-Feb-1998,4521,976.856.4528,,lisa.johnson66@gmail.com,5955 Main St,Apt 475,Richmond,NV,41967-6033,2026-05-13
VC005457,Jackson,Susan,,09-30-1945,9853,(355) 923-2979,,,354 Forest Ave,,Georgetown,NM,84871,2026-06-01
VC005458,Wilson,Sandra,,04/04/1969,3346,7703474247,,sandra.wilson1@gmail.com,7278 Oak Ave,,Clinton,NV,51732,2026-05-27
VC005459,Adams,Jessica,B,1957-11-21,9606,979-846-9896,863.726.4661,jessica.adams54@yahoo.com,7273 Maple Dr,,Springfield,IN,31866-3073,2026-05-25
VC005460,Garcia,Jessica,P,25-Feb-1995,7318,+14553283044,(725) 843-2971,,8018 Washington St,,Salem,LA,30129,2026-05-27
VC005461,White,Linda,B,01-06-1977,4915,582.499.3351,3622179294,linda.white60@aol.com,9949 Lake Rd,Apt 45,Madison,KS,64093,2026-05-16
VC005462,Martin,Mary,Y,02/12/1961,6149,(865) 929-1373,603-625-8968,mary.martin43@hotmail.com,1908 Jefferson Dr,,Springfield,VT,49372-2681,2026-05-30
VC005463,King,Charles,T,1964-12-17,9414,2734949805,+18678339887,,2573 Sunset Blvd,Apt 243,Franklin,NV,27224,2026-05-10
VC005464,Wilson,David,,01-Jul-1947,1020,615-764-3054,945.442.9954,,1101 Valley Ln,Apt 802,Richmond,MD,68655,2026-05-30
VC005465,Miller,Jennifer,,08-31-1944,6429,+13868662884,,jennifer.miller3@icloud.com,4751 Main St,,Burlington,KS,28008-1236,2026-05-09
VC005466,Hill,Daniel,,06/16/1973,7498,379.767.5946,,,1240 Lincoln Ave,,Franklin,VA,65332,2026-05-24
VC005467,Smith,John,J,1942-11-13,3505,(780) 263-9320,,john.smith85@hotmail.com,7036 Cedar Ln,Apt 564,Burlington,IL,50117,2026-05-22
VC005468,Johnson,Linda,K,19-May-1988,7431,8225369690,+19036685767,linda.johnson84@gmail.com,3378 Lincoln Ave,,Springfield,KY,32506-1690,2026-05-06
VC005469,Martin,William,,03-02-1950,9339,489-689-5556,,,9176 Lincoln Ave,Apt 217,Fairview,MD,84480,2026-05-19
VC005470,Adams,James,,03/14/1986,9940,+13242223747,(384) 333-9069,james.adams74@yahoo.com,3555 Oak Ave,,Madison,AZ,48627,2026-05-18
VC005471,Allen,Linda,R,1961-07-31,5573,284.762.6989,2206531189,,9692 Maple Dr,,Madison,SC,93425-4849,2026-05-07
VC005472,Allen,William,,05-Jul-1988,7512,(718) 780-4153,398-378-9822,william.allen77@hotmail.com,6558 Forest Ave,,Arlington,ME,31547,2026-05-21
VC005473,King,Ashley,J,07-20-1940,1288,2965238227,,ashley.king59@icloud.com,6321 Main St,,Clinton,NY,96496,2026-05-19
VC005474,Miller,Thomas,,06/17/1980,4274,569-590-7551,,thomas.miller49@outlook.com,3611 Washington St,,Salem,MT,40897-4035,2026-05-21
VC005475,Scott,Sarah,V,1973-05-14,2205,+18155964278,,sarah.scott44@hotmail.com,2625 Forest Ave,,Arlington,PA,35743,2026-05-27
VC005476,Allen,Mary,L,24-Jul-1996,4840,702.540.9665,,mary.allen17@icloud.com,2474 Lincoln Ave,Apt 141,Georgetown,DE,46799,2026-05-21
VC005477,Martin,Robert,R,07-28-1965,5098,(428) 671-4643,974-610-8739,robert.martin93@outlook.com,5606 Washington St,Apt 872,Marion,WI,85931-2678,2026-05-24
VC005478,Davis,Patricia,,02/27/1977,6349,9213909638,+18129713210,,6167 Forest Ave,Apt 790,Franklin,AR,62016,2026-06-02
VC005479,Wilson,Patricia,,1940-03-01,1922,380-797-2482,,patricia.wilson20@outlook.com,5665 Sunset Blvd,,Greenville,AK,53005,2026-05-08
VC005480,Torres,Richard,P,22-Jan-1995,7727,+12355306075,,,9055 Lincoln Ave,,Burlington,NH,38384-4558,2026-05-29
VC005481,Thomas,David,,04-04-1978,2171,888.479.9532,,david.thomas24@outlook.com,6459 Oak Ave,,Burlington,SC,24328,2026-05-08
VC005482,Harris,Nancy,,10/29/1997,7804,(466) 947-2977,390-728-7801,nancy.harris85@aol.com,9453 Jefferson Dr,Apt 914,Madison,OR,29537,2026-05-11
VC005483,Adams,William,A,1941-01-26,2010,6637695093,,william.adams4@outlook.com,1552 Forest Ave,Apt 106,Franklin,FL,25919-8454,2026-05-23
VC005484,Brown,Mark,,10-Aug-1961,4791,204-647-7381,805.710.6259,,5286 Hill Rd,Apt 113,Madison,NC,47643,2026-05-30
VC005485,Torres,Matthew,W,01-26-1971,8167,+19613866771,(205) 757-4460,matthew.torres55@icloud.com,3613 Maple Dr,Apt 706,Franklin,AK,39662,2026-05-17
VC005486,Hall,Richard,G,06/26/1940,7574,798.491.1059,,,2273 Lincoln Ave,Apt 467,Clinton,LA,23210-5543,2026-05-15
VC005487,Williams,John,T,1973-07-14,6578,(296) 426-6518,,,2856 Hill Rd,,Georgetown,MN,41933,2026-05-16
VC005488,Miller,William,O,02-Jan-1995,7777,2702456745,,william.miller22@hotmail.com,2765 Hill Rd,Apt 466,Arlington,KS,57785,2026-05-31
VC005489,Anderson,Sarah,X,12-22-1991,7341,682-865-8719,,,5688 Forest Ave,,Fairview,AR,57556-7212,2026-05-09
VC005490,Baker,Patricia,,10/15/1959,6733,+12327151218,(670) 964-7959,,6079 Park Blvd,Apt 147,Richmond,ID,36849,2026-05-21
VC005491,Allen,Matthew,S,1958-10-23,1616,907.613.3523,,matthew.allen6@gmail.com,2174 Lake Rd,,Burlington,IL,53568,2026-05-09
VC005492,Hall,Jessica,J,20-Apr-1954,1683,(837) 746-3840,305-498-6669,jessica.hall49@outlook.com,2917 Lincoln Ave,,Salem,OH,89832-8332,2026-05-20
VC005493,Wright,Patricia,,01-27-1988,6336,6598937499,,patricia.wright11@aol.com,1719 Valley Ln,Apt 514,Burlington,FL,10581,2026-05-17
VC005494,Martin,Joseph,,11/06/1953,7353,577-769-8477,,,6375 Main St,,Madison,ND,63810,2026-05-28
VC005495,White,Mary,,1950-04-28,2791,+19505448175,,,1969 Jefferson Dr,,Arlington,IN,78376-6216,2026-05-17
VC005496,King,Ashley,Z,09-Dec-1998,9626,294.642.9410,4656991232,ashley.king77@icloud.com,770 Forest Ave,Apt 814,Springfield,CA,34600,2026-05-07
VC005497,White,Nancy,Z,04-06-1974,2710,(714) 755-4383,,,2959 Cedar Ln,Apt 156,Arlington,WY,40133,2026-05-20
VC005498,Brown,Jennifer,,06/29/1974,6437,6156704805,,,3458 Hill Rd,Apt 531,Arlington,AZ,65023-1123,2026-06-03
VC005499,Johnson,Daniel,A,1998-12-31,6623,897-852-9067,625.562.2678,daniel.johnson67@aol.com,4316 Lincoln Ave,Apt 459,Madison,HI,32951,2026-05-16
VC005500,Nguyen,Margaret,,17-Dec-1941,1050,+19975843912,,margaret.nguyen86@gmail.com,170 Oak Ave,Apt 82,Richmond,PA,71135,2026-05-31
VC005501,Torres,Jennifer,Q,01-30-1973,2644,603.724.4008,,jennifer.torres60@aol.com,8137 Lake Rd,Apt 773,Salem,IL,79615-5378,2026-05-07
VC005502,Brown,Nancy,Z,04/04/1954,3404,(871) 612-1529,,,4838 Forest Ave,,Manchester,UT,98111,2026-05-30
VC005503,Davis,Charles,,1960-06-27,6303,2646404111,,charles.davis81@yahoo.com,5977 Oak Ave,Apt 56,Georgetown,MS,49710,2026-05-12
VC005504,Walker,Mark,F,21-Apr-1944,8201,959-680-3094,,mark.walker85@outlook.com,4365 Hill Rd,,Manchester,NV,52989-4693,2026-05-19
VC005505,Martin,Thomas,,12-31-1940,4469,+19872892300,(768) 708-9910,thomas.martin38@gmail.com,3971 Valley Ln,Apt 939,Salem,WA,40456,2026-06-02
VC005506,Thompson,Barbara,R,12/14/1975,5878,498.865.3494,,barbara.thompson12@icloud.com,937 Maple Dr,,Georgetown,RI,41757,2026-05-18
VC005507,Miller,Sarah,P,2004-11-10,5428,(539) 625-3759,,sarah.miller26@icloud.com,3347 Valley Ln,Apt 125,Fairview,UT,31770-7279,2026-05-25
VC005508,Brown,Christopher,,14-Nov-1979,2870,8165418943,,christopher.brown97@yahoo.com,406 Lake Rd,Apt 339,Oxford,IA,84814,2026-05-17
VC005509,Martin,Anthony,B,03-11-1995,3472,630-788-6975,,anthony.martin7@outlook.com,3273 Lincoln Ave,,Richmond,MT,81086,2026-05-23
VC005510,King,Jennifer,X,10/02/1958,8082,+15869468013,(378) 399-3640,jennifer.king80@gmail.com,1276 Park Blvd,,Oxford,WI,99764-1945,2026-05-06
VC005511,Scott,David,C,1975-07-12,2470,364.373.9434,,david.scott85@outlook.com,317 Jefferson Dr,,Burlington,LA,39288,2026-05-08
VC005512,Torres,Robert,J,25-Sep-1969,2212,(548) 275-4085,929-327-1046,,3464 Sunset Blvd,,Springfield,AK,57025,2026-05-28
VC005513,Scott,Sandra,,05-06-1947,2217,3846172400,+19658264869,sandra.scott63@aol.com,9164 Cedar Ln,Apt 258,Greenville,OR,47520-1814,2026-06-03
VC005514,King,Mark,Y,11/05/1971,4642,490-338-9936,456.953.9297,mark.king6@gmail.com,22 Park Blvd,Apt 25,Dayton,VT,68835,2026-05-22
VC005515,Brown,Betty,,1977-11-21,6805,+12249063735,(559) 662-9239,betty.brown5@outlook.com,1197 Maple Dr,Apt 585,Marion,ND,60870,2026-05-31
VC005516,Torres,Joseph,W,31-May-1947,9560,417.767.1868,,joseph.torres24@icloud.com,8769 River Dr,Apt 755,Oxford,CO,86192-3337,2026-05-23
VC005517,White,David,,04-27-1965,6718,(766) 227-1208,,david.white66@outlook.com,4969 Jefferson Dr,,Springfield,OH,63541,2026-05-26
VC005518,Thomas,Nancy,B,12/21/1957,8347,3347595018,,nancy.thomas36@outlook.com,9653 Valley Ln,,Richmond,AZ,42997,2026-05-26
VC005519,Scott,Sarah,U,1955-10-16,9975,801-601-7260,,,494 Jefferson Dr,,Arlington,NY,10993-5596,2026-06-01
VC005520,Thomas,Richard,E,27-Dec-1956,8228,+16147092749,(664) 709-9830,,4427 Washington St,,Oxford,WV,61354,2026-05-24
VC005521,Davis,Barbara,,05-30-1978,2315,768.536.7599,,,2441 Park Blvd,,Franklin,HI,82017,2026-05-06
VC005522,Allen,Ashley,C,08/04/1989,6801,(247) 460-8767,,,6733 Washington St,,Marion,AR,89725-4249,2026-05-21
VC005523,Garcia,Matthew,,1959-05-05,8690,8475868580,+12584371802,matthew.garcia89@aol.com,4112 Forest Ave,,Clinton,WA,33575,2026-06-01
VC005524,Davis,Charles,V,29-Aug-1976,2280,700-550-1924,,charles.davis87@icloud.com,214 Jefferson Dr,,Burlington,PA,53790,2026-05-31
VC005525,Anderson,Charles,W,09-03-1981,6507,+17862182580,,charles.anderson29@icloud.com,4379 Cedar Ln,,Fairview,CT,79770-3572,2026-05-20
VC005526,Miller,Linda,H,12/25/1949,4377,392.857.2705,4585542195,,5430 Forest Ave,,Salem,FL,85572,2026-05-23
VC005527,Scott,Ashley,R,1985-02-06,2230,(446) 458-6821,583-530-3995,ashley.scott93@outlook.com,3018 Jefferson Dr,,Richmond,MT,55690,2026-05-05
VC005528,Anderson,Sarah,Y,04-Jun-1949,7974,6729258913,+13662442284,sarah.anderson31@hotmail.com,8429 Hill Rd,,Richmond,WV,20673-7150,2026-05-07
VC005529,Allen,Ashley,,10-31-1994,7412,712-639-8680,739.966.3354,ashley.allen82@icloud.com,218 Jefferson Dr,Apt 174,Burlington,ME,68469,2026-05-30
VC005530,Adams,Betty,T,10/04/1975,4403,+15627864100,,,8529 Lincoln Ave,,Fairview,SC,26484,2026-05-08
VC005531,Jackson,David,X,2001-06-19,2653,907.357.1778,7482764945,david.jackson76@gmail.com,9877 Maple Dr,,Fairview,IA,35468-9904,2026-05-05
VC005532,Garcia,Anthony,V,18-Oct-1976,8537,(242) 765-1645,527-380-4665,,7697 Main St,,Clinton,IN,41508,2026-05-31
VC005533,King,Christopher,,02-28-1943,6389,6662065696,,christopher.king37@hotmail.com,1938 Washington St,,Burlington,MD,58742,2026-05-17
VC005534,Hill,Mary,,01/30/1953,9446,459-590-6902,,mary.hill34@outlook.com,4046 Sunset Blvd,,Arlington,CO,69997-3395,2026-05-24
VC005535,Wilson,Christopher,C,1946-03-21,7696,+12606674886,(226) 296-7080,christopher.wilson4@yahoo.com,3958 Hill Rd,,Marion,NY,41424,2026-06-03
VC005536,Hall,Patricia,F,08-Jun-1966,1855,900.350.4334,,patricia.hall5@outlook.com,7313 Hill Rd,,Oxford,MI,99870,2026-05-14
VC005537,Wright,Daniel,,09-05-1972,5522,(844) 707-8833,876-248-5870,,1015 Hill Rd,Apt 954,Manchester,IL,88716-4904,2026-05-07
VC005538,Thomas,Ashley,U,11/25/1981,4691,2329402705,,ashley.thomas16@yahoo.com,6456 Forest Ave,Apt 857,Greenville,MI,15976,2026-05-14
VC005539,Davis,William,T,1980-02-07,3847,617-906-1046,392.802.6699,william.davis95@icloud.com,6756 River Dr,,Clinton,SD,90150,2026-05-13
VC005540,Garcia,Daniel,P,14-May-1954,7351,+19812975993,,daniel.garcia78@gmail.com,9537 Washington St,,Manchester,MD,90847-8230,2026-05-07
VC005541,Jackson,Betty,,02-02-1993,1452,269.575.1254,8835799165,betty.jackson47@hotmail.com,996 Lincoln Ave,,Georgetown,NM,99485,2026-05-30
VC005542,Hall,Nancy,U,12/22/1986,1826,(322) 593-4318,200-875-9787,nancy.hall57@outlook.com,1906 Washington St,,Georgetown,SC,35999,2026-05-06
VC005543,Martin,Richard,E,1980-11-30,6562,6964337167,,,1943 Lincoln Ave,,Madison,MA,83708-1830,2026-05-25
VC005544,Williams,William,K,11-Jul-1969,4310,658-407-2758,893.531.4710,,4739 Cedar Ln,Apt 548,Richmond,UT,91290,2026-05-05
VC005545,Garcia,Richard,,10-04-1953,3687,+15085996430,,,3835 Maple Dr,,Arlington,TX,61647,2026-05-24
VC005546,Hall,Michael,F,06/04/1951,7959,644.624.1829,2123866569,michael.hall33@yahoo.com,8665 Jefferson Dr,,Springfield,NJ,81951-7282,2026-06-03
VC005547,Hall,Daniel,N,1983-09-30,4697,(978) 215-1824,,daniel.hall83@yahoo.com,1825 Lincoln Ave,,Manchester,SD,57025,2026-05-21
VC005548,Taylor,William,N,25-Jul-1988,6562,9235459359,,william.taylor18@outlook.com,5527 Washington St,,Arlington,TX,46649,2026-05-06
VC005549,Taylor,John,G,06-21-1942,6000,952-364-5714,,,3593 Oak Ave,,Richmond,MT,76012-6264,2026-05-27
VC005550,Garcia,Susan,,10/15/1979,7914,+17647943326,(247) 910-8237,susan.garcia3@hotmail.com,4621 River Dr,,Clinton,FL,51452,2026-05-05
VC005551,Brown,Ashley,F,1966-03-09,7422,706.633.4173,,ashley.brown96@aol.com,3260 Park Blvd,,Manchester,NE,45173,2026-05-06
VC005552,Scott,Richard,Y,01-Nov-1991,1574,(319) 847-8147,,richard.scott17@icloud.com,9256 Cedar Ln,,Clinton,UT,53491-1246,2026-05-23
VC005553,Thomas,James,R,03-27-1989,6628,3144544653,,,4679 Lincoln Ave,Apt 280,Salem,MN,57455,2026-05-12
VC005554,Garcia,Karen,F,03/31/1995,6438,739-490-1088,,karen.garcia10@hotmail.com,1453 Hill Rd,Apt 410,Fairview,LA,24410,2026-05-25
VC005555,Scott,Sandra,C,1961-04-21,6082,+17263473636,(218) 993-2496,sandra.scott64@icloud.com,4178 Valley Ln,,Springfield,WA,88967-7454,2026-05-21
VC005556,King,Joseph,,29-Jan-2002,7163,530.755.7885,,joseph.king58@yahoo.com,5832 Washington St,,Marion,ID,37484,2026-05-10
VC005557,Nguyen,David,D,02-20-1959,1136,(537) 716-8755,,david.nguyen54@gmail.com,9061 Valley Ln,Apt 126,Franklin,NH,60858,2026-05-17
VC005558,Harris,John,V,01/16/2001,3743,2684544569,+13708384957,john.harris27@yahoo.com,50 Sunset Blvd,,Georgetown,NC,67516-7543,2026-05-26
VC005559,Jackson,Matthew,A,1942-12-12,4517,386-477-4020,787.893.3546,,8418 Jefferson Dr,Apt 965,Richmond,ID,40103,2026-05-30
VC005560,Nelson,Anthony,,19-Jan-2001,6371,+17863056573,,anthony.nelson25@aol.com,6634 Maple Dr,,Madison,CO,99714,2026-05-30
VC005561,Taylor,James,,07-16-1960,5169,430.350.6038,,james.taylor96@gmail.com,2164 Sunset Blvd,,Fairview,VT,70005-1571,2026-06-01
VC005562,Miller,Barbara,,02/21/1940,1664,(803) 741-3136,,barbara.miller89@icloud.com,8513 Hill Rd,Apt 144,Fairview,MO,70534,2026-05-07
VC005563,Allen,Joseph,M,1972-04-14,8092,7347525828,+16352417968,joseph.allen26@yahoo.com,799 Park Blvd,Apt 200,Manchester,ME,66321,2026-06-02
VC005564,Young,Jessica,J,09-Jan-1942,8496,517-784-4312,284.301.8117,,6098 River Dr,,Salem,WI,17316-1852,2026-05-30
VC005565,Johnson,Christopher,O,08-24-1963,4965,+14899436123,(754) 877-3693,christopher.johnson68@outlook.com,1450 Valley Ln,,Greenville,MO,29692,2026-05-10
VC005566,Brown,Patricia,O,03/09/1957,5271,523.319.3329,,,1429 Hill Rd,,Richmond,SC,46176,2026-05-08
VC005567,Young,Daniel,,2001-11-14,7876,(644) 439-9353,,,6932 Park Blvd,,Manchester,KS,27232-6962,2026-05-26
VC005568,Garcia,David,W,06-Jan-1993,8556,9479744413,,david.garcia99@outlook.com,7821 Jefferson Dr,Apt 645,Richmond,CA,31003,2026-05-06
VC005569,Taylor,Daniel,D,05-05-1969,2169,743-698-4715,,,9217 Washington St,,Fairview,KY,69963,2026-05-09
VC005570,Taylor,Betty,R,09/26/1949,9249,+17215147232,,betty.taylor94@gmail.com,1561 Maple Dr,Apt 408,Greenville,KS,85836-5717,2026-05-16
VC005571,Nguyen,Susan,A,1995-12-23,7906,684.648.4830,9317733121,,7137 Cedar Ln,Apt 757,Georgetown,AZ,98553,2026-05-30
VC005572,Adams,Sarah,O,18-Nov-1964,5688,(469) 425-1062,,sarah.adams11@hotmail.com,1996 Main St,,Manchester,MO,20698,2026-05-28
VC005573,Anderson,Mary,M,12-26-1979,3582,9669881069,+12809318690,,3445 Lake Rd,Apt 848,Franklin,FL,49824-7964,2026-05-27
VC005574,Taylor,Robert,S,05/02/1993,3458,207-414-7477,,robert.taylor46@outlook.com,6457 Maple Dr,,Salem,GA,92506,2026-05-19
VC005575,Hall,Matthew,,1945-03-16,6947,+16889279067,,matthew.hall20@yahoo.com,9537 Sunset Blvd,Apt 239,Oxford,KY,56273,2026-05-11
VC005576,Adams,Linda,D,02-Mar-1958,9696,469.448.9648,,,7466 Washington St,,Franklin,NY,82714-7254,2026-06-04
VC005577,Martin,Margaret,P,12-11-1955,9270,(260) 801-6969,,margaret.martin4@outlook.com,7437 Washington St,,Franklin,ME,59884,2026-05-18
VC005578,Jackson,Patricia,F,05/14/1947,9263,8797613344,,patricia.jackson33@gmail.com,6454 Lincoln Ave,,Oxford,NY,97721,2026-05-05
VC005579,Miller,Linda,G,2001-12-27,6564,535-617-3494,253.258.2589,linda.miller77@icloud.com,4523 Main St,,Franklin,IA,77766-2548,2026-06-02
VC005580,Taylor,Daniel,,22-Dec-1991,4410,+14672506631,(311) 837-9610,daniel.taylor62@outlook.com,2005 Cedar Ln,Apt 31,Burlington,LA,99691,2026-05-29
VC005581,Wright,Patricia,X,01-12-1961,9037,813.256.5324,,patricia.wright38@outlook.com,4692 Forest Ave,Apt 440,Georgetown,CO,55379,2026-05-13
VC005582,Harris,Daniel,,01/27/1958,8792,(813) 999-5202,,daniel.harris96@gmail.com,2692 Lincoln Ave,Apt 171,Madison,WA,13819-9196,2026-05-20
VC005583,Wilson,Patricia,,1941-05-11,7103,5176691705,+18464892399,patricia.wilson43@outlook.com,7349 Valley Ln,Apt 699,Franklin,CA,67954,2026-05-25
VC005584,Miller,Thomas,,14-Mar-1972,7571,252-207-7337,437.850.4821,thomas.miller94@icloud.com,5788 Hill Rd,Apt 985,Fairview,KY,74043,2026-05-21
VC005585,Miller,Sandra,,12-29-1961,7594,+18132386944,(463) 627-8090,sandra.miller94@aol.com,8097 Valley Ln,,Fairview,AZ,42306-3141,2026-05-17
VC005586,Wilson,John,,03/29/1978,6984,869.442.9791,,john.wilson24@hotmail.com,3448 Valley Ln,,Dayton,NY,46765,2026-05-19
VC005587,Hall,Sandra,,1987-03-11,3367,(523) 834-1210,,,9884 Forest Ave,Apt 348,Springfield,NJ,92505,2026-05-23
VC005588,Thomas,Barbara,,30-Nov-1951,1580,5542168042,,barbara.thomas30@hotmail.com,2414 Lincoln Ave,Apt 54,Richmond,PA,48992-2993,2026-05-26
VC005589,Brown,Barbara,,01-24-1969,5447,856-668-7854,425.602.4911,barbara.brown11@yahoo.com,3220 Washington St,Apt 676,Dayton,OK,39439,2026-05-18
VC005590,Torres,Christopher,O,06/30/1964,7337,+17974368394,,christopher.torres66@yahoo.com,2698 Jefferson Dr,,Richmond,IN,32191,2026-05-17
VC005591,Allen,David,Y,1940-09-02,7768,716.715.4588,,david.allen28@outlook.com,746 Oak Ave,,Dayton,CT,63786-5571,2026-05-06
VC005592,Miller,John,,28-Mar-1950,8787,(439) 903-2209,,john.miller37@outlook.com,2689 Jefferson Dr,,Dayton,GA,97144,2026-05-09
VC005593,Martin,Mark,,03-27-1950,9816,6249771432,,mark.martin24@yahoo.com,7025 River Dr,Apt 461,Oxford,MN,31838,2026-05-16
VC005594,Thompson,Jessica,,12/08/1999,8531,491-781-5285,621.701.3146,jessica.thompson43@outlook.com,2010 Maple Dr,Apt 957,Burlington,MN,24623-4181,2026-05-19
VC005595,Brown,Charles,,1997-07-10,8260,+13835702590,,,3103 Maple Dr,Apt 546,Manchester,DE,36903,2026-05-23
VC005596,Jackson,Karen,,01-Mar-1976,6212,252.791.8030,7857938540,karen.jackson83@outlook.com,2112 Sunset Blvd,,Clinton,WA,32769,2026-05-31
VC005597,Adams,Anthony,M,07-25-1946,6265,(584) 740-1917,,anthony.adams7@gmail.com,4576 Oak Ave,,Madison,SD,89499-7443,2026-05-05
VC005598,Martin,Christopher,Q,07/25/1945,8821,7197141191,,,7192 Lincoln Ave,,Greenville,LA,29708,2026-05-11
VC005599,Walker,Michael,E,1973-08-28,3064,752-552-4217,401.893.4561,michael.walker54@icloud.com,8665 Valley Ln,,Fairview,IL,52888,2026-05-19
VC005600,Adams,James,,04-Jan-1965,2982,+18974775573,(729) 409-5612,james.adams35@aol.com,5596 Sunset Blvd,Apt 279,Burlington,GA,29435-9027,2026-05-22
VC005601,Allen,Karen,V,05-23-1983,5431,365.725.5580,,karen.allen61@icloud.com,5525 Lincoln Ave,,Marion,MD,80259,2026-05-05
VC005602,Hill,Sandra,,07/28/1987,3373,(228) 578-7877,617-293-2914,sandra.hill95@outlook.com,6805 Hill Rd,Apt 316,Marion,NJ,95259,2026-05-21
VC005603,Wright,Michael,P,1977-09-10,8974,8429292729,,michael.wright50@outlook.com,6329 Hill Rd,,Oxford,MA,60252-3377,2026-05-22
VC005604,Nelson,Richard,T,30-May-1977,1348,533-913-8155,604.871.7656,richard.nelson96@gmail.com,6629 Hill Rd,,Burlington,TN,45363,2026-05-21
VC005605,Martin,Mary,,05-12-1990,8647,+12809011741,,mary.martin37@yahoo.com,7462 Forest Ave,,Greenville,HI,28796,2026-05-10
VC005606,Young,Lisa,D,05/22/1965,2724,702.517.8161,8178355120,lisa.young98@gmail.com,8551 Lincoln Ave,,Franklin,NJ,88703-3003,2026-05-27
VC005607,Thomas,Barbara,Z,1954-04-30,5212,(839) 277-9340,,barbara.thomas95@gmail.com,4635 Jefferson Dr,Apt 323,Dayton,OH,77550,2026-06-03
VC005608,Jones,Christopher,D,23-Apr-1969,7037,5584839075,,christopher.jones86@gmail.com,5258 Sunset Blvd,Apt 153,Clinton,CA,18193,2026-06-02
VC005609,Hall,Patricia,X,12-22-1941,5771,827-257-3698,,patricia.hall31@outlook.com,2592 Sunset Blvd,,Burlington,RI,37300-1924,2026-05-12
VC005610,Harris,Jennifer,Q,01/20/1987,6235,+16787162783,(591) 948-1018,,8110 Washington St,Apt 176,Dayton,VA,48696,2026-05-10
VC005611,Young,Robert,L,1965-02-20,7757,208.249.9565,,,5740 Cedar Ln,,Springfield,TN,12884,2026-05-31
VC005612,Scott,Margaret,Y,31-Mar-1948,6724,(733) 269-9276,395-341-4055,,2612 River Dr,,Marion,OH,62876-7518,2026-05-06
VC005613,Jackson,Jessica,S,07-15-1947,7962,6605812120,,,9195 Lake Rd,,Manchester,NY,23235,2026-05-14
VC005614,King,Robert,D,08/19/1969,2331,388-818-5954,916.272.1076,robert.king4@yahoo.com,231 Main St,Apt 622,Oxford,VA,74124,2026-06-02
VC005615,Young,Margaret,K,1983-10-25,7562,+15564868917,,margaret.young17@icloud.com,9128 Valley Ln,Apt 899,Greenville,NJ,49306-5927,2026-05-12
VC005616,Taylor,Patricia,S,05-Feb-1996,5889,939.936.5315,,patricia.taylor59@gmail.com,8202 Lincoln Ave,,Greenville,NC,23947,2026-05-20
VC005617,Davis,William,B,07-13-1959,1270,(797) 526-2042,,,9915 Jefferson Dr,Apt 55,Georgetown,MT,62546,2026-05-15
VC005618,Young,Richard,,02/08/1969,9772,3914868824,+16418296582,richard.young5@yahoo.com,1492 Forest Ave,,Fairview,MA,62641-4711,2026-06-01
VC005619,Torres,Anthony,,1961-03-21,6991,763-799-4151,,,4377 Main St,,Clinton,AL,85396,2026-05-09
VC005620,Wilson,Mary,Z,29-Apr-1986,9022,+12222039669,(562) 782-8111,,7834 Forest Ave,Apt 566,Fairview,LA,71292,2026-05-10
VC005621,Smith,Michael,Q,10-31-1970,5205,238.890.8004,5076398019,michael.smith73@hotmail.com,7564 River Dr,,Arlington,DE,77124-5064,2026-05-23
VC005622,Johnson,William,,10/02/1999,2956,(874) 457-5034,,william.johnson72@aol.com,7331 Lincoln Ave,Apt 541,Manchester,MD,82588,2026-05-18
VC005623,Adams,Jennifer,A,1972-05-03,2983,3339745127,,jennifer.adams99@outlook.com,5492 Park Blvd,,Greenville,TN,64942,2026-05-19
VC005624,Taylor,Nancy,,26-Nov-2001,3445,597-324-5418,406.241.4315,nancy.taylor64@outlook.com,8140 Oak Ave,,Franklin,AL,97507-6212,2026-05-24
VC005625,Thompson,Daniel,S,06-23-1985,5634,+18044185604,(249) 921-9877,daniel.thompson93@icloud.com,6623 Forest Ave,,Madison,SD,45306,2026-06-04
VC005626,White,Richard,K,10/11/1964,8529,506.801.1960,,,3473 Forest Ave,Apt 227,Clinton,KY,67841,2026-05-28
VC005627,Brown,Joseph,N,1973-06-12,9612,(599) 898-9795,,joseph.brown72@hotmail.com,9752 Oak Ave,,Georgetown,UT,54054-7650,2026-05-23
VC005628,Nguyen,Sarah,Y,30-Nov-1993,1702,9904184609,,sarah.nguyen94@yahoo.com,5239 Maple Dr,,Georgetown,SC,82928,2026-05-15
VC005629,Nguyen,Mark,,08-19-1996,5241,733-877-4534,943.328.2679,mark.nguyen53@outlook.com,387 Lincoln Ave,Apt 303,Clinton,SC,11876,2026-05-11
VC005630,Johnson,Nancy,M,04/06/1951,7217,+16287202080,(702) 670-3843,,7927 Lake Rd,,Manchester,OH,66102-1229,2026-05-06
VC005631,Miller,Daniel,S,2002-02-07,3115,558.785.5214,4487286705,daniel.miller11@icloud.com,8906 Main St,Apt 61,Marion,NY,85101,2026-05-29
VC005632,Wilson,Daniel,,09-Jan-1982,5956,(971) 771-3383,392-612-4944,daniel.wilson97@icloud.com,4261 Washington St,,Salem,MD,12031,2026-05-09
VC005633,Thomas,Michael,,10-17-1986,9163,3783899950,+18035643380,michael.thomas3@hotmail.com,2346 Washington St,,Dayton,KY,43491-1880,2026-05-28
VC005634,Thompson,Sarah,F,04/28/1972,2849,704-935-7329,810.485.7611,sarah.thompson62@icloud.com,1668 Maple Dr,,Salem,WY,64956,2026-05-14
VC005635,Thompson,Richard,B,1965-11-10,7767,+19812589790,(509) 605-9722,,8038 Lincoln Ave,,Salem,NV,72013,2026-05-23
VC005636,Jackson,Betty,W,04-Feb-1976,1188,432.369.1671,,betty.jackson55@icloud.com,6484 River Dr,Apt 320,Georgetown,PA,56547-9666,2026-05-17
VC005637,Allen,Lisa,E,05-21-1998,4132,(282) 942-7985,,,9480 Valley Ln,,Greenville,UT,20600,2026-05-08
VC005638,Harris,Christopher,N,11/23/1945,9120,2634451237,,christopher.harris2@aol.com,2042 Washington St,,Franklin,MD,25860,2026-05-18
VC005639,Allen,Lisa,I,1982-06-12,8902,909-403-6188,,,3876 Valley Ln,Apt 966,Marion,HI,89511-6304,2026-05-08
VC005640,Thompson,Sarah,,30-Jun-1958,2352,+17572464141,(604) 609-3687,sarah.thompson78@icloud.com,7836 Main St,,Fairview,NH,71799,2026-05-27
VC005641,Baker,Linda,U,12-17-1947,8811,774.770.3827,8878348925,linda.baker1@hotmail.com,8654 Forest Ave,,Springfield,KS,58892,2026-05-20
VC005642,Scott,Mary,Q,04/11/1984,2645,(267) 779-1297,277-977-6276,mary.scott1@icloud.com,6587 Washington St,Apt 553,Arlington,CO,84028-9421,2026-05-10
VC005643,King,James,,1983-09-08,3852,7408264096,+12416961198,james.king18@yahoo.com,7514 Main St,,Burlington,RI,91856,2026-05-19
VC005644,Martin,Margaret,Y,11-Oct-1940,7091,800-277-6561,301.294.4846,margaret.martin61@hotmail.com,9611 Sunset Blvd,Apt 943,Oxford,KS,86612,2026-05-23
VC005645,Jackson,William,K,08-02-1955,3111,+13728179756,,,6611 Sunset Blvd,,Fairview,VA,91561-2023,2026-05-24
VC005646,Nguyen,Robert,K,08/12/1969,9304,553.255.8628,,,5023 Jefferson Dr,,Oxford,SC,10544,2026-05-08
VC005647,Jackson,Robert,Q,1956-06-04,8191,(942) 854-7064,,robert.jackson35@gmail.com,4082 Sunset Blvd,Apt 673,Oxford,NE,70003,2026-05-13
VC005648,Johnson,James,,05-Mar-1942,4768,3047137519,,james.johnson97@aol.com,7945 Main St,,Greenville,ME,49513-8377,2026-06-04
VC005649,Wright,Jennifer,X,03-01-1964,9361,438-774-2675,293.587.2199,jennifer.wright37@yahoo.com,7011 Maple Dr,Apt 55,Greenville,MO,66235,2026-05-13
VC005650,Allen,Charles,,11/09/1981,3649,+12353477030,,,9332 Park Blvd,,Oxford,MN,56729,2026-05-19
VC005651,Thompson,Sarah,A,1967-06-17,1798,855.830.5453,8837865297,sarah.thompson23@yahoo.com,7553 Main St,Apt 833,Arlington,OH,38857-9325,2026-06-04
VC005652,Adams,Jessica,,05-Nov-2001,9877,(818) 629-6419,690-922-3649,,9859 Sunset Blvd,Apt 282,Marion,WV,13904,2026-05-22
VC005653,Allen,Michael,Q,12-28-1941,5805,7386864119,,michael.allen28@aol.com,9256 Cedar Ln,,Clinton,VT,28192,2026-05-14
VC005654,Taylor,Richard,S,09/04/1993,1705,235-497-2994,812.708.1094,richard.taylor88@icloud.com,8826 Washington St,,Fairview,SD,46876-6105,2026-05-24
VC005655,Torres,Barbara,,1993-01-14,6775,+15038744708,(432) 319-2619,,4068 Main St,Apt 931,Fairview,CT,14271,2026-05-16
VC005656,Wilson,Sandra,P,16-Mar-1949,6516,226.976.4520,7973973919,sandra.wilson11@gmail.com,8579 Park Blvd,Apt 184,Manchester,VA,68724,2026-05-20
VC005657,Williams,John,,11-17-1958,2783,(236) 999-2784,540-614-3973,john.williams5@yahoo.com,7059 Main St,,Marion,OR,12537-9993,2026-05-27
VC005658,Hall,Susan,,08/16/1953,5737,2434855245,+17539036580,,7624 Main St,Apt 523,Oxford,OK,84510,2026-05-15
VC005659,Brown,William,I,1961-09-23,9862,771-482-3944,844.783.7450,,8563 Lincoln Ave,,Salem,WI,71738,2026-05-09
VC005660,Williams,Thomas,O,10-Aug-1948,2551,+18446241530,(622) 758-7430,,6531 Washington St,,Fairview,MN,15140-3241,2026-05-06
VC005661,Nelson,Linda,D,03-13-1985,7329,723.353.4672,3566679375,,1782 Cedar Ln,Apt 993,Greenville,VT,83208,2026-05-27
VC005662,Garcia,Patricia,E,08/16/1983,1690,(911) 537-5415,,,8702 Forest Ave,,Marion,TX,89558,2026-05-29
VC005663,Wright,Richard,K,1944-06-06,1156,2922046279,,,7234 Jefferson Dr,,Manchester,OK,76012-3473,2026-05-20
VC005664,King,Robert,U,13-Oct-2001,5983,311-826-9457,349.741.4151,robert.king95@yahoo.com,3640 Lincoln Ave,,Salem,MO,83944,2026-05-06
VC005665,Wilson,Robert,Y,01-08-2002,3517,+13018855012,(876) 838-9931,robert.wilson87@outlook.com,8077 Cedar Ln,,Marion,OH,74158,2026-05-31
VC005666,Thomas,Christopher,D,08/06/1945,8117,404.846.5875,7113247949,christopher.thomas94@outlook.com,7916 Forest Ave,,Dayton,NV,38533-4745,2026-05-17
VC005667,Young,Christopher,Z,1953-12-24,7461,(723) 793-9215,,christopher.young59@icloud.com,7646 Main St,,Arlington,NC,55358,2026-05-21
VC005668,Johnson,Anthony,L,01-Apr-1955,7594,8823578010,+12425193888,,6483 Lake Rd,,Greenville,OH,95261,2026-05-17
VC005669,Johnson,Christopher,S,09-20-1995,7681,988-289-7922,,,2015 Lake Rd,Apt 715,Greenville,WA,46474-7522,2026-06-01
VC005670,Brown,Lisa,,10/23/1988,5537,+16905233612,,,101 Park Blvd,,Greenville,UT,56869,2026-05-08
VC005671,Anderson,Anthony,,1984-08-14,1379,394.981.3610,6164981556,anthony.anderson93@hotmail.com,8164 Hill Rd,Apt 747,Salem,NY,50441,2026-05-19
VC005672,Brown,Mary,,27-Dec-1965,1931,(987) 371-8584,431-234-2838,,4273 Forest Ave,Apt 573,Springfield,TX,51205-3098,2026-06-04
VC005673,Nguyen,Mary,,06-23-1961,5116,6727002379,,mary.nguyen54@hotmail.com,6616 Lake Rd,,Fairview,MN,46309,2026-05-13
VC005674,Miller,Jessica,P,03/28/1992,9162,691-423-9169,,jessica.miller79@hotmail.com,8291 Sunset Blvd,Apt 118,Fairview,DE,56539,2026-05-24
VC005675,Brown,James,B,1954-04-28,4441,+15604089149,(949) 649-9915,,3753 Valley Ln,,Marion,MD,68117-7011,2026-05-24
VC005676,Smith,Sandra,B,06-Oct-1958,9938,469.663.7750,,sandra.smith86@outlook.com,5356 Maple Dr,,Marion,MT,82709,2026-05-29
VC005677,Martin,Susan,,08-14-1944,3016,(928) 772-2312,,,9586 Lincoln Ave,,Dayton,IN,89681,2026-05-22
VC005678,Hill,Sandra,T,02/07/1972,3234,9076562493,+13619386691,sandra.hill20@outlook.com,4473 Oak Ave,Apt 361,Arlington,AR,50841-6984,2026-05-21
VC005679,Taylor,David,H,1958-03-11,8335,675-336-5560,,,4459 Sunset Blvd,,Richmond,NH,55324,2026-05-09
VC005680,Baker,Matthew,P,20-Feb-1941,2485,+17656214091,,matthew.baker58@yahoo.com,9650 Lincoln Ave,,Madison,ID,94688,2026-05-11
VC005681,Thompson,Jennifer,D,08-08-2000,3955,841.869.3665,,jennifer.thompson2@outlook.com,8858 Cedar Ln,,Salem,SC,69385-7192,2026-05-29
VC005682,Walker,Charles,N,04/02/1998,6006,(946) 828-5452,,,9755 Hill Rd,Apt 271,Burlington,TX,54229,2026-05-11
VC005683,Jones,Lisa,Z,1981-09-06,1051,5357576366,,lisa.jones14@outlook.com,2026 Main St,,Greenville,AZ,95329,2026-05-11
VC005684,Wright,Barbara,,13-Nov-1960,2719,464-612-9334,513.286.5871,barbara.wright81@aol.com,9794 River Dr,,Burlington,WV,42060-9976,2026-05-10
VC005685,Scott,Margaret,,09-10-1947,5935,+13539831713,(412) 919-7242,margaret.scott74@yahoo.com,289 Lake Rd,Apt 628,Fairview,UT,52387,2026-05-14
VC005686,Scott,David,,06/13/1942,2221,787.509.9880,3403473715,david.scott3@hotmail.com,3343 Lincoln Ave,,Clinton,AK,84713,2026-05-20
VC005687,Miller,Barbara,C,1964-04-18,4006,(495) 487-4043,,barbara.miller55@aol.com,9414 Hill Rd,,Marion,SC,32552-6022,2026-05-21
VC005688,Hill,Margaret,,01-Mar-2002,9695,7345182572,+18572457136,,6047 Forest Ave,,Richmond,TN,89399,2026-06-02
VC005689,Young,Charles,,11-26-1959,8918,540-788-3129,,,9441 Valley Ln,Apt 561,Salem,SC,38743,2026-05-18
VC005690,White,Thomas,,05/22/1961,9662,+13477336641,,,5488 Lincoln Ave,,Richmond,CT,42883-3628,2026-05-16
VC005691,Thompson,James,Q,1981-12-02,5393,357.930.2652,,james.thompson4@hotmail.com,6949 Lincoln Ave,Apt 572,Oxford,NV,54090,2026-06-03
VC005692,Young,Anthony,B,14-Feb-1964,5133,(680) 700-7767,,anthony.young14@aol.com,7403 Washington St,,Franklin,HI,84920,2026-05-18
VC005693,Adams,Robert,D,11-10-1980,8633,2815022281,,robert.adams62@gmail.com,8448 Forest Ave,,Fairview,ME,74843-4325,2026-05-11
VC005694,Hill,Lisa,M,09/30/1983,9213,943-726-8439,820.944.8847,,9637 Hill Rd,,Dayton,TX,40414,2026-05-10
VC005695,Scott,James,,1963-01-25,9327,+18448787974,,james.scott73@aol.com,277 Lincoln Ave,,Oxford,NY,76120,2026-05-27
VC005696,Young,Sarah,V,19-Dec-1950,8293,768.645.4013,,sarah.young2@hotmail.com,5177 Sunset Blvd,Apt 526,Franklin,MA,33794-8838,2026-05-11
VC005697,Thompson,Jessica,N,01-08-1957,2523,(339) 537-8681,,,9348 Forest Ave,Apt 260,Georgetown,SD,19540,2026-05-09
VC005698,Davis,Christopher,K,07/28/1982,7104,4983737893,,christopher.davis68@aol.com,1339 Hill Rd,,Burlington,NJ,97035,2026-06-01
VC005699,Nelson,Sarah,F,1966-09-21,9470,569-548-4673,592.206.9613,sarah.nelson9@gmail.com,7268 Lake Rd,,Georgetown,HI,23555-2312,2026-05-19
VC005700,Smith,Sarah,N,25-Sep-1959,9009,+12749614807,(227) 256-3959,sarah.smith40@aol.com,2700 Main St,Apt 263,Manchester,TX,27665,2026-05-10
VC005701,Adams,Sandra,,05-17-1947,7441,245.771.2636,,sandra.adams32@aol.com,6203 Forest Ave,Apt 619,Arlington,MS,70686,2026-05-15
VC005702,Scott,John,,01/06/1955,3379,(817) 317-3121,228-441-3551,,8215 Jefferson Dr,,Arlington,ID,94268-6083,2026-05-14
VC005703,Anderson,Sandra,E,1964-10-20,9721,7706288230,+18693004306,sandra.anderson52@hotmail.com,1843 Park Blvd,Apt 396,Richmond,IA,64115,2026-05-10
VC005704,Taylor,James,Q,11-Sep-1954,7944,774-289-4533,702.441.5950,james.taylor40@outlook.com,7279 Washington St,,Clinton,NH,47831,2026-06-02
VC005705,Adams,Joseph,S,11-05-1952,5254,+19707503433,,joseph.adams32@aol.com,3987 Washington St,,Burlington,CA,37155-2182,2026-05-10
VC005706,Johnson,Nancy,G,02/09/1979,7709,304.804.2644,,nancy.johnson50@outlook.com,2882 Maple Dr,Apt 132,Richmond,NC,94635,2026-05-13
VC005707,Harris,Betty,F,1999-04-21,8003,(911) 888-6725,769-208-8691,betty.harris8@icloud.com,2532 Jefferson Dr,Apt 167,Arlington,LA,21536,2026-05-29
VC005708,Martin,Michael,H,30-Jun-1945,8250,8199234048,+19276168772,michael.martin91@outlook.com,7688 Park Blvd,,Burlington,UT,87569-2849,2026-05-29
VC005709,Brown,Mary,G,03-03-1993,9129,896-831-4420,645.357.9946,,6580 Jefferson Dr,Apt 326,Greenville,NY,25390,2026-05-18
VC005710,Smith,Sarah,,05/16/1943,1151,+15053721002,(423) 525-7495,sarah.smith44@outlook.com,5639 Main St,Apt 899,Dayton,AR,79870,2026-05-12
VC005711,Allen,Matthew,,1990-12-07,7565,830.657.4681,,,1943 Jefferson Dr,Apt 488,Oxford,ME,79987-5624,2026-05-23
VC005712,Smith,Mark,V,04-Jun-1993,5018,(957) 255-9215,762-786-7897,mark.smith70@hotmail.com,6929 Cedar Ln,,Springfield,WV,99764,2026-05-11
VC005713,White,Christopher,X,04-12-1967,9556,9175453905,+16207906935,christopher.white13@icloud.com,383 Main St,,Burlington,VT,53117,2026-06-04
VC005714,Johnson,Matthew,Q,10/31/1985,5929,389-883-7639,304.344.6882,,8109 Hill Rd,Apt 154,Marion,RI,50205-2780,2026-05-21
VC005715,Garcia,Margaret,M,1959-01-22,7550,+19074688868,,margaret.garcia13@hotmail.com,3913 Hill Rd,Apt 476,Fairview,WY,39146,2026-05-22
VC005716,Wright,Mark,T,12-Feb-1941,8623,296.472.4852,6167739840,,2727 Park Blvd,,Franklin,SD,67956,2026-05-31
VC005717,Wilson,Daniel,P,12-27-1967,7149,(821) 965-2876,641-234-1977,daniel.wilson22@aol.com,2684 Park Blvd,Apt 332,Franklin,PA,13365-8002,2026-05-26
VC005718,Brown,David,T,08/25/2001,2703,8456239701,,,5584 Lincoln Ave,Apt 304,Madison,MT,16496,2026-05-06
VC005719,Hill,Christopher,,1982-02-17,3328,650-428-4966,,,250 Oak Ave,Apt 869,Clinton,DE,33402,2026-05-12
VC005720,Allen,Mary,H,03-Oct-1978,4881,+12797993065,(330) 858-7996,mary.allen43@hotmail.com,4742 Oak Ave,Apt 161,Georgetown,FL,77354-9718,2026-05-06
VC005721,Hill,Karen,,02-03-1966,6297,370.482.2011,,,4632 Lincoln Ave,,Fairview,MT,57951,2026-05-06
VC005722,Brown,Anthony,D,02/13/1999,5600,(633) 307-8179,,,9485 Valley Ln,,Clinton,KS,43215,2026-05-11
VC005723,Nguyen,Michael,G,1975-05-24,3470,4496302835,,,9759 Hill Rd,,Fairview,ND,80359-2528,2026-06-01
VC005724,Adams,Susan,,09-Dec-1997,4083,479-527-8941,617.452.9346,susan.adams72@yahoo.com,5148 Valley Ln,,Arlington,OH,36222,2026-05-20
VC005725,Wilson,Sarah,F,08-14-1968,2968,+13606479993,(968) 677-7596,,158 Hill Rd,,Burlington,MO,51788,2026-05-27
VC005726,King,John,B,03/22/1940,2526,612.727.5558,2666599275,john.king99@gmail.com,6047 Forest Ave,Apt 101,Salem,MA,86278-5042,2026-05-17
VC005727,Anderson,David,S,1961-05-10,3448,(762) 820-8021,410-849-8943,david.anderson59@icloud.com,3335 Valley Ln,,Manchester,NY,60665,2026-05-12
VC005728,Jackson,Michael,T,21-Sep-1947,8651,8883199934,,michael.jackson43@gmail.com,7085 Lake Rd,,Oxford,ND,93147,2026-05-22
VC005729,Martin,Linda,B,11-21-1961,9841,865-574-1279,,linda.martin47@icloud.com,4590 Jefferson Dr,,Arlington,MI,81323-3271,2026-06-01
VC005730,Scott,Christopher,J,06/04/1955,8480,+14483624847,,christopher.scott75@outlook.com,8547 Jefferson Dr,,Clinton,NV,49411,2026-05-29
VC005731,Martin,William,Q,1993-06-18,1903,325.888.1217,5746434037,william.martin48@outlook.com,4840 Cedar Ln,,Burlington,SC,87588,2026-05-08
VC005732,Scott,Margaret,N,08-Jun-1949,7540,(796) 642-5750,,margaret.scott75@gmail.com,6475 Maple Dr,Apt 746,Dayton,KY,20840-9356,2026-05-18
VC005733,Thomas,Thomas,,07-13-2000,2310,7475732829,,,2931 River Dr,,Marion,WI,60262,2026-05-21
VC005734,Adams,Sarah,,03/08/1984,3179,652-946-2104,,sarah.adams16@yahoo.com,3834 Washington St,,Manchester,OR,41623,2026-05-16
VC005735,Nelson,Christopher,X,2003-01-20,3807,+16155887179,,christopher.nelson5@gmail.com,9056 Forest Ave,,Springfield,SD,11238-4917,2026-06-01
VC005736,Wilson,Margaret,,09-Jul-1960,1504,432.475.1707,,margaret.wilson97@aol.com,310 Lake Rd,,Manchester,CT,25615,2026-06-02
VC005737,Wright,Mark,Y,07-29-1942,6086,(914) 474-6128,661-988-1731,mark.wright73@yahoo.com,269 Lake Rd,,Franklin,LA,90785,2026-05-29
VC005738,Miller,Daniel,B,09/12/1970,3166,3159248921,,daniel.miller63@yahoo.com,4768 Maple Dr,Apt 461,Manchester,CA,23656-1512,2026-05-18
VC005739,Martin,William,D,1997-03-23,5385,650-243-8468,,william.martin71@outlook.com,1680 River Dr,,Richmond,NH,22058,2026-06-01
VC005740,Johnson,Linda,U,19-Jan-1984,3775,+19823948708,(964) 889-4310,linda.johnson38@gmail.com,5514 Forest Ave,,Marion,CO,50079,2026-05-20
VC005741,Baker,Christopher,E,06-19-1957,1542,912.227.8422,,christopher.baker66@yahoo.com,1457 Main St,,Oxford,WY,38436-1106,2026-05-11
VC005742,Nguyen,Mark,,05/31/1993,1096,(384) 649-2818,982-351-3828,,5434 Sunset Blvd,Apt 589,Greenville,AL,97059,2026-05-20
VC005743,Garcia,Mark,D,1958-04-13,2955,6179572650,,,742 Forest Ave,Apt 111,Fairview,MN,32424,2026-05-07
VC005744,Thompson,Thomas,,11-Sep-1947,4197,398-753-1643,545.696.9914,thomas.thompson74@icloud.com,8261 Maple Dr,,Madison,MT,48225-4598,2026-06-03
VC005745,Allen,Susan,Z,08-01-1980,2897,+12014792511,,susan.allen39@gmail.com,640 Washington St,Apt 952,Manchester,OK,45124,2026-05-09
VC005746,Walker,Jessica,,06/12/1977,2546,428.796.9187,,jessica.walker70@yahoo.com,1816 Cedar Ln,,Arlington,CT,18302,2026-05-23
VC005747,Hill,Linda,,1955-01-03,4147,(617) 257-7753,647-623-4120,linda.hill70@hotmail.com,5960 Cedar Ln,,Burlington,NE,84907-1302,2026-06-04
VC005748,Williams,Richard,O,02-Jan-1979,9784,2863601259,+16043152625,,4117 Cedar Ln,,Franklin,HI,79322,2026-05-21
VC005749,Scott,Mark,,06-27-1944,8732,299-852-4473,,mark.scott76@gmail.com,6697 River Dr,Apt 628,Marion,TN,81307,2026-05-13
VC005750,Thompson,Margaret,U,05/01/1974,4546,+14922988082,(275) 647-2676,margaret.thompson8@yahoo.com,2479 Sunset Blvd,Apt 169,Franklin,IL,12095-6383,2026-06-03
VC005751,King,Linda,,1982-04-20,1198,609.432.5182,2538476290,,5492 Washington St,,Georgetown,MA,49723,2026-05-05
VC005752,Hall,Margaret,T,07-Oct-1956,8986,(681) 914-1470,599-730-2865,margaret.hall11@outlook.com,1313 Valley Ln,,Richmond,VT,78947,2026-05-24
VC005753,Harris,Sarah,R,12-11-1991,7111,6824921953,+18028406718,sarah.harris93@gmail.com,4670 Cedar Ln,Apt 510,Fairview,NV,81823-4696,2026-05-26
VC005754,Wilson,David,S,08/30/1941,3352,643-338-5677,,david.wilson18@outlook.com,5741 Sunset Blvd,Apt 44,Clinton,NM,76228,2026-05-10
VC005755,Allen,Richard,E,1998-12-01,1059,+12618866816,(291) 615-4538,richard.allen59@outlook.com,4027 Sunset Blvd,,Georgetown,IA,88094,2026-05-24
VC005756,Young,Patricia,V,20-Jun-1987,7449,734.456.9928,,patricia.young88@icloud.com,3437 Jefferson Dr,,Franklin,VA,94363-6738,2026-05-16
VC005757,Harris,Anthony,J,04-22-1989,7475,(747) 261-4472,841-962-1955,anthony.harris22@yahoo.com,6123 Washington St,,Franklin,LA,56667,2026-05-28
VC005758,Smith,Thomas,X,12/19/1996,4014,3088305631,+17714742906,thomas.smith57@gmail.com,8178 Lake Rd,,Springfield,TX,56685,2026-05-29
VC005759,Taylor,Betty,,1945-04-24,7723,457-925-6105,,,3421 Washington St,,Oxford,RI,18757-9553,2026-06-04
VC005760,Adams,Mark,F,04-Dec-1995,7894,+17824371828,,,7427 Hill Rd,Apt 157,Fairview,NV,43817,2026-06-02
VC005761,Davis,Patricia,I,02-14-1970,2795,982.896.8187,7098228784,patricia.davis1@aol.com,1529 Main St,Apt 642,Clinton,GA,38805,2026-05-06
VC005762,Scott,Michael,J,03/09/2003,1116,(610) 781-5019,,michael.scott93@aol.com,3425 Lake Rd,Apt 165,Fairview,SC,17910-4020,2026-05-15
VC005763,Brown,Anthony,A,1953-08-14,6944,2839957972,+17149648322,anthony.brown40@gmail.com,3759 Jefferson Dr,,Greenville,OK,29637,2026-05-12
VC005764,Martin,Sandra,,14-Apr-2004,9520,771-761-6416,956.722.6960,sandra.martin34@aol.com,5350 Hill Rd,,Greenville,TX,99385,2026-05-05
VC005765,Martin,Linda,,01-25-1944,3041,+17588629563,(822) 522-4352,linda.martin3@gmail.com,9903 Park Blvd,,Fairview,OK,35473-3028,2026-05-09
VC005766,Wright,Mary,A,08/23/1997,6582,869.393.2609,,mary.wright37@hotmail.com,4001 Park Blvd,,Salem,PA,58061,2026-05-05
VC005767,Scott,Thomas,A,1993-02-18,3567,(345) 591-3546,,thomas.scott8@icloud.com,1733 Hill Rd,,Franklin,RI,83157,2026-05-31
VC005768,Baker,David,,16-Feb-1989,7753,4915279079,+15916814698,david.baker66@icloud.com,7070 Valley Ln,Apt 427,Madison,CO,51095-6977,2026-05-07
VC005769,Martin,James,K,04-10-1949,6184,241-577-4578,,james.martin81@gmail.com,9917 Park Blvd,Apt 658,Burlington,UT,80187,2026-05-07
VC005770,Martin,Jessica,A,01/04/1960,4322,+17973605773,,jessica.martin90@yahoo.com,6173 Valley Ln,,Manchester,UT,76732,2026-05-08
VC005771,Adams,Jessica,Z,1977-02-20,5022,631.800.8814,,jessica.adams42@outlook.com,8205 Park Blvd,,Burlington,NC,36896-3067,2026-05-23
VC005772,Brown,Joseph,W,19-Sep-2000,6857,(251) 951-9124,748-313-2117,joseph.brown55@gmail.com,964 Hill Rd,,Salem,KS,49898,2026-05-25
VC005773,Hall,Patricia,,05-14-1962,1670,3226972102,,patricia.hall46@yahoo.com,4102 Washington St,,Greenville,KY,83030,2026-05-27
VC005774,Thomas,Thomas,V,09/01/1994,4779,266-591-2699,,thomas.thomas30@aol.com,3094 Valley Ln,Apt 747,Madison,MO,82199-3059,2026-05-16
VC005775,Nguyen,Nancy,R,1987-12-03,1331,+16293909681,(645) 866-9040,nancy.nguyen62@gmail.com,3923 Park Blvd,Apt 574,Salem,MI,50826,2026-05-15
VC005776,Hall,Michael,S,14-Jun-1996,2068,431.879.7975,,,8044 Maple Dr,,Manchester,NV,38816,2026-05-22
VC005777,Taylor,Sandra,L,02-03-1946,9050,(267) 216-3591,,,9889 Washington St,,Arlington,OH,33520-6274,2026-05-10
VC005778,Torres,Christopher,V,08/19/1974,7073,8426073954,,,5967 Jefferson Dr,,Salem,IN,21328,2026-05-05
VC005779,Anderson,Charles,,1941-12-09,3355,657-545-7318,977.341.5663,,3122 Lincoln Ave,Apt 147,Manchester,WY,93856,2026-05-09
VC005780,White,Ashley,,22-Jun-1982,9179,+14802426455,(276) 831-9192,,8795 Lincoln Ave,,Arlington,KS,93570-7394,2026-05-19
VC005781,Miller,Lisa,R,04-23-1973,2290,615.429.6655,,lisa.miller9@aol.com,4195 Valley Ln,,Madison,TX,93549,2026-05-18
VC005782,Torres,Jessica,,03/10/1993,3224,(287) 337-2572,686-858-4079,jessica.torres41@outlook.com,9743 Hill Rd,,Marion,WY,25269,2026-05-12
VC005783,Brown,Robert,,1990-09-10,1818,7528571269,,robert.brown73@hotmail.com,2394 Oak Ave,,Fairview,SC,54542-4715,2026-05-06
VC005784,Adams,Karen,,14-Aug-1966,7084,525-335-2537,432.866.6882,,8405 Oak Ave,,Burlington,ID,54967,2026-05-17
VC005785,Brown,Betty,,09-13-1990,1519,+13532296816,,betty.brown8@yahoo.com,3517 Washington St,,Springfield,MO,50199,2026-05-12
VC005786,Garcia,Mark,,07/03/1988,5088,698.899.1489,9116601177,,8498 River Dr,,Marion,NY,62960-7222,2026-05-29
VC005787,Davis,Nancy,E,2000-11-03,2864,(325) 846-3562,752-537-4665,,7172 Sunset Blvd,Apt 744,Marion,WA,98735,2026-05-08
VC005788,Martin,Barbara,,29-Dec-1946,8486,2595942698,+19109339900,,2067 Lake Rd,,Greenville,ME,92101,2026-05-06
VC005789,Johnson,Patricia,R,05-18-1968,5033,971-462-8649,,,2799 River Dr,,Richmond,NM,63841-3751,2026-05-06
VC005790,White,Christopher,D,11/03/1980,9118,+19273543525,,christopher.white63@gmail.com,4811 Lake Rd,,Marion,MN,30135,2026-05-17
VC005791,Baker,Thomas,,1995-06-02,8352,576.258.6973,7763075896,thomas.baker29@yahoo.com,1060 Sunset Blvd,,Marion,TX,58172,2026-05-09
VC005792,Harris,Lisa,W,09-Jul-1995,2549,(919) 329-1841,,,5168 River Dr,Apt 610,Georgetown,NE,70859-2917,2026-05-13
VC005793,Williams,John,D,12-09-1985,8666,7823657974,,john.williams61@outlook.com,2324 Jefferson Dr,,Arlington,PA,59623,2026-05-09
VC005794,Smith,Michael,,12/28/1999,4097,239-888-2494,806.707.7072,michael.smith65@yahoo.com,3217 Maple Dr,Apt 552,Franklin,LA,29144,2026-06-03
VC005795,Brown,Christopher,,2004-05-23,2744,+19515608745,(922) 713-7490,christopher.brown12@outlook.com,1462 Oak Ave,,Springfield,NY,97066-7460,2026-05-05
VC005796,Walker,David,,12-Aug-1962,5481,742.779.2022,,david.walker94@icloud.com,3601 Park Blvd,,Salem,NJ,99659,2026-06-03
VC005797,Wright,Matthew,X,07-01-1986,2522,(813) 644-7659,374-616-6539,matthew.wright98@outlook.com,3926 Forest Ave,,Oxford,TN,52894,2026-05-25
VC005798,Miller,Nancy,Y,05/08/1941,1460,3798992210,+17605816392,,977 Cedar Ln,,Salem,WV,72469-1240,2026-06-04
VC005799,Martin,Mark,F,1982-06-27,5637,447-787-6804,,mark.martin7@gmail.com,3630 Jefferson Dr,,Greenville,MN,28592,2026-05-29
VC005800,Nguyen,John,I,26-Oct-1961,6610,+18555912440,,john.nguyen7@aol.com,6775 Jefferson Dr,,Fairview,OR,90652,2026-05-18
VC005801,Thomas,Mary,J,10-26-1971,9991,703.439.5582,5153455988,mary.thomas65@yahoo.com,6013 Valley Ln,,Oxford,ND,60391-8773,2026-05-30
VC005802,Walker,Christopher,,06/17/1960,6092,(738) 561-5911,,christopher.walker67@aol.com,6701 Park Blvd,,Clinton,SC,85515,2026-05-25
VC005803,Torres,Michael,W,1996-12-21,3573,3545548397,,michael.torres38@icloud.com,4150 Oak Ave,Apt 830,Marion,NV,24791,2026-05-12
VC005804,Nguyen,Mary,,22-Jan-1988,7962,465-260-8599,877.406.4872,mary.nguyen41@hotmail.com,4464 Cedar Ln,,Richmond,WY,48309-6221,2026-05-20
VC005805,Wright,David,,05-23-1940,4494,+15857328962,,david.wright44@icloud.com,4391 Hill Rd,,Dayton,MO,82038,2026-05-30
VC005806,Jackson,Anthony,,05/08/1996,8074,862.650.8548,,anthony.jackson6@hotmail.com,9394 Jefferson Dr,,Marion,AZ,62257,2026-05-05
VC005807,Davis,John,Y,1989-07-09,5929,(482) 651-6837,303-491-1599,john.davis3@icloud.com,738 Main St,,Springfield,MD,54002-5570,2026-05-12
VC005808,King,Sandra,,18-Apr-1956,7859,2949408356,,,1456 Main St,,Manchester,RI,25025,2026-05-11
VC005809,Thompson,Lisa,,12-18-1955,7021,727-488-5065,,,9709 Lake Rd,,Richmond,IN,73851,2026-05-20
VC005810,Garcia,Betty,F,03/09/1951,5534,+16186512789,(758) 537-7152,betty.garcia25@hotmail.com,2722 Oak Ave,Apt 333,Madison,CO,59509-1973,2026-05-13
VC005811,Garcia,James,C,1960-04-18,6531,357.583.6429,,james.garcia9@gmail.com,5637 Jefferson Dr,Apt 496,Springfield,DE,91027,2026-05-20
VC005812,Harris,William,O,21-Apr-2000,3727,(202) 392-6362,786-490-8085,william.harris39@yahoo.com,9924 Park Blvd,,Madison,CT,12187,2026-05-13
VC005813,Hall,Sandra,,03-30-1980,3401,4405789404,+17672382254,sandra.hall70@gmail.com,9757 Hill Rd,,Arlington,WY,86639-1649,2026-05-20
VC005814,Martin,Mary,M,06/10/1981,2316,843-995-7296,880.311.2899,mary.martin3@hotmail.com,4507 Hill Rd,,Dayton,IL,97872,2026-05-15
VC005815,Nelson,Mark,,1991-06-13,9304,+12806684506,,mark.nelson58@hotmail.com,2035 Maple Dr,,Salem,MD,40222,2026-05-07
VC005816,Wright,Charles,U,06-Aug-1977,3573,654.386.9769,7933705607,,9076 Washington St,,Clinton,MA,61768-4030,2026-05-15
VC005817,Allen,Michael,L,09-02-1990,1735,(516) 392-4305,221-894-6464,,531 Cedar Ln,Apt 242,Madison,CO,84727,2026-05-23
VC005818,Wilson,Joseph,R,06/06/1981,1995,4953676407,+18356337727,joseph.wilson53@icloud.com,4498 Maple Dr,,Dayton,MD,98990,2026-05-30
VC005819,Torres,Joseph,,2002-11-12,3917,592-671-5418,,,9415 Main St,,Salem,OH,66685-2251,2026-06-03
VC005820,Garcia,Margaret,,07-Jul-1963,3178,+16468767801,,margaret.garcia40@yahoo.com,7376 Forest Ave,,Fairview,AK,21400,2026-05-22
VC005821,Garcia,Robert,Z,02-16-1981,4019,311.521.6472,,robert.garcia17@aol.com,5862 Cedar Ln,Apt 834,Franklin,IA,21940,2026-05-25
VC005822,Garcia,Joseph,M,02/20/1987,6691,(858) 365-2067,,joseph.garcia96@aol.com,4992 River Dr,,Richmond,SC,65768-9492,2026-06-04
VC005823,Thomas,Anthony,G,1951-03-18,5928,9404144879,,anthony.thomas60@gmail.com,6781 Forest Ave,,Clinton,PA,57747,2026-05-27
VC005824,Hall,Sandra,Q,27-Feb-1979,9673,581-389-7372,556.560.8234,sandra.hall80@aol.com,6813 Park Blvd,Apt 760,Fairview,CO,43955,2026-06-03
VC005825,Allen,Lisa,W,04-19-2002,6572,+15852184525,,lisa.allen8@hotmail.com,2100 River Dr,Apt 424,Richmond,MT,27565-8534,2026-05-23
VC005826,Jones,John,X,03/07/1967,7151,248.888.9388,,john.jones30@gmail.com,2293 Sunset Blvd,,Manchester,IL,79580,2026-05-22
VC005827,Hill,Ashley,R,1991-03-20,1341,(406) 624-8931,,ashley.hill69@aol.com,1007 Lincoln Ave,,Springfield,IL,64383,2026-05-31
VC005828,Scott,William,,30-Mar-1942,9984,6144628510,+18005036456,william.scott55@yahoo.com,4963 Sunset Blvd,Apt 671,Dayton,SC,14336-7362,2026-05-29
VC005829,Hill,Sarah,,06-17-1962,4522,897-474-4048,,,3896 River Dr,,Burlington,KS,67859,2026-05-28
VC005830,Miller,Charles,J,06/29/1992,5181,+19383727145,(867) 650-1130,charles.miller82@icloud.com,3448 Oak Ave,Apt 173,Manchester,IA,49507,2026-05-28
VC005831,Baker,Jessica,X,1941-01-16,5177,230.550.9501,,jessica.baker7@aol.com,5647 Hill Rd,,Greenville,LA,98911-2087,2026-05-16
VC005832,Johnson,Sarah,,20-Dec-1975,3641,(716) 860-7295,,,404 Lake Rd,,Clinton,NY,47225,2026-05-21
VC005833,Martin,Joseph,,04-02-1945,5976,3852275820,,joseph.martin29@aol.com,9809 Cedar Ln,,Franklin,KY,73752,2026-05-28
VC005834,Smith,David,,04/14/1940,3612,307-517-1725,,david.smith21@outlook.com,4866 Park Blvd,,Marion,WV,52560-5376,2026-06-01
VC005835,Thompson,David,,1994-08-01,8814,+14622207090,(440) 551-7939,david.thompson10@hotmail.com,4787 Valley Ln,,Dayton,SD,97724,2026-05-31
VC005836,Nelson,Michael,,08-Jun-1961,1551,928.380.1232,,,4518 Sunset Blvd,,Fairview,ND,54848,2026-05-16
VC005837,Thompson,Barbara,A,08-04-1965,9030,(569) 503-9255,637-504-9065,,4546 Oak Ave,,Franklin,PA,84947-7473,2026-05-28
VC005838,Anderson,Lisa,,04/26/1996,4242,7967009800,,lisa.anderson3@yahoo.com,3527 Washington St,Apt 151,Manchester,KS,54656,2026-05-24
VC005839,Johnson,Daniel,,1969-07-03,5906,333-997-6770,,daniel.johnson61@icloud.com,2446 Hill Rd,,Clinton,MI,37352,2026-05-09
VC005840,Martin,John,M,07-Dec-1951,9376,+15523526577,(854) 307-6414,john.martin47@icloud.com,3014 Jefferson Dr,Apt 545,Greenville,CA,76535-9208,2026-06-04
VC005841,Davis,Robert,D,12-14-1992,3929,322.913.8639,,robert.davis13@hotmail.com,5162 Oak Ave,Apt 198,Oxford,MO,71967,2026-05-06
VC005842,Scott,Patricia,S,01/18/1985,1170,(640) 983-4711,,,5838 Maple Dr,,Marion,OK,28026,2026-05-13
VC005843,Jackson,William,,1977-09-04,5369,9968092825,+12698004221,,8460 Lincoln Ave,,Fairview,WY,78378-9837,2026-06-03
VC005844,Harris,Susan,,03-Jun-1961,6254,853-718-7210,,,3040 Main St,Apt 872,Oxford,MS,91290,2026-06-01
VC005845,Allen,Susan,A,10-20-2004,3005,+13677566795,(217) 735-8031,,1016 Forest Ave,Apt 19,Georgetown,TX,41710,2026-05-28
VC005846,Nguyen,Betty,D,11/08/1975,4219,986.985.7224,,,988 Washington St,,Dayton,IA,49729-4910,2026-05-21
VC005847,Baker,William,Y,1954-10-17,4452,(216) 904-6249,218-356-5893,william.baker17@aol.com,4165 Sunset Blvd,,Springfield,AR,86605,2026-05-18
VC005848,Thompson,Patricia,,24-Oct-1974,6657,3355931433,+13036974124,,1247 Cedar Ln,,Georgetown,ND,75507,2026-05-05
VC005849,Williams,Richard,T,10-22-1986,2334,451-465-3487,487.699.7497,richard.williams63@hotmail.com,2329 Valley Ln,,Arlington,HI,35379-7081,2026-05-11
VC005850,Thomas,Susan,,10/07/1976,5368,+18757294380,,susan.thomas66@hotmail.com,1763 Main St,,Fairview,LA,50600,2026-05-26
VC005851,Allen,Jennifer,D,1955-10-10,9099,972.203.6978,,jennifer.allen87@yahoo.com,3601 Main St,Apt 319,Georgetown,CO,40700,2026-06-01
VC005852,Wright,Lisa,A,06-Feb-1992,6703,(994) 874-9608,969-884-7776,lisa.wright91@aol.com,4248 Maple Dr,,Burlington,MA,87182-1920,2026-05-13
VC005853,Young,Thomas,,07-24-1954,3253,3662286216,+15772334368,,2006 Maple Dr,,Georgetown,VA,40871,2026-05-26
VC005854,Hall,Nancy,T,12/23/1948,1998,431-362-2435,,nancy.hall23@outlook.com,8642 Valley Ln,,Madison,WY,58438,2026-05-21
VC005855,Anderson,John,,1953-03-20,1624,+12773666912,,john.anderson40@icloud.com,6862 River Dr,,Salem,NE,74950-2336,2026-05-22
VC005856,Wright,William,H,27-Feb-1982,5771,445.377.2229,,,2565 Main St,,Clinton,NH,87832,2026-05-27
VC005857,Jones,Barbara,M,05-16-1963,9455,(374) 519-4687,531-810-2281,,9964 Forest Ave,Apt 920,Richmond,NV,79091,2026-06-01
VC005858,Young,James,,06/05/1995,5656,8096686029,+17616234923,,8160 Park Blvd,Apt 976,Marion,MN,99860-8251,2026-05-26
VC005859,Taylor,Susan,F,2001-12-25,2744,803-240-1496,,susan.taylor40@yahoo.com,2654 Washington St,,Richmond,AR,76225,2026-05-16
VC005860,Davis,Susan,M,22-Dec-2000,1266,+17139712296,,susan.davis55@hotmail.com,8730 Jefferson Dr,,Salem,MS,46488,2026-05-14
VC005861,Scott,Mary,P,12-28-1990,8561,796.217.9779,,,8951 Cedar Ln,,Salem,WA,55236-7267,2026-05-25
VC005862,Garcia,William,V,07/26/1959,3679,(219) 987-4268,351-322-6264,william.garcia71@gmail.com,3115 Lake Rd,,Georgetown,VT,61704,2026-05-19
VC005863,Smith,Patricia,P,1959-08-23,2368,2789877580,+18538429813,patricia.smith36@hotmail.com,1654 Washington St,,Springfield,AR,89315,2026-05-27
VC005864,Hill,Linda,,25-Feb-1988,8647,551-370-2281,308.584.8430,linda.hill67@gmail.com,1759 River Dr,,Fairview,PA,94137-7206,2026-05-29
VC005865,Nelson,Lisa,,08-13-1950,2024,+14334877686,,lisa.nelson63@yahoo.com,1681 Lake Rd,,Burlington,AZ,45644,2026-05-14
VC005866,Wright,David,S,04/08/1986,6605,834.740.4068,,,9153 Forest Ave,Apt 932,Marion,MA,19242,2026-06-04
VC005867,Hill,Barbara,K,1986-09-13,5785,(320) 224-3301,717-584-8164,,1418 Sunset Blvd,Apt 212,Salem,WA,50540-8228,2026-05-05
VC005868,Miller,Sarah,J,10-May-1967,5247,8839973210,,sarah.miller19@hotmail.com,4950 Forest Ave,Apt 138,Franklin,NC,92022,2026-05-18
VC005869,Jackson,Robert,,03-01-1954,3655,834-581-9732,574.885.3205,,7935 Park Blvd,Apt 319,Salem,OH,33587,2026-05-31
VC005870,Allen,Sarah,U,09/19/1968,9456,+13538388151,,,8288 Forest Ave,,Burlington,GA,26972-9038,2026-05-07
VC005871,Nelson,Barbara,,1977-12-15,8356,595.800.9038,,barbara.nelson79@outlook.com,2361 Forest Ave,,Richmond,VT,39109,2026-05-22
VC005872,Johnson,Sarah,U,13-Mar-1982,2857,(585) 765-2598,219-751-2672,,9143 Lake Rd,,Arlington,CT,80662,2026-05-05
VC005873,Allen,Linda,Y,05-24-1997,9730,3986112244,,linda.allen99@outlook.com,8116 Valley Ln,Apt 863,Marion,ME,44336-4549,2026-05-20
VC005874,Baker,Daniel,H,09/25/1986,8933,797-370-9690,301.201.8465,daniel.baker89@icloud.com,5094 Jefferson Dr,,Greenville,MI,16442,2026-06-03
VC005875,King,Joseph,S,1951-02-21,6924,+19305503531,(321) 289-4855,,6936 Valley Ln,Apt 262,Oxford,WY,17089,2026-05-31
VC005876,Walker,Robert,,06-Jan-1996,4083,788.824.4350,,robert.walker16@outlook.com,734 Park Blvd,Apt 380,Greenville,AR,83965-8552,2026-05-11
VC005877,Williams,William,W,04-14-1979,9225,(570) 622-5753,,,5449 Lake Rd,,Franklin,KY,66400,2026-05-27
VC005878,King,Linda,S,10/04/1942,6529,3208614349,+18062154129,,312 Main St,,Manchester,FL,27026,2026-05-05
VC005879,Adams,Patricia,N,1977-07-01,2560,246-509-9710,503.550.1776,patricia.adams21@aol.com,5871 Main St,Apt 109,Greenville,GA,15909-8062,2026-05-21
VC005880,Allen,Jennifer,O,11-Sep-1950,6884,+15092897672,(883) 528-6632,jennifer.allen17@gmail.com,7603 Hill Rd,Apt 679,Arlington,WY,33177,2026-05-15
VC005881,Jones,Matthew,,11-04-1980,9422,568.878.2902,2757964977,matthew.jones28@hotmail.com,9074 Oak Ave,Apt 139,Springfield,NH,79686,2026-06-02
VC005882,Thompson,Lisa,,05/29/1978,4383,(581) 679-2936,867-301-6335,lisa.thompson54@outlook.com,2793 Park Blvd,,Richmond,WV,11021-9031,2026-05-23
VC005883,Johnson,Mark,U,1990-04-02,7442,8806836359,+19806396659,,4958 Hill Rd,Apt 456,Manchester,DE,41558,2026-06-04
VC005884,King,Daniel,N,15-Mar-1944,9323,932-275-9551,,daniel.king3@gmail.com,5470 Sunset Blvd,,Franklin,WA,29903,2026-05-13
VC005885,Nelson,Joseph,Q,02-20-1992,6420,+17208888253,,joseph.nelson93@icloud.com,463 Hill Rd,,Salem,IA,64095-1340,2026-05-28
VC005886,Allen,Joseph,,11/11/1989,9011,861.202.8807,,joseph.allen89@yahoo.com,71 Main St,,Dayton,ID,64154,2026-05-30
VC005887,Harris,Sarah,G,1993-09-15,3916,(632) 459-1039,,sarah.harris70@outlook.com,6293 Sunset Blvd,,Richmond,NC,79556,2026-05-07
VC005888,Allen,Richard,H,12-Aug-1996,2310,7339984376,,richard.allen91@aol.com,2738 Main St,Apt 552,Arlington,SC,85302-7112,2026-05-18
VC005889,Harris,Patricia,,10-15-1942,1825,675-339-7040,546.741.6092,patricia.harris79@yahoo.com,7693 Washington St,,Burlington,IN,23638,2026-05-05
VC005890,Garcia,Sandra,V,03/17/1946,5606,+17217505679,,sandra.garcia39@hotmail.com,6166 Washington St,,Oxford,IN,68455,2026-05-16
VC005891,King,Michael,,1944-02-27,8640,412.335.3637,2555672990,,1575 River Dr,,Manchester,OK,77305-6144,2026-05-07
VC005892,Hill,Mark,,24-Oct-1967,2186,(449) 970-8921,254-575-8989,mark.hill22@yahoo.com,7328 Lincoln Ave,Apt 83,Springfield,HI,49452,2026-05-24
VC005893,Anderson,David,O,07-13-1994,1368,6458431147,,david.anderson35@icloud.com,7281 Washington St,,Madison,FL,85934,2026-06-01
VC005894,Johnson,Patricia,,10/08/1961,8232,723-652-6072,,patricia.johnson98@outlook.com,2410 Park Blvd,,Dayton,TX,78633-9985,2026-05-26
VC005895,Garcia,Jessica,,1984-05-28,8008,+17508388700,(997) 326-4186,jessica.garcia86@gmail.com,5234 Valley Ln,,Marion,MT,49054,2026-06-04
VC005896,Anderson,Karen,F,22-Jul-1958,9404,284.650.2246,,,9445 Lake Rd,Apt 826,Greenville,MT,40988,2026-05-16
VC005897,Torres,Matthew,,06-21-1968,3088,(922) 202-7747,,matthew.torres49@hotmail.com,2568 Park Blvd,Apt 615,Burlington,RI,47769-5650,2026-05-20
VC005898,Smith,Sandra,,01/07/1955,9354,2329212923,,sandra.smith53@icloud.com,7245 Maple Dr,Apt 797,Madison,CO,15309,2026-05-27
VC005899,Wright,David,G,1948-07-07,3353,288-418-6097,,david.wright18@aol.com,1718 Maple Dr,,Greenville,KS,16224,2026-05-30
VC005900,Davis,David,,20-Oct-1981,5764,+14054229475,,david.davis44@gmail.com,7105 Oak Ave,Apt 458,Manchester,IA,64299-5810,2026-05-15
VC005901,Smith,Margaret,K,02-03-1940,4037,255.933.5428,,margaret.smith93@hotmail.com,3844 Park Blvd,,Springfield,WY,20639,2026-05-07
VC005902,Hall,Sandra,D,05/01/1954,2678,(635) 371-9312,,sandra.hall44@hotmail.com,6622 Main St,Apt 607,Arlington,MD,49783,2026-05-05
VC005903,Johnson,David,W,1991-07-23,6966,7803396406,+15769967592,david.johnson85@hotmail.com,3707 Jefferson Dr,,Arlington,TN,10286-5838,2026-05-25
VC005904,Young,Patricia,H,29-Oct-2001,6375,507-995-8936,691.888.6023,patricia.young38@icloud.com,9980 Park Blvd,,Springfield,MA,14990,2026-05-13
VC005905,Williams,Sarah,,03-11-1968,4123,+19567909871,,sarah.williams90@gmail.com,6893 Washington St,,Fairview,LA,55240,2026-05-11
VC005906,Hill,Margaret,R,03/25/1978,1348,557.657.5443,,margaret.hill42@outlook.com,4014 Cedar Ln,Apt 916,Franklin,OR,14240-4797,2026-05-06
VC005907,Hall,Matthew,,1944-08-09,6603,(574) 980-9929,378-704-6302,matthew.hall15@aol.com,2725 Lake Rd,Apt 712,Georgetown,MI,30429,2026-05-17
VC005908,Garcia,Barbara,W,05-Mar-1951,7193,8529125930,,,473 Forest Ave,,Springfield,NC,13408,2026-05-26
VC005909,Taylor,Susan,,12-14-1966,3288,691-701-7893,,susan.taylor86@hotmail.com,8594 Park Blvd,Apt 611,Manchester,NE,67698-5817,2026-05-20
VC005910,Young,James,S,09/01/1983,9075,+16809499344,,,9587 Jefferson Dr,,Greenville,NJ,38319,2026-05-10
VC005911,Thompson,James,U,1940-03-05,4570,932.598.9023,4254175945,,908 Main St,,Richmond,OR,23588,2026-05-28
VC005912,Thomas,Karen,R,05-Mar-1952,1548,(409) 503-4007,,,3122 Jefferson Dr,Apt 516,Clinton,HI,97916-4301,2026-05-14
VC005913,Jackson,James,,12-17-1955,1815,3435332720,+12994387971,james.jackson48@gmail.com,4922 Park Blvd,,Georgetown,KY,29310,2026-05-25
VC005914,Jones,John,R,06/14/1989,1925,234-849-6747,,john.jones24@icloud.com,7843 Washington St,Apt 11,Franklin,WA,48549,2026-05-11
VC005915,Scott,Karen,,1976-11-11,8872,+13294196823,(900) 851-1020,karen.scott61@yahoo.com,3832 Washington St,Apt 224,Springfield,IA,38950-4684,2026-05-18
VC005916,King,David,J,10-Mar-1993,4172,729.536.4153,5858711254,,1770 Oak Ave,Apt 690,Springfield,RI,18853,2026-05-17
VC005917,Young,John,H,04-16-1965,7385,(340) 602-2062,608-983-2615,john.young72@yahoo.com,6548 Cedar Ln,,Madison,AZ,55046,2026-06-04
VC005918,White,Margaret,S,04/15/1948,8411,2634818620,,margaret.white60@icloud.com,8015 Jefferson Dr,,Burlington,MN,81684-9682,2026-05-22
VC005919,Nelson,Christopher,J,1962-11-27,7559,892-671-1432,581.450.4279,christopher.nelson8@aol.com,3952 Jefferson Dr,,Oxford,SC,38030,2026-05-23
VC005920,Thompson,Linda,J,17-Aug-1969,1000,+15802325845,,linda.thompson24@aol.com,1675 River Dr,,Greenville,WI,70907,2026-05-08
VC005921,Johnson,Susan,L,03-25-1992,1900,474.489.1568,,susan.johnson2@aol.com,4358 Valley Ln,,Manchester,CA,94506-9903,2026-05-10
VC005922,Hill,Karen,I,06/07/2004,3539,(820) 721-5566,234-523-1936,,2044 Valley Ln,,Salem,CO,13105,2026-05-21
VC005923,Adams,Linda,V,1973-03-21,7786,7357357315,+17274232341,,2339 Oak Ave,,Franklin,CA,54357,2026-05-30
VC005924,Brown,Charles,A,02-Sep-1963,3726,329-888-3104,740.915.6011,,3214 Lincoln Ave,,Manchester,HI,19903-5399,2026-05-12
VC005925,Williams,Sandra,B,03-05-1971,1609,+12448044852,(416) 806-1829,sandra.williams32@aol.com,3360 Maple Dr,,Richmond,ME,15845,2026-05-28
VC005926,Nguyen,Christopher,,04/16/1992,8706,611.787.6329,,,8404 Lincoln Ave,,Richmond,ND,75105,2026-05-09
VC005927,Thomas,Jennifer,,1995-05-24,2153,(785) 442-2431,,,1236 Main St,,Burlington,AL,54713-6197,2026-06-04
VC005928,Smith,Mark,,14-Oct-1986,1129,2327622317,+16318339594,,6208 Park Blvd,,Richmond,PA,42996,2026-05-24
VC005929,Baker,Margaret,,07-02-1998,1690,266-638-8667,978.973.3765,margaret.baker79@hotmail.com,9279 Lake Rd,Apt 587,Dayton,TX,30555,2026-05-09
VC005930,Miller,Charles,R,10/27/1945,6526,+18412554132,(528) 816-7355,charles.miller51@outlook.com,9796 Cedar Ln,,Oxford,KY,97863-2711,2026-05-30
VC005931,Jackson,David,,1978-05-05,2485,547.543.8224,3505082531,david.jackson18@gmail.com,8461 Jefferson Dr,,Salem,ME,38070,2026-05-23
VC005932,Smith,Ashley,Z,13-Mar-1994,6092,(755) 748-2617,,,4664 Hill Rd,,Madison,OH,93322,2026-05-21
VC005933,Young,Susan,,11-22-1978,6934,7188636590,,susan.young48@gmail.com,208 Jefferson Dr,,Clinton,NY,23833-2376,2026-05-20
VC005934,Nguyen,Mary,L,02/21/1967,4141,453-685-9651,929.939.1394,mary.nguyen1@yahoo.com,5133 Lincoln Ave,,Richmond,WI,44320,2026-05-22
VC005935,Davis,Karen,P,1953-09-23,2879,+12064747153,,,6014 Washington St,,Dayton,NJ,56877,2026-05-28
VC005936,Baker,Thomas,,19-Jul-1946,1273,335.596.7895,3632785082,,5987 Hill Rd,,Dayton,ID,71736-4839,2026-05-13
VC005937,Martin,Richard,Q,07-16-1946,9081,(542) 535-1131,,richard.martin98@yahoo.com,3572 Maple Dr,Apt 866,Dayton,MN,11448,2026-05-11
VC005938,Thomas,David,S,06/23/1958,9289,8749428965,+12888231786,,7560 Jefferson Dr,Apt 824,Salem,IL,50731,2026-05-24
VC005939,Wright,Joseph,T,1968-08-21,7447,925-555-1292,,joseph.wright96@outlook.com,9837 Lake Rd,,Dayton,TN,27165-9159,2026-05-31
VC005940,White,Joseph,S,09-Jun-1952,9386,+18546205946,(645) 749-8859,joseph.white4@aol.com,2904 Main St,,Clinton,OH,17943,2026-05-26
VC005941,Baker,Christopher,,10-15-1978,6814,908.569.1756,3275545523,christopher.baker37@yahoo.com,928 Forest Ave,,Oxford,MT,23449,2026-05-05
VC005942,Walker,Jennifer,K,10/13/1941,8345,(332) 715-6450,,jennifer.walker24@hotmail.com,8836 Valley Ln,Apt 857,Madison,CT,38108-7564,2026-06-04
VC005943,Jones,Nancy,,1977-11-04,7196,6973868486,,nancy.jones31@outlook.com,462 Jefferson Dr,Apt 678,Greenville,OH,87922,2026-05-29
VC005944,Walker,Karen,,10-Oct-1949,5822,784-323-3011,200.209.6472,karen.walker34@gmail.com,1617 Washington St,,Clinton,AL,90969,2026-05-31
VC005945,Nguyen,Nancy,D,01-11-1953,5949,+13653317005,,,3406 Main St,,Georgetown,MS,52185-2709,2026-06-03
VC005946,Nelson,Anthony,U,11/11/1992,5271,830.925.9578,2989567960,anthony.nelson9@outlook.com,5592 Forest Ave,,Georgetown,WA,36745,2026-06-04
VC005947,Walker,Christopher,C,2004-10-18,1059,(689) 309-5081,386-947-6442,christopher.walker7@yahoo.com,2049 Hill Rd,,Greenville,SD,18238,2026-05-31
VC005948,Martin,Sandra,S,15-Jul-1960,1943,8153927321,+12724684793,sandra.martin32@icloud.com,3917 Lake Rd,,Georgetown,WY,74261-8839,2026-05-27
VC005949,Allen,Richard,T,08-20-1964,2455,782-519-9292,784.596.3238,richard.allen35@hotmail.com,3409 Lincoln Ave,Apt 515,Burlington,AK,72475,2026-05-28
VC005950,Thompson,Michael,J,06/25/1977,6199,+17982021229,,michael.thompson57@yahoo.com,8022 Oak Ave,,Arlington,TX,37462,2026-05-12
VC005951,White,Matthew,,1994-06-07,4610,652.378.4537,7822638142,matthew.white4@icloud.com,5071 Hill Rd,,Burlington,IA,78156-3772,2026-05-15
VC005952,Wright,Ashley,Q,25-Dec-1976,9766,(445) 939-1812,,,1560 Park Blvd,Apt 407,Dayton,NY,11373,2026-05-31
VC005953,Johnson,Sarah,E,01-13-1951,5092,2022918036,,sarah.johnson44@yahoo.com,9705 Main St,,Oxford,NC,57651,2026-05-18
VC005954,Jackson,Sandra,,02/18/1997,7699,434-584-4126,,sandra.jackson42@yahoo.com,1699 Sunset Blvd,,Richmond,WA,51462-3492,2026-05-12
VC005955,Anderson,Mark,,1946-10-27,5666,+13732745651,,mark.anderson29@icloud.com,7015 Main St,Apt 121,Salem,NM,83709,2026-06-01
VC005956,Nelson,Christopher,I,03-Mar-1955,7381,599.211.2149,,,9759 Cedar Ln,Apt 662,Dayton,NJ,74269,2026-05-12
VC005957,Thompson,Christopher,,07-16-1979,9951,(605) 297-8168,,christopher.thompson50@yahoo.com,2478 Valley Ln,,Clinton,NY,19552-4015,2026-05-24
VC005958,White,Michael,,07/18/1949,8275,8293821813,+17958856606,michael.white34@gmail.com,6690 Hill Rd,Apt 624,Dayton,WA,98280,2026-06-04
VC005959,Wilson,Karen,M,1988-01-29,4338,609-667-2364,201.941.3874,karen.wilson84@yahoo.com,4165 Sunset Blvd,Apt 768,Clinton,VT,28775,2026-05-19
VC005960,Williams,Anthony,,02-Feb-1942,1665,+19122952948,,anthony.williams36@aol.com,7836 River Dr,,Salem,MI,58673-8010,2026-05-26
VC005961,Scott,James,S,06-24-1977,9600,678.377.2108,,,8186 Main St,,Madison,WA,66237,2026-06-02
VC005962,Scott,Karen,U,10/09/1985,7714,(311) 434-8945,,karen.scott76@hotmail.com,2279 Forest Ave,,Manchester,KY,93334,2026-05-09
VC005963,Jones,Jessica,,1991-11-08,9561,2854909908,,,6696 Park Blvd,,Fairview,AL,10932-1156,2026-05-23
VC005964,Jones,Jennifer,F,24-Dec-1952,9580,219-508-9426,,jennifer.jones71@yahoo.com,6879 Jefferson Dr,Apt 829,Salem,WY,79393,2026-05-20
VC005965,Allen,Sarah,D,10-10-1960,4244,+17765943576,,sarah.allen75@aol.com,8530 River Dr,,Salem,ME,38601,2026-05-23
VC005966,Walker,Thomas,W,04/27/1951,1699,835.350.2970,,thomas.walker74@icloud.com,7358 Maple Dr,,Greenville,IN,35260-7081,2026-05-10
VC005967,Taylor,Jennifer,,1997-02-22,7593,(830) 614-6184,563-757-9078,,5858 Oak Ave,Apt 490,Arlington,UT,63427,2026-06-03
VC005968,Torres,Mary,,30-Nov-1985,8578,9484925916,,mary.torres98@aol.com,5290 Cedar Ln,,Greenville,IL,43484,2026-05-24
VC005969,Nelson,Matthew,B,07-31-1971,9921,634-581-5184,877.341.4588,,4687 Hill Rd,,Madison,VT,42151-5597,2026-05-13
VC005970,Baker,Linda,,12/18/2000,7516,+12464961274,,,7507 Oak Ave,,Fairview,SC,87559,2026-05-13
VC005971,Wilson,Betty,,1962-07-28,1651,514.706.3024,,betty.wilson80@icloud.com,9653 Lincoln Ave,Apt 344,Fairview,TX,56841,2026-06-02
VC005972,Brown,Charles,W,30-Jan-1957,8741,(701) 328-7107,,,5518 Sunset Blvd,,Oxford,FL,30687-3179,2026-05-31
VC005973,Torres,Jennifer,O,09-17-1961,7317,5364432483,+17652502828,jennifer.torres89@yahoo.com,8563 Forest Ave,Apt 91,Georgetown,DE,62543,2026-05-22
VC005974,Jackson,Thomas,E,07/23/1959,3174,663-707-4940,286.962.3658,thomas.jackson90@gmail.com,1362 Hill Rd,,Manchester,AL,63296,2026-05-19
VC005975,Taylor,Michael,F,1966-06-21,8282,+13605835170,(869) 637-7073,michael.taylor49@aol.com,9021 Oak Ave,,Greenville,WI,21013-9685,2026-05-16
VC005976,King,Anthony,F,23-Apr-1955,7261,841.722.3571,6605187151,anthony.king53@outlook.com,2261 Maple Dr,,Franklin,MO,59146,2026-05-15
VC005977,White,Barbara,F,08-05-2003,9240,(240) 604-2727,,barbara.white72@hotmail.com,6319 Sunset Blvd,,Fairview,WA,34122,2026-05-17
VC005978,Williams,Thomas,Q,06/04/1957,9773,3634828539,+17465927584,,1217 River Dr,,Georgetown,MT,90696-9865,2026-05-22
VC005979,Baker,Matthew,,1976-09-29,4565,862-722-7874,,matthew.baker38@icloud.com,1472 Sunset Blvd,Apt 969,Franklin,MD,20281,2026-05-10
VC005980,Nguyen,Joseph,F,02-Oct-1952,7515,+15509704177,,joseph.nguyen79@icloud.com,7135 Sunset Blvd,,Burlington,WI,73413,2026-05-30
VC005981,Harris,Joseph,,01-20-1989,6309,520.804.2088,,,3918 Jefferson Dr,,Burlington,NE,26041-4108,2026-06-01
VC005982,Williams,Mary,,07/13/1961,7434,(653) 872-7058,,mary.williams68@icloud.com,84 Forest Ave,Apt 708,Richmond,MT,35303,2026-05-28
VC005983,Adams,Michael,,1990-06-06,9867,6636658429,,michael.adams54@yahoo.com,8332 Valley Ln,,Greenville,OK,35663,2026-05-09
VC005984,Thompson,Daniel,S,29-Jul-1985,8806,644-861-4011,,,6428 River Dr,,Arlington,MT,90136-3207,2026-05-10
VC005985,Williams,Mary,,10-24-1974,8391,+13824572154,(859) 735-5764,,9421 Jefferson Dr,,Fairview,KY,63429,2026-06-04
VC005986,Smith,Betty,Z,06/16/1942,1812,391.277.8817,3307165291,betty.smith87@hotmail.com,8467 Forest Ave,,Marion,WA,39743,2026-05-31
VC005987,Baker,Jessica,X,1998-01-18,9307,(487) 994-2331,220-923-9600,jessica.baker74@icloud.com,265 Lincoln Ave,,Marion,NH,76595-1739,2026-05-22
VC005988,Torres,Robert,X,11-Jul-1958,4057,6273652597,+17308052909,robert.torres5@yahoo.com,272 Hill Rd,Apt 568,Fairview,AL,82036,2026-05-10
VC005989,King,Barbara,W,09-08-1980,6977,616-263-7849,307.246.2549,,2576 Main St,Apt 571,Dayton,CT,31129,2026-05-28
VC005990,Wright,Ashley,N,04/23/1967,6944,+14167754564,(779) 599-1363,ashley.wright84@outlook.com,6611 Park Blvd,,Salem,FL,31593-4199,2026-05-25
VC005991,Hill,Nancy,,1976-10-19,3875,576.360.7165,9129236796,,6507 Park Blvd,Apt 724,Dayton,WY,70906,2026-05-07
VC005992,Adams,Mark,C,17-Mar-1975,7829,(494) 443-8710,713-632-2271,,384 Cedar Ln,Apt 912,Salem,MI,34502,2026-05-28
VC005993,Martin,Jessica,,10-02-1993,3792,8489935150,,jessica.martin5@gmail.com,2528 Washington St,Apt 417,Oxford,UT,25014-6281,2026-06-02
VC005994,Miller,William,D,07/11/1942,6480,211-346-1660,710.793.4473,william.miller74@icloud.com,9037 Cedar Ln,,Springfield,MO,49014,2026-05-07
VC005995,Thomas,Susan,,1977-06-24,2078,+12797995717,(389) 972-6480,susan.thomas38@hotmail.com,1107 Jefferson Dr,,Greenville,KY,37680,2026-05-07
VC005996,White,Daniel,,14-Oct-1968,5344,330.488.9801,,,7426 Main St,,Fairview,WY,91063-9472,2026-06-01
VC005997,White,William,L,09-10-1978,8259,(381) 243-2006,872-927-2866,,4782 Maple Dr,,Franklin,UT,76860,2026-05-16
VC005998,Miller,Sandra,E,03/28/1965,7986,9506683095,,,5867 Forest Ave,,Arlington,MT,49706,2026-05-10
VC005999,Wilson,Mary,X,1951-11-18,9244,810-344-5797,,mary.wilson50@gmail.com,4568 Sunset Blvd,Apt 708,Springfield,DE,20012-8746,2026-05-08
