FIRST_NAME|LAST_NAME|EMAIL_ADDRESS|PHONE_NUMBER|STREET_ADDRESS|CITY|STATE|ZIP_CODE|DATE_OF_BIRTH|SSN_LAST4|RECORD_ID
MR. RICHARD|GARCIA|richard.garcia87@icloud.com|(609) 452-7333|1562 Cedar Ln|Burlington|FL|69034|01/01/1800|2655|VA000000
MR. PATRICIA|HALL|patricia.hall50@outlook.com|9303632050|1608 Park Blvd|Clinton|va|77155-2669|1966-01-15|6243|VA000001
MR. JESSICA|KING|jessica.king48@hotmail.com|555-555-5555|6997 Main St|Springfield|MA|86020|04-Jul-1978|5050|VA000002
MR. LISA|BAKER|lisa.baker15@icloud.com|+16537237121|5321 River Dr|Clinton|Mic.|69713|01-07-1954|1598|VA000003
MR. LISA|GARCIA|test@test.com|958.767.4044|2303 River Dr|Dayton|AR|77615-6751|08/01/1940|4426|VA000004
JESSICA|THOMPSON|jessica.thompson54@yahoo.com|(462) 580-6039|5123 River Dr|Georgetown|co|49215|1978-07-31|9374|VA000005
JENNIFER|ADAMS|jennifer.adams88@hotmail.com|9438224396|5201 Lake Rd|Arlington|MS|48927|15-Jan-1963|7312|VA000006
MICHAEL|TAYLOR|michael.taylor37@hotmail.com|607-615-3570|2751 Valley Ln|Manchester|UT|58627-4081|05-27-1953|3020|VA000007
THOMAS|ADAMS|thomas.adams24@icloud.com|+16474221636|729 Lincoln Ave|Fairview|MN|21718|02/28/1989|6869|VA000008
PATRICIA|ADAMS|patricia.adams8@hotmail.com|920.978.5854|6245 Jefferson Dr|Franklin|tn|95008|1957-03-30|6417|VA000009
RICHARD|JOHNSON|richard.johnson83@gmail.com|(574) 747-6571|1319 Jefferson Dr|Salem|WI|48005-6923|11-Feb-1998|4327|VA000010
MARK|ALLEN|mark.allen9@outlook.com|3844645524|4253 Jefferson Dr|Salem|Flo.|39808|07-19-1996|3858|VA000011
SUSAN|YOUNG|susan.young68@gmail.com|553-429-9262|6779 Jefferson Dr|Greenville|AL|44886|11/01/1963|3105|VA000012
CHARLES|HALL|charles.hall52@outlook.com|+18799025240|9521 Oak Ave|Manchester|ut|32588-1094|1974-04-05|1847|VA000013
RICHARD|THOMAS|richard.thomas62@hotmail.com|430.714.4533|6200 Lincoln Ave|Fairview|MA|57438|12-Sep-1991|9952|VA000014
LISA|TORRES|lisa.torres4@aol.com|(995) 484-2133|3484 Park Blvd|Dayton|Pen.|11588|05-19-1992|8098|VA000015
JAMES|KING|james.king84@outlook.com|9514177810|7946 Main St|Dayton|MD|46368-9961|12/14/1979|8822|VA000016
KAREN|HALL|karen.hall7@gmail.com|327-561-8570|6601 Maple Dr|Springfield|wv|37344|1997-03-20|2770|VA000017
ANTHONY|NGUYEN|anthony.nguyen17@yahoo.com|+18014793003|4508 Main St|Clinton|CO|30055|27-May-2004|4328|VA000018
LISA|WILLIAMS|lisa.williams96@aol.com|395.934.5925|8070 Main St|Richmond|ME|99744-7011|03-20-1973|1307|VA000019
KAREN|ANDERSON|karen.anderson72@yahoo.com|(524) 736-5441|2307 Maple Dr|Springfield|NC|93967|10/30/1973|6825|VA000020
JENNIFER|JOHNSON|jennifer.johnson83@yahoo.com|6989177751|325 Lincoln Ave|Salem|ia|60394|1942-04-03|6270|VA000021
MARY|MILLER|mary.miller29@gmail.com|366-211-2829|9967 Maple Dr|Clinton|Texas|80244-3444|06-Oct-1975|1991|VA000022
BARBARA|JACKSON||+16823169766|5285 Main St|Oxford|Flo.|26258|08-27-1945|7040|VA000023
CHRISTOPHER|SMITH|christopher.smith78@gmail.com|592.416.4917|9283 Sunset Blvd|Burlington|GA|96352|11/17/1961|7406|VA000024
RICHARD|JONES||(257) 404-5374|2637 Park Blvd|Dayton|ky|29192-2597|1945-07-25|5835|VA000025
BARBARA|ADAMS|barbara.adams21@gmail.com|7616016528|6922 Sunset Blvd|Salem|MN|61296|31-Jan-1975|2176|VA000026
LINDA|SCOTT|linda.scott30@gmail.com|667-279-7669|9747 Lake Rd|Greenville|Cal.|56318|09-08-1975|1410|VA000027
CHARLES|BROWN|charles.brown95@icloud.com|+17609583648|9374 Lake Rd|Manchester|AR|28401-3400|12/07/1997|1499|VA000028
CHARLES|HALL|charles.hall10@icloud.com|532.694.3832|8000 Jefferson Dr|Arlington|vt|85527|1948-07-21|5921|VA000029
JESSICA|DAVIS|jessica.davis92@hotmail.com|(877) 291-5830|6534 Main St|Fairview|MT|91726|13-Nov-1955|8474|VA000030
JESSICA|SMITH|jessica.smith9@icloud.com|7233636531|2098 Oak Ave|Oxford|Tex.|40952-3584|10-24-1988|6612|VA000031
RICHARD|THOMAS|richard.thomas36@aol.com|698-663-1496|5125 Cedar Ln|Clinton|MD|45261|04/16/1962|5205|VA000032
JOHN|MILLER|john.miller48@aol.com|+12059041860|4255 Lincoln Ave|Springfield|de|16291|1967-04-19|2229|VA000033
JESSICA|ALLEN|jessica.allen95@aol.com|243.913.5533|479 Forest Ave|Fairview|NJ|37398-5189|19-Dec-1944|5502|VA000034
ROBERT|THOMAS|robert.thomas19@icloud.com|(981) 256-5732|8020 Park Blvd|Manchester|MD|26456|11-26-2000|2765|VA000035
BARBARA|YOUNG|barbara.young9@outlook.com|9912898396|786 Jefferson Dr|Dayton|TX|59890|08/07/1962|2921|VA000036
SARAH|ADAMS|sarah.adams44@aol.com|933-210-2631|2189 Jefferson Dr|Clinton|tx|11438-1256|1953-03-07|6216|VA000037
MATTHEW|BAKER|matthew.baker89@yahoo.com|+18459078676|7642 Hill Rd|Arlington|Michigan|48740|07-Nov-1985|6907|VA000038
JOHN|HILL|john.hill77@aol.com|946.509.6036|7116 Washington St|Franklin|ME|58600|09-29-1974|2447|VA000039
SUSAN|THOMAS|susan.thomas95@yahoo.com|(339) 594-5172|8134 Park Blvd|Richmond|CT|95001-5929|08/15/2003|5254|VA000040
RICHARD|BAKER|richard.baker68@gmail.com|5734039353|1816 Hill Rd|Georgetown|mn|70109|1966-01-21|4335|VA000041
PATRICIA|THOMAS||486-652-4948|9293 Washington St|Arlington|OR|11221|25-Mar-1969|4663|VA000042
SUSAN|WRIGHT|susan.wright35@aol.com|+17804993992|9442 River Dr|Richmond|VT|61590-1759|11-24-1969|9880|VA000043
MICHAEL|WALKER|michael.walker11@hotmail.com|925.213.4786|2310 Park Blvd|Manchester|WA|14489|12/27/1970|8566|VA000044
DAVID|WALKER|david.walker30@aol.com|(871) 518-3219|3898 Forest Ave|Richmond|ok|46264|1995-03-11|7836|VA000045
THOMAS|YOUNG|thomas.young86@hotmail.com|6995055834|6932 Lake Rd|Oxford|MN|84845-7377|03-Nov-1958|2000|VA000046
PATRICIA|BROWN|patricia.brown35@hotmail.com|281-578-8199|2921 Hill Rd|Franklin|VA|50842|10-26-2003|4509|VA000047
DAVID|MARTIN|david.martin16@gmail.com|+17779534458|7217 Washington St|Springfield|OH|98088|05/05/1976|5339|VA000048
RICHARD|HARRIS|richard.harris49@hotmail.com|922.643.3296|540 Sunset Blvd|Richmond|wy|65291-4954|1968-12-09|2028|VA000049
JAMES|WALKER|james.walker67@yahoo.com|(695) 885-1893|9346 Valley Ln|Springfield|NM|11950|19-Jan-1952|9687|VA000050
DANIEL|HILL|daniel.hill5@yahoo.com|7028492162|9928 Maple Dr|Clinton|MD|34151|11-28-1949|1109|VA000051
RICHARD|YOUNG|richard.young60@hotmail.com|363-724-7424|7016 Lake Rd|Richmond|VT|26614-6445|02/17/1965|4777|VA000052
LISA|HILL|lisa.hill27@hotmail.com|+18636177288|4706 Lake Rd|Fairview|mt|57356|1970-10-07|8043|VA000053
NANCY|NELSON|nancy.nelson88@hotmail.com|344.211.5032|3042 Sunset Blvd|Richmond|WA|80976|23-Sep-1976|6527|VA000054
CHRISTOPHER|TORRES|christopher.torres6@aol.com|(870) 395-4160|7304 Oak Ave|Franklin|Ohi.|91134-3251|10-06-1970|5939|VA000055
SUSAN|ANDERSON|susan.anderson99@hotmail.com|6957159594|4450 Oak Ave|Madison|MN|69902|09/09/1965|8849|VA000056
WILLIAM|TORRES|william.torres78@yahoo.com|541-283-3317|5732 Park Blvd|Dayton|vt|96787|1975-03-01|3112|VA000057
MARGARET|WHITE|margaret.white61@yahoo.com|+15513872570|5099 Lake Rd|Greenville|VA|66408-8134|10-Aug-1962|9186|VA000058
BETTY|YOUNG|betty.young96@icloud.com|526.784.4760|222 Oak Ave|Clinton|Nor.|43389|09-18-1990|8258|VA000059
WILLIAM|BROWN|william.brown19@gmail.com|(925) 976-5647|1144 Main St|Arlington|CO|12771|01/23/1956|9015|VA000060
JAMES|BAKER|james.baker19@hotmail.com|8669853266|6864 Cedar Ln|Fairview|ms|33519-5473|1960-05-18|2890|VA000061
RICHARD|KING|richard.king44@outlook.com|547-300-5241|2172 Cedar Ln|Marion|WY|93580|17-Aug-1947|6026|VA000062
SUSAN|HALL|susan.hall22@hotmail.com|+17085769391|3136 River Dr|Arlington|ME|89337|01-13-2001|3203|VA000063
ROBERT|YOUNG|robert.young24@icloud.com|226.983.3123|9613 Hill Rd|Franklin|IN|53943-5020|12/02/1951|5086|VA000064
BETTY|HARRIS|betty.harris77@hotmail.com|(429) 496-1456|9486 Lincoln Ave|Georgetown|fl|47794|1942-08-04|9439|VA000065
CHRISTOPHER|GARCIA|christopher.garcia31@icloud.com|8097766562|2002 Lincoln Ave|Greenville|VA|79641|05-Dec-2001|4570|VA000066
ASHLEY|BAKER|ashley.baker96@yahoo.com|418-514-2081|5947 Valley Ln|Arlington|MA|86473-8061|01-25-1980|8783|VA000067
MICHAEL|NELSON|michael.nelson19@hotmail.com|+19099922087|8131 Main St|Franklin|IL|51523|11/28/1984|9741|VA000068
ROBERT|KING|robert.king42@icloud.com|701.212.8374|9068 Lake Rd|Greenville|ut|46293|1960-12-17|4299|VA000069
KAREN|GARCIA|karen.garcia12@icloud.com|(805) 586-2806|7730 Sunset Blvd|Greenville|MN|77109-9083|26-Dec-1988|3187|VA000070
SUSAN|WHITE|susan.white29@hotmail.com|4323262869|2990 Hill Rd|Springfield|Ohi.|55003|08-23-2000|6062|VA000071
DAVID|SCOTT|david.scott70@yahoo.com|314-301-4634|5778 Valley Ln|Franklin|SD|62214|06/17/1949|4175|VA000072
DANIEL|DAVIS|daniel.davis46@gmail.com|+15252965438|3439 Washington St|Manchester|fl|23155-1689|1992-03-15|2721|VA000073
JESSICA|KING|jessica.king86@icloud.com|566.403.2274|6831 Lincoln Ave|Franklin|RI|36459|02-Feb-1971|1216|VA000074
ROBERT|WHITE|robert.white80@hotmail.com|(234) 987-8429|394 Lake Rd|Franklin|Ill.|15956|09-01-1976|7806|VA000075
ROBERT|THOMPSON||6146893518|6513 Lake Rd|Arlington|GA|55584-1835|10/27/2002|5055|VA000076
KAREN|KING||762-859-1015|9415 Forest Ave|Arlington|ct|95602|1947-03-21|7391|VA000077
ASHLEY|NGUYEN|ashley.nguyen85@outlook.com|+17898545892|1503 Lincoln Ave|Salem|AL|72910|23-Jul-1944|8005|VA000078
BETTY|NGUYEN|betty.nguyen86@yahoo.com|832.322.3259|6783 Valley Ln|Springfield|Nor.|22251-2178|12-15-1975|5558|VA000079
PATRICIA|NGUYEN|patricia.nguyen14@aol.com|(417) 518-3941|7242 Jefferson Dr|Georgetown|MT|95838|08/31/1990|1652|VA000080
NANCY|KING|nancy.king89@outlook.com|3185299678|3122 Forest Ave|Richmond|nh|39678|1971-02-23|5814|VA000081
PATRICIA|TORRES|patricia.torres60@gmail.com|570-751-3200|7070 River Dr|Arlington|AZ|99551-3436|15-May-1991|1394|VA000082
NANCY|KING|nancy.king46@outlook.com|+18364742522|6106 Jefferson Dr|Georgetown|ID|24920|12-15-1975|7557|VA000083
CHARLES|DAVIS|charles.davis81@aol.com|561.736.6023|7694 Hill Rd|Burlington|NE|24886|11/22/1954|5457|VA000084
BETTY|BAKER|betty.baker67@hotmail.com|(590) 866-4539|4648 Lincoln Ave|Fairview|tx|34783-1317|1963-11-07|8730|VA000085
ASHLEY|THOMAS|ashley.thomas19@gmail.com|3034388556|4348 Forest Ave|Oxford|MD|23984|10-Mar-1959|8288|VA000086
SARAH|JACKSON|sarah.jackson78@yahoo.com|628-944-3029|9828 Lake Rd|Greenville|AZ|86805|07-03-1987|6049|VA000087
MATTHEW|NELSON|matthew.nelson68@yahoo.com|+18272889321|8349 Oak Ave|Fairview|SC|31374-2126|04/23/1982|2889|VA000088
THOMAS|JONES|thomas.jones51@outlook.com|663.775.9114|2126 Sunset Blvd|Greenville|pa|70365|1984-08-05|5455|VA000089
MARK|WILLIAMS|mark.williams38@outlook.com|(566) 889-7503|1507 Maple Dr|Arlington|UT|59094|07-May-1952|7312|VA000090
DAVID|THOMPSON||2086413402|4103 Main St|Clinton|LA|62040-7040|12-25-1980|7768|VA000091
JENNIFER|MILLER|jennifer.miller16@yahoo.com|634-679-9288|4815 River Dr|Clinton|KY|59864|03/06/1988|7939|VA000092
MARY|ANDERSON|mary.anderson34@hotmail.com|+17472829904|8793 Hill Rd|Dayton|mo|67921|1986-05-06|7029|VA000093
THOMAS|HILL|thomas.hill97@yahoo.com|379.922.9728|9903 Jefferson Dr|Salem|VA|96280-6840|05-Jul-1968|3031|VA000094
BARBARA|THOMAS|barbara.thomas96@icloud.com|(431) 405-1727|7707 Cedar Ln|Georgetown|CT|60388|10-01-1944|3885|VA000095
ASHLEY|ADAMS|ashley.adams93@icloud.com|2984845903|1220 Maple Dr|Madison|MI|31024|08/23/1956|3536|VA000096
JOHN|WILSON||230-641-6961|6810 Lincoln Ave|Fairview|mn|47855-4775|1950-05-13|9385|VA000097
LINDA|THOMPSON|linda.thompson41@aol.com|+15913913747|3718 Valley Ln|Dayton|New York|28757|21-Dec-1964|9805|VA000098
MARY|JOHNSON|mary.johnson61@hotmail.com|275.399.7850|5066 Park Blvd|Arlington|MS|83872|08-03-1964|8702|VA000099
DANIEL|GARCIA|daniel.garcia54@yahoo.com|(359) 787-5889|2996 Valley Ln|Georgetown|AR|48973-5488|08/26/1992|6630|VA000100
MATTHEW|MILLER|matthew.miller20@gmail.com|6405275434|3686 Maple Dr|Clinton|sd|18801|1966-06-17|4615|VA000101
SANDRA|NGUYEN|sandra.nguyen29@outlook.com|967-292-5966|362 Park Blvd|Franklin|MA|24301|21-Apr-1967|2561|VA000102
JOSEPH|YOUNG|joseph.young63@hotmail.com|+18546741815|3817 Sunset Blvd|Springfield|WY|28519-7371|11-24-1992|4214|VA000103
JENNIFER|WHITE|jennifer.white23@outlook.com|502.980.4349|5458 Maple Dr|Salem|KS|93747|06/11/1946|4155|VA000104
RICHARD|WILLIAMS|richard.williams33@outlook.com|(487) 286-6837|1527 Jefferson Dr|Clinton|wv|39346|1953-06-10|6177|VA000105
SUSAN|WALKER|susan.walker18@outlook.com|6164275659|9113 River Dr|Salem|Texas|81982-9047|19-Jan-1942|4677|VA000106
ANTHONY|BROWN|anthony.brown39@hotmail.com|565-672-8562|7013 Maple Dr|Dayton|NE|27813|10-27-1974|5014|VA000107
JENNIFER|JACKSON|jennifer.jackson99@icloud.com|+17014882178|1001 Oak Ave|Fairview|HI|35422|12/31/1986|8223|VA000108
LISA|JOHNSON|lisa.johnson29@icloud.com|702.992.1555|2133 Park Blvd|Springfield|ga|44046-6371|1998-02-18|2841|VA000109
MARGARET|SMITH|margaret.smith13@yahoo.com|(579) 595-7030|2407 Jefferson Dr|Georgetown|SC|65836|13-Feb-1959|2282|VA000110
SANDRA|KING|sandra.king99@icloud.com|5412722794|7830 Cedar Ln|Arlington|RI|41671|03-03-1946|7823|VA000111
ASHLEY|HALL||637-881-7776|114 Lake Rd|Burlington|OR|83917-2377|03/29/1991|4171|VA000112
BARBARA|WRIGHT|barbara.wright30@gmail.com|+13102218958|2148 Jefferson Dr|Franklin|ok|78317|1976-12-11|1517|VA000113
JESSICA|BAKER|jessica.baker82@outlook.com|485.651.8335|4922 Jefferson Dr|Richmond|MO|50942|04-Mar-1941|7604|VA000114
ANTHONY|THOMPSON|anthony.thompson59@yahoo.com|(491) 406-5958|3758 Maple Dr|Georgetown|AZ|34014-4666|07-21-2002|3105|VA000115
NANCY|NGUYEN|nancy.nguyen82@yahoo.com|4099317674|1769 Cedar Ln|Fairview|NM|63429|01/14/1940|6598|VA000116
DAVID|ANDERSON|david.anderson86@aol.com|579-469-8749|9142 River Dr|Fairview|id|32280|1984-11-03|6120|VA000117
LINDA|TAYLOR|linda.taylor16@gmail.com|+14707506436|7204 Hill Rd|Arlington|VA|64995-7564|21-Apr-1980|2808|VA000118
KAREN|TORRES|karen.torres72@aol.com|572.846.7138|6620 Cedar Ln|Richmond|New.|89016|07-10-1974|7101|VA000119
JENNIFER|THOMAS||(468) 265-3594|2422 Forest Ave|Salem|MD|22468|03/05/1967|5629|VA000120
SUSAN|WILSON|susan.wilson79@gmail.com|9996522833|718 Washington St|Dayton|ne|42819-2772|1970-10-17|2281|VA000121
LINDA|HILL|linda.hill12@aol.com|942-785-3646|9252 Lincoln Ave|Burlington|AZ|73491|30-May-1955|1817|VA000122
BETTY|THOMAS|betty.thomas37@hotmail.com|+14329205239|9411 Forest Ave|Greenville|OR|28264|04-22-1983|8268|VA000123
LINDA|ALLEN|linda.allen1@yahoo.com|758.870.5489|7695 Forest Ave|Fairview|PA|67748-9457|09/28/1940|7186|VA000124
THOMAS|BAKER|thomas.baker1@aol.com|(621) 449-2602|5122 Hill Rd|Madison|wi|33192|1964-07-27|2081|VA000125
CHARLES|ANDERSON|charles.anderson38@yahoo.com|9358504953|8569 Washington St|Greenville|Illinois|66100|07-Jun-1970|7635|VA000126
BARBARA|ADAMS|barbara.adams45@yahoo.com|700-305-3251|763 Washington St|Burlington|SD|25957-7339|12-03-1953|7043|VA000127
JAMES|WRIGHT|james.wright57@hotmail.com|+16863148125|5609 Jefferson Dr|Clinton|TN|82218|08/14/1977|1893|VA000128
MATTHEW|JONES|matthew.jones67@outlook.com|801.682.5375|2060 Washington St|Franklin|tn|68329|1958-08-18|7399|VA000129
DAVID|GARCIA|david.garcia45@aol.com|(315) 636-5787|1933 Sunset Blvd|Oxford|MS|50491-3252|17-Sep-1957|3967|VA000130
JESSICA|HALL|jessica.hall73@yahoo.com|2155715924|8569 Hill Rd|Marion|MS|16739|12-10-1981|4479|VA000131
WILLIAM|HALL|william.hall12@hotmail.com|876-894-6571|6011 Lincoln Ave|Clinton|MT|71586|09/17/1976|5652|VA000132
JAMES|TAYLOR||+14066897880|9071 Cedar Ln|Marion|nd|49256-2526|1980-12-22|5320|VA000133
DAVID|MILLER|david.miller4@icloud.com|215.533.1385|6826 Washington St|Salem|VA|47383|08-Mar-1985|3026|VA000134
CHRISTOPHER|WALKER|christopher.walker7@yahoo.com|(689) 309-5081|2049 Hill Rd|Greenville|SD|18238|10-18-2004|1059|VA000135
THOMAS|YOUNG|thomas.young92@aol.com|3183802036|9985 Hill Rd|Greenville|AZ|18335-8573|07/01/1997|7707|VA000136
SUSAN|BROWN|susan.brown86@hotmail.com|334-248-1957|2635 Lincoln Ave|Greenville|ri|94984|1958-01-02|1034|VA000137
JOHN|WALKER|john.walker19@icloud.com|+19266398389|5111 Hill Rd|Richmond|WI|60834|04-Jan-1992|8964|VA000138
JESSICA|ADAMS||750.778.2408|7847 Cedar Ln|Burlington|MO|88673-2834|02-17-1941|8632|VA000139
CHRISTOPHER|WHITE|christopher.white80@icloud.com|(503) 880-3947|701 River Dr|Clinton|CA|53938|07/03/1999|5246|VA000140
JESSICA|WALKER|jessica.walker2@gmail.com|8492679547|4357 Maple Dr|Arlington|sc|39199|1959-07-04|6406|VA000141
MATTHEW|TORRES|matthew.torres43@gmail.com|657-940-7837|5940 Lincoln Ave|Manchester|MA|70128-9117|19-Jan-1960|8960|VA000142
MICHAEL|HALL|michael.hall81@yahoo.com|+16542305997|494 Maple Dr|Salem|Nor.|35514|05-08-2003|7660|VA000143
JENNIFER|ALLEN|jennifer.allen88@outlook.com|993.751.3587|8877 River Dr|Clinton|CO|85074|06/30/1985|3241|VA000144
JESSICA|HILL|jessica.hill14@hotmail.com|(817) 940-6138|2719 Forest Ave|Arlington|me|68501-7496|1988-09-30|9095|VA000145
LINDA|DAVIS|linda.davis95@aol.com|9028642870|7189 Washington St|Arlington|MA|10841|17-Nov-1978|1651|VA000146
PATRICIA|JONES|patricia.jones76@yahoo.com|551-230-3764|7380 River Dr|Salem|KY|91797|11-13-1941|7153|VA000147
DAVID|YOUNG|david.young19@outlook.com|+16415645915|6364 Jefferson Dr|Arlington|SC|86910-3908|01/31/1946|6657|VA000148
SARAH|TORRES|sarah.torres89@aol.com|444.231.2133|938 Sunset Blvd|Georgetown|wa|57590|1992-11-25|2375|VA000149
SARAH|TORRES|sarah.torres92@icloud.com|(251) 973-6796|8479 Hill Rd|Clinton|Ohio|26320|19-Mar-1945|3635|VA000150
PATRICIA|HARRIS|patricia.harris46@aol.com|7217909576|1703 Hill Rd|Salem|NM|88715-7676|03-20-1962|4786|VA000151
LINDA|THOMAS|linda.thomas69@aol.com|381-337-3626|4881 Jefferson Dr|Salem|CO|21382|02/05/1993|4640|VA000152
JOHN|JONES||+19488002490|2880 Sunset Blvd|Greenville|oh|95585|1996-12-22|7794|VA000153
JOHN|DAVIS|john.davis78@aol.com|868.988.4986|3411 River Dr|Fairview|Illinois|94748-2798|26-Jan-1955|7757|VA000154
ANTHONY|ALLEN|anthony.allen63@hotmail.com|(310) 276-7846|7425 Valley Ln|Fairview|OR|76777|08-16-1986|8701|VA000155
JAMES|KING|james.king5@gmail.com|6164763885|2420 Forest Ave|Clinton|KY|42138|10/27/1967|6023|VA000156
KAREN|THOMAS|karen.thomas1@aol.com|600-423-8182|6569 Forest Ave|Oxford|mo|90898-4688|1965-10-08|2063|VA000157
MATTHEW|SCOTT|matthew.scott17@icloud.com|+13094025312|3063 Valley Ln|Marion|ND|15010|30-Nov-1960|8964|VA000158
JAMES|HALL|james.hall2@icloud.com|312.416.8267|4311 Cedar Ln|Salem|Nor.|45549|11-17-1983|2599|VA000159
MARK|WALKER|mark.walker25@aol.com|(403) 964-5157|6177 River Dr|Oxford|WI|12970-3958|12/08/1986|2962|VA000160
THOMAS|KING||6145372278|1719 Valley Ln|Marion|wi|76502|1989-09-03|8297|VA000161
PATRICIA|TAYLOR|patricia.taylor82@gmail.com|628-300-7147|5480 Cedar Ln|Richmond|NJ|38800|19-Feb-1941|6275|VA000162
SANDRA|MILLER||+13023433017|9660 Washington St|Clinton|MN|66280-4061|03-19-1968|3290|VA000163
BARBARA|HARRIS|barbara.harris78@aol.com|694.494.1384|6550 Maple Dr|Franklin|MN|27437|03/16/2001|9157|VA000164
NANCY|THOMAS||(423) 349-8074|9598 Main St|Franklin|oh|74097|1996-04-18|4121|VA000165
ROBERT|DAVIS|robert.davis21@aol.com|8394024181|3736 Jefferson Dr|Manchester|Texas|52730-8684|05-Mar-1984|6226|VA000166
NANCY|WRIGHT|nancy.wright68@yahoo.com|916-906-8909|8071 Maple Dr|Georgetown|NV|99055|04-11-1979|3749|VA000167
JAMES|BROWN|james.brown4@icloud.com|+15604089149|3753 Valley Ln|Marion|MD|68117|04/28/1954|4441|VA000168
JESSICA|KING|jessica.king94@aol.com|577.907.1164|3701 Jefferson Dr|Manchester|vt|99480-5205|1959-03-19|3635|VA000169
MARK|SCOTT|mark.scott83@gmail.com|(431) 385-5297|4482 River Dr|Oxford|MA|99790|11-Jun-1968|9860|VA000170
DAVID|JACKSON|david.jackson71@yahoo.com|3995309108|4323 Sunset Blvd|Dayton|OK|70293|07-11-1975|9961|VA000171
BETTY|TAYLOR|betty.taylor77@yahoo.com|602-545-7873|8138 Valley Ln|Arlington|MI|97883-5244|10/23/1946|3992|VA000172
DANIEL|HARRIS|daniel.harris38@outlook.com|+16744957842|7179 Hill Rd|Burlington|me|59138|2002-10-28|3054|VA000173
CHARLES|SCOTT|charles.scott46@icloud.com|847.830.5060|3458 River Dr|Salem|WY|81122|08-Oct-1960|6851|VA000174
JENNIFER|GARCIA|jennifer.garcia28@icloud.com|(246) 504-2128|567 Main St|Marion|RI|24821-3427|12-02-1965|6965|VA000175
RICHARD|WALKER|richard.walker47@icloud.com|7178213949|4118 Sunset Blvd|Madison|CO|97068|08/24/1988|4734|VA000176
NANCY|WRIGHT|nancy.wright51@hotmail.com|905-882-9508|1235 Maple Dr|Springfield|ar|10051|1957-05-11|4540|VA000177
SUSAN|DAVIS|susan.davis19@hotmail.com|+19487131517|5343 Main St|Fairview|MN|99723-1221|12-May-1992|7036|VA000178
MARK|JONES|mark.jones31@gmail.com|324.904.8896|8752 Forest Ave|Oxford|VA|10298|06-10-1945|3030|VA000179
CHRISTOPHER|GARCIA|christopher.garcia75@aol.com|(212) 774-9219|1596 Main St|Oxford|CT|25136|06/02/1979|7632|VA000180
RICHARD|BAKER||4542996429|6293 River Dr|Dayton|ne|24442-8747|1963-02-28|6805|VA000181
WILLIAM|ADAMS|william.adams20@hotmail.com|997-780-2730|1109 Washington St|Salem|IN|73392|02-Dec-1952|6984|VA000182
SANDRA|NELSON|sandra.nelson59@hotmail.com|+14197416625|7511 Jefferson Dr|Greenville|RI|15913|11-16-1960|3226|VA000183
ANTHONY|WALKER|anthony.walker74@hotmail.com|323.441.7367|6339 Forest Ave|Madison|WY|81552-3452|09/25/1986|7986|VA000184
JOSEPH|NGUYEN|joseph.nguyen80@icloud.com|(582) 370-4777|3161 River Dr|Oxford|va|89488|1980-08-09|2527|VA000185
BETTY|WHITE|betty.white17@aol.com|5747439221|4466 Jefferson Dr|Greenville|KY|73156|24-Jun-1966|6549|VA000186
LISA|HALL||747-626-9297|9926 Forest Ave|Fairview|NH|58924-9427|02-11-2003|5221|VA000187
SARAH|MILLER|sarah.miller24@aol.com|+19825757909|6618 Forest Ave|Franklin|OK|76786|04/24/1960|5147|VA000188
SANDRA|NELSON|sandra.nelson52@hotmail.com|694.270.3888|1321 Maple Dr|Burlington|nc|18864|1996-09-27|9673|VA000189
LINDA|MARTIN|linda.martin44@gmail.com|(796) 722-1180|1404 Main St|Dayton|MD|25587-4638|18-Jul-1984|7176|VA000190
SUSAN|MARTIN|susan.martin71@gmail.com|8616685211|8594 Valley Ln|Arlington|Cal.|19280|02-18-1943|3252|VA000191
JOHN|HARRIS|john.harris61@yahoo.com|908-979-5014|6468 Hill Rd|Fairview|KY|37407|03/04/1991|2416|VA000192
THOMAS|NGUYEN|thomas.nguyen88@icloud.com|+17169528748|912 Cedar Ln|Marion|md|68837-6967|1966-03-25|2475|VA000193
THOMAS|YOUNG|thomas.young7@outlook.com|766.801.2488|3350 Cedar Ln|Clinton|Texas|53345|11-Nov-1966|4854|VA000194
CHARLES|YOUNG|charles.young24@gmail.com|(988) 903-2691|6080 Maple Dr|Madison|Flo.|87065|12-26-1952|5503|VA000195
JOSEPH|ADAMS|joseph.adams89@aol.com|2765159489|6362 Valley Ln|Oxford|NV|14494-3895|01/07/1942|8776|VA000196
MARY|BAKER|mary.baker50@yahoo.com|528-777-6606|3210 Park Blvd|Georgetown|la|69614|1994-11-25|8751|VA000197
ANTHONY|ALLEN|anthony.allen34@icloud.com|+12243679816|4552 Park Blvd|Fairview|OK|79248|27-May-1952|7177|VA000198
JOSEPH|WHITE|joseph.white94@yahoo.com|625.870.2232|8186 River Dr|Burlington|SD|71698-4261|08-23-1976|4299|VA000199
SANDRA|WHITE|sandra.white59@aol.com|(590) 317-4204|7694 Oak Ave|Georgetown|NJ|64124|11/07/1997|7484|VA000200
MARY|BROWN|mary.brown6@icloud.com|6648039297|3700 Park Blvd|Springfield|al|68944|1979-11-27|2236|VA000201
JAMES|WHITE|james.white77@yahoo.com|999-669-9053|2622 Park Blvd|Georgetown|NH|46889-3553|21-Sep-1963|2922|VA000202
DAVID|THOMPSON|david.thompson29@gmail.com|+17915771807|4022 Lake Rd|Salem|WY|86345|04-26-1945|7663|VA000203
SANDRA|ANDERSON|sandra.anderson38@hotmail.com|922.810.4963|2676 Hill Rd|Dayton|VT|53724|04/13/1973|5176|VA000204
DAVID|TAYLOR|david.taylor58@icloud.com|(901) 572-9221|3831 Lake Rd|Greenville|ma|71031-4705|1987-10-15|1167|VA000205
JOHN|HILL|john.hill41@outlook.com|7292752943|6740 Park Blvd|Manchester|WY|46443|08-Feb-2004|8106|VA000206
LISA|JACKSON|lisa.jackson80@icloud.com|248-816-2088|3850 River Dr|Madison|Cal.|74239|09-22-1997|7820|VA000207
LINDA|JONES||+18215846581|5228 Maple Dr|Manchester|WI|94530-1380|05/31/2004|7938|VA000208
MATTHEW|GARCIA|matthew.garcia37@outlook.com|933.700.8652|8692 Hill Rd|Franklin|ms|26155|1993-01-14|2512|VA000209
JOSEPH|BROWN|joseph.brown25@icloud.com|(610) 202-2750|7791 Park Blvd|Arlington|IA|12624|27-Jan-1963|2003|VA000210
JOSEPH|SCOTT|joseph.scott87@aol.com|2179614492|2450 Lincoln Ave|Springfield|IA|87100-9485|09-19-1977|1763|VA000211
RICHARD|NGUYEN|richard.nguyen72@aol.com|519-236-6102|8490 Forest Ave|Marion|CO|28363|05/30/1981|7224|VA000212
SANDRA|HALL|sandra.hall6@aol.com|+13108042615|9432 Oak Ave|Franklin|wi|41275|1972-05-11|7911|VA000213
JAMES|THOMAS||669.508.6129|1580 Oak Ave|Georgetown|ID|48446-9602|01-Jul-1981|2218|VA000214
JESSICA|MARTIN|jessica.martin44@aol.com|(347) 520-6231|5659 River Dr|Greenville|WI|58567|03-14-1986|2739|VA000215
JAMES|THOMPSON|james.thompson33@icloud.com|5072447319|5741 Washington St|Burlington|SD|48799|11/04/1971|3445|VA000216
DAVID|THOMAS|david.thomas9@outlook.com|763-266-5797|7714 Maple Dr|Franklin|vt|45968-8776|1969-07-14|9635|VA000217
DAVID|JONES||+16563754819|1621 Park Blvd|Marion|OK|86105|29-Sep-1979|6525|VA000218
PATRICIA|NELSON||310.387.7420|7388 Maple Dr|Fairview|NM|80808|12-28-1949|1384|VA000219
LINDA|TORRES|linda.torres16@outlook.com|(980) 517-1873|5498 Jefferson Dr|Burlington|AZ|58259-1992|10/03/1940|4028|VA000220
JENNIFER|JACKSON|jennifer.jackson11@hotmail.com|9884588336|1435 River Dr|Georgetown|az|44722|1963-07-20|2716|VA000221
JESSICA|WILSON|jessica.wilson41@yahoo.com|463-864-1695|5126 River Dr|Burlington|Ohio|47794|13-Mar-1997|1299|VA000222
ANTHONY|BAKER|anthony.baker67@gmail.com|+16555723610|1088 River Dr|Springfield|New.|66680-5753|06-03-1940|9938|VA000223
LISA|WRIGHT|lisa.wright53@hotmail.com|263.896.1854|9596 Washington St|Greenville|ND|98466|08/12/1961|1961|VA000224
SANDRA|YOUNG||(224) 981-6006|5229 Lincoln Ave|Springfield|ms|14178|1993-06-16|3865|VA000225
ROBERT|WALKER|robert.walker58@outlook.com|2016525784|5674 Jefferson Dr|Oxford|WV|91100-5542|07-Apr-1947|7113|VA000226
ROBERT|JACKSON|robert.jackson74@hotmail.com|580-410-4850|808 Hill Rd|Oxford|WA|27733|03-28-1957|5087|VA000227
JESSICA|WILSON||+17639239070|536 Sunset Blvd|Dayton|CA|39618|02/02/1979|7137|VA000228
LISA|HILL|lisa.hill4@gmail.com|641.233.7096|1198 Sunset Blvd|Salem|ga|71331-3582|1988-05-09|1239|VA000229
MARK|THOMPSON|mark.thompson46@gmail.com|(595) 807-6161|2577 Maple Dr|Clinton|ND|50312|27-Jan-1962|8141|VA000230
BARBARA|TAYLOR|barbara.taylor74@yahoo.com|6563743878|3714 Lincoln Ave|Oxford|WV|24449|04-18-1983|7230|VA000231
MARGARET|WILLIAMS|margaret.williams43@aol.com|498-327-3527|4419 Maple Dr|Marion|AL|35998-1140|10/07/1960|1826|VA000232
BARBARA|DAVIS|barbara.davis18@aol.com|+15384886960|8967 Maple Dr|Dayton|mt|34204|1981-07-30|2220|VA000233
WILLIAM|MARTIN|william.martin81@yahoo.com|230.301.1865|1118 Forest Ave|Dayton|AK|33474|30-Apr-1974|6356|VA000234
CHARLES|WILLIAMS|charles.williams37@aol.com|(492) 527-8133|9175 Valley Ln|Richmond|VT|98802-1933|09-13-1991|9644|VA000235
MARK|WILLIAMS|mark.williams27@aol.com|6816536884|8389 Cedar Ln|Burlington|IA|38108|04/22/1976|5652|VA000236
CHRISTOPHER|BROWN|christopher.brown54@icloud.com|414-423-5481|963 Oak Ave|Clinton|mt|42519|1959-05-21|2576|VA000237
MATTHEW|NELSON|matthew.nelson86@yahoo.com|+14359126996|3293 River Dr|Marion|MS|36085-5033|12-Oct-1943|3225|VA000238
JOSEPH|THOMAS|joseph.thomas98@gmail.com|235.428.1218|2789 Washington St|Springfield|VA|16406|10-20-2004|8929|VA000239
MARGARET|BAKER|margaret.baker92@outlook.com|(269) 749-7780|2654 Park Blvd|Madison|NJ|56156|07/14/1977|4081|VA000240
SANDRA|TAYLOR|sandra.taylor43@yahoo.com|4153635889|1979 Lake Rd|Burlington|in|92769-3657|1998-01-31|4542|VA000241
CHARLES|MILLER|charles.miller10@yahoo.com|722-254-1462|1656 Park Blvd|Greenville|Michigan|38932|16-Jan-1998|2188|VA000242
MARK|HILL|mark.hill22@yahoo.com|+14499708921|7328 Lincoln Ave|Springfield|HI|49452|10-24-1967|2186|VA000243
JOHN|HILL|john.hill96@gmail.com|856.277.5270|7732 Jefferson Dr|Arlington|CT|81229-7747|02/23/1964|5421|VA000244
ASHLEY|TAYLOR|ashley.taylor70@icloud.com|(852) 256-7435|1788 Hill Rd|Richmond|md|60079|1967-01-19|9093|VA000245
LINDA|SCOTT|linda.scott62@aol.com|9342346788|2306 Valley Ln|Clinton|OK|69027|06-Sep-1984|1726|VA000246
JOSEPH|TORRES|joseph.torres54@icloud.com|208-305-9379|525 Hill Rd|Clinton|VA|67610-4054|05-02-2001|6233|VA000247
JAMES|GARCIA|james.garcia9@gmail.com|+13575836429|5637 Jefferson Dr|Springfield|DE|91027|04/18/1960|6531|VA000248
PATRICIA|WILSON||202.223.2512|6300 Valley Ln|Manchester|wv|92283|1953-08-29|4851|VA000249
MICHAEL|MILLER|michael.miller20@aol.com|(439) 209-3233|267 Maple Dr|Georgetown|MT|85185-4610|02-Sep-1949|4531|VA000250
RICHARD|BAKER|richard.baker94@outlook.com|4434777076|8896 River Dr|Oxford|Geo.|90288|11-24-1984|6902|VA000251
SANDRA|WALKER|sandra.walker66@outlook.com|431-202-5289|448 Forest Ave|Madison|CT|87898|03/02/1985|9202|VA000252
MARY|MILLER||+14988267651|4958 Jefferson Dr|Burlington|ca|55537-8930|2003-01-23|5802|VA000253
JESSICA|ALLEN|jessica.allen57@hotmail.com|271.411.8889|5690 Oak Ave|Georgetown|ND|69685|24-Nov-1995|3973|VA000254
DANIEL|BROWN||(339) 602-4350|3371 Valley Ln|Manchester|Ill.|14963|02-23-1992|1634|VA000255
JENNIFER|ANDERSON|jennifer.anderson13@hotmail.com|3637448490|6970 Oak Ave|Marion|LA|72394-6393|03/31/1966|7188|VA000256
MATTHEW|DAVIS|matthew.davis65@gmail.com|509-936-1895|9045 Lincoln Ave|Arlington|de|36553|1975-02-19|6375|VA000257
DANIEL|THOMAS|daniel.thomas72@gmail.com|+15242895171|84 Forest Ave|Madison|OR|75591|18-Jun-1987|8130|VA000258
JAMES|MILLER||341.905.6580|4943 Maple Dr|Fairview|SC|45999-5923|07-26-1975|8793|VA000259
SARAH|BROWN|sarah.brown62@yahoo.com|(830) 867-6374|2921 River Dr|Clinton|NC|10279|12/10/1970|1638|VA000260
RICHARD|HARRIS|richard.harris90@gmail.com|7218289001|8125 Park Blvd|Manchester|ny|59064|1995-01-07|5466|VA000261
DANIEL|HARRIS|daniel.harris11@aol.com|683-985-9573|3769 Sunset Blvd|Salem|AK|56018-6151|27-Apr-1949|7526|VA000262
JAMES|NGUYEN||+12913396635|2199 Main St|Salem|Tex.|75887|02-27-1949|9771|VA000263
DAVID|GARCIA|david.garcia21@gmail.com|486.790.6952|5790 Oak Ave|Franklin|ID|70390|02/21/1963|8753|VA000264
PATRICIA|DAVIS|patricia.davis78@aol.com|(211) 667-7554|882 Lincoln Ave|Springfield|sc|21247-2883|1942-02-11|9850|VA000265
JENNIFER|JOHNSON|jennifer.johnson61@icloud.com|2739123756|8916 Lincoln Ave|Madison|RI|42078|01-Oct-1980|2953|VA000266
DANIEL|SMITH|daniel.smith36@hotmail.com|762-315-2718|2791 Forest Ave|Burlington|MN|30674|03-01-2004|6846|VA000267
MARK|WRIGHT||+15859645014|4187 Lincoln Ave|Richmond|VT|37496-9674|05/12/1971|5006|VA000268
WILLIAM|THOMAS|william.thomas41@icloud.com|368.765.6475|3266 Jefferson Dr|Arlington|in|61681|1992-12-24|4133|VA000269
ROBERT|WALKER||(230) 628-1876|4248 Park Blvd|Oxford|UT|95304|09-Sep-1985|3406|VA000270
SANDRA|HILL|sandra.hill5@icloud.com|9076275093|4376 Sunset Blvd|Salem|MD|92254-3710|07-17-2000|2318|VA000271
JENNIFER|ADAMS||782-962-8386|7304 Lincoln Ave|Manchester|VT|65237|03/22/1967|8289|VA000272
BETTY|JOHNSON|betty.johnson26@hotmail.com|+18435616807|5349 Hill Rd|Salem|ga|10242|1945-12-30|2643|VA000273
JESSICA|HILL|jessica.hill42@aol.com|281.813.5613|207 Lincoln Ave|Burlington|NE|67221-6036|21-Jan-1996|5215|VA000274
CHARLES|BROWN|charles.brown63@yahoo.com|(515) 877-8959|6346 Lincoln Ave|Greenville|KS|87612|07-29-2004|6161|VA000275
DAVID|SCOTT||7467313237|8296 Oak Ave|Marion|NE|13171|02/18/1976|2280|VA000276
KAREN|NELSON|karen.nelson32@hotmail.com|543-395-3970|1833 Valley Ln|Franklin|ny|43133-9631|1988-08-16|9235|VA000277
SUSAN|JACKSON|susan.jackson32@yahoo.com|+13619313986|8962 Cedar Ln|Dayton|IN|84852|23-Mar-1979|9472|VA000278
KAREN|THOMAS||245.627.8883|9390 Park Blvd|Oxford|NH|54279|11-06-1973|8786|VA000279
KAREN|THOMAS|karen.thomas65@outlook.com|(522) 590-2103|1804 Oak Ave|Springfield|WY|90179-7932|03/07/1963|8854|VA000280
BETTY|JONES|betty.jones83@aol.com|3813001574|1698 Forest Ave|Greenville|ny|45070|1988-08-15|3185|VA000281
CHARLES|ALLEN|charles.allen13@icloud.com|725-996-8967|9160 Main St|Fairview|UT|36885|26-Oct-1967|4109|VA000282
ASHLEY|THOMAS|ashley.thomas90@aol.com|+15486234604|3368 Valley Ln|Arlington|WA|61656-4670|02-20-1945|2958|VA000283
RICHARD|SMITH||726.568.4630|6050 Hill Rd|Springfield|AR|84819|09/15/1991|8578|VA000284
DAVID|HALL|david.hall82@hotmail.com|(933) 434-2254|1064 Park Blvd|Greenville|co|95906|1948-06-04|6476|VA000285
BETTY|TORRES|betty.torres3@icloud.com|4893446488|5284 Sunset Blvd|Marion|TN|64958-4538|10-Feb-1985|9388|VA000286
ASHLEY|MARTIN||713-844-5085|6252 River Dr|Burlington|MO|60509|06-12-1997|1624|VA000287
CHRISTOPHER|ALLEN|christopher.allen60@outlook.com|+14749437802|1180 Maple Dr|Dayton|MO|21556|05/09/1963|4352|VA000288
THOMAS|WRIGHT|thomas.wright54@gmail.com|921.554.7343|6079 Lincoln Ave|Greenville|wv|57889-4416|2001-04-12|2034|VA000289
DAVID|WHITE||(524) 757-8036|9781 Forest Ave|Clinton|ME|31331|28-Oct-1993|1835|VA000290
LINDA|THOMPSON|linda.thompson53@yahoo.com|5662503805|8212 Park Blvd|Manchester|MA|21396|12-25-1988|2354|VA000291
BARBARA|NELSON|barbara.nelson11@outlook.com|226-265-8559|8028 Lincoln Ave|Salem|IA|74839-7574|05/03/1971|3949|VA000292
MARY|BROWN|mary.brown9@gmail.com|+14342309420|3742 Valley Ln|Georgetown|il|24581|1946-09-09|8104|VA000293
ANTHONY|KING|anthony.king97@outlook.com|238.375.1109|9397 Washington St|Clinton|Florida|81950|26-Nov-1977|8014|VA000294
ROBERT|WILLIAMS|robert.williams36@hotmail.com|(545) 628-2257|1512 Park Blvd|Arlington|AZ|48528-5985|09-01-1951|9514|VA000295
BARBARA|WRIGHT|barbara.wright44@yahoo.com|6806221909|7740 Forest Ave|Georgetown|MA|65561|05/01/1953|3823|VA000296
BETTY|WILSON|betty.wilson82@yahoo.com|290-208-3617|3015 Maple Dr|Georgetown|co|44808|1970-05-15|6785|VA000297
THOMAS|HARRIS|thomas.harris3@gmail.com|+17175806802|7226 River Dr|Burlington|Michigan|27371-6537|09-Mar-1973|7052|VA000298
RICHARD|NGUYEN|richard.nguyen71@gmail.com|810.398.3137|7188 Park Blvd|Fairview|MS|13259|11-18-1988|4340|VA000299
SARAH|NGUYEN|sarah.nguyen43@gmail.com|(906) 417-2796|8339 Lincoln Ave|Fairview|WV|82294|03/08/1952|4155|VA000300
THOMAS|ALLEN|thomas.allen16@outlook.com|4972059830|6002 Jefferson Dr|Greenville|la|76428-1237|1951-07-10|7088|VA000301
WILLIAM|MARTIN|william.martin1@gmail.com|330-745-3444|3678 Park Blvd|Manchester|IA|96746|14-Aug-1980|2541|VA000302
JOHN|TORRES|john.torres55@hotmail.com|+13536848437|840 Oak Ave|Arlington|TN|55125|05-06-1974|3651|VA000303
CHRISTOPHER|HALL||231.396.2468|8705 River Dr|Salem|FL|12482-9259|10/12/1982|6818|VA000304
BETTY|TORRES|betty.torres81@outlook.com|(496) 546-9103|2053 Washington St|Madison|in|69850|1967-07-10|8082|VA000305
ANTHONY|HALL|anthony.hall74@aol.com|6985026253|9054 Forest Ave|Greenville|WI|44315|28-May-1944|8313|VA000306
DANIEL|DAVIS|daniel.davis73@aol.com|250-636-6893|7775 Park Blvd|Franklin|VT|64117-9906|04-05-1993|9991|VA000307
NANCY|NGUYEN|nancy.nguyen19@yahoo.com|+18077805502|2072 Washington St|Fairview|NY|86123|09/07/2002|1910|VA000308
SUSAN|WILLIAMS|susan.williams15@aol.com|311.907.2339|7774 Lake Rd|Dayton|az|97038|1967-01-21|9146|VA000309
JOSEPH|SMITH|joseph.smith30@gmail.com|(618) 232-3006|3353 River Dr|Greenville|MS|31232-5747|12-Mar-1971|6261|VA000310
LISA|HARRIS|lisa.harris28@yahoo.com|7917817502|6465 Jefferson Dr|Franklin|WV|99615|03-29-2000|7322|VA000311
MARGARET|WHITE|margaret.white46@outlook.com|971-423-7453|8051 Washington St|Georgetown|SD|89188|10/22/1982|6210|VA000312
MARGARET|BAKER|margaret.baker55@hotmail.com|+15344146287|9846 Oak Ave|Richmond|nm|63065-9760|1969-06-09|1734|VA000313
KAREN|SCOTT|karen.scott15@icloud.com|239.268.3002|7876 Lake Rd|Burlington|IN|64777|24-Jan-1982|6254|VA000314
ROBERT|KING||(297) 704-7392|7514 Jefferson Dr|Salem|Nor.|99259|05-02-1944|1300|VA000315
MARK|NGUYEN|mark.nguyen18@aol.com|5502361381|514 Jefferson Dr|Clinton|FL|65871-5692|11/28/1954|8593|VA000316
SARAH|WRIGHT|sarah.wright53@hotmail.com|601-498-8563|6990 Main St|Oxford|ma|13264|1943-10-18|2013|VA000317
CHRISTOPHER|YOUNG|christopher.young47@outlook.com|+19725627633|3348 Lake Rd|Arlington|CT|80391|26-Dec-1953|5388|VA000318
MATTHEW|ANDERSON|matthew.anderson52@hotmail.com|213.606.4483|3992 River Dr|Georgetown|Mic.|76683-4807|03-04-1975|2876|VA000319
JOSEPH|HARRIS|joseph.harris27@outlook.com|(804) 327-2521|2869 Hill Rd|Arlington|PA|77698|12/01/1950|3668|VA000320
LINDA|BAKER|linda.baker97@icloud.com|8183193859|6963 Oak Ave|Dayton|ca|97866|1947-11-13|1248|VA000321
SANDRA|WILLIAMS|sandra.williams1@gmail.com|450-979-5189|5803 River Dr|Springfield|MO|26936-5323|11-Apr-1989|9637|VA000322
MARK|SCOTT|mark.scott41@hotmail.com|+14763805592|995 Maple Dr|Oxford|WY|44017|01-20-1988|1121|VA000323
JOHN|WRIGHT|john.wright5@hotmail.com|301.744.5587|6520 Jefferson Dr|Springfield|OR|43997|06/15/1989|6147|VA000324
JENNIFER|SCOTT|jennifer.scott15@hotmail.com|(294) 394-5575|2859 Forest Ave|Dayton|va|74823-3827|1956-12-02|3358|VA000325
THOMAS|SMITH|thomas.smith4@aol.com|3637539878|9511 Cedar Ln|Springfield|MA|86555|24-Oct-1994|8250|VA000326
NANCY|WILSON|nancy.wilson95@outlook.com|837-781-7972|9607 Hill Rd|Marion|WY|30316|12-15-2001|1998|VA000327
JAMES|ANDERSON|james.anderson42@yahoo.com|+14764509674|3850 Hill Rd|Burlington|AL|56567-9411|08/16/1989|3651|VA000328
JENNIFER|WILLIAMS|jennifer.williams45@aol.com|506.854.7951|4098 Forest Ave|Richmond|md|36111|1974-07-06|8916|VA000329
JAMES|TAYLOR||(443) 233-9663|1558 Forest Ave|Franklin|NJ|82081|17-Sep-1961|3492|VA000330
ANTHONY|WILSON|anthony.wilson35@outlook.com|5675169505|4217 Main St|Springfield|AL|15269-8816|05-11-1966|1612|VA000331
JESSICA|HILL||475-913-1195|449 Washington St|Oxford|OK|86601|03/13/1960|7929|VA000332
JENNIFER|THOMAS|jennifer.thomas49@aol.com|+12896447974|4956 Main St|Franklin|ny|45004|1989-02-19|1941|VA000333
MARK|ALLEN|mark.allen83@aol.com|571.345.6599|9253 Park Blvd|Clinton|Illinois|14755-4184|07-Jul-1987|8015|VA000334
SANDRA|HILL|sandra.hill95@hotmail.com|(569) 991-8304|3520 Maple Dr|Georgetown|NJ|39842|05-04-1981|6934|VA000335
DAVID|ANDERSON|david.anderson41@icloud.com|2503133033|2209 Washington St|Oxford|UT|33669|04/03/1945|8827|VA000336
KAREN|BROWN||958-933-2905|2711 Washington St|Salem|nj|64869-2057|1948-11-01|6940|VA000337
CHRISTOPHER|WRIGHT||+12902347038|6092 Lincoln Ave|Manchester|OK|35808|30-Jul-1993|2282|VA000338
MICHAEL|ADAMS|michael.adams62@gmail.com|737.344.9628|8593 Forest Ave|Salem|HI|27509|09-10-1982|4745|VA000339
MARGARET|SCOTT|margaret.scott73@icloud.com|(796) 390-1479|5339 Maple Dr|Greenville|GA|85582-6275|11/09/1990|4507|VA000340
MARGARET|SMITH|margaret.smith2@yahoo.com|5547686651|8249 Washington St|Salem|fl|59546|1957-01-30|4071|VA000341
SUSAN|BROWN|susan.brown85@outlook.com|878-482-1115|422 Hill Rd|Oxford|WA|36495|13-Nov-1989|8303|VA000342
RICHARD|KING|richard.king26@icloud.com|+13956174364|9220 Main St|Richmond|RI|24834-6963|10-27-1966|8619|VA000343
SARAH|BROWN|sarah.brown30@aol.com|245.717.1078|8533 Maple Dr|Fairview|OH|99187|01/21/1962|5654|VA000344
LINDA|WILLIAMS|linda.williams48@hotmail.com|(348) 998-6151|2004 Main St|Georgetown|vt|11428|2004-04-22|6388|VA000345
JESSICA|HARRIS|jessica.harris71@hotmail.com|6859183508|3367 Washington St|Dayton|SD|11219-8677|05-Jan-1967|7895|VA000346
MARY|ANDERSON|mary.anderson36@gmail.com|548-664-3591|8356 Hill Rd|Arlington|Geo.|65233|07-25-1954|2122|VA000347
ANTHONY|WILLIAMS|anthony.williams41@hotmail.com|+14266109155|1148 Sunset Blvd|Franklin|CT|74409|03/18/1979|1952|VA000348
JOSEPH|THOMAS|joseph.thomas78@outlook.com|736.841.5767|9506 Washington St|Greenville|mi|23280-2094|1968-03-26|2230|VA000349
JAMES|HALL|james.hall69@aol.com|(322) 523-5866|6537 Cedar Ln|Franklin|Michigan|53062|15-Aug-1958|7087|VA000350
LISA|WHITE|lisa.white42@hotmail.com|7145407160|2453 Lake Rd|Salem|MN|11078|07-10-1964|3771|VA000351
CHRISTOPHER|ALLEN|christopher.allen48@gmail.com|906-795-8237|7815 Cedar Ln|Georgetown|HI|95335-6217|09/27/1953|6484|VA000352
MATTHEW|HILL|matthew.hill79@yahoo.com|+18183379440|6115 Washington St|Dayton|mn|99053|1947-11-22|7090|VA000353
SARAH|HARRIS|sarah.harris1@icloud.com|572.475.8575|7888 Park Blvd|Richmond|TN|48387|06-Aug-1965|6350|VA000354
ASHLEY|WILLIAMS|ashley.williams45@hotmail.com|(507) 535-2407|3004 Cedar Ln|Richmond|IN|54599-6753|09-02-1972|2228|VA000355
SANDRA|KING|sandra.king49@gmail.com|5842264152|2319 River Dr|Franklin|ID|43227|05/24/1963|4188|VA000356
JESSICA|HARRIS|jessica.harris7@icloud.com|447-614-8750|942 Maple Dr|Salem|wa|51167|1950-02-11|1126|VA000357
DAVID|BAKER|david.baker9@aol.com|+12286123212|1505 Washington St|Franklin|MO|98432-5714|10-Dec-1995|8798|VA000358
DAVID|MARTIN|david.martin2@aol.com|938.214.8030|3739 Washington St|Georgetown|Nor.|96391|01-30-1943|4493|VA000359
MATTHEW|JONES|matthew.jones47@hotmail.com|(513) 274-5753|44 Hill Rd|Dayton|MI|69469|03/15/1995|7199|VA000360
ASHLEY|THOMPSON|ashley.thompson29@hotmail.com|7515559398|5986 River Dr|Fairview|ok|82112-3598|1964-09-12|3525|VA000361
KAREN|NGUYEN|karen.nguyen74@gmail.com|924-311-6336|3300 Maple Dr|Burlington|Georgia|72838|20-Jul-1974|1688|VA000362
JENNIFER|ALLEN|jennifer.allen36@outlook.com|+12716846370|5574 Oak Ave|Marion|OK|67852|10-09-1941|2417|VA000363
BETTY|ALLEN|betty.allen2@hotmail.com|850.652.4811|3867 Forest Ave|Salem|NV|73106-2731|11/02/1963|8430|VA000364
CHARLES|TAYLOR|charles.taylor34@outlook.com|(945) 653-4451|5574 Valley Ln|Greenville|vt|76117|1957-07-05|7276|VA000365
JENNIFER|SCOTT|jennifer.scott9@hotmail.com|6852366595|7120 Park Blvd|Oxford|WY|70429|02-Oct-2000|2574|VA000366
JENNIFER|TAYLOR|jennifer.taylor34@gmail.com|596-804-5316|8196 River Dr|Manchester|DE|74490-5429|04-12-1970|5224|VA000367
SUSAN|ANDERSON||+15343906294|1779 Maple Dr|Manchester|CT|38594|02/06/1940|2158|VA000368
SUSAN|WILLIAMS|susan.williams16@hotmail.com|286.244.3475|2918 River Dr|Marion|mi|88592|1956-04-08|7967|VA000369
MARK|BAKER|mark.baker62@icloud.com|(515) 815-6198|8805 Cedar Ln|Burlington|Michigan|94496-4891|26-Feb-1988|2496|VA000370
JAMES|JOHNSON|james.johnson63@yahoo.com|3888206954|1091 Cedar Ln|Marion|Nor.|96116|03-03-1987|8648|VA000371
MARY|WRIGHT|mary.wright80@yahoo.com|232-320-4345|6008 Sunset Blvd|Manchester|WI|49268|08/11/2001|8074|VA000372
MARK|KING|mark.king30@icloud.com|+17934607468|4348 Main St|Marion|ia|15314-9184|1959-11-24|8360|VA000373
MARGARET|GARCIA|margaret.garcia90@outlook.com|480.367.9853|9796 Maple Dr|Franklin|NE|53631|17-Feb-1946|8016|VA000374
SARAH|WRIGHT|sarah.wright66@hotmail.com|(415) 932-4505|7616 Cedar Ln|Marion|KS|34190|08-24-2002|3494|VA000375
SARAH|GARCIA|sarah.garcia5@yahoo.com|6633436026|8050 Jefferson Dr|Springfield|WV|96772-3962|06/12/1992|5164|VA000376
WILLIAM|ADAMS|william.adams47@outlook.com|928-518-4835|5112 Sunset Blvd|Greenville|ma|87448|1971-11-03|2236|VA000377
BARBARA|GARCIA|barbara.garcia22@aol.com|+17834532081|6214 Sunset Blvd|Madison|Florida|25873|18-Jul-1951|9237|VA000378
DANIEL|HALL|daniel.hall84@aol.com|595.504.7173|9985 Lake Rd|Richmond|MD|70523-9121|07-27-1940|3257|VA000379
JAMES|WILLIAMS|james.williams45@icloud.com|(973) 926-6964|7126 Maple Dr|Greenville|WV|26240|11/26/2002|8296|VA000380
RICHARD|HALL|richard.hall66@gmail.com|2105723723|1022 Maple Dr|Madison|sc|86742|1963-07-28|1003|VA000381
MARY|KING|mary.king77@aol.com|200-460-4098|2011 Park Blvd|Georgetown|MD|87017-4008|22-Apr-1967|7005|VA000382
MATTHEW|THOMAS|matthew.thomas52@outlook.com|+18262514234|6273 Maple Dr|Richmond|CT|17567|09-26-1962|6643|VA000383
MARGARET|BAKER|margaret.baker17@aol.com|879.746.4342|4720 Valley Ln|Georgetown|VA|34995|11/22/1988|8779|VA000384
MARGARET|ALLEN|margaret.allen72@outlook.com|(941) 625-8507|1605 Maple Dr|Greenville|il|69922-4289|1960-04-15|3273|VA000385
MICHAEL|JONES|michael.jones73@outlook.com|3675146435|7847 Maple Dr|Fairview|AR|81241|31-Jan-2002|5382|VA000386
ANTHONY|WALKER||980-325-9668|579 Lincoln Ave|Georgetown|ID|79479|05-28-1958|1699|VA000387
MARGARET|SMITH|margaret.smith51@hotmail.com|+15365013332|5719 Valley Ln|Madison|NV|57634-9060|11/27/1967|9556|VA000388
ASHLEY|BROWN|ashley.brown32@hotmail.com|799.527.2458|5610 Hill Rd|Clinton|de|14486|1961-03-25|8459|VA000389
MARY|DAVIS|mary.davis78@yahoo.com|(473) 230-2926|7549 Jefferson Dr|Marion|ME|57127|24-Aug-1960|9796|VA000390
DAVID|MILLER|david.miller52@gmail.com|4386349177|4564 Lincoln Ave|Burlington|WY|86273-8925|04-04-1993|5472|VA000391
MICHAEL|ANDERSON|michael.anderson19@aol.com|561-649-3909|2730 Sunset Blvd|Oxford|TN|49022|07/30/1944|6653|VA000392
PATRICIA|BROWN||+12909478096|9446 Lake Rd|Manchester|ca|13208|1942-10-30|6878|VA000393
ASHLEY|MARTIN|ashley.martin82@yahoo.com|473.376.8653|5678 Main St|Greenville|ME|87794-7134|07-Mar-1988|8892|VA000394
ROBERT|THOMPSON|robert.thompson83@yahoo.com|(636) 490-3573|7073 Lincoln Ave|Oxford|Geo.|33958|04-21-1974|7845|VA000395
CHRISTOPHER|SMITH||3758628185|9461 Jefferson Dr|Clinton|WY|31079|10/26/1964|6014|VA000396
ROBERT|HILL|robert.hill20@icloud.com|469-767-1605|1486 Park Blvd|Salem|mo|80894-3907|1991-09-23|4393|VA000397
KAREN|JOHNSON|karen.johnson70@gmail.com|+12224276143|2439 Washington St|Dayton|IA|85279|10-Oct-1962|8682|VA000398
MARGARET|JACKSON|margaret.jackson79@yahoo.com|942.385.5015|2269 Washington St|Fairview|NV|74260|03-10-2002|4935|VA000399
SARAH|TORRES|sarah.torres57@outlook.com|(900) 380-7714|5696 Main St|Richmond|NM|47538-5743|05/24/2000|5407|VA000400
WILLIAM|SCOTT|william.scott17@aol.com|5142182282|7750 Oak Ave|Manchester|ms|66627|1983-07-13|8307|VA000401
KAREN|BROWN|karen.brown28@yahoo.com|593-434-1498|7149 Valley Ln|Oxford|VA|37736|20-Mar-1999|8688|VA000402
SUSAN|YOUNG|susan.young90@icloud.com|+13944285252|9205 Forest Ave|Marion|Cal.|90673-8946|07-18-1960|5888|VA000403
KAREN|MILLER|karen.miller76@icloud.com|503.676.9190|9574 Cedar Ln|Franklin|IA|19181|05/29/1992|8428|VA000404
JENNIFER|WRIGHT|jennifer.wright43@yahoo.com|(270) 355-1836|801 Jefferson Dr|Madison|tn|21881|1976-04-03|5373|VA000405
WILLIAM|WILSON|william.wilson13@icloud.com|6263797355|3823 Cedar Ln|Oxford|UT|18543-6621|14-Apr-2001|3209|VA000406
ASHLEY|SCOTT|ashley.scott56@gmail.com|960-363-5797|4753 Forest Ave|Greenville|NV|48856|12-23-1985|9291|VA000407
LISA|HALL|lisa.hall93@outlook.com|+15887307112|5662 Forest Ave|Richmond|VA|77559|09/22/1998|7811|VA000408
ROBERT|ADAMS|robert.adams70@hotmail.com|892.932.9385|1011 Maple Dr|Burlington|ma|70200-3404|1976-04-14|7139|VA000409
MARY|DAVIS|mary.davis79@gmail.com|(242) 660-5685|4257 River Dr|Salem|SC|57703|29-Apr-2002|8145|VA000410
JENNIFER|JACKSON|jennifer.jackson99@gmail.com|2538283051|576 Oak Ave|Greenville|IA|92218|07-08-1987|6263|VA000411
SARAH|SCOTT|sarah.scott33@icloud.com|301-773-2208|6214 Maple Dr|Georgetown|AZ|44550-6921|05/15/2000|4456|VA000412
MATTHEW|BROWN|matthew.brown14@yahoo.com|+12988415047|8467 River Dr|Georgetown|az|41018|1958-03-07|5782|VA000413
BARBARA|BAKER|barbara.baker1@icloud.com|759.492.9867|6505 Forest Ave|Franklin|DE|67651|16-Mar-1954|5802|VA000414
KAREN|THOMAS|karen.thomas88@icloud.com|(259) 364-5756|618 River Dr|Greenville|WI|92579-2045|03-11-1985|9627|VA000415
JAMES|THOMPSON|james.thompson24@hotmail.com|8939005944|6563 River Dr|Greenville|HI|40544|08/25/1943|9877|VA000416
JAMES|WALKER|james.walker62@gmail.com|306-831-5951|3465 Main St|Georgetown|sd|81122|1967-03-11|8293|VA000417
MARY|MILLER|mary.miller43@aol.com|+17169152407|1373 Maple Dr|Georgetown|CT|52468-4055|07-Jul-1967|1466|VA000418
SANDRA|DAVIS|sandra.davis60@hotmail.com|616.342.3047|7692 Sunset Blvd|Arlington|HI|68161|02-20-1946|5634|VA000419
DANIEL|ALLEN|daniel.allen52@outlook.com|(388) 419-1055|8301 Lake Rd|Georgetown|LA|94730|06/06/1966|4609|VA000420
ANTHONY|JACKSON|anthony.jackson41@icloud.com|2964219440|2456 Lincoln Ave|Greenville|hi|64429-4397|1953-10-13|4225|VA000421
MATTHEW|HALL|matthew.hall40@outlook.com|583-633-4754|6415 Lake Rd|Franklin|North Carolina|38533|06-Feb-1982|1386|VA000422
CHARLES|JOHNSON|charles.johnson65@aol.com|+14478801910|6873 Washington St|Salem|VA|93211|01-06-1979|8258|VA000423
MATTHEW|ADAMS|matthew.adams51@yahoo.com|497.845.2960|4345 Oak Ave|Richmond|TN|56333-4003|07/27/1981|8445|VA000424
KAREN|BAKER|karen.baker10@hotmail.com|(414) 641-5787|4737 Lake Rd|Springfield|nj|17849|1945-12-26|5500|VA000425
JESSICA|YOUNG|jessica.young88@outlook.com|6966199113|8232 Main St|Oxford|MT|46509|23-Jan-1969|4584|VA000426
BETTY|BROWN||944-505-5436|7106 Sunset Blvd|Fairview|IA|92806-8215|02-11-1945|9653|VA000427
MATTHEW|NELSON|matthew.nelson6@outlook.com|+15808356167|8067 Valley Ln|Richmond|LA|74330|05/28/1956|9374|VA000428
NANCY|TAYLOR|nancy.taylor89@icloud.com|809.786.3906|7461 Washington St|Oxford|ms|14697|1948-05-09|5903|VA000429
BETTY|WILSON|betty.wilson63@outlook.com|(896) 334-2870|4003 Forest Ave|Marion|WY|73738-8160|23-Aug-1952|8717|VA000430
ANTHONY|JONES|anthony.jones84@hotmail.com|6147444669|1206 Cedar Ln|Greenville|ND|98889|02-27-2003|5922|VA000431
JESSICA|DAVIS|jessica.davis92@yahoo.com|325-407-3585|5845 River Dr|Richmond|ID|21139|07/18/1955|8624|VA000432
CHARLES|JACKSON|charles.jackson55@yahoo.com|+14816428550|4821 River Dr|Clinton|nh|28861-8540|1987-05-13|4512|VA000433
DAVID|ANDERSON||878.540.5404|4971 Lake Rd|Madison|OR|86995|30-Jan-1970|3426|VA000434
JAMES|HILL|james.hill2@aol.com|(858) 323-1257|128 Hill Rd|Marion|NE|77210|05-10-1968|7182|VA000435
JAMES|MILLER|james.miller22@gmail.com|9398678406|7476 Lake Rd|Oxford|SC|17163-3077|01/07/1952|6642|VA000436
THOMAS|SMITH|thomas.smith33@gmail.com|462-883-4173|2704 Sunset Blvd|Arlington|wy|64767|2001-07-11|6118|VA000437
MARK|WRIGHT|mark.wright50@icloud.com|+18107755381|3873 Park Blvd|Dayton|Pennsylvania|57480|17-Jan-1994|8920|VA000438
CHARLES|WHITE|charles.white68@icloud.com|831.864.4560|9650 Hill Rd|Marion|VT|92035-9359|08-11-1976|3047|VA000439
MARGARET|GARCIA|margaret.garcia37@hotmail.com|(209) 954-3832|9548 Cedar Ln|Manchester|NV|40612|12/23/1965|1361|VA000440
SARAH|NELSON|sarah.nelson2@outlook.com|4078024207|1522 Lincoln Ave|Madison|ri|27976|1966-07-09|3045|VA000441
MARK|BAKER|mark.baker85@aol.com|950-755-8611|4622 Sunset Blvd|Dayton|IN|59113-8145|30-Nov-1997|6003|VA000442
JOSEPH|ALLEN|joseph.allen99@outlook.com|+13436481848|4110 River Dr|Madison|ND|74101|05-04-1986|3292|VA000443
JAMES|WHITE|james.white69@icloud.com|221.635.7642|6170 Valley Ln|Marion|OK|23986|04/22/1992|9977|VA000444
DANIEL|SMITH|daniel.smith29@aol.com|(295) 710-4903|2649 Forest Ave|Salem|mt|26897-3403|1986-10-03|3879|VA000445
BARBARA|GARCIA|barbara.garcia14@hotmail.com|3443666337|9677 Washington St|Madison|California|95291|14-Jan-1954|4411|VA000446
JESSICA|HALL|jessica.hall33@gmail.com|393-788-1494|7725 Sunset Blvd|Richmond|LA|42936|04-13-1962|3089|VA000447
SANDRA|GARCIA|sandra.garcia36@yahoo.com|+17284718734|424 Washington St|Oxford|OK|22846-2569|08/30/1991|3592|VA000448
JAMES|SCOTT|james.scott17@gmail.com|289.335.8071|5874 Forest Ave|Richmond|sd|78416|1991-10-17|4060|VA000449
SARAH|BROWN|sarah.brown45@gmail.com|(499) 866-7861|2346 Oak Ave|Marion|North Carolina|64731|03-Feb-1960|7059|VA000450
JOHN|SCOTT|john.scott83@outlook.com|8118054910|7446 Lincoln Ave|Richmond|VT|28284-9686|01-02-1993|9403|VA000451
MATTHEW|NGUYEN|matthew.nguyen14@icloud.com|385-267-3138|6309 Oak Ave|Springfield|PA|97879|08/30/2002|1074|VA000452
THOMAS|ANDERSON|thomas.anderson84@yahoo.com|+17376851118|3566 Forest Ave|Georgetown|al|97550|1980-08-29|8883|VA000453
SANDRA|ANDERSON|sandra.anderson70@outlook.com|855.913.5047|5856 Jefferson Dr|Oxford|California|21812-6765|09-Oct-1963|7464|VA000454
JENNIFER|BAKER|jennifer.baker11@hotmail.com|(801) 845-3377|448 Lincoln Ave|Dayton|MD|16268|10-27-1973|9169|VA000455
WILLIAM|ADAMS|william.adams35@outlook.com|7543524942|9628 Lincoln Ave|Manchester|MD|76719|05/23/1964|1664|VA000456
DAVID|SMITH|david.smith28@gmail.com|375-604-3765|2241 Washington St|Fairview|or|65621-6873|1976-09-29|9959|VA000457
SARAH|WILLIAMS|sarah.williams38@gmail.com|+18168839475|9390 Maple Dr|Richmond|WI|55405|06-Sep-1989|8108|VA000458
JOHN|WHITE|john.white3@gmail.com|492.563.7692|1373 River Dr|Arlington|MO|46450|10-24-1989|8542|VA000459
DAVID|SCOTT|david.scott55@aol.com|(290) 541-7269|2515 River Dr|Franklin|MN|84252-7575|06/05/1987|2703|VA000460
PATRICIA|THOMAS||4622368981|7290 Park Blvd|Springfield|mo|78485|1984-09-29|5703|VA000461
RICHARD|KING|richard.king86@hotmail.com|403-474-7680|3093 Forest Ave|Franklin|MO|45796|11-Mar-1997|1077|VA000462
RICHARD|ADAMS|richard.adams41@yahoo.com|+13572308548|7746 Lake Rd|Marion|NM|10599-3151|07-25-1985|5763|VA000463
SUSAN|ANDERSON|susan.anderson19@outlook.com|257.361.8134|8048 River Dr|Dayton|UT|18865|05/08/1970|2417|VA000464
BETTY|MARTIN|betty.martin10@hotmail.com|(453) 693-7733|7658 Lake Rd|Burlington|ms|69129|1952-01-10|3564|VA000465
JENNIFER|NGUYEN|jennifer.nguyen64@aol.com|9327821914|4546 Park Blvd|Greenville|Georgia|12018-2386|14-Sep-1995|8181|VA000466
PATRICIA|KING||842-771-3918|678 Valley Ln|Clinton|Ill.|18320|05-16-1963|8685|VA000467
LINDA|THOMAS||+12746091789|2057 Cedar Ln|Richmond|FL|52815|08/06/1948|1464|VA000468
MARGARET|WHITE|margaret.white67@icloud.com|577.387.9449|2285 Hill Rd|Clinton|oh|59301-4571|1968-07-14|9618|VA000469
MARK|MILLER|mark.miller84@yahoo.com|(987) 935-3638|8219 Hill Rd|Burlington|RI|95379|12-Dec-1986|6593|VA000470
THOMAS|JACKSON|thomas.jackson17@icloud.com|4166101917|3587 River Dr|Greenville|WV|83307|04-14-1994|2264|VA000471
CHRISTOPHER|NELSON|christopher.nelson36@aol.com|305-407-6269|9651 Forest Ave|Madison|ND|87678-7352|03/20/1972|7628|VA000472
DANIEL|SCOTT|daniel.scott72@outlook.com|+12065098376|9902 Lake Rd|Springfield|ky|61097|1959-09-06|2491|VA000473
DAVID|MARTIN|david.martin7@hotmail.com|537.535.7308|5334 Sunset Blvd|Manchester|NH|96847|31-Oct-1975|7092|VA000474
MARK|NGUYEN||(707) 464-3430|2033 Lincoln Ave|Greenville|AL|91205-1671|08-17-1977|9398|VA000475
DAVID|JACKSON|david.jackson44@gmail.com|3603094152|2704 Lincoln Ave|Burlington|TX|13634|05/03/1976|9306|VA000476
BARBARA|ANDERSON|barbara.anderson23@aol.com|231-475-4597|3095 Maple Dr|Burlington|wi|60625|1963-02-15|5544|VA000477
JAMES|ALLEN|james.allen39@hotmail.com|+13092056729|3051 River Dr|Georgetown|AL|23282-6918|25-Aug-1978|9061|VA000478
RICHARD|NGUYEN|richard.nguyen6@icloud.com|849.219.3555|1172 Valley Ln|Salem|WI|95164|11-24-1959|4667|VA000479
WILLIAM|HALL|william.hall27@icloud.com|(656) 211-5376|3237 Cedar Ln|Fairview|WI|35775|04/03/2001|3028|VA000480
NANCY|ADAMS||6078541911|7826 Main St|Springfield|wy|98278-3292|1991-10-12|7318|VA000481
ROBERT|KING|robert.king95@aol.com|814-508-9673|8143 Hill Rd|Manchester|NJ|17513|25-May-1993|4235|VA000482
WILLIAM|SMITH|william.smith28@hotmail.com|+18376779146|5195 Main St|Manchester|NH|86353|05-10-1960|7001|VA000483
MARGARET|MILLER|margaret.miller16@hotmail.com|736.484.3194|1620 Main St|Springfield|OR|17712-4890|09/10/1991|1076|VA000484
MICHAEL|NGUYEN|michael.nguyen46@outlook.com|(304) 830-4675|9196 River Dr|Fairview|nc|47701|2002-03-02|1769|VA000485
JAMES|YOUNG||9262111093|5452 River Dr|Manchester|NH|40507|17-Mar-1997|6867|VA000486
MICHAEL|BAKER|michael.baker17@yahoo.com|606-243-1060|7403 Forest Ave|Oxford|MT|65148-4465|05-08-1974|8070|VA000487
SUSAN|HILL|susan.hill98@hotmail.com|+17892695771|6372 Lake Rd|Franklin|NV|75056|06/10/1992|3761|VA000488
DANIEL|TAYLOR|daniel.taylor53@aol.com|923.944.5527|8479 Lincoln Ave|Manchester|nd|34313|1968-02-13|6685|VA000489
THOMAS|SCOTT|thomas.scott78@outlook.com|(339) 566-2368|3042 Oak Ave|Marion|TN|17639-2311|25-Jan-1953|5789|VA000490
ANTHONY|WILSON|anthony.wilson95@outlook.com|4462976895|8548 Forest Ave|Arlington|AL|82745|02-25-1972|9578|VA000491
MARK|JOHNSON|mark.johnson6@yahoo.com|281-885-4608|2746 Jefferson Dr|Oxford|OH|82808|04/17/1981|2493|VA000492
CHRISTOPHER|ANDERSON|christopher.anderson72@icloud.com|+18285654657|9650 Jefferson Dr|Greenville|mo|50215-9522|2001-10-07|5825|VA000493
ROBERT|GARCIA|robert.garcia37@yahoo.com|564.222.2306|3633 Park Blvd|Oxford|Ohio|72621|03-Jul-1976|4480|VA000494
ROBERT|WALKER|robert.walker18@hotmail.com|(439) 753-6039|1657 Washington St|Manchester|Geo.|68834|09-29-1992|2703|VA000495
THOMAS|MARTIN|thomas.martin38@gmail.com|9872892300|3971 Valley Ln|Salem|WA|40456-4092|12/31/1940|4469|VA000496
JAMES|BROWN|james.brown39@icloud.com|484-325-3566|3910 Park Blvd|Marion|id|29925|1955-07-05|5852|VA000497
SARAH|TORRES|sarah.torres25@hotmail.com|+19158075392|4084 Main St|Burlington|VT|19954|03-May-1953|3120|VA000498
RICHARD|NELSON|richard.nelson5@icloud.com|840.752.2719|7871 Maple Dr|Burlington|Pen.|13715-7702|05-18-1982|2410|VA000499
LISA|HILL|lisa.hill12@outlook.com|(616) 447-1353|1739 Valley Ln|Richmond|TN|23440|09/09/1949|6698|VA000500
KAREN|THOMAS||6777812410|9277 Forest Ave|Franklin|de|21870|1956-05-16|2415|VA000501
BARBARA|GARCIA|barbara.garcia26@yahoo.com|821-593-6221|3559 Washington St|Georgetown|MD|98158-4501|19-Jun-1956|9261|VA000502
CHARLES|MILLER|charles.miller80@icloud.com|+14197948890|6093 Oak Ave|Arlington|AR|67712|01-11-1990|4220|VA000503
MARY|HILL|mary.hill67@gmail.com|740.846.9390|6831 Washington St|Burlington|WI|66969|01/14/1992|4683|VA000504
ROBERT|GARCIA|robert.garcia72@yahoo.com|(311) 256-9361|7284 Maple Dr|Springfield|ca|21006-9979|1986-07-17|4242|VA000505
ANTHONY|THOMAS|anthony.thomas73@gmail.com|5822449290|4925 Sunset Blvd|Dayton|Pennsylvania|53807|18-Jan-1999|2427|VA000506
BETTY|WHITE|betty.white80@gmail.com|261-340-7136|8172 Park Blvd|Fairview|Geo.|59250|05-03-1958|1621|VA000507
JAMES|NELSON|james.nelson32@icloud.com|+13986689081|5502 Cedar Ln|Franklin|GA|79218-4262|09/25/1964|8321|VA000508
JOSEPH|NGUYEN||706.230.1315|3527 Hill Rd|Franklin|tx|26528|1973-08-10|1143|VA000509
ANTHONY|WALKER|anthony.walker62@aol.com|(304) 935-3308|1053 Jefferson Dr|Manchester|ME|71666|13-Apr-2001|5184|VA000510
JENNIFER|GARCIA|jennifer.garcia78@hotmail.com|4707701671|7193 Main St|Madison|NH|37097-8027|07-10-2001|2927|VA000511
JENNIFER|WRIGHT|jennifer.wright71@outlook.com|894-852-8602|5317 Sunset Blvd|Springfield|ID|82735|08/05/1953|3662|VA000512
ANTHONY|HALL||+12818801176|7163 River Dr|Clinton|me|67093|2003-01-03|6892|VA000513
LINDA|HILL|linda.hill38@gmail.com|602.328.1283|7118 Maple Dr|Marion|WV|76696-5652|24-Oct-1947|6257|VA000514
THOMAS|SMITH|thomas.smith74@yahoo.com|(307) 646-4815|9732 Cedar Ln|Burlington|MD|81276|02-12-1961|7003|VA000515
JESSICA|ADAMS|jessica.adams49@hotmail.com|7674582643|3221 Jefferson Dr|Springfield|AZ|91265|05/01/1958|3637|VA000516
BETTY|DAVIS|betty.davis45@hotmail.com|348-601-4736|7534 Cedar Ln|Fairview|oh|17740-1142|1974-05-23|2640|VA000517
DANIEL|HARRIS|daniel.harris96@gmail.com|+18139995202|2692 Lincoln Ave|Madison|WA|13819|27-Jan-1958|8792|VA000518
LINDA|WILSON|linda.wilson71@yahoo.com|998.412.9983|8735 Oak Ave|Marion|New.|24652|08-23-1975|5141|VA000519
DAVID|ANDERSON|david.anderson37@outlook.com|(532) 709-6383|7619 Forest Ave|Springfield|AR|47168-9981|07/01/1986|6746|VA000520
LINDA|TAYLOR||4879692982|4766 Forest Ave|Georgetown|la|20482|1962-10-24|1255|VA000521
DANIEL|YOUNG|daniel.young68@aol.com|799-537-8422|2579 Jefferson Dr|Oxford|Ohio|96575|23-Nov-1990|4532|VA000522
RICHARD|DAVIS|richard.davis47@gmail.com|+12464858662|1287 Lincoln Ave|Madison|AL|13770-3337|10-17-1969|7281|VA000523
JESSICA|WALKER|jessica.walker18@yahoo.com|559.891.8327|9394 Oak Ave|Manchester|AK|11318|12/29/1996|4075|VA000524
JOSEPH|WRIGHT|joseph.wright3@hotmail.com|(894) 305-5103|5509 Hill Rd|Marion|ne|20982|1959-06-06|7468|VA000525
ASHLEY|SMITH|ashley.smith1@gmail.com|8387411371|5867 Forest Ave|Madison|OK|45939-8644|08-Feb-1997|7341|VA000526
RICHARD|BAKER|richard.baker55@outlook.com|530-530-5786|4821 Washington St|Franklin|Tex.|41172|11-05-1943|1650|VA000527
ANTHONY|THOMPSON|anthony.thompson20@hotmail.com|+16618829005|1300 Main St|Arlington|HI|22920|10/05/1958|2006|VA000528
JESSICA|TAYLOR|jessica.taylor75@gmail.com|884.986.5497|7859 Lake Rd|Fairview|sc|31814-1458|1964-04-25|4044|VA000529
MATTHEW|TORRES|matthew.torres20@aol.com|(722) 352-4563|9225 Hill Rd|Marion|WI|48289|05-May-1957|8786|VA000530
LISA|TORRES|lisa.torres77@gmail.com|2623349598|4666 Park Blvd|Springfield|HI|37250|11-05-1968|4426|VA000531
JESSICA|JOHNSON|jessica.johnson27@aol.com|570-904-2080|7785 Valley Ln|Oxford|IN|69026-4658|03/18/2003|2755|VA000532
SARAH|WRIGHT|sarah.wright66@gmail.com|+15986261935|1429 Main St|Fairview|fl|16473|1946-06-16|8576|VA000533
ANTHONY|JONES|anthony.jones70@icloud.com|674.927.6554|7111 Main St|Dayton|Florida|77218|02-Feb-2001|7101|VA000534
LINDA|KING|linda.king48@outlook.com|(299) 898-3491|8547 Lake Rd|Marion|WY|23195-5685|02-27-1951|4423|VA000535
JENNIFER|SMITH|jennifer.smith5@gmail.com|2243577433|7678 Lake Rd|Georgetown|KY|68546|02/24/1971|4314|VA000536
JENNIFER|WRIGHT|jennifer.wright20@outlook.com|373-683-6330|1879 Park Blvd|Georgetown|mt|62170|1958-12-15|5003|VA000537
WILLIAM|SMITH|william.smith61@yahoo.com|+12953383535|909 Jefferson Dr|Richmond|VA|66617-2696|09-Jun-1974|8193|VA000538
LISA|WALKER|lisa.walker78@gmail.com|633.292.1813|5837 Hill Rd|Franklin|DE|35101|05-30-1961|8958|VA000539
JOHN|NELSON|john.nelson34@icloud.com|(331) 369-9783|3104 Main St|Greenville|LA|55936|12/27/1978|4373|VA000540
MICHAEL|MARTIN|michael.martin42@icloud.com|6384593059|6247 Valley Ln|Manchester|co|44233-1203|1967-05-22|7897|VA000541
RICHARD|SCOTT|richard.scott81@outlook.com|570-829-8473|5968 River Dr|Springfield|MT|23599|05-Jul-1943|9251|VA000542
SANDRA|BROWN|sandra.brown69@hotmail.com|+15842814940|7424 Washington St|Fairview|KY|18016|05-24-2000|6472|VA000543
BARBARA|HALL|barbara.hall29@gmail.com|300.306.2098|7036 Forest Ave|Springfield|MN|23781-9968|04/26/1952|2203|VA000544
NANCY|THOMPSON|nancy.thompson60@outlook.com|(872) 658-3642|5362 Park Blvd|Dayton|wv|50485|1992-07-03|2726|VA000545
LISA|HALL|lisa.hall72@hotmail.com|8293608442|342 Lincoln Ave|Burlington|MS|60391|15-Apr-1955|3589|VA000546
SARAH|JONES|sarah.jones13@outlook.com|946-984-8133|1606 Cedar Ln|Salem|WI|23604-2292|11-18-1967|8542|VA000547
MICHAEL|THOMAS|michael.thomas57@aol.com|+15129083277|8269 Jefferson Dr|Madison|NJ|97028|11/27/1946|8069|VA000548
JESSICA|THOMAS||892.397.2417|6171 Oak Ave|Greenville|mt|19838|1976-04-28|4160|VA000549
MICHAEL|THOMPSON|michael.thompson96@outlook.com|(656) 438-3494|379 Valley Ln|Richmond|North Carolina|37457-9020|08-Feb-1981|4114|VA000550
DAVID|JOHNSON|david.johnson77@aol.com|9022557616|5704 Oak Ave|Georgetown|Flo.|68749|11-24-1942|2543|VA000551
SUSAN|GARCIA||975-822-9025|2011 Forest Ave|Marion|NE|33993|12/14/1970|7588|VA000552
RICHARD|JONES|richard.jones36@outlook.com|+13506814788|9636 Park Blvd|Springfield|ak|34976-4375|1972-04-01|5228|VA000553
BARBARA|JONES||774.578.5013|5049 Park Blvd|Richmond|MD|30407|12-Jan-1985|9039|VA000554
SUSAN|TAYLOR|susan.taylor33@gmail.com|(431) 970-9595|9774 Oak Ave|Marion|SD|74511|12-02-1964|9934|VA000555
JOHN|TORRES|john.torres36@hotmail.com|3086011372|7336 Cedar Ln|Franklin|MD|57146-4148|12/03/1986|4312|VA000556
LINDA|WILLIAMS||200-877-8622|5112 Lake Rd|Burlington|nc|96392|1941-05-27|3949|VA000557
RICHARD|MARTIN|richard.martin39@gmail.com|+15489108437|1409 Lincoln Ave|Marion|ND|65317|24-May-1976|9489|VA000558
CHARLES|BROWN|charles.brown22@outlook.com|529.357.1093|1978 Jefferson Dr|Greenville|VA|14001-2148|09-11-1949|8376|VA000559
JENNIFER|THOMPSON|jennifer.thompson56@aol.com|(436) 606-3496|5429 Forest Ave|Salem|ID|21243|05/11/1942|9223|VA000560
ROBERT|TORRES|robert.torres90@gmail.com|5495337353|4807 Oak Ave|Franklin|ok|45601|1977-12-27|6689|VA000561
MICHAEL|JACKSON|michael.jackson88@outlook.com|665-462-6101|1556 Main St|Richmond|WV|99613-2438|13-Feb-1990|5127|VA000562
ROBERT|ALLEN|robert.allen19@outlook.com|+14215427301|4359 Lake Rd|Arlington|AZ|55533|09-09-1982|4829|VA000563
JENNIFER|DAVIS|jennifer.davis3@hotmail.com|955.846.5815|3434 Maple Dr|Greenville|WA|64967|11/25/1940|3594|VA000564
SARAH|HILL|sarah.hill86@outlook.com|(820) 566-5384|8701 Forest Ave|Salem|pa|89152-8331|1951-10-22|3813|VA000565
MICHAEL|HALL|michael.hall40@gmail.com|9389747171|7094 Washington St|Salem|Florida|14524|28-Nov-1946|8731|VA000566
MARGARET|KING|margaret.king12@gmail.com|334-273-4598|9117 Washington St|Dayton|CO|16516|11-21-1954|7125|VA000567
MARK|SMITH|mark.smith56@hotmail.com|+17414588829|4573 Lincoln Ave|Georgetown|DE|59145-6079|08/29/1976|7786|VA000568
RICHARD|SCOTT|richard.scott23@gmail.com|666.683.7317|7410 Jefferson Dr|Oxford|nh|74313|1947-06-27|8923|VA000569
RICHARD|HILL|richard.hill52@outlook.com|(980) 732-5601|1807 Sunset Blvd|Greenville|KS|24727|27-Apr-1970|7146|VA000570
MICHAEL|JACKSON|michael.jackson41@hotmail.com|8186974483|7803 Oak Ave|Madison|NJ|15017-7143|11-25-1988|3551|VA000571
JAMES|WILSON|james.wilson61@outlook.com|588-587-1725|8721 Maple Dr|Marion|OH|74899|11/05/1966|6258|VA000572
JESSICA|JOHNSON|jessica.johnson19@outlook.com|+19994783525|1442 Forest Ave|Marion|tx|33938|2002-06-10|8671|VA000573
THOMAS|GARCIA|thomas.garcia18@gmail.com|544.557.1767|3112 Valley Ln|Dayton|NV|75926-5176|16-Oct-2003|1445|VA000574
KAREN|THOMPSON|karen.thompson11@yahoo.com|(315) 990-3707|5320 Washington St|Madison|MN|10079|08-08-1946|4118|VA000575
MARK|JOHNSON|mark.johnson53@gmail.com|6994615870|356 River Dr|Franklin|GA|53331|01/28/1954|6904|VA000576
LISA|WALKER|lisa.walker3@outlook.com|917-309-8496|365 Jefferson Dr|Richmond|nv|86577-8196|1944-08-14|2392|VA000577
RICHARD|WILLIAMS|richard.williams18@aol.com|+19967545413|4452 Oak Ave|Madison|Florida|58219|12-Sep-1960|4788|VA000578
MARK|HARRIS|mark.harris25@aol.com|753.842.1761|6478 Forest Ave|Arlington|OR|27497|09-21-1962|9844|VA000579
MARY|HILL|mary.hill81@gmail.com|(798) 437-6311|1537 Oak Ave|Salem|TX|49903-3116|11/11/1970|6856|VA000580
PATRICIA|SMITH|patricia.smith98@aol.com|6563322002|2840 Oak Ave|Richmond|nm|15682|1982-12-19|6354|VA000581
SANDRA|GARCIA|sandra.garcia80@icloud.com|597-557-4216|9319 Cedar Ln|Oxford|NH|32902|16-Dec-1967|3131|VA000582
LISA|THOMAS|lisa.thomas45@icloud.com|+16466814265|8167 Maple Dr|Oxford|ID|64165-1880|04-05-1985|9062|VA000583
CHRISTOPHER|HARRIS|christopher.harris53@icloud.com|613.354.3497|2073 Sunset Blvd|Oxford|HI|90764|04/08/1979|2550|VA000584
NANCY|WILLIAMS|nancy.williams89@gmail.com|(526) 784-5464|5581 Oak Ave|Franklin|ny|38550|1980-11-13|3882|VA000585
RICHARD|JOHNSON||6985141023|9430 Oak Ave|Dayton|Georgia|59886-3689|04-Sep-1949|4709|VA000586
WILLIAM|JONES|william.jones24@yahoo.com|294-533-9828|9681 Valley Ln|Marion|Ill.|98277|11-29-1951|3356|VA000587
ROBERT|ANDERSON|robert.anderson76@icloud.com|+17224261156|5068 Jefferson Dr|Dayton|FL|23669|08/15/1964|6263|VA000588
JOHN|SCOTT|john.scott35@yahoo.com|609.644.2937|4932 Sunset Blvd|Franklin|il|12972-9303|1971-02-10|7929|VA000589
CHARLES|ALLEN|charles.allen9@gmail.com|(230) 950-3607|3797 Oak Ave|Dayton|CT|75461|11-Dec-2000|8805|VA000590
MICHAEL|YOUNG||6046417489|1414 Maple Dr|Marion|CT|59755|10-03-1964|3003|VA000591
ASHLEY|HALL|ashley.hall86@outlook.com|775-334-7736|8519 Sunset Blvd|Dayton|AL|14775-6213|11/19/1944|1098|VA000592
JOSEPH|DAVIS|joseph.davis60@aol.com|+15942271434|8627 River Dr|Burlington|al|95916|1983-08-28|9589|VA000593
BETTY|WILLIAMS|betty.williams17@yahoo.com|677.211.4188|3833 Washington St|Madison|Georgia|11938|11-Nov-1978|1424|VA000594
MARY|WALKER|mary.walker44@aol.com|(325) 643-8455|9285 Lincoln Ave|Manchester|MN|47802-8497|11-19-1949|1136|VA000595
CHARLES|HILL|charles.hill48@outlook.com|3189098142|5707 Hill Rd|Arlington|TN|34881|11/29/1967|2937|VA000596
RICHARD|NGUYEN|richard.nguyen67@gmail.com|907-411-5905|3737 Lincoln Ave|Madison|vt|45521|1981-08-02|8239|VA000597
CHRISTOPHER|TORRES|christopher.torres59@icloud.com|+13434855963|6455 Oak Ave|Arlington|TN|73405-3976|11-Oct-1973|8729|VA000598
LINDA|BAKER|linda.baker91@aol.com|629.748.9083|9599 Sunset Blvd|Arlington|New.|38641|09-21-1954|6371|VA000599
MARK|YOUNG|mark.young27@aol.com|(838) 905-4015|8312 River Dr|Burlington|IN|59260|03/30/1992|4808|VA000600
BARBARA|SMITH|barbara.smith15@icloud.com|5677048536|4 River Dr|Richmond|nm|53369-6240|2003-10-21|6326|VA000601
SUSAN|YOUNG|susan.young36@gmail.com|268-601-3117|5086 Washington St|Salem|MS|90030|22-Mar-1963|4104|VA000602
BETTY|YOUNG|betty.young87@aol.com|+17959654812|9182 Lake Rd|Salem|KS|32943|08-16-1962|7489|VA000603
JAMES|ADAMS||740.973.8793|8333 Main St|Richmond|IN|34007-9123|05/22/1965|1113|VA000604
KAREN|JOHNSON||(995) 805-1028|1578 Forest Ave|Dayton|de|54988|1944-03-28|4239|VA000605
BETTY|JACKSON|betty.jackson66@outlook.com|3805408949|6058 Lake Rd|Arlington|AK|44597|04-Sep-1962|2367|VA000606
WILLIAM|TAYLOR|william.taylor52@icloud.com|828-229-3307|924 Main St|Manchester|Mic.|37234-5522|12-07-1961|2918|VA000607
MICHAEL|HALL|michael.hall89@outlook.com|+17065937484|3172 Oak Ave|Arlington|NV|19683|12/10/1998|8167|VA000608
JOHN|NGUYEN|john.nguyen55@yahoo.com|634.370.3914|9227 River Dr|Clinton|wa|68619|1957-03-08|9810|VA000609
JENNIFER|ALLEN|jennifer.allen28@hotmail.com|(510) 413-4300|2102 Sunset Blvd|Fairview|WV|47018-6361|09-May-1983|8234|VA000610
ASHLEY|ADAMS|ashley.adams87@aol.com|9618085032|1041 Forest Ave|Arlington|HI|64157|09-07-1952|4734|VA000611
CHARLES|MILLER|charles.miller11@yahoo.com|250-483-6103|9015 Lincoln Ave|Marion|CO|81950|10/18/1991|9946|VA000612
THOMAS|WALKER|thomas.walker62@yahoo.com|+15543041476|8780 Valley Ln|Clinton|nv|48964-8505|1947-09-17|8606|VA000613
ROBERT|HILL|robert.hill59@icloud.com|992.742.9202|2688 Lincoln Ave|Manchester|California|61689|28-Apr-1998|6133|VA000614
KAREN|ALLEN|karen.allen54@hotmail.com|(792) 317-7217|5345 Oak Ave|Salem|VT|59043|06-25-1976|1288|VA000615
CHRISTOPHER|ANDERSON|christopher.anderson43@hotmail.com|3998205412|6051 Lincoln Ave|Springfield|NV|97225-8257|12/20/1990|9542|VA000616
BARBARA|SCOTT|barbara.scott60@yahoo.com|828-612-6958|4755 Washington St|Fairview|co|12386|1970-06-30|6794|VA000617
BETTY|HALL|betty.hall79@outlook.com|+14874034311|2043 River Dr|Franklin|WY|30212|07-Jan-1940|3313|VA000618
WILLIAM|DAVIS|william.davis65@outlook.com|735.416.4563|5915 Oak Ave|Madison|New.|56575-3958|08-17-1971|3047|VA000619
THOMAS|YOUNG|thomas.young72@icloud.com|(672) 747-3257|1117 Washington St|Manchester|HI|65499|08/20/1995|8384|VA000620
LINDA|TAYLOR|linda.taylor57@outlook.com|3958926984|8404 Jefferson Dr|Burlington|nj|35282|1948-09-17|2430|VA000621
SARAH|SCOTT|sarah.scott6@gmail.com|632-697-3030|426 Main St|Burlington|NM|16216-9178|07-Mar-1999|7002|VA000622
MICHAEL|WALKER|michael.walker16@icloud.com|+19909802834|8516 Maple Dr|Burlington|AR|11604|07-18-1959|5511|VA000623
CHARLES|MARTIN||588.933.9448|6307 Washington St|Georgetown|SC|70469|06/29/1990|5804|VA000624
BARBARA|JACKSON|barbara.jackson44@hotmail.com|(929) 634-5606|2929 Lake Rd|Madison|nd|59991-2496|1967-06-13|8579|VA000625
KAREN|HILL|karen.hill44@yahoo.com|9422419387|1743 Washington St|Franklin|SD|50399|27-Jul-1995|1828|VA000626
CHARLES|TAYLOR|charles.taylor42@aol.com|512-435-5452|6336 Forest Ave|Salem|OK|71942|08-26-1997|4723|VA000627
JAMES|JACKSON|james.jackson50@hotmail.com|+13714806218|8678 Oak Ave|Oxford|NH|30991-3317|02/28/1961|7529|VA000628
CHARLES|THOMPSON|charles.thompson80@aol.com|779.500.1877|6434 Maple Dr|Clinton|tx|10780|1981-07-09|9487|VA000629
RICHARD|SCOTT|richard.scott55@icloud.com|(875) 944-5193|4023 Jefferson Dr|Springfield|KS|88496|22-Jul-1947|7693|VA000630
CHRISTOPHER|WHITE|christopher.white52@yahoo.com|5616211726|3216 Sunset Blvd|Richmond|VT|57888-6858|03-19-1971|1754|VA000631
SARAH|TAYLOR|sarah.taylor49@icloud.com|831-693-1896|2275 Sunset Blvd|Clinton|NJ|93226|08/28/1955|2267|VA000632
THOMAS|HALL|thomas.hall65@yahoo.com|+12928277881|23 Park Blvd|Georgetown|ct|90502|1949-04-09|9909|VA000633
KAREN|MILLER|karen.miller10@hotmail.com|703.905.2882|9268 Oak Ave|Franklin|ID|80760-2986|30-Sep-1949|8526|VA000634
RICHARD|WHITE|richard.white7@aol.com|(753) 206-5258|8896 Sunset Blvd|Springfield|ND|22050|06-26-1955|8937|VA000635
KAREN|WRIGHT|karen.wright14@aol.com|2067321973|4468 River Dr|Manchester|CT|91413|04/08/1996|1791|VA000636
BETTY|DAVIS|betty.davis28@hotmail.com|607-405-4779|952 River Dr|Dayton|ca|41271-1175|1986-03-17|5012|VA000637
CHRISTOPHER|BAKER|christopher.baker41@aol.com|+14695399937|3774 Sunset Blvd|Richmond|Pennsylvania|72851|26-Sep-1985|3511|VA000638
WILLIAM|DAVIS|william.davis94@gmail.com|445.582.3932|9713 Jefferson Dr|Madison|NH|32559|03-27-1997|4257|VA000639
MARK|HALL|mark.hall2@gmail.com|(357) 583-9502|9830 Lake Rd|Georgetown|HI|84997-6173|07/30/1978|4962|VA000640
MICHAEL|BAKER|michael.baker34@aol.com|2356487225|2348 Main St|Oxford|ga|83584|1985-08-27|3831|VA000641
LISA|YOUNG|lisa.young44@yahoo.com|604-287-9025|2289 Hill Rd|Manchester|VT|27814|04-Dec-1983|1658|VA000642
JOSEPH|NGUYEN|joseph.nguyen8@icloud.com|+15458971526|6342 Main St|Madison|Pen.|85054-4542|06-08-1989|2324|VA000643
SUSAN|HALL|susan.hall38@hotmail.com|278.256.2764|5844 Valley Ln|Marion|KY|54551|05/18/1972|6711|VA000644
ANTHONY|WRIGHT|anthony.wright55@aol.com|(692) 945-5481|8113 Lake Rd|Madison|va|91069|2000-08-19|8129|VA000645
LISA|SCOTT|lisa.scott81@outlook.com|2395935520|9261 Jefferson Dr|Richmond|UT|42109-5316|12-Mar-1982|7110|VA000646
BETTY|BAKER|betty.baker94@gmail.com|219-719-1511|9534 Valley Ln|Clinton|WY|87337|02-01-1959|1600|VA000647
WILLIAM|HILL|william.hill85@gmail.com|+17196388259|3102 Maple Dr|Arlington|KS|68668|02/17/1941|9403|VA000648
NANCY|WILLIAMS|nancy.williams12@aol.com|538.923.6232|1797 Park Blvd|Dayton|mt|40301-6800|1954-01-27|2602|VA000649
DANIEL|DAVIS|daniel.davis57@outlook.com|(346) 546-3524|9301 Lake Rd|Arlington|DE|29428|13-Mar-1973|5929|VA000650
MARGARET|TORRES|margaret.torres25@icloud.com|9344837417|134 River Dr|Fairview|AK|34856|03-19-1969|2028|VA000651
LISA|WILSON|lisa.wilson22@yahoo.com|354-464-1034|1924 Sunset Blvd|Madison|NE|43760-4473|07/14/1945|3057|VA000652
THOMAS|NELSON|thomas.nelson7@yahoo.com|+17988191387|904 Lake Rd|Dayton|nd|15476|1943-06-05|6293|VA000653
MATTHEW|KING|matthew.king95@hotmail.com|535.549.3930|3052 Oak Ave|Burlington|MD|62264|25-Oct-1957|3170|VA000654
BETTY|MARTIN|betty.martin77@icloud.com|(774) 705-6184|9237 Washington St|Greenville|AR|44121-8794|12-02-2004|2142|VA000655
KAREN|WILLIAMS||8187362608|9763 Washington St|Franklin|WY|86875|02/15/2000|2973|VA000656
BETTY|JONES|betty.jones82@aol.com|950-630-3670|5335 Forest Ave|Richmond|ny|92810|1962-03-21|6455|VA000657
LISA|WILSON|lisa.wilson57@gmail.com|+14063032984|9327 Maple Dr|Arlington|HI|77964-6958|05-Jan-1966|1290|VA000658
BETTY|HARRIS|betty.harris29@hotmail.com|268.941.9616|6571 Oak Ave|Salem|IA|50913|03-21-1976|2879|VA000659
MARK|GARCIA|mark.garcia78@yahoo.com|(203) 601-4611|4245 Lincoln Ave|Burlington|MA|60238|02/03/1953|5377|VA000660
SUSAN|GARCIA|susan.garcia71@icloud.com|6362849805|5440 Sunset Blvd|Burlington|pa|84309-6848|1979-05-26|9737|VA000661
MICHAEL|JONES|michael.jones23@aol.com|688-275-7247|356 Lake Rd|Greenville|Ohio|78632|30-Aug-1951|6827|VA000662
BARBARA|BROWN|barbara.brown52@outlook.com|+19863488504|5247 Maple Dr|Springfield|WV|81584|07-09-1985|6427|VA000663
JENNIFER|ALLEN|jennifer.allen62@gmail.com|257.563.5372|396 Main St|Madison|MS|59694-3410|01/07/1999|3264|VA000664
SARAH|NGUYEN|sarah.nguyen24@gmail.com|(329) 882-9890|2176 Hill Rd|Franklin|sd|15051|1986-01-02|5997|VA000665
SARAH|HARRIS|sarah.harris31@yahoo.com|2065977598|5987 Lake Rd|Clinton|ID|22144|22-Aug-1952|7233|VA000666
SUSAN|ADAMS||326-721-3236|2977 Maple Dr|Madison|DE|39405-9832|03-03-2000|3704|VA000667
BETTY|TORRES|betty.torres8@gmail.com|+12759672896|4258 Washington St|Richmond|SD|32882|12/28/2002|6432|VA000668
LISA|WRIGHT|lisa.wright20@gmail.com|554.577.2319|6011 Washington St|Dayton|nj|10730|1962-07-09|6816|VA000669
CHRISTOPHER|KING||(634) 879-7996|1877 Maple Dr|Madison|New York|99671-5843|13-Sep-1973|6341|VA000670
CHRISTOPHER|BROWN|christopher.brown12@outlook.com|9515608745|1462 Oak Ave|Springfield|New.|97066|05-23-2004|2744|VA000671
KAREN|WALKER|karen.walker28@icloud.com|911-393-9202|8979 River Dr|Arlington|TX|19956|06/15/1958|4754|VA000672
LISA|THOMAS||+12472104048|7606 Cedar Ln|Oxford|hi|10599-4440|2001-10-24|7866|VA000673
KAREN|MARTIN|karen.martin10@gmail.com|784.603.8814|4258 Sunset Blvd|Salem|NJ|54698|10-Jun-1959|2292|VA000674
LISA|WILSON|lisa.wilson59@icloud.com|(474) 227-4645|3520 Jefferson Dr|Arlington|NH|44802|03-04-1963|9605|VA000675
BETTY|MILLER|betty.miller27@aol.com|7145498117|8788 Oak Ave|Manchester|CO|85775-6136|01/18/1962|9055|VA000676
THOMAS|TORRES|thomas.torres74@outlook.com|719-582-8170|189 Hill Rd|Greenville|ar|13367|1963-04-13|9848|VA000677
MARY|JONES|mary.jones61@aol.com|+16673529446|2291 Lake Rd|Arlington|SC|51750|30-Jul-1954|7438|VA000678
ROBERT|SCOTT|robert.scott67@hotmail.com|996.536.3960|5756 Oak Ave|Clinton|DE|28869-6596|03-19-1992|6249|VA000679
MATTHEW|HALL|matthew.hall55@outlook.com|(688) 638-4601|7257 Maple Dr|Springfield|IL|94786|10/25/1979|4662|VA000680
PATRICIA|SMITH|patricia.smith26@outlook.com|9942769797|5012 Hill Rd|Greenville|ak|25939|1988-02-22|6959|VA000681
JOSEPH|JACKSON|joseph.jackson17@outlook.com|867-418-8104|9805 Washington St|Dayton|AL|93273-3503|04-Apr-1943|9310|VA000682
SARAH|THOMAS|sarah.thomas98@outlook.com|+12314172808|2926 Cedar Ln|Clinton|IA|82628|06-05-1949|4469|VA000683
BARBARA|MILLER|barbara.miller43@aol.com|976.664.1709|1711 Washington St|Springfield|OH|33053|03/06/1954|1476|VA000684
ANTHONY|ANDERSON|anthony.anderson35@hotmail.com|(408) 505-7377|7720 Park Blvd|Marion|nd|94039-7248|1944-02-08|3557|VA000685
DAVID|JACKSON||9336822885|4498 Hill Rd|Richmond|SD|91739|11-Nov-2004|9589|VA000686
RICHARD|WRIGHT|richard.wright91@hotmail.com|906-320-5833|6022 Valley Ln|Fairview|IA|27507|11-25-1982|3509|VA000687
JOSEPH|WHITE|joseph.white91@outlook.com|+14439676004|5334 Park Blvd|Franklin|OK|34086-7894|08/13/1993|2610|VA000688
LISA|SMITH|lisa.smith14@hotmail.com|927.919.6749|538 Sunset Blvd|Richmond|id|61494|1945-10-20|4892|VA000689
MARY|SMITH|mary.smith86@aol.com|(941) 285-2724|9592 Washington St|Salem|NH|60679|11-May-1971|1749|VA000690
ROBERT|WILLIAMS|robert.williams80@aol.com|9953779209|3733 Cedar Ln|Clinton|MT|70413-7976|09-29-1940|9079|VA000691
WILLIAM|YOUNG|william.young22@yahoo.com|375-750-7530|4162 Maple Dr|Richmond|MI|11090|03/01/1967|7677|VA000692
KAREN|ALLEN||+12612251507|402 Maple Dr|Madison|id|12907|1946-06-25|3171|VA000693
SANDRA|HILL|sandra.hill65@gmail.com|342.253.5687|3109 Sunset Blvd|Oxford|WY|89437-8013|05-Mar-1957|2488|VA000694
ASHLEY|HARRIS|ashley.harris32@aol.com|(875) 351-1049|3933 Lincoln Ave|Oxford|VA|22297|05-15-2004|7359|VA000695
JOHN|WRIGHT|john.wright6@hotmail.com|6822879165|5524 Cedar Ln|Greenville|FL|75010|03/17/2001|9080|VA000696
KAREN|ADAMS|karen.adams6@aol.com|997-994-5903|4869 Jefferson Dr|Salem|ne|14980-8297|1997-05-18|9000|VA000697
JENNIFER|JACKSON|jennifer.jackson18@icloud.com|+19319467022|4129 Lake Rd|Burlington|ID|56681|12-Dec-1951|5163|VA000698
BARBARA|NELSON|barbara.nelson91@hotmail.com|397.892.9246|8418 Main St|Manchester|DE|42232|08-21-2004|8557|VA000699
JENNIFER|THOMAS|jennifer.thomas16@gmail.com|(864) 924-4174|9761 Hill Rd|Arlington|NY|70685-5729|01/05/1986|8241|VA000700
ASHLEY|JONES|ashley.jones68@aol.com|5767246868|7828 Lake Rd|Clinton|ny|87518|1963-02-04|5568|VA000701
DANIEL|GARCIA|daniel.garcia93@hotmail.com|789-898-5688|5925 Forest Ave|Springfield|IN|20481|18-Feb-1982|7588|VA000702
MATTHEW|WILLIAMS|matthew.williams67@hotmail.com|+12464768801|8710 Hill Rd|Greenville|Mic.|57515-2547|07-31-1974|7891|VA000703
MARY|WHITE||264.409.2458|6916 Park Blvd|Arlington|ID|31541|12/13/1942|7875|VA000704
LISA|HARRIS||(964) 520-1593|1754 Main St|Greenville|tx|42354|1991-04-12|5890|VA000705
CHRISTOPHER|DAVIS|christopher.davis29@hotmail.com|5327776136|6765 Forest Ave|Manchester|North Carolina|29001-4066|15-Nov-1991|7006|VA000706
ROBERT|GARCIA|robert.garcia66@gmail.com|849-308-5784|4158 Maple Dr|Georgetown|OK|97864|10-14-1990|3527|VA000707
MARK|MILLER|mark.miller64@yahoo.com|+16314077733|5231 Maple Dr|Burlington|WA|56341|12/25/1993|5633|VA000708
MICHAEL|WALKER|michael.walker14@yahoo.com|691.212.9630|5788 Hill Rd|Arlington|nh|78049-2477|1958-05-26|8859|VA000709
JOHN|ALLEN|john.allen66@yahoo.com|(907) 362-8878|6865 Maple Dr|Manchester|Ohio|87144|21-Aug-1996|1954|VA000710
MARGARET|HALL|margaret.hall40@hotmail.com|4018558484|415 Sunset Blvd|Salem|MS|31993|02-25-1952|2819|VA000711
SARAH|YOUNG|sarah.young2@hotmail.com|768-645-4013|5177 Sunset Blvd|Franklin|MA|33794-5705|12/19/1950|8293|VA000712
MARGARET|KING|margaret.king46@aol.com|+16925022581|3587 Oak Ave|Arlington|wi|47653|1977-08-23|8326|VA000713
ANTHONY|ALLEN|anthony.allen38@gmail.com|664.780.3529|5963 Oak Ave|Fairview|AZ|62372|22-Mar-1995|6476|VA000714
DANIEL|THOMAS|daniel.thomas70@gmail.com|(398) 986-2795|9372 Maple Dr|Dayton|CT|32789-6357|05-18-1940|3160|VA000715
MARK|ANDERSON||3919923146|6063 Main St|Clinton|NE|80168|10/18/2003|5694|VA000716
MARY|ANDERSON|mary.anderson15@icloud.com|529-754-5438|7489 Oak Ave|Dayton|vt|67118|1945-10-12|9726|VA000717
JENNIFER|WALKER|jennifer.walker24@hotmail.com|+13327156450|8836 Valley Ln|Madison|CT|38108-9666|13-Oct-1941|8345|VA000718
MARY|SCOTT|mary.scott75@yahoo.com|542.861.5127|985 Park Blvd|Marion|AR|95293|09-16-1955|1430|VA000719
JAMES|YOUNG|james.young77@hotmail.com|(680) 949-9344|9587 Jefferson Dr|Greenville|NJ|38319|09/01/1983|9075|VA000720
ANTHONY|WRIGHT|anthony.wright60@aol.com|8522517955|6915 Sunset Blvd|Salem|wv|43686-6792|1982-03-24|8898|VA000721
LISA|JONES|lisa.jones57@outlook.com|319-671-9243|1814 Lake Rd|Oxford|NE|85963|03-Nov-1987|5046|VA000722
ANTHONY|WRIGHT|anthony.wright27@hotmail.com|+12545594815|8849 River Dr|Arlington|NM|62987|05-28-1979|8464|VA000723
CHRISTOPHER|GARCIA|christopher.garcia34@icloud.com|649.865.5569|3272 Valley Ln|Franklin|OH|89845-4025|04/26/1992|5631|VA000724
DANIEL|JACKSON||(526) 994-7751|8226 Maple Dr|Georgetown|mi|85011|1950-11-03|9414|VA000725
NANCY|JACKSON|nancy.jackson27@yahoo.com|4028635991|7820 River Dr|Springfield|Pennsylvania|64852|25-Feb-1968|7634|VA000726
MARK|BROWN|mark.brown7@icloud.com|955-738-6752|5292 Washington St|Fairview|AK|66199-2556|09-10-1959|8415|VA000727
KAREN|ANDERSON||+19396376942|93 Maple Dr|Burlington|TN|30361|07/09/1943|8284|VA000728
LISA|NGUYEN|lisa.nguyen42@aol.com|947.487.3941|8787 Forest Ave|Fairview|mi|56024|1980-11-07|7010|VA000729
SUSAN|JOHNSON|susan.johnson2@gmail.com|(378) 740-2156|8279 Park Blvd|Dayton|Ohio|90286-8626|30-Nov-1959|7348|VA000730
JAMES|KING||9925465243|3660 Main St|Springfield|New.|89788|04-27-1969|8285|VA000731
CHRISTOPHER|WALKER|christopher.walker21@gmail.com|551-336-2463|8099 Forest Ave|Georgetown|TN|14431|05/16/1988|7324|VA000732
DANIEL|MARTIN||+13474269849|9072 Oak Ave|Dayton|in|84786-6388|1967-01-15|7429|VA000733
MATTHEW|WILLIAMS|matthew.williams94@hotmail.com|834.971.2755|6847 Park Blvd|Arlington|WI|83559|10-Jun-1997|8589|VA000734
JOHN|MARTIN|john.martin40@gmail.com|(337) 205-5478|9849 Hill Rd|Oxford|Mic.|20113|01-02-1994|4252|VA000735
LINDA|GARCIA|linda.garcia4@aol.com|9138977501|3351 Jefferson Dr|Arlington|SD|51944-2794|10/05/1988|8474|VA000736
DAVID|WALKER|david.walker7@icloud.com|909-981-8122|984 Valley Ln|Franklin|mt|26180|1990-09-18|7588|VA000737
CHRISTOPHER|NGUYEN|christopher.nguyen28@hotmail.com|+19655239073|6297 Jefferson Dr|Madison|OR|49189|16-Sep-1979|9284|VA000738
LISA|WILSON|lisa.wilson85@outlook.com|297.761.5360|6891 River Dr|Arlington|MA|59752-3519|11-02-1971|5730|VA000739
DANIEL|SCOTT|daniel.scott5@aol.com|(586) 224-5862|2431 Hill Rd|Richmond|TX|40820|08/25/1948|7517|VA000740
THOMAS|WHITE|thomas.white91@icloud.com|8535553868|6874 Valley Ln|Georgetown|ca|68060|1988-01-07|1342|VA000741
RICHARD|THOMAS|richard.thomas31@aol.com|588-640-7883|587 Hill Rd|Arlington|WA|36601-4129|29-Oct-1972|6628|VA000742
MARGARET|HILL|margaret.hill12@hotmail.com|+18552333942|8394 Washington St|Fairview|MN|69616|03-14-1948|1139|VA000743
CHRISTOPHER|THOMPSON|christopher.thompson93@gmail.com|766.820.8414|4729 Washington St|Richmond|IA|81693|01/16/1945|2661|VA000744
SUSAN|TAYLOR||(421) 529-9174|2026 Hill Rd|Franklin|ca|72373-8808|2000-09-07|4146|VA000745
BARBARA|ALLEN|barbara.allen7@icloud.com|7506999562|4396 Jefferson Dr|Georgetown|MT|26338|12-Jul-1959|6406|VA000746
LINDA|TORRES|linda.torres68@outlook.com|807-830-1767|6888 Sunset Blvd|Marion|Tex.|20993|11-26-2003|6666|VA000747
CHARLES|SCOTT|charles.scott49@aol.com|+12018677193|1089 Sunset Blvd|Greenville|SC|37974-4607|07/15/1940|3915|VA000748
RICHARD|THOMPSON|richard.thompson28@yahoo.com|572.536.2231|7457 Main St|Oxford|de|57475|1991-10-01|4567|VA000749
RICHARD|WRIGHT|richard.wright16@outlook.com|(689) 916-2000|6598 Jefferson Dr|Salem|KS|63095|30-Jun-1986|3400|VA000750
JESSICA|ANDERSON|jessica.anderson60@aol.com|6158965448|6615 Lake Rd|Arlington|Ohi.|21042-1938|12-15-1997|6790|VA000751
SANDRA|BAKER|sandra.baker7@aol.com|787-434-8126|1627 River Dr|Manchester|WI|26424|08/07/1954|3696|VA000752
MATTHEW|JACKSON|matthew.jackson98@outlook.com|+12092295130|2972 Forest Ave|Springfield|pa|77472|1961-07-02|7737|VA000753
KAREN|MARTIN|karen.martin61@hotmail.com|202.980.8779|7517 Main St|Greenville|Ohio|29706-8955|09-Dec-1991|7913|VA000754
JENNIFER|TORRES|jennifer.torres44@aol.com|(228) 594-3368|7952 Sunset Blvd|Springfield|WY|86140|04-13-2003|5772|VA000755
JAMES|WILLIAMS|james.williams85@outlook.com|3696839350|5787 Cedar Ln|Manchester|OR|79312|10/18/2003|8624|VA000756
DANIEL|SCOTT|daniel.scott12@aol.com|599-630-6339|9423 Park Blvd|Salem|ga|18035-4953|1943-10-28|1478|VA000757
NANCY|HILL|nancy.hill19@yahoo.com|+16509378096|1620 Lake Rd|Marion|KY|29827|22-Feb-1971|2382|VA000758
ROBERT|SMITH|robert.smith88@gmail.com|860.802.1302|1792 Park Blvd|Burlington|NM|39259|10-27-1964|3289|VA000759
MARY|GARCIA|mary.garcia47@gmail.com|(370) 205-6749|1724 Valley Ln|Marion|ID|30865-2071|10/17/1952|5818|VA000760
JENNIFER|SCOTT|jennifer.scott93@aol.com|9493163975|7328 River Dr|Greenville|me|39803|2001-04-19|5896|VA000761
CHRISTOPHER|THOMAS|christopher.thomas77@yahoo.com|468-760-6656|9756 Lincoln Ave|Burlington|Texas|97086|06-Dec-1950|1693|VA000762
MARY|NGUYEN|mary.nguyen30@icloud.com|+18934197167|4254 Forest Ave|Manchester|MT|34452-2886|03-07-1972|4067|VA000763
BARBARA|KING|barbara.king12@icloud.com|508.955.4834|343 Park Blvd|Manchester|ME|50518|04/02/1974|8609|VA000764
JENNIFER|JOHNSON|jennifer.johnson78@aol.com|(541) 553-2757|7412 Oak Ave|Springfield|ok|79708|1967-12-14|5822|VA000765
RICHARD|HALL|richard.hall64@outlook.com|5503209359|6322 Maple Dr|Clinton|Illinois|40724-7493|13-Jun-1995|5288|VA000766
PATRICIA|TORRES|patricia.torres13@hotmail.com|381-431-6963|382 Forest Ave|Springfield|Nor.|89943|10-26-2000|8579|VA000767
SARAH|ANDERSON|sarah.anderson56@outlook.com|+19577501386|8051 Cedar Ln|Madison|MI|70195|02/27/1951|1381|VA000768
SUSAN|TAYLOR|susan.taylor10@outlook.com|571.486.9077|1149 Oak Ave|Georgetown|md|18040-5809|1953-07-31|4338|VA000769
MARK|KING|mark.king69@aol.com|(249) 808-1785|1772 Sunset Blvd|Richmond|AK|16322|17-Nov-2001|2897|VA000770
ROBERT|KING|robert.king87@yahoo.com|2023552561|9107 River Dr|Fairview|VT|13986|08-30-1991|1466|VA000771
CHARLES|MARTIN|charles.martin72@outlook.com|924-404-1375|609 Valley Ln|Fairview|TN|66424-1518|08/09/1958|5675|VA000772
BARBARA|HALL|barbara.hall6@hotmail.com|+12199952168|754 Valley Ln|Arlington|nj|18288|1988-11-26|1191|VA000773
THOMAS|TAYLOR|thomas.taylor5@aol.com|970.376.7578|6072 River Dr|Arlington|LA|47359|16-Jun-1958|4428|VA000774
CHARLES|DAVIS||(499) 841-2763|7486 Cedar Ln|Georgetown|AL|50018-3635|11-24-1953|5619|VA000775
ROBERT|ADAMS|robert.adams62@gmail.com|2815022281|8448 Forest Ave|Fairview|ME|74843|11/10/1980|8633|VA000776
MATTHEW|SMITH|matthew.smith84@icloud.com|992-588-8572|2944 Hill Rd|Springfield|sc|94573|1970-02-10|1802|VA000777
MICHAEL|SMITH|michael.smith73@hotmail.com|+12388908004|7564 River Dr|Arlington|DE|77124-5067|31-Oct-1970|5205|VA000778
MICHAEL|ADAMS|michael.adams40@hotmail.com|635.724.1383|4951 Park Blvd|Salem|Ill.|23065|09-16-1963|8723|VA000779
BETTY|HILL|betty.hill49@aol.com|(874) 445-9131|1678 Washington St|Burlington|TX|32150|03/20/1949|9969|VA000780
JAMES|NELSON|james.nelson76@icloud.com|7723018173|3176 Park Blvd|Franklin|vt|32916-3434|1958-06-09|2703|VA000781
JENNIFER|ALLEN|jennifer.allen79@gmail.com|860-586-8271|9044 Sunset Blvd|Salem|MA|83164|20-Jul-1974|5224|VA000782
JENNIFER|JONES|jennifer.jones44@outlook.com|+19468746257|776 Maple Dr|Arlington|ID|54082|05-09-1995|5071|VA000783
MARK|MILLER||741.205.1808|581 Main St|Fairview|VT|81680-8843|11/05/1949|1415|VA000784
BARBARA|KING|barbara.king61@yahoo.com|(385) 285-8777|7416 Hill Rd|Manchester|ma|48453|1968-07-13|8559|VA000785
DANIEL|WILSON|daniel.wilson45@gmail.com|9073291815|3687 Cedar Ln|Salem|KS|39935|31-May-1953|7013|VA000786
DANIEL|SCOTT|daniel.scott80@icloud.com|210-955-5801|2812 River Dr|Dayton|MD|24497-7684|04-11-1967|9348|VA000787
CHARLES|DAVIS|charles.davis52@icloud.com|+13015977743|2527 Washington St|Burlington|SC|15318|11/10/1988|8289|VA000788
WILLIAM|SCOTT|william.scott99@outlook.com|485.879.8077|7111 Lake Rd|Oxford|wy|36113|1972-08-21|3631|VA000789
ROBERT|BROWN||(992) 613-7077|7561 Valley Ln|Dayton|Florida|95801-2039|31-Dec-1956|5831|VA000790
RICHARD|GARCIA|richard.garcia78@hotmail.com|2595483268|2036 Lincoln Ave|Manchester|NE|70407|06-12-1995|3944|VA000791
BARBARA|ANDERSON||479-950-9308|8375 River Dr|Madison|MN|39117|01/15/1985|7928|VA000792
ANTHONY|JACKSON|anthony.jackson87@aol.com|+19723106502|6417 Lake Rd|Manchester|nc|59176-1428|1977-05-16|9598|VA000793
LISA|ADAMS||481.338.6342|5157 Lincoln Ave|Salem|SC|82750|12-Jan-1983|4287|VA000794
THOMAS|ANDERSON|thomas.anderson53@aol.com|(392) 974-7548|1222 River Dr|Marion|Nor.|50770|03-01-1976|3546|VA000795
MARK|HALL|mark.hall59@yahoo.com|6058273690|1526 Maple Dr|Greenville|OR|31924-8390|03/13/1990|3963|VA000796
DAVID|JOHNSON|david.johnson57@outlook.com|875-510-8943|8415 Valley Ln|Franklin|ia|40500|1994-12-28|1240|VA000797
MATTHEW|WHITE|matthew.white3@icloud.com|+19072727371|8750 Oak Ave|Arlington|AL|74848|05-Mar-1949|5043|VA000798
JESSICA|JACKSON|jessica.jackson84@icloud.com|952.485.3349|6195 Forest Ave|Springfield|LA|88537-8832|03-27-1981|4940|VA000799
ANTHONY|YOUNG|anthony.young93@icloud.com|(643) 364-7749|9675 Maple Dr|Georgetown|WY|84787|08/05/2000|4509|VA000800
KAREN|NGUYEN|karen.nguyen23@gmail.com|2034101000|3197 Valley Ln|Marion|sc|65809|1968-07-06|4130|VA000801
SUSAN|WRIGHT||418-494-4679|326 Valley Ln|Dayton|Ohio|77535-1078|12-Aug-1948|5525|VA000802
MARY|NELSON|mary.nelson61@yahoo.com|+17455419079|3729 River Dr|Marion|AK|19996|04-04-1949|3244|VA000803
SUSAN|MILLER||454.731.8384|6789 Lake Rd|Marion|TN|59074|12/22/1964|8537|VA000804
BARBARA|SMITH|barbara.smith37@yahoo.com|(762) 999-9198|6427 Hill Rd|Georgetown|nj|62682-6760|1999-06-26|4942|VA000805
DAVID|WRIGHT|david.wright87@gmail.com|5527941954|9908 Oak Ave|Franklin|WY|89209|20-Oct-1992|3302|VA000806
SARAH|KING|sarah.king33@hotmail.com|419-503-7914|3151 Lake Rd|Fairview|RI|43383|08-25-1944|1595|VA000807
CHRISTOPHER|TAYLOR|christopher.taylor2@icloud.com|+19659723585|1238 River Dr|Madison|VA|64760-3892|01/26/1978|8386|VA000808
JENNIFER|ANDERSON|jennifer.anderson78@gmail.com|201.375.3341|7350 Washington St|Manchester|il|99903|1991-03-31|4535|VA000809
RICHARD|YOUNG|richard.young49@yahoo.com|(979) 565-1516|9931 Cedar Ln|Oxford|MS|62736|29-Jan-1997|9050|VA000810
ANTHONY|NELSON|anthony.nelson82@icloud.com|5776914976|5606 River Dr|Greenville|Ill.|95245-5821|07-31-1951|8420|VA000811
MARK|SCOTT|mark.scott85@yahoo.com|983-389-8780|2765 Lake Rd|Madison|ME|98794|02/23/1991|6992|VA000812
MARK|JONES|mark.jones65@gmail.com|+13909562109|2832 Park Blvd|Georgetown|vt|80651|1953-10-28|5303|VA000813
JAMES|HALL|james.hall34@aol.com|940.569.7694|929 Washington St|Clinton|Texas|49328-3806|03-Oct-1974|7573|VA000814
THOMAS|ADAMS|thomas.adams27@hotmail.com|(513) 698-5715|4198 Hill Rd|Clinton|Ohi.|89951|07-04-1998|7924|VA000815
CHRISTOPHER|JONES|christopher.jones97@yahoo.com|7725665891|5225 Oak Ave|Madison|ND|18578|05/30/1989|2790|VA000816
JAMES|YOUNG|james.young16@outlook.com|324-902-6637|2508 Valley Ln|Burlington|co|95609-8418|1959-12-10|3069|VA000817
JAMES|WRIGHT|james.wright53@gmail.com|+17656766258|1346 River Dr|Manchester|CO|82952|06-Jan-1943|1722|VA000818
ASHLEY|BROWN|ashley.brown98@icloud.com|501.871.8795|8723 Oak Ave|Fairview|LA|60665|09-09-1998|2172|VA000819
MATTHEW|HARRIS|matthew.harris80@outlook.com|(769) 517-1081|6803 Sunset Blvd|Springfield|SD|86090-4518|01/02/2000|2308|VA000820
CHRISTOPHER|BAKER|christopher.baker37@yahoo.com|9085691756|928 Forest Ave|Oxford|mt|23449|1978-10-15|6814|VA000821
NANCY|WILLIAMS|nancy.williams52@aol.com|894-502-3799|8548 Valley Ln|Dayton|Texas|97422|03-Aug-1967|7678|VA000822
MATTHEW|YOUNG|matthew.young45@outlook.com|+18762386129|5127 Hill Rd|Dayton|SC|92739-3162|11-16-1961|6762|VA000823
SARAH|WRIGHT|sarah.wright27@yahoo.com|390.525.1926|8442 Oak Ave|Oxford|IL|40262|01/26/1996|3459|VA000824
MATTHEW|JACKSON||(387) 428-6571|9562 Jefferson Dr|Salem|ia|68283|2002-11-14|2902|VA000825
BETTY|HILL|betty.hill42@aol.com|6435881740|8622 Valley Ln|Franklin|AK|48196-8796|08-Mar-2003|4531|VA000826
THOMAS|WILLIAMS||363-482-8539|1217 River Dr|Georgetown|MT|90696|06-04-1957|9773|VA000827
JOHN|JACKSON|john.jackson78@icloud.com|+13989418589|8842 Main St|Marion|MN|13182|02/12/1982|1852|VA000828
LISA|SCOTT|lisa.scott67@aol.com|567.636.7396|9905 Park Blvd|Marion|or|88365-6730|1959-10-26|1956|VA000829
CHARLES|HARRIS|charles.harris92@hotmail.com|(872) 626-3796|7564 Washington St|Oxford|OK|81237|02-Mar-1980|8574|VA000830
SANDRA|HARRIS|sandra.harris65@gmail.com|9842803042|5783 Lincoln Ave|Oxford|CT|37270|01-09-1956|7925|VA000831
MARY|ALLEN|mary.allen56@yahoo.com|587-996-4016|7257 Park Blvd|Greenville|FL|52271-2411|06/11/1990|6161|VA000832
MARK|GARCIA||+12263381918|9188 Oak Ave|Oxford|wv|95196|1982-03-02|5433|VA000833
JAMES|ANDERSON|james.anderson84@hotmail.com|637.569.9984|8129 Hill Rd|Salem|ME|94306|18-Aug-1979|8074|VA000834
CHARLES|THOMPSON|charles.thompson29@aol.com|(807) 895-4211|2917 Park Blvd|Georgetown|MT|87332-8211|05-22-1989|5451|VA000835
JOSEPH|DAVIS|joseph.davis19@yahoo.com|4489193210|6584 Main St|Franklin|NJ|57042|09/02/1965|3357|VA000836
JENNIFER|MARTIN|jennifer.martin3@aol.com|906-252-5160|2504 Park Blvd|Marion|wv|40592|1990-09-22|2725|VA000837
MARY|NGUYEN|mary.nguyen10@yahoo.com|+19808103272|5411 Main St|Clinton|Pennsylvania|82851-4233|09-Nov-1997|4890|VA000838
LINDA|GARCIA|linda.garcia22@hotmail.com|939.717.2054|3878 River Dr|Springfield|MD|35594|04-17-1980|5386|VA000839
ANTHONY|HALL|anthony.hall15@yahoo.com|(784) 467-5967|8423 Hill Rd|Richmond|KS|16400|07/28/1973|8748|VA000840
ANTHONY|THOMAS|anthony.thomas51@gmail.com|5826158520|9257 Cedar Ln|Burlington|ia|49318-3895|2001-05-14|2320|VA000841
JOHN|WHITE|john.white47@icloud.com|631-650-4277|5852 Main St|Salem|North Carolina|68442|23-Feb-1962|1926|VA000842
KAREN|WILSON|karen.wilson9@yahoo.com|+14628989566|2447 Washington St|Georgetown|AK|48600|11-05-1942|8139|VA000843
ANTHONY|JOHNSON||695.589.4567|7583 Hill Rd|Salem|AR|17768-3139|08/23/1994|6148|VA000844
JOSEPH|BAKER|joseph.baker33@aol.com|(662) 840-9250|3058 Main St|Salem|tx|86831|1969-09-12|3448|VA000845
JOSEPH|ALLEN||3476591842|4953 Oak Ave|Franklin|Illinois|21945|27-Feb-1998|2606|VA000846
SANDRA|JOHNSON|sandra.johnson4@aol.com|954-280-2149|982 Washington St|Fairview|MD|86665-2463|09-20-1999|6925|VA000847
THOMAS|GARCIA||+13226449470|8214 Sunset Blvd|Georgetown|OH|79899|03/21/1960|8356|VA000848
RICHARD|MARTIN||855.998.8876|6092 Lake Rd|Springfield|tx|94581|1950-04-10|1383|VA000849
SARAH|BAKER||(914) 863-3488|842 Main St|Salem|ID|14284-5705|22-Dec-1951|5774|VA000850
BARBARA|BROWN|barbara.brown75@icloud.com|7243051555|4834 Jefferson Dr|Franklin|WV|36010|09-21-1966|5204|VA000851
BETTY|JONES|betty.jones72@outlook.com|795-962-2931|6277 Cedar Ln|Fairview|MO|51711|07/02/1973|3706|VA000852
WILLIAM|ANDERSON|william.anderson2@gmail.com|+14327982126|7780 Washington St|Dayton|ar|69165-8144|1961-09-11|5089|VA000853
WILLIAM|YOUNG|william.young69@hotmail.com|303.350.2217|3858 Maple Dr|Salem|California|60017|03-Jul-1942|5206|VA000854
SARAH|ALLEN|sarah.allen17@icloud.com|(738) 898-2672|8193 Lake Rd|Manchester|UT|61133|09-23-1944|2723|VA000855
MATTHEW|HALL||3556346699|485 Valley Ln|Burlington|TN|86695-3064|06/29/1974|4066|VA000856
SUSAN|WALKER|susan.walker49@hotmail.com|727-443-1426|6166 Lake Rd|Arlington|il|95663|1958-05-22|4314|VA000857
MICHAEL|BAKER|michael.baker73@yahoo.com|+13916257541|9724 Jefferson Dr|Madison|NV|11851|06-Jan-1985|7799|VA000858
LINDA|ANDERSON||304.972.8657|4330 Forest Ave|Fairview|IA|74696-3565|06-17-1961|2120|VA000859
ANTHONY|BAKER|anthony.baker78@gmail.com|(517) 809-2008|8589 Forest Ave|Clinton|RI|83958|07/16/1950|7081|VA000860
MARK|KING|mark.king52@yahoo.com|2506573692|8884 Forest Ave|Greenville|nj|56575|1980-10-23|4548|VA000861
MARK|MARTIN|mark.martin38@aol.com|827-241-4349|7000 Main St|Madison|VT|28709-2849|10-Nov-1974|4500|VA000862
JENNIFER|ANDERSON|jennifer.anderson3@yahoo.com|+12104227136|7543 Oak Ave|Arlington|WA|42339|08-12-1967|4130|VA000863
MATTHEW|MARTIN|matthew.martin6@yahoo.com|310.233.9412|9719 Main St|Salem|DE|43162|11/19/1943|2085|VA000864
LISA|JACKSON|lisa.jackson48@yahoo.com|(686) 444-7603|188 Main St|Manchester|nh|57349-1173|1972-12-29|1183|VA000865
ASHLEY|WILSON|ashley.wilson24@gmail.com|4686402286|7505 Maple Dr|Salem|Michigan|80167|02-Apr-1944|5447|VA000866
JOHN|WHITE|john.white84@gmail.com|284-643-4213|3302 Oak Ave|Oxford|NJ|42160|04-24-1960|1788|VA000867
JOSEPH|WALKER|joseph.walker50@aol.com|+18973306950|1495 River Dr|Georgetown|GA|34063-2078|11/04/1999|9542|VA000868
BETTY|ANDERSON|betty.anderson86@aol.com|235.859.4141|7322 River Dr|Clinton|ms|93641|1942-06-06|8915|VA000869
NANCY|TORRES|nancy.torres17@outlook.com|(515) 610-2858|4885 Maple Dr|Greenville|LA|72577|25-Dec-1983|5995|VA000870
SARAH|HALL|sarah.hall78@aol.com|9225068532|9818 Main St|Madison|MD|48819-1801|08-10-1983|7946|VA000871
KAREN|DAVIS|karen.davis91@icloud.com|334-589-8956|1012 Cedar Ln|Fairview|AR|82690|01/08/1981|9762|VA000872
LISA|GARCIA|lisa.garcia77@aol.com|+13943718864|7772 Sunset Blvd|Franklin|ks|33862|1952-10-20|3943|VA000873
BETTY|HALL|betty.hall90@aol.com|547.407.2609|7284 Hill Rd|Dayton|Florida|75854-3796|10-Dec-1941|1588|VA000874
CHARLES|NELSON|charles.nelson69@icloud.com|(458) 574-3954|8741 Lake Rd|Manchester|SC|63051|03-30-1975|3974|VA000875
NANCY|WILLIAMS|nancy.williams24@gmail.com|2962361444|3008 Washington St|Oxford|ND|46517|08/13/1988|6682|VA000876
ASHLEY|KING|ashley.king62@yahoo.com|564-709-5054|7372 Sunset Blvd|Manchester|ky|82381-2050|1959-10-23|2130|VA000877
SUSAN|DAVIS|susan.davis66@hotmail.com|+13996907528|2634 Sunset Blvd|Oxford|MT|48765|01-Mar-1964|5936|VA000878
LISA|WRIGHT|lisa.wright80@icloud.com|642.849.3982|4325 Lake Rd|Greenville|KY|14102|11-01-1972|6933|VA000879
MARGARET|WILSON|margaret.wilson80@yahoo.com|(983) 902-4334|4367 Valley Ln|Burlington|VT|61268-4041|01/31/1965|8789|VA000880
JAMES|ANDERSON|james.anderson78@hotmail.com|2302612569|8109 Cedar Ln|Greenville|mi|83804|1941-02-07|1425|VA000881
JOHN|ADAMS|john.adams72@yahoo.com|763-791-3124|1425 Washington St|Springfield|NM|51053|04-Feb-1985|8057|VA000882
KAREN|SMITH|karen.smith24@outlook.com|+19726945897|214 Valley Ln|Burlington|Pen.|15040-6892|03-06-1981|4418|VA000883
ANTHONY|HILL|anthony.hill21@outlook.com|721.616.3022|8373 River Dr|Madison|VT|69526|07/02/1947|3198|VA000884
JOHN|DAVIS|john.davis14@icloud.com|(851) 275-4921|3400 Main St|Franklin|ak|72314|1969-06-10|4075|VA000885
JOSEPH|WALKER|joseph.walker88@aol.com|4926024285|9493 Lake Rd|Arlington|Michigan|54763-9985|28-Apr-1974|5148|VA000886
DAVID|JACKSON|david.jackson18@gmail.com|547-543-8224|8461 Jefferson Dr|Salem|ME|38070|05-05-1978|2485|VA000887
DAVID|HALL|david.hall75@yahoo.com|+12968769725|8373 Sunset Blvd|Greenville|MS|53824|07/31/1974|4919|VA000888
JESSICA|HILL|jessica.hill28@hotmail.com|547.870.3247|9402 Sunset Blvd|Greenville|nh|82622-2677|1962-12-31|3436|VA000889
SARAH|WALKER|sarah.walker8@aol.com|(618) 881-7649|6750 Washington St|Springfield|Georgia|80928|11-Aug-1978|6907|VA000890
MICHAEL|BROWN|michael.brown4@hotmail.com|4539599867|4521 Oak Ave|Oxford|MO|61364|07-21-1954|3471|VA000891
MICHAEL|ADAMS|michael.adams64@outlook.com|438-967-2790|8971 Jefferson Dr|Marion|MI|91428-3304|03/01/1961|8665|VA000892
MATTHEW|ANDERSON|matthew.anderson44@outlook.com|+16056054921|3249 Main St|Burlington|ok|11233|1954-09-13|6436|VA000893
CHRISTOPHER|THOMAS|christopher.thomas32@hotmail.com|661.283.4818|3250 Lincoln Ave|Marion|KY|43021|15-Aug-1983|3626|VA000894
BETTY|ADAMS|betty.adams2@yahoo.com|(355) 845-4259|2814 Forest Ave|Arlington|MO|17848-8314|08-03-1998|2997|VA000895
MATTHEW|ADAMS|matthew.adams64@gmail.com|9719983033|8528 Cedar Ln|Burlington|WA|25511|01/06/1974|7417|VA000896
CHARLES|NELSON|charles.nelson33@hotmail.com|631-794-4301|1475 River Dr|Marion|vt|21647|2002-06-05|6651|VA000897
WILLIAM|WILLIAMS|william.williams9@aol.com|+15059328017|2958 Lake Rd|Oxford|VA|95020-9405|07-Oct-1956|3848|VA000898
MICHAEL|SMITH|michael.smith40@aol.com|639.557.3639|4659 Forest Ave|Burlington|SC|16308|01-31-1965|6928|VA000899
ASHLEY|YOUNG|ashley.young34@gmail.com|(548) 608-5944|6536 Washington St|Marion|WA|67016|01/08/1960|5197|VA000900
JESSICA|WALKER|jessica.walker53@gmail.com|7546856769|9971 Sunset Blvd|Richmond|wv|49508-8740|1992-06-12|5808|VA000901
JOSEPH|GARCIA|joseph.garcia95@icloud.com|242-285-7665|9649 Oak Ave|Clinton|MT|45534|12-Jan-1963|3082|VA000902
JESSICA|JOHNSON|jessica.johnson75@gmail.com|+18538701854|8052 Forest Ave|Salem|ID|62366|11-21-1997|7167|VA000903
NANCY|THOMAS|nancy.thomas64@outlook.com|989.612.1372|231 Forest Ave|Burlington|TX|79363-2713|03/05/1972|8760|VA000904
PATRICIA|SCOTT|patricia.scott17@gmail.com|(811) 438-8646|3814 Valley Ln|Dayton|ny|82300|1947-08-09|3115|VA000905
LISA|WILSON|lisa.wilson15@aol.com|3519427330|5329 Sunset Blvd|Oxford|Michigan|25413|10-Sep-1982|4363|VA000906
BETTY|JACKSON|betty.jackson96@gmail.com|519-684-7226|1194 Main St|Greenville|SC|66002-9653|05-23-1999|7008|VA000907
MARY|MILLER|mary.miller62@hotmail.com|+14349779426|1050 Sunset Blvd|Springfield|VA|74052|05/16/1943|5160|VA000908
BARBARA|GARCIA||629.974.3138|6034 Washington St|Burlington|nd|66477|1959-03-10|2705|VA000909
DANIEL|ALLEN|daniel.allen84@icloud.com|(584) 994-2468|7597 Jefferson Dr|Richmond|TN|60082-6010|09-Sep-1964|8292|VA000910
JOSEPH|JOHNSON||4325079683|16 Sunset Blvd|Salem|NE|41659|09-28-1956|9824|VA000911
KAREN|WALKER|karen.walker34@gmail.com|784-323-3011|1617 Washington St|Clinton|AL|90969|10/10/1949|5822|VA000912
JENNIFER|NELSON||+19729211418|8725 Lake Rd|Franklin|mt|37020-6775|1984-04-09|9029|VA000913
JAMES|THOMAS|james.thomas81@icloud.com|948.629.5182|18 Jefferson Dr|Manchester|MT|76000|23-May-1998|3701|VA000914
JENNIFER|NGUYEN|jennifer.nguyen97@aol.com|(563) 710-6063|8001 Park Blvd|Georgetown|AZ|82793|05-17-1945|9283|VA000915
KAREN|BAKER|karen.baker6@aol.com|9077905818|34 Valley Ln|Madison|IL|44695-9611|04/29/1984|5378|VA000916
RICHARD|HILL|richard.hill69@yahoo.com|618-282-1486|8462 Lake Rd|Georgetown|ct|68416|1946-10-29|5871|VA000917
JOHN|WILSON|john.wilson70@outlook.com|+17317967496|2212 Hill Rd|Oxford|KS|10975|28-Jul-1997|4065|VA000918
DAVID|THOMPSON|david.thompson25@outlook.com|804.815.8813|8829 Hill Rd|Richmond|CO|65817-9060|10-25-2003|7869|VA000919
JOSEPH|SMITH|joseph.smith30@yahoo.com|(823) 309-4747|6442 Washington St|Oxford|ME|21660|09/02/1956|7627|VA000920
THOMAS|KING|thomas.king84@gmail.com|7239853192|436 Sunset Blvd|Richmond|ny|10923|1976-01-17|7357|VA000921
DANIEL|TAYLOR|daniel.taylor65@icloud.com|914-485-6636|4133 Valley Ln|Marion|KS|81819-4848|02-Dec-1962|8177|VA000922
NANCY|JONES|nancy.jones43@hotmail.com|+14769813616|3596 Forest Ave|Fairview|Pen.|99576|01-27-1993|8401|VA000923
JESSICA|TAYLOR|jessica.taylor66@hotmail.com|870.969.7393|9011 Lake Rd|Franklin|PA|30062|02/20/1976|2077|VA000924
PATRICIA|THOMAS|patricia.thomas93@hotmail.com|(816) 231-8446|5435 Maple Dr|Springfield|nh|62733-7386|1973-05-26|3080|VA000925
JOSEPH|THOMPSON|joseph.thompson23@outlook.com|4066744943|999 Maple Dr|Fairview|Michigan|54780|09-Mar-1957|4106|VA000926
ASHLEY|THOMAS|ashley.thomas59@outlook.com|264-439-7875|6125 Jefferson Dr|Georgetown|KY|77316|06-05-1988|8171|VA000927
LINDA|SCOTT|linda.scott95@gmail.com|+13182548696|8811 River Dr|Salem|MO|99583-1076|01/18/1944|7024|VA000928
THOMAS|NGUYEN|thomas.nguyen41@gmail.com|833.587.9402|8762 Washington St|Marion|ut|81816|1960-08-27|2092|VA000929
ROBERT|DAVIS|robert.davis22@yahoo.com|(868) 250-7235|7912 Lake Rd|Arlington|IA|56889|03-Jul-1996|5180|VA000930
LISA|TORRES|lisa.torres17@icloud.com|4367367096|3774 Forest Ave|Greenville|OR|89166-5504|03-17-1998|8189|VA000931
JOSEPH|SCOTT|joseph.scott99@yahoo.com|890-616-8557|3632 Forest Ave|Marion|MD|20351|01/31/1994|6297|VA000932
JAMES|MILLER|james.miller17@aol.com|+18128346327|5301 Park Blvd|Madison|ky|73250|1990-10-01|3052|VA000933
RICHARD|NGUYEN|richard.nguyen11@aol.com|553.399.1735|1569 River Dr|Richmond|ME|74929-7220|20-Jun-1952|9592|VA000934
LINDA|SCOTT|linda.scott44@gmail.com|(391) 316-6017|2681 Oak Ave|Salem|Flo.|21469|04-27-1995|9554|VA000935
CHRISTOPHER|ANDERSON|christopher.anderson67@hotmail.com|9863793116|8773 Jefferson Dr|Dayton|UT|86756|11/22/1972|9701|VA000936
MICHAEL|SMITH|michael.smith71@yahoo.com|507-258-4089|5938 Sunset Blvd|Richmond|ks|32584-6753|2004-11-27|2500|VA000937
MARGARET|SMITH|margaret.smith34@gmail.com|+14066516888|4586 Washington St|Manchester|KY|34534|03-Aug-1960|4059|VA000938
CHRISTOPHER|WRIGHT|christopher.wright44@hotmail.com|426.358.7448|3823 Lake Rd|Richmond|AR|90130|07-22-1955|8063|VA000939
MARGARET|HILL||(534) 343-2228|4799 Forest Ave|Clinton|FL|19400-8777|04/08/1975|3298|VA000940
SARAH|WALKER|sarah.walker82@outlook.com|9343158244|5873 River Dr|Marion|nh|78429|1997-04-23|8343|VA000941
JESSICA|YOUNG|jessica.young8@gmail.com|346-235-3366|1762 Lake Rd|Manchester|Georgia|63022|27-Jul-1955|1786|VA000942
JENNIFER|JOHNSON|jennifer.johnson41@hotmail.com|+13616979895|8352 Main St|Greenville|WY|41030-6756|03-12-1984|9717|VA000943
MICHAEL|NELSON||791.809.6871|7276 Lincoln Ave|Arlington|AL|45808|01/09/1980|3210|VA000944
JESSICA|ANDERSON|jessica.anderson5@gmail.com|(847) 749-4417|1589 Oak Ave|Marion|wv|40010|1956-04-24|8771|VA000945
PATRICIA|HALL|patricia.hall96@outlook.com|4863431054|17 Lake Rd|Franklin|Michigan|35457-8054|13-Apr-1964|1181|VA000946
SUSAN|THOMPSON|susan.thompson64@hotmail.com|905-532-3227|7661 Cedar Ln|Manchester|MN|93515|04-13-1957|7743|VA000947
MARK|HALL|mark.hall95@gmail.com|+17143413951|5113 Forest Ave|Oxford|SD|92574|04/08/1956|3063|VA000948
CHARLES|YOUNG|charles.young98@outlook.com|636.304.3356|7219 Hill Rd|Greenville|nd|21451-3937|1952-03-28|7966|VA000949
MICHAEL|KING|michael.king6@gmail.com|(580) 437-2858|7909 Washington St|Richmond|RI|18092|30-Nov-1950|5284|VA000950
JESSICA|ALLEN||7587533804|6907 Valley Ln|Marion|ND|45766|08-04-1948|2790|VA000951
DANIEL|TORRES|daniel.torres25@icloud.com|698-977-7372|4421 Lincoln Ave|Madison|MI|24912-8583|03/22/1954|6368|VA000952
JOSEPH|NELSON||+16279845885|8747 Washington St|Richmond|il|62016|1993-03-29|6414|VA000953
CHARLES|HALL|charles.hall61@aol.com|517.381.7764|342 Valley Ln|Springfield|MT|30624|19-May-1940|2534|VA000954
KAREN|WRIGHT|karen.wright24@icloud.com|(692) 833-9164|8870 Washington St|Fairview|KS|47859-2958|12-21-1964|8955|VA000955
SUSAN|WHITE|susan.white40@icloud.com|8785154559|6601 Cedar Ln|Greenville|ID|52138|04/17/2003|1357|VA000956
MICHAEL|WRIGHT||203-680-3496|3685 Lincoln Ave|Greenville|me|81656|1997-05-21|5484|VA000957
CHRISTOPHER|SMITH|christopher.smith90@hotmail.com|+19462181882|1887 Lincoln Ave|Burlington|LA|87292-1742|18-Jan-1947|4270|VA000958
JESSICA|BROWN|jessica.brown83@yahoo.com|472.345.2169|978 Maple Dr|Manchester|MD|87993|01-24-1991|5728|VA000959
WILLIAM|TORRES|william.torres21@outlook.com|(711) 718-6675|5566 Cedar Ln|Burlington|ND|38916|10/12/1960|5997|VA000960
PATRICIA|HILL|patricia.hill24@aol.com|5565908993|7211 Hill Rd|Madison|sd|17478-4252|1945-11-01|6175|VA000961
DAVID|JOHNSON|david.johnson24@aol.com|341-612-7837|2708 Jefferson Dr|Franklin|North Carolina|20564|27-Jan-1965|5487|VA000962
MARY|WRIGHT|mary.wright37@hotmail.com|+18693932609|4001 Park Blvd|Salem|Pen.|58061|08-23-1997|6582|VA000963
CHARLES|ADAMS|charles.adams61@aol.com|436.913.1440|1779 River Dr|Greenville|RI|77048-6054|07/20/1986|6371|VA000964
SANDRA|ALLEN|sandra.allen98@outlook.com|(802) 824-5549|9427 Washington St|Marion|ct|95418|1954-06-07|9416|VA000965
MARGARET|BROWN|margaret.brown58@yahoo.com|4688081878|3087 Maple Dr|Greenville|KS|45106|01-Apr-1983|8983|VA000966
MARGARET|MILLER|margaret.miller27@icloud.com|385-285-7688|6145 Hill Rd|Fairview|ID|14705-5818|02-04-1994|1253|VA000967
ROBERT|HALL|robert.hall89@gmail.com|+15869708348|5102 Oak Ave|Salem|ND|69704|10/05/1942|2530|VA000968
ASHLEY|MILLER||723.249.3257|545 Valley Ln|Fairview|ok|46036|1989-11-05|9312|VA000969
ROBERT|WHITE|robert.white45@aol.com|(681) 993-1824|2949 Park Blvd|Marion|Pennsylvania|19363-3010|27-Feb-1940|6609|VA000970
NANCY|WILLIAMS|nancy.williams43@outlook.com|3452138775|7012 Lake Rd|Springfield|ID|44581|11-27-1946|3797|VA000971
SUSAN|WILLIAMS|susan.williams5@outlook.com|490-784-9467|4384 Hill Rd|Burlington|CA|67065|08/15/1947|5700|VA000972
JESSICA|DAVIS|jessica.davis18@icloud.com|+17203714957|8712 Maple Dr|Manchester|mt|66761-4118|1964-11-23|7606|VA000973
MARY|KING|mary.king16@hotmail.com|838.787.2015|7873 Lincoln Ave|Manchester|NM|80887|07-Jan-1974|1656|VA000974
JENNIFER|WALKER|jennifer.walker44@hotmail.com|(710) 689-8687|9844 Sunset Blvd|Marion|IN|61111|10-18-1979|8119|VA000975
SUSAN|NELSON|susan.nelson70@outlook.com|8815064373|9495 Main St|Burlington|IL|68970-5399|07/31/1993|5545|VA000976
SUSAN|THOMAS|susan.thomas44@hotmail.com|645-391-3015|6947 Hill Rd|Dayton|in|36678|1973-06-18|8924|VA000977
DANIEL|BAKER|daniel.baker42@aol.com|+13987137510|7615 River Dr|Salem|AZ|86872|20-Jul-1977|7535|VA000978
ROBERT|TAYLOR|robert.taylor54@aol.com|833.721.4175|2718 Maple Dr|Arlington|Mic.|38986-2803|03-15-1970|1430|VA000979
DAVID|BROWN|david.brown67@hotmail.com|(903) 845-6075|4989 Lake Rd|Arlington|MS|74232|04/28/1960|5445|VA000980
MATTHEW|THOMAS|matthew.thomas17@gmail.com|3889007033|728 Valley Ln|Springfield|nc|78990|1968-08-17|4751|VA000981
THOMAS|MILLER|thomas.miller44@icloud.com|812-800-7736|1570 Valley Ln|Madison|WA|10062-4391|06-Dec-1961|9467|VA000982
DANIEL|MARTIN|daniel.martin82@aol.com|+16489184063|9225 River Dr|Greenville|WA|12600|01-14-1967|3787|VA000983
JOSEPH|JOHNSON|joseph.johnson58@aol.com|935.470.5552|6121 Forest Ave|Dayton|WA|63302|08/12/1999|8637|VA000984
ROBERT|THOMAS|robert.thomas74@icloud.com|(918) 949-7556|8650 Sunset Blvd|Georgetown|wi|92017-1787|1956-08-30|8408|VA000985
MARK|MARTIN||8033195716|5415 Valley Ln|Manchester|SD|45069|30-Dec-1987|7852|VA000986
MARY|BROWN|mary.brown78@outlook.com|604-292-2394|849 Sunset Blvd|Arlington|RI|68565|11-02-1978|4281|VA000987
BARBARA|JONES|barbara.jones40@yahoo.com|+12583898731|758 Hill Rd|Franklin|IA|73791-6580|12/05/1953|3931|VA000988
NANCY|SMITH|nancy.smith40@hotmail.com|976.374.2785|2801 Lincoln Ave|Richmond|ok|57719|1986-09-07|4951|VA000989
WILLIAM|YOUNG|william.young39@outlook.com|(421) 708-2210|3664 Jefferson Dr|Burlington|SC|36905|03-Apr-1970|8102|VA000990
MARY|ANDERSON|mary.anderson92@icloud.com|8013086272|6201 Cedar Ln|Oxford|WI|36269-1105|01-17-1997|9228|VA000991
ROBERT|WILLIAMS|robert.williams64@hotmail.com|634-463-6320|3086 Lincoln Ave|Arlington|IA|22917|11/10/1978|5429|VA000992
DAVID|WHITE||+15903683043|7545 Sunset Blvd|Arlington|mi|64896|1956-08-31|7993|VA000993
NANCY|WHITE|nancy.white59@icloud.com|923.439.3666|9216 Washington St|Fairview|ND|39544-1289|18-Jun-1998|9500|VA000994
ROBERT|SCOTT|robert.scott16@yahoo.com|(582) 777-3082|7209 Valley Ln|Salem|MT|10592|07-18-1962|1745|VA000995
MARK|ADAMS|mark.adams89@yahoo.com|4944438710|384 Cedar Ln|Salem|MI|34502|03/17/1975|7829|VA000996
JOHN|THOMAS|john.thomas99@hotmail.com|487-772-9231|6536 Forest Ave|Oxford|wv|82621-7517|1995-07-10|2028|VA000997
DAVID|MILLER|david.miller47@hotmail.com|+19602837759|6686 Lake Rd|Georgetown|MT|29208|09-Jan-1970|2595|VA000998
BARBARA|TORRES|barbara.torres79@hotmail.com|961.580.1952|6005 Valley Ln|Arlington|Cal.|52486|07-10-1993|8744|VA000999
BARBARA|HILL|barbara.hill57@icloud.com|(506) 917-7470|3545 Forest Ave|Greenville|NY|25983-1648|01/13/1971|5180|VA001000
MARK|DAVIS|mark.davis20@gmail.com|8897539324|3667 Lake Rd|Arlington|id|70435|1993-11-01|2037|VA001001
CHRISTOPHER|JACKSON|christopher.jackson47@hotmail.com|270-556-2110|9478 Hill Rd|Springfield|NH|10341|29-Nov-2000|3078|VA001002
SUSAN|NELSON|susan.nelson6@icloud.com|+19666375801|7201 Oak Ave|Burlington|Mic.|10230-9695|05-12-1971|6033|VA001003
KAREN|HILL|karen.hill48@gmail.com|577.515.2804|2088 Oak Ave|Salem|UT|46116|10/09/1954|6732|VA001004
WILLIAM|THOMAS|william.thomas36@outlook.com|(525) 372-4970|2597 Main St|Marion|wy|14523|1955-12-11|6698|VA001005
NANCY|KING|nancy.king43@gmail.com|5822036837|8328 Valley Ln|Manchester|KS|55709-6937|09-Apr-1945|4599|VA001006
JESSICA|MARTIN||208-721-5622|4198 Washington St|Salem|Pen.|24851|06-01-1948|2027|VA001007
SARAH|TAYLOR|sarah.taylor87@yahoo.com|+16394347584|5825 Washington St|Oxford|AL|53932|09/24/1942|5125|VA001008
KAREN|NGUYEN|karen.nguyen8@yahoo.com|460.341.3742|2734 Lake Rd|Clinton|fl|46054-4426|1976-01-26|9110|VA001009
SANDRA|ANDERSON||(435) 839-2079|5935 River Dr|Marion|Illinois|50503|16-Jun-1958|5568|VA001010
ANTHONY|SCOTT|anthony.scott82@yahoo.com|4692891417|6946 Lake Rd|Manchester|NJ|27739|10-21-1994|8299|VA001011
MARGARET|DAVIS|margaret.davis18@hotmail.com|571-389-1059|7104 Sunset Blvd|Oxford|IL|65979-5666|07/06/1947|4806|VA001012
ROBERT|ADAMS|robert.adams23@outlook.com|+18284054372|9997 Maple Dr|Arlington|tn|56137|1993-12-04|6984|VA001013
JOSEPH|BROWN|joseph.brown68@outlook.com|326.567.7299|3684 Washington St|Dayton|KY|43335|15-Oct-1953|6224|VA001014
RICHARD|DAVIS|richard.davis90@hotmail.com|(351) 582-9349|8206 Hill Rd|Georgetown|TN|76891-4655|09-03-1951|2049|VA001015
JOSEPH|MARTIN|joseph.martin22@icloud.com|6916775341|8341 Oak Ave|Clinton|NE|20820|06/17/1966|3329|VA001016
SANDRA|TAYLOR|sandra.taylor86@icloud.com|606-375-6138|642 Cedar Ln|Marion|vt|16842|1998-08-14|6157|VA001017
LINDA|WILLIAMS|linda.williams67@aol.com|+12972281867|8941 Park Blvd|Salem|Ohio|70281-8397|12-Jan-1992|7995|VA001018
SARAH|BROWN|sarah.brown92@outlook.com|439.822.8803|456 Valley Ln|Springfield|Ill.|53414|06-22-2000|6708|VA001019
ROBERT|KING||(265) 428-5958|7968 Sunset Blvd|Richmond|AR|50254|11/16/1944|3982|VA001020
LINDA|BAKER|linda.baker9@aol.com|8309069266|8203 Main St|Richmond|tx|89846-6767|1994-10-13|5414|VA001021
JOSEPH|WILSON|joseph.wilson27@yahoo.com|331-682-6760|2629 River Dr|Greenville|Florida|42409|16-Apr-1955|8745|VA001022
THOMAS|HILL||+12723933058|6388 Park Blvd|Madison|New.|38263|07-07-1992|5201|VA001023
CHARLES|YOUNG|charles.young77@aol.com|387.972.4756|3569 Washington St|Salem|NM|24668-6015|06/01/1976|5236|VA001024
JENNIFER|SCOTT||(640) 726-2520|6981 Park Blvd|Burlington|nv|28226|1978-05-16|6477|VA001025
BETTY|MARTIN|betty.martin91@icloud.com|5558111112|1324 Maple Dr|Oxford|Florida|87287|05-Jan-2001|3126|VA001026
MARGARET|JACKSON||921-541-6778|9059 Oak Ave|Dayton|AR|77980-8140|11-18-1958|6932|VA001027
MARK|WALKER|mark.walker80@aol.com|+13615883743|3354 Main St|Marion|CT|42449|10/02/1975|6852|VA001028
LISA|HILL|lisa.hill95@icloud.com|500.580.7797|2581 River Dr|Greenville|id|77973|1953-07-31|3975|VA001029
MATTHEW|BAKER|matthew.baker32@aol.com|(867) 447-1988|6667 Washington St|Oxford|WY|52629-1933|20-Jun-1973|5024|VA001030
JESSICA|TAYLOR|jessica.taylor64@icloud.com|4517412455|6634 Forest Ave|Madison|New.|91991|06-25-1967|3667|VA001031
KAREN|TORRES|karen.torres40@yahoo.com|937-660-9960|7868 River Dr|Burlington|CT|33872|09/27/1989|7862|VA001032
SANDRA|ANDERSON|sandra.anderson5@aol.com|+12286492307|832 Hill Rd|Richmond|md|55940-2062|1983-04-08|1121|VA001033
MICHAEL|BROWN||247.416.1557|6122 Sunset Blvd|Salem|AZ|73954|26-Jun-1978|8430|VA001034
SUSAN|TAYLOR|susan.taylor3@aol.com|(627) 836-2480|9888 Forest Ave|Manchester|NH|55788|12-09-1972|6193|VA001035
DANIEL|MARTIN|daniel.martin7@icloud.com|8358145991|980 Park Blvd|Salem|GA|73584-1071|03/20/2001|1496|VA001036
MARK|YOUNG||936-959-5159|5278 River Dr|Oxford|vt|32677|1992-04-03|4158|VA001037
ANTHONY|WILLIAMS|anthony.williams54@aol.com|+14188572914|5835 Lincoln Ave|Clinton|HI|94953|26-May-1963|4049|VA001038
WILLIAM|TORRES|william.torres77@gmail.com|942.625.1050|3502 River Dr|Georgetown|SC|55323-3187|01-06-1952|1949|VA001039
LINDA|JOHNSON|linda.johnson66@outlook.com|(264) 209-6411|1163 Oak Ave|Oxford|IN|35435|07/19/1960|3453|VA001040
CHARLES|WALKER||9468285452|9755 Hill Rd|Burlington|tx|54229|1998-04-02|6006|VA001041
MARY|THOMPSON|mary.thompson30@yahoo.com|446-251-9329|9944 Hill Rd|Arlington|California|41653-5974|10-May-1988|2369|VA001042
MARY|JACKSON|mary.jackson80@outlook.com|+18857583188|4278 Hill Rd|Franklin|New.|93426|09-09-1956|9073|VA001043
LINDA|HARRIS|linda.harris19@gmail.com|768.497.6272|8888 River Dr|Fairview|OR|47100|02/20/1968|5810|VA001044
BETTY|SMITH|betty.smith46@icloud.com|(537) 305-8995|6682 Lincoln Ave|Salem|ga|59160-2674|1952-03-13|9934|VA001045
ASHLEY|SMITH||2776556610|6960 Washington St|Dayton|IN|95982|05-Nov-1967|4276|VA001046
ANTHONY|YOUNG|anthony.young81@gmail.com|849-842-1130|4030 Maple Dr|Oxford|MO|38863|05-29-2000|4205|VA001047
MATTHEW|JONES|matthew.jones5@gmail.com|+17839831579|1399 Hill Rd|Franklin|MA|82180-5531|05/05/1998|1455|VA001048
KAREN|JOHNSON|karen.johnson58@outlook.com|422.852.3297|9810 Main St|Burlington|ma|98520|1974-08-17|2414|VA001049
SUSAN|ANDERSON|susan.anderson87@aol.com|(282) 510-2148|3 Main St|Franklin|ID|86907|21-Aug-1988|2683|VA001050
MARY|SCOTT|mary.scott73@outlook.com|9993815916|736 Hill Rd|Burlington|NJ|40621-9247|03-10-1975|6107|VA001051
RICHARD|KING|richard.king60@aol.com|986-277-5667|5432 River Dr|Madison|NH|47740|12/26/1961|8273|VA001052
PATRICIA|ALLEN|patricia.allen96@yahoo.com|+12462762939|8770 Washington St|Fairview|co|63669|1974-10-03|2345|VA001053
BETTY|HILL||258.506.3001|1615 Valley Ln|Georgetown|VT|72232-2071|18-May-1979|2838|VA001054
PATRICIA|ALLEN|patricia.allen78@gmail.com|(615) 961-1259|9730 Oak Ave|Richmond|New.|55751|11-25-1942|8478|VA001055
JOHN|WILSON|john.wilson87@hotmail.com|2229057168|7821 Lincoln Ave|Madison|MI|29229|04/11/1979|1889|VA001056
ANTHONY|WILSON|anthony.wilson68@outlook.com|896-523-3680|560 Hill Rd|Dayton|in|54220-1127|1989-06-29|2345|VA001057
MARK|JOHNSON|mark.johnson47@hotmail.com|+15469236666|3173 Valley Ln|Springfield|NE|45379|14-Mar-1986|2281|VA001058
KAREN|TAYLOR|karen.taylor63@hotmail.com|763.592.3899|9112 Lake Rd|Salem|LA|35551|12-02-1958|2561|VA001059
SARAH|THOMPSON|sarah.thompson48@gmail.com|(806) 718-5301|4580 Maple Dr|Georgetown|NC|45289-9971|08/31/1952|8681|VA001060
WILLIAM|BROWN|william.brown78@aol.com|7126813836|6853 Cedar Ln|Burlington|ky|99921|1991-04-24|3818|VA001061
JOSEPH|MILLER|joseph.miller13@yahoo.com|676-341-7875|5437 Oak Ave|Greenville|MA|50975|29-Apr-1990|6579|VA001062
SUSAN|HILL|susan.hill25@outlook.com|+13983125228|244 River Dr|Georgetown|KY|20698-6758|06-12-1954|2212|VA001063
MICHAEL|BAKER|michael.baker45@icloud.com|860.351.4871|1685 Maple Dr|Madison|IL|32740|01/16/1994|3504|VA001064
MATTHEW|WILLIAMS|matthew.williams41@icloud.com|(489) 906-3586|2941 River Dr|Greenville|md|53352|1954-03-03|2002|VA001065
MARY|NELSON|mary.nelson7@icloud.com|2643723372|1742 Lincoln Ave|Greenville|MN|80702-7133|17-Aug-1967|9046|VA001066
RICHARD|YOUNG|richard.young68@outlook.com|859-767-7507|1264 Lincoln Ave|Marion|UT|99269|01-22-2004|2383|VA001067
LISA|JONES|lisa.jones53@aol.com|+19387786223|8476 Main St|Madison|MT|95421|05/19/1991|1356|VA001068
JOHN|BAKER||683.977.8220|1419 Lincoln Ave|Salem|ok|20929-2427|1975-02-28|1607|VA001069
ROBERT|TAYLOR||(483) 312-7869|631 Lincoln Ave|Richmond|OR|68256|24-Oct-1959|7931|VA001070
SUSAN|JACKSON|susan.jackson21@aol.com|6535022461|7715 Jefferson Dr|Clinton|AZ|67137|09-19-1978|4116|VA001071
BARBARA|WILLIAMS|barbara.williams31@yahoo.com|423-986-4023|4251 Forest Ave|Manchester|MO|47373-6585|08/20/1988|5328|VA001072
KAREN|KING|karen.king4@outlook.com|+16654721106|7390 Park Blvd|Manchester|ma|82968|1968-08-11|3291|VA001073
CHRISTOPHER|WRIGHT|christopher.wright79@gmail.com|601.370.4903|7446 Cedar Ln|Manchester|ND|86636|03-Sep-1941|2279|VA001074
ASHLEY|WHITE|ashley.white3@hotmail.com|(239) 915-2333|6239 Washington St|Burlington|TN|49579-3920|06-28-1989|9468|VA001075
CHARLES|WALKER|charles.walker76@yahoo.com|2968598676|3987 Sunset Blvd|Franklin|NV|88323|10/30/1960|1246|VA001076
PATRICIA|TORRES|patricia.torres59@aol.com|573-361-9729|1152 Hill Rd|Georgetown|de|42554|1981-04-13|6786|VA001077
NANCY|WALKER|nancy.walker68@yahoo.com|+14222771107|2335 Jefferson Dr|Franklin|MT|25692-5904|24-Dec-1963|3587|VA001078
CHARLES|THOMPSON|charles.thompson90@hotmail.com|745.522.8315|4436 Valley Ln|Franklin|WI|21277|11-24-1944|7476|VA001079
LISA|WILSON|lisa.wilson88@icloud.com|(900) 438-4666|8053 Valley Ln|Richmond|WI|53333|11/15/1956|2288|VA001080
MARGARET|BROWN||9657454003|5031 Valley Ln|Burlington|wa|35229-8953|2004-12-04|3491|VA001081
THOMAS|BAKER|thomas.baker14@yahoo.com|856-227-4726|9091 Valley Ln|Fairview|California|50599|06-Apr-1974|9985|VA001082
PATRICIA|TAYLOR||+17623594117|1727 Main St|Franklin|NM|21234|12-31-2001|8354|VA001083
ANTHONY|ADAMS|anthony.adams82@aol.com|878.236.6158|1053 Park Blvd|Fairview|NH|32749-7374|10/23/1958|2789|VA001084
ANTHONY|BROWN|anthony.brown87@icloud.com|(349) 749-6503|5459 Hill Rd|Clinton|ny|91847|2004-08-27|4965|VA001085
MARK|WHITE||8585699988|6173 Washington St|Oxford|WI|46693|14-Nov-1954|8524|VA001086
JOSEPH|BAKER|joseph.baker34@gmail.com|340-485-2908|5796 Lincoln Ave|Franklin|WV|39155-1294|09-02-1946|6359|VA001087
JOHN|HILL||+15563926698|82 Forest Ave|Oxford|NV|15821|09/07/1995|4916|VA001088
SUSAN|ANDERSON|susan.anderson63@gmail.com|486.324.4086|6678 Park Blvd|Springfield|wi|60083|1964-08-04|2615|VA001089
MARY|TAYLOR|mary.taylor98@hotmail.com|(507) 871-1592|7225 River Dr|Clinton|Illinois|99765-9998|20-Jun-1967|4089|VA001090
MATTHEW|ANDERSON|matthew.anderson2@outlook.com|4479484621|4382 Lincoln Ave|Burlington|Flo.|96284|05-23-1997|2828|VA001091
LISA|HARRIS||951-800-7824|9708 Lincoln Ave|Fairview|AZ|14692|12/17/1942|9222|VA001092
MARGARET|WILLIAMS|margaret.williams76@hotmail.com|+15977519792|1212 Valley Ln|Arlington|ca|26119-7589|1949-07-28|3301|VA001093
DANIEL|WALKER|daniel.walker95@icloud.com|890.873.7492|8852 Jefferson Dr|Springfield|AZ|82373|01-Jun-1998|6141|VA001094
JESSICA|ANDERSON|jessica.anderson92@outlook.com|(968) 430-2293|3184 Lake Rd|Salem|SC|46058|12-31-1963|5055|VA001095
JOHN|NELSON|john.nelson52@gmail.com|6767073340|8044 Maple Dr|Springfield|SD|47006-6013|09/11/1972|1795|VA001096
BETTY|TAYLOR|betty.taylor87@hotmail.com|523-532-2654|8911 River Dr|Arlington|ga|56667|1969-03-13|2528|VA001097
JENNIFER|DAVIS|jennifer.davis14@gmail.com|+14905443168|3721 Maple Dr|Manchester|MS|19160|27-Oct-2003|7916|VA001098
NANCY|NGUYEN|nancy.nguyen1@outlook.com|421.621.6418|1640 Oak Ave|Marion|Pen.|40058-9229|08-24-1991|5549|VA001099
DANIEL|SCOTT|daniel.scott62@icloud.com|(271) 378-8306|2737 Lake Rd|Marion|WV|81565|09/18/1982|2755|VA001100
SARAH|KING|sarah.king34@hotmail.com|4552959427|7584 Jefferson Dr|Fairview|fl|67305|1952-02-19|6253|VA001101
JENNIFER|NGUYEN|jennifer.nguyen73@aol.com|957-649-4248|7164 Valley Ln|Madison|RI|11907-8646|07-May-1963|5534|VA001102
WILLIAM|WALKER|william.walker28@yahoo.com|+12842525700|623 Forest Ave|Georgetown|New.|54096|08-10-1992|8888|VA001103
ASHLEY|TAYLOR|ashley.taylor12@hotmail.com|469.976.8212|7320 Cedar Ln|Greenville|OR|11261|04/02/1955|3159|VA001104
JENNIFER|HARRIS||(234) 501-1328|5222 Park Blvd|Franklin|ca|54801-3978|1955-04-06|7151|VA001105
JENNIFER|HARRIS|jennifer.harris50@aol.com|5706887884|519 River Dr|Richmond|VT|37319|09-Jul-1962|5789|VA001106
ASHLEY|ADAMS|ashley.adams40@hotmail.com|675-576-1565|2441 Cedar Ln|Fairview|AR|94675|03-04-1992|1452|VA001107
RICHARD|ANDERSON|richard.anderson78@yahoo.com|+16485526921|1100 Valley Ln|Greenville|KY|42834-6876|05/06/1972|6194|VA001108
DAVID|HARRIS|david.harris72@outlook.com|438.890.4200|4870 Oak Ave|Manchester|nh|99634|1953-12-15|1148|VA001109
JENNIFER|ADAMS||(225) 797-5604|7030 Main St|Franklin|Texas|70725|15-Sep-1976|3141|VA001110
ROBERT|BAKER|robert.baker43@gmail.com|5434182389|4552 Oak Ave|Richmond|NH|43627-9585|03-24-1963|3695|VA001111
MARGARET|NELSON|margaret.nelson26@outlook.com|920-570-7577|3884 Hill Rd|Marion|MN|61012|06/01/1988|6741|VA001112
CHARLES|HILL|charles.hill20@outlook.com|+15246795025|2140 Lincoln Ave|Arlington|ny|51446|1994-10-04|9693|VA001113
SARAH|THOMAS|sarah.thomas92@hotmail.com|307.228.3338|7314 Forest Ave|Clinton|RI|91710-4080|12-Oct-1952|9945|VA001114
JAMES|HALL||(548) 804-2370|8359 River Dr|Marion|UT|13793|04-13-1968|7771|VA001115
LISA|ALLEN|lisa.allen42@aol.com|9665021539|2533 Washington St|Oxford|KS|70893|10/01/1977|5125|VA001116
PATRICIA|WILLIAMS|patricia.williams77@hotmail.com|559-981-5013|23 Sunset Blvd|Georgetown|ne|18237-5332|1984-04-28|6017|VA001117
RICHARD|NELSON|richard.nelson33@hotmail.com|+14013812939|2371 Forest Ave|Georgetown|KS|76729|29-Jul-1944|7669|VA001118
BARBARA|NGUYEN|barbara.nguyen83@yahoo.com|664.327.7881|9010 Valley Ln|Manchester|Flo.|34482|04-13-1991|4161|VA001119
MATTHEW|BROWN|matthew.brown50@aol.com|(943) 536-3903|8931 Sunset Blvd|Fairview|AL|99795-8778|07/13/1978|2305|VA001120
CHARLES|YOUNG|charles.young92@yahoo.com|5407883129|9441 Valley Ln|Salem|sc|38743|1959-11-26|8918|VA001121
MICHAEL|ALLEN|michael.allen51@hotmail.com|943-811-1092|9673 Washington St|Georgetown|LA|65798|27-Apr-1989|9727|VA001122
KAREN|BAKER|karen.baker42@hotmail.com|+12998997627|9342 Washington St|Fairview|HI|47069-6937|11-01-1942|6455|VA001123
JAMES|NELSON|james.nelson19@aol.com|294.476.8083|8144 Maple Dr|Clinton|AL|80676|11/15/1989|7899|VA001124
JESSICA|YOUNG|jessica.young13@hotmail.com|(904) 850-9934|3213 Cedar Ln|Arlington|mt|53030|1995-09-19|8260|VA001125
DANIEL|MILLER|daniel.miller54@outlook.com|2413737305|1670 Washington St|Fairview|New York|61809-9170|12-Feb-1946|2012|VA001126
MICHAEL|ALLEN|michael.allen2@icloud.com|968-914-6316|6782 Main St|Springfield|SD|64741|07-27-2003|5814|VA001127
JENNIFER|JACKSON|jennifer.jackson39@gmail.com|+12819999344|8942 Oak Ave|Madison|OR|67463|04/18/2004|8206|VA001128
JAMES|YOUNG|james.young54@icloud.com|967.850.9759|8450 River Dr|Arlington|de|53210-3211|1973-03-27|7052|VA001129
CHRISTOPHER|NGUYEN|christopher.nguyen66@yahoo.com|(850) 945-1882|3503 Main St|Clinton|MT|14297|04-Nov-1981|8686|VA001130
RICHARD|WILLIAMS|richard.williams50@hotmail.com|6306704941|3827 Forest Ave|Manchester|LA|58661|11-02-1979|1708|VA001131
PATRICIA|MILLER|patricia.miller12@hotmail.com|593-678-3846|3338 Lake Rd|Arlington|TN|60143-9374|06/22/1948|4000|VA001132
JAMES|SCOTT|james.scott84@outlook.com|+13434445347|3631 Valley Ln|Springfield|ne|93077|1989-03-04|4287|VA001133
NANCY|WALKER||634.935.4396|6880 Jefferson Dr|Georgetown|Pennsylvania|12412|12-Mar-1994|4185|VA001134
MICHAEL|THOMAS|michael.thomas62@aol.com|(500) 417-4187|6730 Park Blvd|Madison|New.|16692-7373|02-03-1955|7269|VA001135
LINDA|WHITE|linda.white79@aol.com|2318514070|7614 River Dr|Dayton|MD|44629|07/13/1988|3825|VA001136
ASHLEY|ADAMS||888-339-3309|8899 Washington St|Georgetown|me|15911|1964-01-20|1229|VA001137
BARBARA|ADAMS|barbara.adams72@aol.com|+12183955636|480 Main St|Salem|WI|45272-7343|08-Apr-1965|1671|VA001138
BARBARA|YOUNG||266.382.8008|6910 Washington St|Clinton|Cal.|70490|08-01-1991|3865|VA001139
RICHARD|SMITH|richard.smith66@yahoo.com|(361) 713-8510|9279 Lake Rd|Burlington|MT|19388|07/12/1967|2386|VA001140
WILLIAM|JOHNSON|william.johnson21@icloud.com|4682437037|8209 Jefferson Dr|Fairview|mi|30777-7174|1985-09-07|5603|VA001141
THOMAS|WHITE|thomas.white96@outlook.com|478-389-5196|5334 Valley Ln|Manchester|AR|51249|25-Jul-1975|5799|VA001142
PATRICIA|WILLIAMS|patricia.williams2@icloud.com|+13116323239|8339 Hill Rd|Manchester|ME|88412|09-04-1969|9009|VA001143
THOMAS|SCOTT|thomas.scott8@yahoo.com|592.581.6473|8757 Maple Dr|Madison|CT|49837-7881|04/09/1997|1881|VA001144
JOHN|DAVIS||(405) 684-8096|3512 Maple Dr|Georgetown|nv|39421|1959-12-18|8412|VA001145
RICHARD|DAVIS|richard.davis44@aol.com|2468868259|4545 Sunset Blvd|Franklin|HI|13251|26-Apr-1991|6060|VA001146
SARAH|WILSON|sarah.wilson35@yahoo.com|747-769-6771|9314 Hill Rd|Manchester|Tex.|85098-8003|09-08-1984|6444|VA001147
WILLIAM|SCOTT|william.scott42@outlook.com|+12503313024|786 Valley Ln|Georgetown|OH|31029|05/31/1943|5007|VA001148
MATTHEW|ADAMS|matthew.adams51@gmail.com|506.366.4939|9285 Jefferson Dr|Richmond|mo|98740|1988-06-30|6435|VA001149
BARBARA|ADAMS|barbara.adams57@icloud.com|(712) 995-5713|8474 Lincoln Ave|Clinton|AZ|27149-1165|07-Jul-1971|5763|VA001150
JESSICA|SMITH|jessica.smith51@hotmail.com|3916839801|2930 Lincoln Ave|Oxford|Nor.|52114|03-20-1948|1811|VA001151
KAREN|WRIGHT||448-452-2461|773 Park Blvd|Fairview|KY|70117|09/24/1964|7385|VA001152
RICHARD|MILLER|richard.miller9@hotmail.com|+13832109989|3056 Lake Rd|Richmond|nc|16529-4291|1997-08-06|3155|VA001153
JESSICA|WILLIAMS|jessica.williams41@gmail.com|822.512.3047|3683 Sunset Blvd|Dayton|OK|32299|10-Dec-1953|6815|VA001154
DAVID|THOMAS|david.thomas37@yahoo.com|(221) 568-3859|251 Valley Ln|Burlington|MT|94149|04-03-1982|4990|VA001155
JOHN|SCOTT|john.scott2@aol.com|9267097486|1765 Maple Dr|Burlington|VA|81113-1563|08/10/1964|5084|VA001156
DANIEL|MILLER|daniel.miller96@outlook.com|447-641-5019|3178 Cedar Ln|Fairview|me|20114|1988-06-20|4026|VA001157
MARK|WALKER|mark.walker66@hotmail.com|+15636318887|7285 Maple Dr|Fairview|Florida|15776|05-Jun-1945|3091|VA001158
KAREN|ALLEN|karen.allen58@hotmail.com|401.466.1575|4591 Park Blvd|Greenville|OK|82050-7415|09-06-1990|7634|VA001159
MARK|TORRES|mark.torres98@hotmail.com|(274) 731-3026|4306 River Dr|Springfield|KY|96765|05/24/2000|2426|VA001160
JESSICA|MARTIN||6378591846|4986 Oak Ave|Madison|ms|46773|1971-06-29|7849|VA001161
NANCY|DAVIS|nancy.davis1@yahoo.com|237-693-4113|4628 Forest Ave|Fairview|AL|48005-4754|29-Jul-1975|6410|VA001162
ANTHONY|HARRIS|anthony.harris35@yahoo.com|+17958447479|2551 Forest Ave|Fairview|WA|66872|01-26-1973|3430|VA001163
THOMAS|HALL|thomas.hall99@icloud.com|256.801.8290|6376 River Dr|Greenville|KY|14282|10/07/1995|9801|VA001164
BETTY|ADAMS|betty.adams76@aol.com|(238) 849-4020|1732 Lincoln Ave|Fairview|ca|22741-1551|1976-11-12|7796|VA001165
ANTHONY|MILLER|anthony.miller18@outlook.com|8918285386|3922 Park Blvd|Springfield|NJ|19490|20-Oct-2002|7653|VA001166
DAVID|TORRES|david.torres66@gmail.com|830-826-5369|2389 Jefferson Dr|Arlington|VT|60676|01-23-1946|1649|VA001167
JAMES|WALKER|james.walker98@yahoo.com|+14002479542|7809 Main St|Fairview|NC|31170-7785|03/11/2003|5488|VA001168
MICHAEL|WRIGHT|michael.wright27@icloud.com|466.411.9842|6635 Sunset Blvd|Fairview|wi|12574|1963-12-20|5926|VA001169
DANIEL|GARCIA||(755) 268-3669|375 Sunset Blvd|Georgetown|New York|76979|06-Jul-1972|6017|VA001170
WILLIAM|TAYLOR|william.taylor2@gmail.com|6008488762|4131 Lincoln Ave|Franklin|ID|27707-4891|04-06-1964|8136|VA001171
JAMES|JOHNSON|james.johnson33@outlook.com|443-304-7920|4548 Washington St|Arlington|NE|15121|11/11/1975|7583|VA001172
MARK|MILLER|mark.miller76@icloud.com|+16886915929|1370 Lincoln Ave|Springfield|mi|10355|1978-11-12|9513|VA001173
SANDRA|SMITH|sandra.smith84@hotmail.com|395.207.6109|1274 Valley Ln|Oxford|WY|12409-3558|05-Feb-1955|2352|VA001174
ANTHONY|JACKSON|anthony.jackson56@outlook.com|(263) 470-6689|6882 Valley Ln|Greenville|VA|47922|03-21-1964|3818|VA001175
MARK|JONES|mark.jones6@hotmail.com|6638628438|6836 River Dr|Burlington|AZ|46608|08/29/1941|2602|VA001176
NANCY|NGUYEN|nancy.nguyen62@gmail.com|629-390-9681|3923 Park Blvd|Salem|mi|50826-9837|1987-12-03|1331|VA001177
MARK|SCOTT|mark.scott16@icloud.com|+15348607158|6428 Valley Ln|Manchester|WY|35947|07-Mar-1980|3919|VA001178
CHARLES|SMITH|charles.smith94@yahoo.com|608.843.8555|5247 Sunset Blvd|Oxford|WI|46635|11-21-1983|2361|VA001179
BETTY|BAKER|betty.baker24@yahoo.com|(665) 380-1330|3419 Oak Ave|Richmond|OH|89904-3718|08/03/1941|2032|VA001180
DAVID|WILSON|david.wilson23@outlook.com|4394712243|5884 Oak Ave|Madison|nc|77212|1989-01-15|2280|VA001181
JESSICA|ADAMS||568-229-6716|342 Jefferson Dr|Marion|MS|94399|05-Jun-1973|8500|VA001182
MATTHEW|WALKER|matthew.walker15@gmail.com|+16559317278|4310 Cedar Ln|Manchester|WA|29376-2426|01-21-1976|4388|VA001183
ANTHONY|WHITE|anthony.white57@icloud.com|614.305.3520|2767 Jefferson Dr|Greenville|OH|95079|04/01/1961|1432|VA001184
CHARLES|BROWN|charles.brown41@aol.com|(575) 903-9272|9393 Cedar Ln|Dayton|ar|53044|1980-11-13|6146|VA001185
JOSEPH|BROWN|joseph.brown45@hotmail.com|3132429320|4392 Lake Rd|Georgetown|VT|66440-6906|19-Jun-1961|7406|VA001186
ANTHONY|HALL|anthony.hall95@outlook.com|799-589-7598|6 Park Blvd|Burlington|NM|43268|05-22-2002|6096|VA001187
ASHLEY|HILL|ashley.hill96@yahoo.com|+17978294331|9177 Main St|Springfield|RI|19171|05/05/1972|1497|VA001188
RICHARD|WILLIAMS|richard.williams81@gmail.com|427.756.3000|2052 Hill Rd|Clinton|az|73424-7109|2003-12-12|8539|VA001189
ROBERT|THOMAS|robert.thomas10@gmail.com|(922) 656-6068|8038 Sunset Blvd|Springfield|AR|34259|04-Feb-1979|7088|VA001190
KAREN|JACKSON|karen.jackson59@yahoo.com|6369971460|3587 Maple Dr|Richmond|CT|24576|04-09-1997|3726|VA001191
MARK|GARCIA||703-832-7448|3323 Oak Ave|Franklin|NY|72744-4387|10/17/1957|6158|VA001192
JENNIFER|MARTIN|jennifer.martin55@aol.com|+16843904461|973 Jefferson Dr|Arlington|oh|70892|2000-03-17|2284|VA001193
WILLIAM|NGUYEN|william.nguyen1@aol.com|858.489.3211|2188 River Dr|Dayton|WA|20331|27-Apr-1975|2710|VA001194
JOSEPH|WRIGHT|joseph.wright84@aol.com|(952) 478-2790|5686 Lincoln Ave|Clinton|NM|87694-8227|10-17-1979|9480|VA001195
THOMAS|ADAMS||7645627463|6203 Main St|Madison|IN|11295|07/13/1999|9817|VA001196
PATRICIA|DAVIS|patricia.davis18@hotmail.com|959-338-2302|9470 Park Blvd|Franklin|or|76362|1991-02-24|3974|VA001197
JAMES|JONES|james.jones86@aol.com|+19103956894|1712 River Dr|Madison|CO|35947-9227|23-Mar-1948|8615|VA001198
SUSAN|ALLEN|susan.allen59@icloud.com|687.958.3566|9810 Oak Ave|Dayton|ID|65344|04-17-1959|7830|VA001199
DANIEL|JOHNSON|daniel.johnson35@icloud.com|(308) 326-1729|3646 Valley Ln|Oxford|LA|97247|07/09/1963|7201|VA001200
PATRICIA|JONES|patricia.jones46@hotmail.com|4614497362|1341 Washington St|Arlington|ri|50123-9448|1941-09-03|8062|VA001201
LISA|KING|lisa.king55@icloud.com|215-832-7867|3465 Lake Rd|Madison|UT|71342|29-Mar-1975|1280|VA001202
SUSAN|WRIGHT|susan.wright79@gmail.com|+14938584665|7757 Cedar Ln|Manchester|Mic.|93777|07-03-1998|3614|VA001203
KAREN|JONES|karen.jones63@icloud.com|708.468.9349|7361 Park Blvd|Salem|NH|89588-2147|06/02/1961|7124|VA001204
ANTHONY|WALKER|anthony.walker38@outlook.com|(927) 790-9257|590 Forest Ave|Marion|mo|66851|1960-02-15|4360|VA001205
ASHLEY|NELSON|ashley.nelson33@outlook.com|8935083092|3694 Forest Ave|Richmond|NM|84769|06-May-1976|8354|VA001206
MARGARET|NELSON|margaret.nelson2@hotmail.com|552-630-2175|1176 Cedar Ln|Salem|SD|91882-6309|11-23-1997|2950|VA001207
DANIEL|ALLEN|daniel.allen44@gmail.com|+15976167105|9850 Lincoln Ave|Burlington|IA|54820|07/02/1975|2538|VA001208
SANDRA|WHITE|sandra.white58@aol.com|264.426.9829|7049 Washington St|Arlington|ca|27272|1994-02-06|2112|VA001209
JENNIFER|HARRIS||(351) 405-3819|4937 Park Blvd|Franklin|ID|40957-2093|29-Mar-1958|8152|VA001210
JOHN|ALLEN|john.allen32@yahoo.com|4416048639|1307 Valley Ln|Madison|Nor.|20229|08-28-1974|8449|VA001211
ANTHONY|WHITE|anthony.white19@outlook.com|252-457-1011|8706 Sunset Blvd|Oxford|WA|90590|09/24/1996|8591|VA001212
MARY|YOUNG|mary.young20@icloud.com|+13576188109|3033 Hill Rd|Franklin|ar|68919-9750|1976-04-04|8214|VA001213
KAREN|MARTIN|karen.martin15@gmail.com|557.569.3283|4829 Forest Ave|Greenville|OK|65191|03-Oct-1961|4452|VA001214
MARY|ANDERSON|mary.anderson37@gmail.com|(574) 523-6765|1167 Hill Rd|Marion|Pen.|86876|04-04-1940|9544|VA001215
THOMAS|WILLIAMS|thomas.williams36@gmail.com|2916965257|886 Sunset Blvd|Arlington|RI|72223-5865|02/26/2001|8181|VA001216
RICHARD|BAKER|richard.baker61@outlook.com|432-852-2932|1932 Forest Ave|Manchester|co|32481|1970-06-15|2399|VA001217
CHARLES|HALL|charles.hall67@hotmail.com|+19669382651|6954 Maple Dr|Marion|MO|24925|01-Aug-1969|2734|VA001218
JENNIFER|HARRIS|jennifer.harris62@yahoo.com|388.558.3671|4052 Jefferson Dr|Madison|ID|85552-1217|06-28-1996|8312|VA001219
RICHARD|JONES|richard.jones87@aol.com|(293) 483-1237|3851 Main St|Dayton|NY|51140|02/11/1968|9635|VA001220
CHARLES|WALKER|charles.walker95@aol.com|4755223251|4432 Main St|Fairview|hi|23879|1945-08-19|6797|VA001221
ASHLEY|JOHNSON|ashley.johnson65@yahoo.com|511-277-5142|389 Hill Rd|Franklin|NH|15969-4155|01-Feb-1952|9483|VA001222
PATRICIA|SCOTT|patricia.scott86@outlook.com|+17509091255|4580 Oak Ave|Arlington|AK|50714|07-08-1989|8004|VA001223
MARK|NGUYEN|mark.nguyen7@hotmail.com|217.366.5688|908 Jefferson Dr|Oxford|AL|56269|09/07/1943|4453|VA001224
DANIEL|HALL|daniel.hall4@yahoo.com|(776) 512-5317|9510 Lincoln Ave|Madison|il|97936-7324|1962-12-20|6240|VA001225
CHRISTOPHER|SMITH|christopher.smith78@gmail.com|8162389248|2491 Forest Ave|Arlington|KS|48695|03-Jan-1984|9812|VA001226
MATTHEW|HALL|matthew.hall20@yahoo.com|688-927-9067|9537 Sunset Blvd|Oxford|KY|56273|03-16-1945|6947|VA001227
DAVID|THOMPSON|david.thompson22@hotmail.com|+12899409116|7141 Sunset Blvd|Madison|LA|29050-6461|12/11/2001|5976|VA001228
THOMAS|YOUNG||469.454.5706|1524 River Dr|Dayton|wv|54825|1946-10-27|3924|VA001229
KAREN|HARRIS|karen.harris43@outlook.com|(390) 419-8351|8922 Sunset Blvd|Marion|NV|19204|12-Jan-1983|4626|VA001230
WILLIAM|ALLEN|william.allen67@yahoo.com|8994634919|5263 Hill Rd|Madison|RI|74630-8737|07-21-1999|3874|VA001231
JOHN|BAKER|john.baker31@icloud.com|677-576-3412|7022 Oak Ave|Dayton|WA|30346|03/16/1978|5305|VA001232
ASHLEY|WHITE|ashley.white47@yahoo.com|+12813266145|8069 Oak Ave|Marion|fl|61186|1970-02-09|3202|VA001233
CHARLES|NGUYEN|charles.nguyen50@aol.com|662.822.4097|5436 Jefferson Dr|Marion|MD|36713-5670|14-Dec-1962|3639|VA001234
KAREN|MILLER||(551) 331-4325|2646 Hill Rd|Fairview|ND|93218|07-19-1963|4101|VA001235
CHARLES|MARTIN|charles.martin51@outlook.com|3549032826|5380 River Dr|Oxford|FL|33429|04/14/1950|6857|VA001236
SUSAN|HARRIS|susan.harris20@outlook.com|258-929-9286|6126 Lake Rd|Fairview|wv|19929-4286|1974-02-19|7456|VA001237
DAVID|GARCIA|david.garcia86@gmail.com|+12705231219|8189 Cedar Ln|Greenville|ME|94988|07-Jan-1992|8217|VA001238
ROBERT|ANDERSON|robert.anderson17@yahoo.com|232.475.8145|3163 Cedar Ln|Salem|WY|32560|12-17-1998|6053|VA001239
MICHAEL|NGUYEN|michael.nguyen94@outlook.com|(346) 439-4010|1416 River Dr|Marion|HI|47774-8871|10/06/1948|8223|VA001240
WILLIAM|SMITH|william.smith8@outlook.com|6583121940|9425 Oak Ave|Salem|sc|59262|1973-02-24|2604|VA001241
JOHN|BROWN|john.brown89@hotmail.com|464-732-1366|8737 Lincoln Ave|Dayton|OK|23282|11-Nov-1969|6501|VA001242
MARY|ANDERSON||+15195942785|1473 Forest Ave|Fairview|ME|21783-9081|04-14-1983|5206|VA001243
MARK|ADAMS|mark.adams68@hotmail.com|847.514.5572|805 Main St|Greenville|WA|73877|05/14/1963|9338|VA001244
NANCY|NELSON|nancy.nelson24@outlook.com|(394) 527-8361|1352 Valley Ln|Burlington|wi|43488|1990-10-24|3937|VA001245
JOSEPH|THOMPSON|joseph.thompson55@outlook.com|2289802247|7717 Hill Rd|Greenville|UT|91625-5920|03-Mar-1974|2571|VA001246
JOSEPH|WRIGHT|joseph.wright73@aol.com|631-473-1334|7696 Valley Ln|Springfield|MA|59510|03-03-1991|7394|VA001247
ASHLEY|ALLEN|ashley.allen21@icloud.com|+12329148083|6291 River Dr|Marion|IL|33433|06/05/1954|4452|VA001248
LINDA|SMITH|linda.smith59@hotmail.com|429.605.7696|5597 Valley Ln|Springfield|il|38699-1943|1986-09-17|4721|VA001249
KAREN|NGUYEN||(795) 973-4058|5652 Sunset Blvd|Oxford|Michigan|38564|03-Jun-1996|4964|VA001250
MARY|WILSON|mary.wilson50@gmail.com|8103445797|4568 Sunset Blvd|Springfield|DE|20012|11-18-1951|9244|VA001251
SANDRA|HALL|sandra.hall68@gmail.com|267-907-2618|423 Park Blvd|Franklin|KY|54765-8842|09/24/2002|2273|VA001252
THOMAS|WILSON|thomas.wilson92@icloud.com|+13002841187|2400 Lake Rd|Burlington|ri|55468|1974-12-24|9930|VA001253
NANCY|ANDERSON|nancy.anderson33@icloud.com|592.833.4988|6433 River Dr|Burlington|VA|61000|05-Oct-1960|2097|VA001254
PATRICIA|THOMAS|patricia.thomas78@aol.com|(504) 435-9786|3578 Hill Rd|Georgetown|TN|87296-2761|09-27-1999|1431|VA001255
RICHARD|JONES|richard.jones46@aol.com|9784487662|4510 Hill Rd|Marion|FL|10044|01/30/1985|4637|VA001256
DAVID|SMITH|david.smith85@icloud.com|756-268-8229|3634 Valley Ln|Fairview|co|26991|1950-11-25|1069|VA001257
SUSAN|BAKER|susan.baker49@outlook.com|+12828999835|2179 Sunset Blvd|Richmond|MN|25549-4142|05-Jan-1956|9802|VA001258
CHRISTOPHER|HARRIS|christopher.harris99@outlook.com|601.629.2620|5940 Park Blvd|Georgetown|VA|78013|09-21-1940|8001|VA001259
LISA|WRIGHT|lisa.wright91@aol.com|(994) 874-9608|4248 Maple Dr|Burlington|MA|87182|02/06/1992|6703|VA001260
LISA|NELSON|lisa.nelson74@gmail.com|6768936512|4849 Jefferson Dr|Burlington|wa|21246-7660|1946-07-26|4120|VA001261
JESSICA|JACKSON|jessica.jackson3@hotmail.com|870-721-3050|6439 Hill Rd|Manchester|WA|48956|26-May-1988|9212|VA001262
SUSAN|THOMPSON|susan.thompson53@aol.com|+16593364645|4771 River Dr|Georgetown|AZ|16493|05-05-1965|1411|VA001263
NANCY|NGUYEN|nancy.nguyen67@icloud.com|365.331.7005|3406 Main St|Georgetown|MS|52185-8872|01/11/1953|5949|VA001264
MARK|WILSON|mark.wilson5@gmail.com|(725) 302-2123|8273 Park Blvd|Clinton|ma|10922|1958-05-02|3127|VA001265
BETTY|NGUYEN|betty.nguyen92@outlook.com|9084652186|1951 Jefferson Dr|Georgetown|MN|35954|29-Oct-1995|1471|VA001266
NANCY|SCOTT|nancy.scott45@hotmail.com|840-270-9789|2396 Cedar Ln|Manchester|NV|81002-9717|04-21-1985|2577|VA001267
JOHN|HALL|john.hall88@aol.com|+13092088179|8626 Washington St|Marion|WA|15915|09/18/1970|3652|VA001268
BARBARA|DAVIS|barbara.davis77@gmail.com|648.798.4072|637 Cedar Ln|Greenville|in|23555|1950-12-28|1786|VA001269
LISA|SCOTT|lisa.scott91@aol.com|(737) 734-5639|2907 Valley Ln|Dayton|Michigan|63290-8585|01-Apr-1944|2087|VA001270
JOSEPH|HILL|joseph.hill2@hotmail.com|3133591983|527 Valley Ln|Manchester|ID|75967|05-21-1954|1178|VA001271
WILLIAM|WRIGHT||265-572-3243|5834 River Dr|Madison|CT|95177|10/28/1975|6795|VA001272
JOHN|TORRES|john.torres13@icloud.com|+18255659939|8000 Jefferson Dr|Franklin|il|86898-5240|1998-11-24|6203|VA001273
LISA|SCOTT|lisa.scott30@aol.com|523.547.6311|6162 Sunset Blvd|Oxford|NV|45496|10-Sep-1989|4438|VA001274
ANTHONY|JONES|anthony.jones11@aol.com|(914) 301-2866|7197 River Dr|Burlington|CO|70667|02-22-1946|5865|VA001275
JENNIFER|BROWN|jennifer.brown2@gmail.com|5983413137|4433 Oak Ave|Salem|MD|79204-7789|05/05/1976|1716|VA001276
MARK|MARTIN|mark.martin13@outlook.com|327-231-7348|110 Park Blvd|Madison|nh|27587|1960-08-24|9038|VA001277
BARBARA|TORRES||+17786264856|6329 Oak Ave|Fairview|IA|51753|29-Apr-1952|5219|VA001278
MARGARET|JONES|margaret.jones73@icloud.com|873.525.7143|6378 Washington St|Georgetown|Cal.|59898-1353|08-08-1943|9072|VA001279
NANCY|SMITH|nancy.smith90@yahoo.com|(310) 806-3142|3004 Hill Rd|Clinton|IN|62784|05/17/1987|8501|VA001280
KAREN|ANDERSON|karen.anderson23@icloud.com|6759128840|2987 Lincoln Ave|Greenville|ca|69988|1943-04-26|5807|VA001281
PATRICIA|SMITH|patricia.smith7@icloud.com|871-795-7001|9362 Forest Ave|Clinton|Florida|62901-3087|07-Nov-1949|8477|VA001282
PATRICIA|GARCIA|patricia.garcia71@yahoo.com|+12234661107|6185 Forest Ave|Oxford|NM|49746|03-10-1952|6689|VA001283
RICHARD|THOMAS|richard.thomas31@icloud.com|614.598.6070|8787 Cedar Ln|Oxford|SC|27212|09/03/1999|3723|VA001284
MARK|MILLER|mark.miller65@outlook.com|(415) 621-9980|8326 Washington St|Marion|wv|36641-3143|1955-06-11|1560|VA001285
ASHLEY|HALL|ashley.hall12@aol.com|4432058459|7150 River Dr|Georgetown|UT|74906|22-Dec-1948|8060|VA001286
PATRICIA|HARRIS|patricia.harris53@aol.com|475-534-6683|9894 River Dr|Marion|OK|19930|02-29-1952|6097|VA001287
ANTHONY|SCOTT|anthony.scott68@yahoo.com|+18579946479|3952 Forest Ave|Franklin|FL|64823-4072|03/07/1987|9642|VA001288
LINDA|YOUNG|linda.young9@outlook.com|341.543.6753|1802 Lake Rd|Springfield|ut|27387|2001-10-28|1079|VA001289
BETTY|WALKER|betty.walker86@icloud.com|(592) 760-3412|260 Washington St|Georgetown|VA|27454|02-Feb-1973|7621|VA001290
JESSICA|HALL|jessica.hall5@aol.com|8894696351|6506 Cedar Ln|Arlington|TN|20014-7988|07-07-1962|8321|VA001291
CHARLES|WALKER|charles.walker41@icloud.com|694-946-7499|9381 Washington St|Franklin|WA|23162|03/18/1947|6653|VA001292
LISA|NGUYEN|lisa.nguyen76@icloud.com|+12158218132|4045 Lake Rd|Richmond|ct|99953|1968-07-17|2268|VA001293
SARAH|HARRIS|sarah.harris34@outlook.com|942.287.9686|8122 Maple Dr|Manchester|HI|93647-9478|25-May-1963|8278|VA001294
ASHLEY|MILLER|ashley.miller95@outlook.com|(324) 472-4515|4287 Oak Ave|Madison|Cal.|61824|10-14-1994|4950|VA001295
JENNIFER|HARRIS|jennifer.harris64@yahoo.com|4053527592|4390 Park Blvd|Manchester|FL|88591|03/19/2003|6887|VA001296
DANIEL|HALL|daniel.hall33@gmail.com|498-902-9680|1461 Oak Ave|Manchester|mn|92457-6207|1981-03-27|2956|VA001297
MARGARET|ADAMS|margaret.adams7@hotmail.com|+14255054608|2593 Sunset Blvd|Franklin|MO|96037|05-Feb-1971|6579|VA001298
RICHARD|WHITE|richard.white98@gmail.com|970.828.1057|2495 Hill Rd|Marion|Mic.|49812|02-26-1946|2144|VA001299
NANCY|ANDERSON|nancy.anderson86@yahoo.com|(701) 540-5846|2625 Park Blvd|Dayton|IN|19621-3124|03/19/1976|5075|VA001300
SARAH|BROWN|sarah.brown17@hotmail.com|8453962370|2597 Lake Rd|Manchester|nc|10332|1986-11-03|8243|VA001301
NANCY|HARRIS|nancy.harris49@outlook.com|418-969-6552|758 Sunset Blvd|Marion|ID|27083|28-Mar-2002|1162|VA001302
JESSICA|HALL|jessica.hall98@gmail.com|+17176414723|870 Hill Rd|Oxford|Ohi.|96689-3562|07-23-1971|6476|VA001303
BARBARA|JACKSON|barbara.jackson61@yahoo.com|675.988.8440|4805 Sunset Blvd|Georgetown|WA|86994|10/12/1980|6359|VA001304
DAVID|BROWN|david.brown42@outlook.com|(512) 730-2937|5724 Lincoln Ave|Fairview|id|50324|1978-11-04|1849|VA001305
SARAH|HALL|sarah.hall48@hotmail.com|9799143046|3833 Sunset Blvd|Fairview|MD|33152-4058|03-Mar-1957|9798|VA001306
ASHLEY|WRIGHT|ashley.wright92@gmail.com|658-930-2965|6112 River Dr|Fairview|NH|69455|03-09-1956|8316|VA001307
NANCY|TAYLOR|nancy.taylor20@yahoo.com|+16282068203|4844 Oak Ave|Salem|AR|66084|02/21/1941|3742|VA001308
MARGARET|WILSON|margaret.wilson97@aol.com|432.475.1707|310 Lake Rd|Manchester|ct|25615-1719|1960-07-09|1504|VA001309
MATTHEW|BAKER||(999) 604-6370|3262 Lincoln Ave|Manchester|LA|66056|20-Mar-1952|5782|VA001310
SANDRA|WHITE|sandra.white57@hotmail.com|5925007543|9999 Lincoln Ave|Richmond|Nor.|97879|01-20-1958|7271|VA001311
JOSEPH|ALLEN|joseph.allen26@yahoo.com|734-752-5828|799 Park Blvd|Manchester|ME|66321-5580|04/14/1972|8092|VA001312
ANTHONY|KING|anthony.king14@outlook.com|+13993114590|2845 Cedar Ln|Richmond|ne|98637|1940-05-19|9252|VA001313
CHARLES|KING|charles.king82@icloud.com|273.494.9805|2573 Sunset Blvd|Franklin|NV|27224|17-Dec-1964|9414|VA001314
BARBARA|HARRIS||(367) 397-8424|2018 Sunset Blvd|Burlington|HI|57549-3289|01-11-1942|7173|VA001315
MARGARET|ANDERSON|margaret.anderson31@icloud.com|2795374749|3935 Hill Rd|Oxford|NE|11456|05/17/1949|1529|VA001316
THOMAS|ADAMS|thomas.adams97@aol.com|779-826-9308|5066 Main St|Clinton|ok|96865|1997-04-11|7571|VA001317
ROBERT|WHITE|robert.white50@aol.com|+13389535893|9701 Jefferson Dr|Madison|NJ|45276-7794|20-Oct-1973|4014|VA001318
JOSEPH|HARRIS|joseph.harris4@outlook.com|607.336.7115|9539 Lake Rd|Manchester|NM|81308|05-17-1982|5847|VA001319
SARAH|JONES|sarah.jones9@outlook.com|(343) 366-8837|8797 Hill Rd|Dayton|IN|40527|05/17/1962|8512|VA001320
SARAH|KING|sarah.king74@icloud.com|9052141127|94 Washington St|Franklin|tn|86262-6667|1997-04-24|2297|VA001321
BARBARA|JACKSON|barbara.jackson52@outlook.com|241-745-2335|5168 Main St|Salem|Florida|11801|06-Sep-1989|1207|VA001322
PATRICIA|NGUYEN|patricia.nguyen49@outlook.com|+13509876903|5983 Lincoln Ave|Springfield|MO|64980|07-19-1965|3953|VA001323
JOSEPH|WILSON|joseph.wilson4@aol.com|832.791.8155|3426 Maple Dr|Madison|MS|41914-3988|06/20/1968|3381|VA001324
WILLIAM|HARRIS|william.harris73@aol.com|(413) 432-1459|3665 Washington St|Marion|ga|48453|1999-07-15|7682|VA001325
PATRICIA|SMITH||7409072771|2750 Valley Ln|Burlington|NH|19476|19-Mar-1995|9769|VA001326
THOMAS|WILSON|thomas.wilson66@outlook.com|676-511-6549|5027 Park Blvd|Arlington|DE|15400-2252|05-14-1980|8411|VA001327
ROBERT|MARTIN|robert.martin79@gmail.com|+14872135277|1863 Washington St|Marion|UT|64267|04/05/2002|1946|VA001328
ASHLEY|WRIGHT|ashley.wright68@icloud.com|523.925.1998|708 Sunset Blvd|Springfield|al|69231|1965-07-30|8024|VA001329
LINDA|NGUYEN|linda.nguyen64@icloud.com|(687) 622-5528|3012 Lincoln Ave|Clinton|LA|88016-8965|19-Oct-1957|1955|VA001330
NANCY|WILSON|nancy.wilson65@outlook.com|3158758105|9768 Main St|Salem|KS|39539|11-29-1989|3395|VA001331
DAVID|DAVIS|david.davis65@outlook.com|280-482-2782|4361 Jefferson Dr|Greenville|NV|48251|01/09/1952|4616|VA001332
MARY|TAYLOR|mary.taylor34@yahoo.com|+16927458940|4940 Washington St|Manchester|wy|56102-4384|1970-02-18|7436|VA001333
CHRISTOPHER|NGUYEN||924.314.3730|2798 Park Blvd|Burlington|MS|11605|17-Nov-2003|7411|VA001334
LINDA|WALKER|linda.walker95@icloud.com|(567) 805-1462|5762 Valley Ln|Oxford|Geo.|83807|11-20-1956|9064|VA001335
WILLIAM|JONES||4823814712|819 Washington St|Franklin|VA|40098-8328|03/03/1953|4754|VA001336
DAVID|ANDERSON|david.anderson59@icloud.com|762-820-8021|3335 Valley Ln|Manchester|ny|60665|1961-05-10|3448|VA001337
ROBERT|MILLER|robert.miller76@aol.com|+19247693518|7041 Lincoln Ave|Oxford|Georgia|10998|04-Aug-1957|8008|VA001338
RICHARD|THOMAS|richard.thomas62@outlook.com|908.354.3624|4223 Cedar Ln|Franklin|MD|70576-5869|06-05-1974|8155|VA001339
ASHLEY|SCOTT|ashley.scott22@icloud.com|(431) 691-6874|7406 Main St|Oxford|AR|23382|12/29/1994|2582|VA001340
MATTHEW|NGUYEN|matthew.nguyen90@icloud.com|2817844340|1388 Lincoln Ave|Burlington|me|51498|1941-04-28|6102|VA001341
NANCY|ALLEN|nancy.allen17@yahoo.com|606-891-9465|437 Hill Rd|Arlington|KY|80554-4741|15-Sep-1964|1017|VA001342
CHRISTOPHER|NELSON|christopher.nelson71@yahoo.com|+17718943996|1469 Jefferson Dr|Salem|Tex.|92610|01-01-1979|5294|VA001343
WILLIAM|MARTIN|william.martin26@outlook.com|796.857.5719|6257 Hill Rd|Springfield|MS|47665|02/24/1998|7541|VA001344
KAREN|MARTIN|karen.martin37@yahoo.com|(202) 753-9399|4820 Hill Rd|Manchester|mt|14270-7350|1978-03-27|5311|VA001345
CHARLES|JONES|charles.jones42@icloud.com|8899083201|4568 Valley Ln|Fairview|New York|24643|25-Dec-1943|5567|VA001346
PATRICIA|THOMPSON|patricia.thompson69@icloud.com|372-638-1280|924 Hill Rd|Springfield|Pen.|80038|01-14-1968|1675|VA001347
BARBARA|NELSON|barbara.nelson40@hotmail.com|+16013626905|9788 Valley Ln|Georgetown|MT|87770-5102|04/07/1945|2340|VA001348
JOHN|THOMPSON|john.thompson20@yahoo.com|918.515.7264|7969 Forest Ave|Clinton|tn|90747|1977-07-18|7010|VA001349
MARK|GARCIA|mark.garcia87@outlook.com|(259) 417-8432|1358 Forest Ave|Arlington|NJ|50079|13-Feb-1989|6374|VA001350
JOSEPH|WILLIAMS|joseph.williams98@hotmail.com|9112262300|9108 Lincoln Ave|Fairview|HI|56417-9966|05-25-2003|6179|VA001351
LINDA|BROWN||841-481-1228|6892 Lincoln Ave|Springfield|LA|59673|11/03/1981|5018|VA001352
CHARLES|ADAMS|charles.adams61@icloud.com|+17055597019|988 Washington St|Marion|sc|60760|2004-09-28|6943|VA001353
DANIEL|BROWN|daniel.brown4@icloud.com|896.899.5351|8699 Valley Ln|Salem|NV|76347-9007|29-Jun-1984|6278|VA001354
CHRISTOPHER|THOMAS|christopher.thomas76@outlook.com|(841) 350-4287|1600 Maple Dr|Georgetown|RI|85996|05-23-1987|7385|VA001355
ANTHONY|WILLIAMS|anthony.williams2@outlook.com|2958924862|6493 Forest Ave|Marion|IA|80837|08/10/2002|8241|VA001356
PATRICIA|SCOTT|patricia.scott97@outlook.com|244-566-1781|4487 Main St|Fairview|id|17600-2416|1972-04-07|7414|VA001357
BETTY|THOMPSON|betty.thompson44@outlook.com|+19033376615|8032 Lake Rd|Manchester|Illinois|31611|10-Mar-1976|1313|VA001358
THOMAS|GARCIA|thomas.garcia3@gmail.com|641.766.4688|5023 Oak Ave|Marion|CO|92807|10-05-1957|9398|VA001359
MARGARET|SCOTT|margaret.scott49@outlook.com|(509) 638-3582|7095 Lake Rd|Oxford|UT|93705-3802|08/08/1943|3997|VA001360
JOHN|HILL|john.hill69@aol.com|2646162489|3718 Cedar Ln|Georgetown|or|86245|1959-05-03|2693|VA001361
WILLIAM|HILL|william.hill72@outlook.com|372-576-1751|6368 Park Blvd|Dayton|OK|35063|10-May-1998|2668|VA001362
BETTY|KING||+19933311127|9624 Main St|Georgetown|ND|33106-1684|12-04-1992|2495|VA001363
BETTY|KING|betty.king87@hotmail.com|349.942.8089|7878 Washington St|Dayton|TX|50929|07/16/1995|9464|VA001364
DANIEL|ANDERSON||(624) 937-8355|7810 Oak Ave|Springfield|nj|59637|1989-09-29|1187|VA001365
MARY|JACKSON||5136612551|5702 Washington St|Oxford|VA|62723-3797|07-Aug-2000|4162|VA001366
JOHN|ALLEN|john.allen62@gmail.com|269-272-9107|2425 Sunset Blvd|Arlington|KS|84526|04-09-1974|4648|VA001367
JAMES|NGUYEN|james.nguyen98@icloud.com|+16588621171|1560 Washington St|Franklin|MA|68019|06/02/2000|8270|VA001368
RICHARD|WILSON|richard.wilson81@aol.com|580.539.2033|2275 Valley Ln|Oxford|nc|65610-1664|1976-03-14|4867|VA001369
JENNIFER|HARRIS|jennifer.harris81@outlook.com|(555) 483-3748|8892 Sunset Blvd|Marion|VA|43133|16-Mar-2003|8864|VA001370
SANDRA|THOMPSON|sandra.thompson24@gmail.com|3732248422|5826 Maple Dr|Springfield|AK|32574|03-17-1969|6852|VA001371
BETTY|JACKSON|betty.jackson58@yahoo.com|473-497-5502|7544 Valley Ln|Burlington|OH|50783-9988|03/06/1989|2876|VA001372
MARK|SMITH|mark.smith94@aol.com|+15768277318|3122 Lake Rd|Franklin|wy|83333|1983-08-03|6748|VA001373
SANDRA|ALLEN||320.597.2613|8903 Lincoln Ave|Arlington|Michigan|37894|19-Apr-1977|2256|VA001374
SANDRA|BROWN|sandra.brown11@gmail.com|(406) 420-9540|9770 Hill Rd|Greenville|Ohi.|31933-9356|10-25-1955|4276|VA001375
BETTY|NGUYEN|betty.nguyen28@outlook.com|7423718822|5352 River Dr|Marion|KY|86702|05/20/1984|9650|VA001376
MARGARET|WRIGHT|margaret.wright15@icloud.com|335-356-1814|4867 Washington St|Madison|fl|46668|1950-08-10|7247|VA001377
MATTHEW|NELSON|matthew.nelson94@aol.com|+19662435602|4225 Main St|Marion|UT|38077-7985|08-Oct-1962|2184|VA001378
NANCY|WILSON|nancy.wilson86@aol.com|958.455.4990|5835 River Dr|Clinton|KS|77955|04-06-1986|3725|VA001379
SANDRA|WILLIAMS|sandra.williams10@icloud.com|(445) 295-3705|9426 Main St|Franklin|WV|47467|09/18/1989|9074|VA001380
DAVID|ALLEN|david.allen71@hotmail.com|4404549905|6692 Hill Rd|Dayton|in|52544-9651|1985-03-20|3964|VA001381
MARY|JACKSON|mary.jackson10@outlook.com|451-873-3730|2829 Cedar Ln|Springfield|NV|58606|03-Dec-1945|8832|VA001382
NANCY|SCOTT|nancy.scott13@aol.com|+17935603354|212 Maple Dr|Marion|ME|58891|07-03-1983|7750|VA001383
NANCY|BROWN|nancy.brown97@outlook.com|792.344.8371|3481 Cedar Ln|Georgetown|NY|95529-8403|04/06/1984|7837|VA001384
ANTHONY|JACKSON|anthony.jackson96@aol.com|(683) 277-7387|8121 Maple Dr|Greenville|de|13270|1962-10-11|6180|VA001385
RICHARD|THOMPSON|richard.thompson61@hotmail.com|6302203565|1055 Cedar Ln|Clinton|WI|81437|24-Jan-1988|5704|VA001386
SARAH|YOUNG|sarah.young96@yahoo.com|530-523-7441|5020 Lake Rd|Manchester|NM|68862-9857|05-10-1978|1209|VA001387
SANDRA|WRIGHT|sandra.wright9@icloud.com|+12765088372|9649 Cedar Ln|Madison|MD|30624|11/17/2002|4449|VA001388
JESSICA|WALKER|jessica.walker37@aol.com|350.332.4209|260 Hill Rd|Franklin|mi|35475|1987-11-26|7399|VA001389
LINDA|JOHNSON|linda.johnson72@gmail.com|(646) 649-9015|2092 Washington St|Burlington|AK|75965-6347|18-May-1940|7352|VA001390
MARGARET|SMITH|margaret.smith48@gmail.com|6682638638|9278 Maple Dr|Marion|VT|16298|03-19-1994|1794|VA001391
ANTHONY|GARCIA|anthony.garcia70@hotmail.com|967-359-9130|975 Park Blvd|Oxford|NH|92180|09/06/1999|4790|VA001392
JOHN|JACKSON|john.jackson2@aol.com|+19856375282|8898 Main St|Richmond|va|66499-3304|1978-04-13|2539|VA001393
MARGARET|WRIGHT|margaret.wright13@aol.com|497.686.1016|6749 River Dr|Fairview|MD|86154|16-Jul-1988|5460|VA001394
JESSICA|DAVIS|jessica.davis94@gmail.com|(744) 909-9661|6585 Sunset Blvd|Marion|WI|35813|06-20-1968|5588|VA001395
SUSAN|HARRIS|susan.harris97@outlook.com|9646755582|6211 Hill Rd|Richmond|NC|57815-4764|02/01/1943|2626|VA001396
ASHLEY|HALL|ashley.hall13@outlook.com|706-527-3848|4462 Washington St|Clinton|vt|60259|1949-02-28|7860|VA001397
LINDA|BROWN|linda.brown92@yahoo.com|+16545651625|28 River Dr|Dayton|UT|84148|26-Mar-1954|2681|VA001398
JOHN|ADAMS|john.adams94@hotmail.com|465.288.3964|5849 River Dr|Arlington|Ohi.|52928-8490|01-27-1972|2694|VA001399
DANIEL|ADAMS|daniel.adams36@gmail.com|(590) 580-7644|7779 Cedar Ln|Marion|TX|99578|07/01/1978|1195|VA001400
RICHARD|JACKSON|richard.jackson62@aol.com|3449744154|2551 River Dr|Burlington|in|95048|1941-01-06|4539|VA001401
SUSAN|HALL|susan.hall89@icloud.com|858-894-9151|9928 Sunset Blvd|Springfield|RI|39047-1793|22-May-1960|4489|VA001402
SUSAN|ANDERSON|susan.anderson62@hotmail.com|+14057106787|8181 Valley Ln|Richmond|KY|62429|12-27-1950|3701|VA001403
BARBARA|BAKER||865.408.3730|2212 Maple Dr|Salem|RI|63638|01/10/1943|2862|VA001404
THOMAS|HILL|thomas.hill31@icloud.com|(884) 538-4804|7700 Hill Rd|Burlington|sd|55593-8204|1970-06-18|2752|VA001405
MATTHEW|THOMPSON||9824883885|1646 Oak Ave|Madison|AK|83188|11-Apr-2001|7468|VA001406
PATRICIA|WRIGHT|patricia.wright51@outlook.com|629-668-2558|5492 Forest Ave|Manchester|DE|20897|08-31-1950|3299|VA001407
KAREN|SCOTT|karen.scott51@outlook.com|+19699982276|133 Jefferson Dr|Clinton|TN|40011-3611|09/25/1940|1284|VA001408
SARAH|JACKSON|sarah.jackson10@icloud.com|735.982.9139|9073 Jefferson Dr|Richmond|nj|74370|1977-12-29|8800|VA001409
SUSAN|JACKSON|susan.jackson37@gmail.com|(941) 440-5740|5232 Sunset Blvd|Fairview|TN|21147|24-Nov-1992|9361|VA001410
MARK|THOMAS|mark.thomas52@aol.com|3352954970|3127 Hill Rd|Fairview|Geo.|59246-4240|01-03-1958|2769|VA001411
LISA|WHITE|lisa.white4@hotmail.com|284-639-2165|8735 Lincoln Ave|Madison|NC|42766|05/04/1986|7482|VA001412
PATRICIA|DAVIS|patricia.davis1@aol.com|+19828968187|1529 Main St|Clinton|ga|38805|1970-02-14|2795|VA001413
CHRISTOPHER|WALKER|christopher.walker36@outlook.com|227.560.4091|4935 River Dr|Arlington|WA|53432-2025|10-Apr-1997|8214|VA001414
JAMES|YOUNG|james.young21@outlook.com|(868) 687-8822|3268 Lincoln Ave|Madison|MA|47409|12-11-1997|1969|VA001415
MICHAEL|TAYLOR|michael.taylor88@icloud.com|7942925435|5199 Sunset Blvd|Georgetown|NH|58841|12/11/1946|9104|VA001416
SANDRA|ALLEN|sandra.allen17@yahoo.com|721-549-2164|4248 Oak Ave|Arlington|ks|61385-8169|1958-03-07|3423|VA001417
BETTY|WILLIAMS|betty.williams30@hotmail.com|+16313163713|1470 Washington St|Georgetown|KY|34416|13-Apr-1941|9597|VA001418
NANCY|JACKSON|nancy.jackson33@outlook.com|816.211.7905|1851 Main St|Oxford|NV|14654|10-27-1959|4833|VA001419
THOMAS|THOMAS|thomas.thomas6@outlook.com|(724) 836-6511|6982 Forest Ave|Salem|NV|63602-3822|12/20/1972|9151|VA001420
MARY|MARTIN|mary.martin55@outlook.com|9644729600|6817 Sunset Blvd|Salem|il|57593|1988-07-25|2976|VA001421
CHRISTOPHER|KING|christopher.king47@outlook.com|968-413-2481|3496 Lake Rd|Franklin|RI|18644|29-Aug-1960|3202|VA001422
DANIEL|YOUNG|daniel.young36@gmail.com|+15668462689|6789 Jefferson Dr|Salem|KY|93135-3870|05-19-1997|5890|VA001423
CHARLES|YOUNG||365.223.3538|1247 Sunset Blvd|Arlington|NJ|32588|06/12/1974|6150|VA001424
JESSICA|ADAMS|jessica.adams63@aol.com|(391) 865-8620|4938 Lincoln Ave|Salem|nm|58766|2000-08-12|3358|VA001425
ANTHONY|MILLER|anthony.miller39@yahoo.com|3896141853|875 Cedar Ln|Madison|Florida|84529-6847|31-May-1956|9834|VA001426
KAREN|ALLEN|karen.allen17@gmail.com|338-394-2165|3915 River Dr|Manchester|Pen.|84669|04-16-1988|9493|VA001427
JOHN|THOMAS|john.thomas84@yahoo.com|+16506622831|3073 River Dr|Arlington|SC|94019|02/21/2000|8848|VA001428
NANCY|WALKER|nancy.walker33@hotmail.com|574.579.3406|4604 Lincoln Ave|Greenville|ia|54749-1227|1949-06-27|2864|VA001429
JAMES|WHITE|james.white36@hotmail.com|(404) 943-9027|1685 Main St|Dayton|Texas|78004|26-Dec-1962|3737|VA001430
CHARLES|NELSON|charles.nelson54@yahoo.com|8019251274|2106 Main St|Marion|VA|33931|12-10-2003|9254|VA001431
MARGARET|WHITE|margaret.white32@aol.com|309-968-8749|9328 Sunset Blvd|Marion|KY|29334-2593|04/12/1979|7883|VA001432
JOSEPH|BAKER|joseph.baker63@icloud.com|+16348371181|7083 Oak Ave|Greenville|nj|91599|1999-07-01|1656|VA001433
MARGARET|YOUNG||718.777.2908|353 Maple Dr|Dayton|AZ|81407|21-Oct-1984|6103|VA001434
JENNIFER|TAYLOR||(282) 885-7749|6357 Lake Rd|Clinton|KY|35812-7216|03-17-1959|8989|VA001435
SUSAN|DAVIS|susan.davis44@gmail.com|7834681642|6115 River Dr|Marion|ME|99573|02/17/1971|4507|VA001436
MARGARET|THOMPSON|margaret.thompson72@yahoo.com|246-324-8234|8740 Jefferson Dr|Manchester|nc|40630|1983-07-21|6513|VA001437
PATRICIA|THOMAS|patricia.thomas25@gmail.com|+18628738664|2202 Valley Ln|Georgetown|AL|32131-7548|12-May-1983|8335|VA001438
RICHARD|ALLEN|richard.allen13@icloud.com|973.253.8450|1716 Main St|Salem|Geo.|92359|09-27-1976|5138|VA001439
JENNIFER|SMITH|jennifer.smith46@aol.com|(705) 708-7718|7896 Jefferson Dr|Burlington|TN|43106|02/11/1945|5137|VA001440
KAREN|ANDERSON|karen.anderson67@outlook.com|2129179561|6875 Oak Ave|Clinton|ga|29424-7861|1990-10-31|2641|VA001441
DAVID|THOMAS|david.thomas53@yahoo.com|357-586-3029|546 Cedar Ln|Salem|LA|79926|08-Sep-1974|8183|VA001442
ANTHONY|TORRES|anthony.torres59@hotmail.com|+13979022744|8341 Park Blvd|Marion|KS|41162|12-22-1973|5713|VA001443
CHRISTOPHER|MILLER|christopher.miller61@outlook.com|300.599.8423|1594 River Dr|Richmond|VT|94545-4059|04/02/1983|8840|VA001444
ASHLEY|MARTIN|ashley.martin12@yahoo.com|(772) 881-2114|181 Oak Ave|Arlington|ks|58627|1964-12-29|8495|VA001445
SARAH|ANDERSON|sarah.anderson22@aol.com|9874409999|9597 Cedar Ln|Salem|OK|31222|03-Sep-1968|2420|VA001446
BARBARA|GARCIA|barbara.garcia81@outlook.com|283-792-1675|8556 Oak Ave|Springfield|Tex.|67813-1844|08-12-1953|3446|VA001447
BARBARA|NELSON|barbara.nelson79@outlook.com|+15958009038|2361 Forest Ave|Richmond|VT|39109|12/15/1977|8356|VA001448
CHARLES|BROWN||714.490.6087|711 Washington St|Manchester|de|43525|1980-02-13|1031|VA001449
KAREN|HARRIS||(214) 724-2122|6433 Washington St|Fairview|KY|69321-7394|17-Jan-1994|8318|VA001450
JOHN|BAKER|john.baker32@aol.com|6998269641|4981 Forest Ave|Oxford|TN|35055|04-07-1963|5633|VA001451
CHARLES|ALLEN|charles.allen5@gmail.com|706-483-4297|140 Valley Ln|Burlington|KS|50473|06/02/1966|5007|VA001452
CHRISTOPHER|BROWN|christopher.brown21@outlook.com|+18582351511|1852 Sunset Blvd|Manchester|in|66063-4477|1973-05-28|3013|VA001453
THOMAS|WALKER|thomas.walker30@hotmail.com|809.264.9402|8478 Lake Rd|Manchester|MN|30520|17-Mar-1955|3553|VA001454
LISA|GARCIA|lisa.garcia87@yahoo.com|(471) 878-4863|5455 Main St|Dayton|Pen.|74003|11-19-1990|2570|VA001455
JOHN|THOMPSON|john.thompson81@aol.com|4547363420|9218 Hill Rd|Greenville|NH|45426-4760|08/30/1960|4729|VA001456
ROBERT|KING|robert.king40@icloud.com|286-873-7230|4320 Cedar Ln|Fairview|ok|54411|1961-06-24|3195|VA001457
DANIEL|MILLER|daniel.miller86@outlook.com|+16749234977|1570 River Dr|Greenville|MA|27501|16-Nov-1975|6359|VA001458
BARBARA|ANDERSON|barbara.anderson78@yahoo.com|687.478.1999|3659 Washington St|Dayton|NM|17156-8119|01-16-1981|9362|VA001459
JOSEPH|WILSON|joseph.wilson56@yahoo.com|(968) 655-2499|2299 Hill Rd|Franklin|MD|99076|02/11/1979|8728|VA001460
NANCY|TAYLOR|nancy.taylor83@outlook.com|6488695003|5989 Jefferson Dr|Fairview|ok|44801|2000-02-02|3229|VA001461
SUSAN|WILSON|susan.wilson87@gmail.com|327-482-3906|9659 Lake Rd|Springfield|KS|92535-2930|19-Jan-1958|8009|VA001462
MARK|TAYLOR|mark.taylor16@icloud.com|+19057501688|8856 Park Blvd|Georgetown|MN|53979|10-25-1957|2498|VA001463
ASHLEY|TORRES|ashley.torres30@hotmail.com|554.230.2320|2059 Main St|Oxford|IL|25785|03/10/1994|1863|VA001464
LINDA|MARTIN|linda.martin69@aol.com|(517) 218-9610|6922 River Dr|Marion|de|89259-3959|1987-12-20|7357|VA001465
WILLIAM|WRIGHT|william.wright14@icloud.com|4745858221|1171 Forest Ave|Dayton|AL|18957|13-Mar-1979|5888|VA001466
KAREN|WILLIAMS|karen.williams97@hotmail.com|218-615-5992|1411 Jefferson Dr|Greenville|WV|20587|01-26-1976|6487|VA001467
SARAH|BAKER|sarah.baker21@outlook.com|+15843375953|3758 Jefferson Dr|Madison|VA|22745-7636|08/03/1981|9899|VA001468
WILLIAM|HARRIS|william.harris54@gmail.com|447.738.5942|1323 Park Blvd|Dayton|nm|66935|1950-08-12|6089|VA001469
DAVID|MILLER|david.miller89@outlook.com|(795) 348-3954|167 Lincoln Ave|Richmond|AK|34440|13-Jan-1970|3350|VA001470
ROBERT|THOMPSON|robert.thompson94@icloud.com|2678578054|2411 River Dr|Franklin|DE|73186-5081|09-26-1947|4607|VA001471
ASHLEY|JOHNSON|ashley.johnson86@yahoo.com|726-781-5990|8981 Main St|Fairview|NM|35718|12/29/1975|2084|VA001472
MARY|TAYLOR|mary.taylor4@aol.com|+19313421864|700 River Dr|Burlington|wi|47704|1972-06-17|3169|VA001473
DAVID|ADAMS|david.adams45@yahoo.com|437.673.5557|552 Cedar Ln|Burlington|Florida|81031-8896|26-Aug-1960|4790|VA001474
SARAH|HARRIS|sarah.harris13@gmail.com|(374) 526-4165|7449 Sunset Blvd|Georgetown|Pen.|38742|09-12-1958|6409|VA001475
LISA|ALLEN|lisa.allen8@hotmail.com|5852184525|2100 River Dr|Richmond|MT|27565|04/19/2002|6572|VA001476
SANDRA|NGUYEN|sandra.nguyen23@aol.com|587-956-8090|7983 Lincoln Ave|Dayton|ak|59470-1666|1944-09-05|1467|VA001477
DAVID|ADAMS|david.adams51@outlook.com|+17165011780|7987 Cedar Ln|Clinton|WA|67881|23-Oct-1999|1650|VA001478
ANTHONY|THOMPSON|anthony.thompson64@gmail.com|668.508.1760|5951 Hill Rd|Madison|SC|61247|04-24-1986|9341|VA001479
MARY|WILSON|mary.wilson33@outlook.com|(317) 351-9656|8197 Lincoln Ave|Georgetown|NH|27071-8857|08/08/1959|6923|VA001480
MARGARET|HARRIS|margaret.harris53@outlook.com|7176905389|1348 Park Blvd|Richmond|ia|16182|1982-12-31|9007|VA001481
PATRICIA|NGUYEN|patricia.nguyen74@icloud.com|249-776-3640|5742 Washington St|Salem|AR|22907|07-Oct-1990|5034|VA001482
WILLIAM|MILLER|william.miller61@yahoo.com|+17593771631|7804 Hill Rd|Richmond|HI|69531-6534|05-22-1950|8851|VA001483
CHRISTOPHER|BROWN|christopher.brown83@gmail.com|516.651.1546|9496 Lake Rd|Burlington|FL|21813|06/23/1966|6352|VA001484
DANIEL|THOMPSON|daniel.thompson81@gmail.com|(644) 861-4011|6428 River Dr|Arlington|mt|90136|1985-07-29|8806|VA001485
MATTHEW|JACKSON|matthew.jackson8@icloud.com|6444402941|3012 Cedar Ln|Franklin|Florida|43342-3202|01-Jul-1965|2848|VA001486
ANTHONY|MARTIN|anthony.martin10@outlook.com|902-488-9952|9723 Main St|Oxford|ID|36111|07-03-1990|4621|VA001487
ANTHONY|BROWN|anthony.brown9@yahoo.com|+14556393827|9127 Hill Rd|Dayton|WV|58402|12/05/1982|2018|VA001488
WILLIAM|ADAMS||434.207.7856|3193 Park Blvd|Fairview|wy|97959-6675|1992-05-20|9210|VA001489
ANTHONY|WILLIAMS||(642) 703-4237|9411 Lake Rd|Salem|NM|77427|28-Oct-1949|3804|VA001490
KAREN|HARRIS||6025675904|1615 Lincoln Ave|Fairview|ME|67927|12-04-1961|1352|VA001491
MICHAEL|WILSON|michael.wilson30@yahoo.com|955-392-9568|9982 Lincoln Ave|Fairview|CO|74536-8000|03/09/1982|2170|VA001492
WILLIAM|ADAMS|william.adams14@outlook.com|+17156689373|437 Lake Rd|Richmond|ok|42426|1962-12-23|7244|VA001493
MARGARET|MILLER|margaret.miller57@hotmail.com|309.276.4983|2629 Lake Rd|Burlington|NM|87717|25-Feb-1982|1753|VA001494
MATTHEW|HARRIS|matthew.harris26@outlook.com|(979) 768-3873|5716 River Dr|Arlington|ME|76591-1268|10-01-1971|9903|VA001495
LINDA|WHITE|linda.white61@yahoo.com|6713713239|9819 Maple Dr|Clinton|UT|44581|04/02/1995|9555|VA001496
JENNIFER|TAYLOR||691-930-3510|6318 Hill Rd|Greenville|vt|97733|2003-12-15|5410|VA001497
SANDRA|SCOTT|sandra.scott29@hotmail.com|+16568292588|8208 Valley Ln|Springfield|ID|26918-1897|06-Mar-1966|5772|VA001498
NANCY|NELSON|nancy.nelson98@gmail.com|476.202.3156|4712 Lake Rd|Madison|Flo.|29089|06-09-1963|3559|VA001499
PATRICIA|ANDERSON|patricia.anderson97@hotmail.com|(566) 708-2986|6428 River Dr|Manchester|IA|32764|03/13/1986|3153|VA001500
MICHAEL|BROWN|michael.brown58@icloud.com|9945801145|6472 Maple Dr|Springfield|ny|11040-2084|1991-03-25|9599|VA001501
NANCY|NGUYEN|nancy.nguyen71@icloud.com|521-793-6559|4841 Jefferson Dr|Madison|ND|66885|03-Mar-1961|5881|VA001502
DAVID|JACKSON|david.jackson29@gmail.com|+19442487087|6431 Main St|Oxford|TN|50466|06-02-1964|7411|VA001503
BARBARA|WALKER|barbara.walker34@yahoo.com|210.850.3474|1815 Lake Rd|Greenville|NH|33161-7770|08/12/1972|8950|VA001504
ROBERT|THOMAS|robert.thomas58@gmail.com|(304) 697-3012|2234 Main St|Fairview|md|58075|2001-11-24|8857|VA001505
JENNIFER|JONES|jennifer.jones98@aol.com|5413454639|8213 Maple Dr|Franklin|AR|67047|31-Oct-1953|9824|VA001506
MATTHEW|WILSON|matthew.wilson37@icloud.com|912-482-2740|2405 Park Blvd|Madison|SD|88109-5378|10-22-1973|3571|VA001507
BARBARA|DAVIS|barbara.davis3@yahoo.com|+17264835290|2646 Lincoln Ave|Clinton|MI|53121|03/09/1992|4650|VA001508
CHARLES|NELSON|charles.nelson18@aol.com|844.805.7685|9485 Oak Ave|Marion|ut|62990|1950-10-09|8780|VA001509
SUSAN|JONES|susan.jones7@aol.com|(634) 680-7591|8687 Sunset Blvd|Fairview|OR|53061-1263|23-Mar-1978|4547|VA001510
PATRICIA|WHITE|patricia.white35@aol.com|6108071467|2688 Hill Rd|Greenville|MD|88230|08-02-2002|9586|VA001511
MICHAEL|HARRIS|michael.harris66@outlook.com|747-321-5753|6425 River Dr|Madison|MO|97357|11/13/1977|8730|VA001512
ASHLEY|THOMAS|ashley.thomas71@hotmail.com|+15806228054|5300 Valley Ln|Fairview|or|81516-8357|1959-03-11|7145|VA001513
MICHAEL|HARRIS|michael.harris16@gmail.com|941.778.6892|3266 Maple Dr|Burlington|NH|26962|03-Jun-1979|3225|VA001514
JENNIFER|JOHNSON|jennifer.johnson31@outlook.com|(467) 314-7055|8327 Forest Ave|Franklin|SC|90798|10-16-1965|3350|VA001515
JOSEPH|BAKER|joseph.baker73@hotmail.com|2602103587|6844 Lincoln Ave|Manchester|VT|16655-8276|01/30/1947|6234|VA001516
PATRICIA|WILSON|patricia.wilson79@outlook.com|648-422-6756|3332 Sunset Blvd|Clinton|wi|77555|1978-01-31|7228|VA001517
JAMES|JACKSON|james.jackson62@yahoo.com|+14254189514|3020 Forest Ave|Clinton|MA|38364|05-Jul-1966|9851|VA001518
MARGARET|NELSON|margaret.nelson3@icloud.com|328.966.4745|5111 Forest Ave|Salem|VT|16528-8088|03-03-1965|8699|VA001519
JOSEPH|JACKSON|joseph.jackson90@icloud.com|(244) 869-6159|2600 Main St|Clinton|OH|25765|03/06/1941|7859|VA001520
ROBERT|NELSON|robert.nelson89@gmail.com|7222252175|8088 Park Blvd|Madison|ia|25980|1998-11-08|5425|VA001521
CHARLES|BAKER|charles.baker87@icloud.com|806-901-9304|5819 Lincoln Ave|Fairview|WV|45700-9490|27-Jul-2000|8905|VA001522
WILLIAM|ANDERSON|william.anderson17@yahoo.com|+15018854709|1321 River Dr|Richmond|NH|27153|09-07-1944|9994|VA001523
ASHLEY|JACKSON||978.955.6405|681 Hill Rd|Georgetown|MA|24554|04/15/1948|1802|VA001524
JESSICA|NELSON|jessica.nelson77@hotmail.com|(325) 935-6346|2108 Lake Rd|Arlington|oh|37569-5256|1987-03-23|6733|VA001525
THOMAS|ALLEN|thomas.allen7@aol.com|7266379667|3374 Lake Rd|Franklin|Ohio|23605|12-Mar-1958|2216|VA001526
DANIEL|HARRIS|daniel.harris64@gmail.com|652-565-8949|7500 Forest Ave|Franklin|WA|29405|02-03-1951|6727|VA001527
JAMES|ANDERSON|james.anderson27@icloud.com|+19589306928|2955 Jefferson Dr|Oxford|CO|49080-7161|02/06/1984|9704|VA001528
JENNIFER|TAYLOR|jennifer.taylor71@yahoo.com|641.297.4217|68 Valley Ln|Madison|ky|16958|1966-11-28|8133|VA001529
SARAH|NGUYEN|sarah.nguyen33@aol.com|(280) 641-7463|9125 Washington St|Richmond|AL|21621|04-Sep-1972|6345|VA001530
JENNIFER|WRIGHT|jennifer.wright95@gmail.com|6147483316|6839 Jefferson Dr|Marion|Flo.|29915-6808|08-20-2001|2371|VA001531
ANTHONY|TAYLOR|anthony.taylor74@yahoo.com|779-696-6631|794 Main St|Franklin|SD|70238|06/17/1941|3035|VA001532
MARY|JONES|mary.jones7@outlook.com|+12868215376|1451 Lincoln Ave|Dayton|ks|11342|2000-05-27|1170|VA001533
SANDRA|JOHNSON|sandra.johnson62@gmail.com|424.679.3713|8086 Oak Ave|Franklin|Texas|70241-2102|30-Sep-1970|7096|VA001534
CHARLES|JACKSON|charles.jackson53@gmail.com|(525) 962-8749|6247 River Dr|Dayton|TN|29936|06-08-1984|1606|VA001535
ANTHONY|ANDERSON|anthony.anderson46@gmail.com|3183994540|6303 Forest Ave|Richmond|GA|96228|11/18/1947|2075|VA001536
JAMES|TAYLOR|james.taylor32@aol.com|694-474-9512|6435 Sunset Blvd|Fairview|wi|33060-6482|1961-08-06|6818|VA001537
MATTHEW|TAYLOR|matthew.taylor26@icloud.com|+16726461023|3629 Washington St|Richmond|Ohio|99540|18-Feb-1978|7212|VA001538
ANTHONY|TAYLOR|anthony.taylor97@gmail.com|887.353.2716|5939 Main St|Franklin|MT|73469|03-28-1970|8364|VA001539
CHRISTOPHER|WRIGHT|christopher.wright32@hotmail.com|(384) 405-3132|6744 River Dr|Springfield|SD|99592-5712|03/16/2000|1220|VA001540
MARY|THOMAS|mary.thomas3@yahoo.com|6776487387|969 Oak Ave|Dayton|fl|39133|1948-09-23|7372|VA001541
WILLIAM|WRIGHT|william.wright14@aol.com|445-563-9622|5544 Maple Dr|Georgetown|WY|17176|23-May-1941|6351|VA001542
JENNIFER|NGUYEN|jennifer.nguyen67@yahoo.com|+16763434589|8148 Sunset Blvd|Greenville|ID|54173-9487|01-04-1992|4406|VA001543
LISA|NELSON|lisa.nelson83@icloud.com|894.459.3738|3113 River Dr|Franklin|DE|95394|03/04/1978|8534|VA001544
MARY|JONES|mary.jones55@gmail.com|(683) 778-1607|2821 Valley Ln|Marion|az|70408|1989-09-17|2405|VA001545
ROBERT|HARRIS|robert.harris99@outlook.com|2989274470|8550 Park Blvd|Arlington|KY|59309-5540|23-Jan-1961|8735|VA001546
JAMES|MARTIN|james.martin56@hotmail.com|429-990-5236|5113 River Dr|Burlington|AZ|50037|10-09-1998|3911|VA001547
LINDA|HILL|linda.hill40@yahoo.com|+17046866292|6255 Cedar Ln|Burlington|NM|54377|02/27/1966|1714|VA001548
BARBARA|HALL|barbara.hall39@gmail.com|613.970.1667|5111 River Dr|Franklin|tx|53681-9050|1964-02-20|1852|VA001549
BARBARA|ANDERSON|barbara.anderson83@outlook.com|(725) 471-9411|3778 Valley Ln|Oxford|VA|71804|06-Jan-1966|2929|VA001550
KAREN|ALLEN|karen.allen28@outlook.com|6842532187|2624 Park Blvd|Oxford|IN|24354|09-06-1978|5357|VA001551
BETTY|YOUNG|betty.young70@aol.com|968-464-9991|7914 Valley Ln|Burlington|GA|97590-7882|08/25/1941|7170|VA001552
PATRICIA|HARRIS|patricia.harris2@aol.com|+12588275659|1879 Jefferson Dr|Clinton|ut|68059|2001-08-25|6510|VA001553
JOHN|TAYLOR|john.taylor73@icloud.com|952.364.5714|3593 Oak Ave|Richmond|MT|76012|21-Jun-1942|6000|VA001554
DANIEL|SMITH||(556) 401-3642|8835 Lake Rd|Fairview|Ohi.|61908-5793|11-30-1956|2578|VA001555
JESSICA|BROWN|jessica.brown92@outlook.com|7019315634|4231 Park Blvd|Franklin|MN|59492|04/17/1972|8368|VA001556
BARBARA|TORRES|barbara.torres95@aol.com|423-605-8591|5074 Forest Ave|Salem|wa|75060|1962-12-14|1104|VA001557
BETTY|MILLER|betty.miller13@hotmail.com|+13277301112|4554 Valley Ln|Arlington|UT|66508-6874|07-May-1959|8748|VA001558
PATRICIA|MILLER|patricia.miller62@yahoo.com|578.311.6430|956 Lake Rd|Manchester|VT|76167|08-18-1989|5430|VA001559
CHARLES|JACKSON|charles.jackson28@hotmail.com|(660) 377-2528|5464 Lincoln Ave|Springfield|ND|45370|03/28/1953|2814|VA001560
CHARLES|TAYLOR|charles.taylor93@gmail.com|2643126905|6837 Maple Dr|Franklin|id|18196-2573|1948-03-03|4196|VA001561
RICHARD|THOMPSON|richard.thompson83@aol.com|577-261-9746|1745 Park Blvd|Richmond|SC|86091|07-Dec-1998|6094|VA001562
SUSAN|HARRIS|susan.harris26@outlook.com|+19142757066|1789 Lincoln Ave|Springfield|ME|22981|03-08-1961|7536|VA001563
WILLIAM|JACKSON|william.jackson38@outlook.com|821.980.8642|6547 Oak Ave|Marion|MA|72783-4182|09/05/1996|5784|VA001564
NANCY|NELSON|nancy.nelson75@gmail.com|(406) 574-4982|4763 Oak Ave|Salem|ut|73442|1996-02-04|4185|VA001565
MATTHEW|NELSON|matthew.nelson84@hotmail.com|2537242168|130 Hill Rd|Clinton|NV|67980|25-Sep-1944|5399|VA001566
JAMES|MILLER|james.miller83@hotmail.com|859-913-8195|3780 Maple Dr|Burlington|HI|38534-7004|06-22-1952|3263|VA001567
KAREN|MILLER|karen.miller69@outlook.com|+19354345754|2645 Lake Rd|Georgetown|NE|38261|08/10/1989|5074|VA001568
JOSEPH|WRIGHT|joseph.wright94@icloud.com|391.484.5133|508 Lincoln Ave|Springfield|ny|99736|1990-12-18|9015|VA001569
DANIEL|MILLER|daniel.miller39@yahoo.com|(381) 663-8042|8384 Forest Ave|Franklin|MA|58324-9613|02-Jul-1984|3408|VA001570
BETTY|BROWN|betty.brown13@hotmail.com|4827898214|7692 Washington St|Springfield|MA|51881|03-11-1940|7577|VA001571
MICHAEL|WALKER|michael.walker86@icloud.com|394-283-1905|9880 Oak Ave|Georgetown|NH|18980|07/29/1993|2535|VA001572
ASHLEY|TAYLOR|ashley.taylor44@icloud.com|+13699974045|43 Valley Ln|Madison|or|68011-2842|1971-07-26|4879|VA001573
JENNIFER|SMITH||956.591.3434|8364 Hill Rd|Salem|WY|87850|05-Jul-1971|2463|VA001574
THOMAS|NELSON|thomas.nelson78@aol.com|(440) 644-2998|2993 Lincoln Ave|Georgetown|SD|60863|09-05-1995|8465|VA001575
THOMAS|BAKER|thomas.baker1@gmail.com|2206728522|2181 Lake Rd|Dayton|AL|27143-7710|12/12/1950|1742|VA001576
MICHAEL|SMITH|michael.smith18@aol.com|946-885-7969|1995 Hill Rd|Marion|wv|28752|1961-07-18|8213|VA001577
CHRISTOPHER|JOHNSON|christopher.johnson94@gmail.com|+19556418522|737 Park Blvd|Burlington|KS|11443|27-May-1954|5473|VA001578
LINDA|TORRES|linda.torres92@gmail.com|873.929.3905|4685 Valley Ln|Fairview|VT|96279-9517|10-24-1951|9847|VA001579
ASHLEY|MARTIN|ashley.martin68@aol.com|(862) 382-4125|5696 Oak Ave|Oxford|NV|12579|01/26/1991|7079|VA001580
JESSICA|WILLIAMS|jessica.williams94@icloud.com|9993848086|8479 Park Blvd|Marion|ok|45954|1989-12-31|1783|VA001581
PATRICIA|KING|patricia.king71@outlook.com|976-378-5453|6075 Lincoln Ave|Salem|KS|13639-8728|22-Jun-1957|6429|VA001582
CHRISTOPHER|WALKER|christopher.walker20@icloud.com|+17156817725|5155 Lincoln Ave|Manchester|AR|93255|02-02-1960|9292|VA001583
SARAH|ALLEN|sarah.allen5@icloud.com|692.611.1643|2224 Valley Ln|Georgetown|SC|29134|06/13/1997|8570|VA001584
SUSAN|THOMPSON|susan.thompson44@yahoo.com|(777) 473-8720|8314 Hill Rd|Franklin|ok|43673-5577|1980-09-18|6017|VA001585
MICHAEL|THOMAS|michael.thomas48@yahoo.com|4507136802|7732 Valley Ln|Dayton|California|79848|09-Nov-1973|9707|VA001586
CHRISTOPHER|ADAMS|christopher.adams20@yahoo.com|535-403-6341|9027 Cedar Ln|Dayton|Ill.|35528|01-16-2001|1995|VA001587
MARY|ADAMS|mary.adams23@icloud.com|+19713975195|3771 Main St|Greenville|CA|33724-4084|05/02/1994|2351|VA001588
JESSICA|NGUYEN|jessica.nguyen44@icloud.com|501.668.8877|9682 Lincoln Ave|Oxford|me|86271|1942-11-12|7987|VA001589
THOMAS|ANDERSON|thomas.anderson48@aol.com|(865) 369-3318|4755 Hill Rd|Dayton|IN|90478|05-Feb-2004|7082|VA001590
RICHARD|KING|richard.king4@icloud.com|7307043177|8514 Main St|Arlington|AL|83597-6431|01-13-1987|4450|VA001591
PATRICIA|MILLER|patricia.miller58@hotmail.com|862-980-1932|3152 Jefferson Dr|Franklin|KY|98422|03/11/1976|5176|VA001592
RICHARD|BROWN|richard.brown74@outlook.com|+12087032398|1555 Forest Ave|Greenville|sc|29573|1961-04-10|4742|VA001593
NANCY|NELSON|nancy.nelson83@icloud.com|474.326.7740|9247 Jefferson Dr|Burlington|OR|38987-7951|21-Jun-1943|8370|VA001594
SARAH|JOHNSON|sarah.johnson89@aol.com|(989) 473-8196|6325 Park Blvd|Salem|LA|82963|05-16-1997|7736|VA001595
ASHLEY|TAYLOR|ashley.taylor38@outlook.com|9665542642|8216 Cedar Ln|Franklin|MT|42045|12/31/1957|3867|VA001596
MICHAEL|WILSON|michael.wilson85@gmail.com|711-448-9900|6573 Cedar Ln|Burlington|wa|55937-4988|1970-03-02|7854|VA001597
BARBARA|DAVIS|barbara.davis35@outlook.com|+14702179615|9198 Maple Dr|Greenville|IA|16257|24-Mar-1993|6377|VA001598
MATTHEW|WILLIAMS|matthew.williams81@yahoo.com|520.849.1950|78 Forest Ave|Madison|IN|32099|09-13-1991|3595|VA001599
MARGARET|WALKER|margaret.walker21@icloud.com|(298) 757-9174|9825 Hill Rd|Burlington|AR|29942-2214|04/10/1987|8013|VA001600
SARAH|TORRES|sarah.torres40@gmail.com|2532428868|1866 Washington St|Arlington|wa|32380|1964-02-12|3340|VA001601
SUSAN|JOHNSON||990-989-7804|8199 Oak Ave|Richmond|RI|50093|14-Oct-2000|7075|VA001602
MICHAEL|WILSON|michael.wilson66@yahoo.com|+13855548377|7813 Maple Dr|Oxford|NV|75311-2868|07-17-1963|3275|VA001603
JAMES|JONES|james.jones96@outlook.com|446.484.3849|526 Maple Dr|Manchester|FL|27516|01/03/2001|4607|VA001604
CHRISTOPHER|JONES|christopher.jones36@gmail.com|(945) 317-3373|9744 Lincoln Ave|Clinton|sd|71261|1977-06-19|5358|VA001605
CHARLES|SCOTT|charles.scott10@outlook.com|2397802996|7568 Jefferson Dr|Georgetown|AL|26863-1435|29-Mar-1956|8261|VA001606
ANTHONY|NGUYEN|anthony.nguyen17@yahoo.com|610-581-2376|9541 Valley Ln|Madison|Cal.|12857|10-13-1945|4239|VA001607
MARK|TAYLOR|mark.taylor42@outlook.com|+12682431536|3806 Lincoln Ave|Marion|AR|40735|11/05/2004|7836|VA001608
KAREN|ADAMS||213.629.7867|1521 Hill Rd|Marion|ia|66218-4885|1971-06-28|2757|VA001609
MARGARET|ANDERSON|margaret.anderson32@gmail.com|(893) 270-9456|9734 Maple Dr|Fairview|AR|73145|28-Sep-1960|2305|VA001610
DAVID|BAKER|david.baker66@icloud.com|4915279079|7070 Valley Ln|Madison|CO|51095|02-16-1989|7753|VA001611
CHRISTOPHER|HALL|christopher.hall53@aol.com|235-731-7643|3491 River Dr|Arlington|NV|30666-4643|11/13/2003|2985|VA001612
ANTHONY|WILSON|anthony.wilson42@aol.com|+13226078398|9383 Oak Ave|Burlington|ks|17188|1962-01-25|3244|VA001613
CHARLES|WHITE|charles.white76@yahoo.com|619.386.6923|5556 Maple Dr|Georgetown|NJ|65185|05-Jan-1947|6725|VA001614
RICHARD|WRIGHT|richard.wright22@yahoo.com|(902) 250-5292|7177 Main St|Georgetown|KY|44074-8198|05-25-1984|7516|VA001615
THOMAS|BROWN|thomas.brown72@gmail.com|3182433731|182 Lake Rd|Madison|NM|54265|09/30/1964|3967|VA001616
JOSEPH|WALKER||246-651-8251|4892 Hill Rd|Georgetown|ct|95342|1942-10-26|2255|VA001617
MARY|ALLEN|mary.allen71@aol.com|+19073321605|645 Lake Rd|Georgetown|AK|81224-9510|28-Aug-1971|7469|VA001618
JOSEPH|YOUNG|joseph.young61@hotmail.com|878.637.3621|7399 Valley Ln|Madison|HI|58243|10-24-1967|2304|VA001619
JOSEPH|TORRES|joseph.torres47@icloud.com|(909) 848-7627|6143 Sunset Blvd|Burlington|CO|13669|05/24/1975|4374|VA001620
BARBARA|ALLEN|barbara.allen15@icloud.com|3582784262|7900 Forest Ave|Fairview|al|60764-9107|1998-08-30|3893|VA001621
WILLIAM|BAKER|william.baker15@yahoo.com|640-481-1612|2061 Washington St|Burlington|RI|49103|21-Sep-1955|3445|VA001622
MARY|MILLER|mary.miller24@hotmail.com|+15174818349|4696 Hill Rd|Oxford|AL|45511|04-06-1984|8065|VA001623
BARBARA|JONES||590.707.8019|1697 River Dr|Dayton|KY|72890-6767|04/16/1953|6565|VA001624
KAREN|SCOTT|karen.scott13@aol.com|(406) 353-9011|8120 Cedar Ln|Dayton|nh|13695|1944-02-08|5847|VA001625
KAREN|BROWN|karen.brown13@hotmail.com|4806361880|4785 Lincoln Ave|Georgetown|Michigan|63463|03-Apr-1941|6491|VA001626
SUSAN|ANDERSON|susan.anderson93@aol.com|314-485-7165|7048 Sunset Blvd|Fairview|KS|26647-5656|08-31-1949|8753|VA001627
CHRISTOPHER|SCOTT|christopher.scott75@icloud.com|+18928938462|158 Washington St|Burlington|SC|72721|05/28/1943|5899|VA001628
MICHAEL|DAVIS|michael.davis77@icloud.com|761.584.3997|4755 Main St|Marion|mo|30262|1984-08-10|9240|VA001629
MARY|HALL|mary.hall98@aol.com|(601) 467-6634|9971 Main St|Madison|CT|25564-9310|17-Dec-1945|5344|VA001630
SANDRA|BAKER|sandra.baker11@aol.com|9159005080|3299 Cedar Ln|Manchester|Ohi.|32889|11-08-1999|5902|VA001631
MARGARET|BROWN|margaret.brown51@aol.com|560-477-9213|1928 Main St|Richmond|FL|94740|09/12/1961|8084|VA001632
SANDRA|HARRIS|sandra.harris45@outlook.com|+16798579767|7617 Oak Ave|Franklin|id|24201-7828|1975-08-12|8096|VA001633
ANTHONY|NGUYEN|anthony.nguyen30@gmail.com|523.610.5386|1085 Cedar Ln|Arlington|OR|51245|28-Jan-1959|9179|VA001634
THOMAS|BROWN|thomas.brown30@icloud.com|(215) 324-4476|8445 River Dr|Springfield|KS|73916|07-14-1994|5338|VA001635
LINDA|MILLER|linda.miller25@outlook.com|4589244666|6803 Washington St|Richmond|GA|27810-5496|07/26/1957|9606|VA001636
CHRISTOPHER|NELSON||939-697-1326|907 Jefferson Dr|Arlington|co|51144|1993-12-21|5882|VA001637
BETTY|NELSON|betty.nelson20@icloud.com|+18647457649|3076 Maple Dr|Greenville|Pennsylvania|65619|01-Jul-1942|4018|VA001638
MATTHEW|HALL|matthew.hall15@outlook.com|631.785.7318|8854 Main St|Arlington|TN|92291-3176|08-23-1974|5846|VA001639
MARY|JONES|mary.jones8@yahoo.com|(376) 598-5943|6080 Main St|Clinton|ND|72067|10/27/2004|9492|VA001640
BARBARA|JACKSON||7413257947|5097 Park Blvd|Fairview|in|93712|1982-07-02|4306|VA001641
THOMAS|GARCIA|thomas.garcia23@aol.com|866-435-9803|3140 Sunset Blvd|Manchester|MT|14365-1401|14-Oct-1999|2850|VA001642
LISA|NGUYEN|lisa.nguyen48@yahoo.com|+12793782769|7429 Lincoln Ave|Marion|WY|87963|02-22-1967|1006|VA001643
MARY|WILLIAMS|mary.williams20@outlook.com|204.905.7543|3033 Main St|Franklin|DE|90611|02/14/1994|1128|VA001644
DAVID|TAYLOR|david.taylor92@outlook.com|(885) 539-3706|3768 Forest Ave|Springfield|al|80441-1007|1980-07-20|9161|VA001645
LINDA|SCOTT|linda.scott30@aol.com|9319546316|875 River Dr|Manchester|WY|40416|14-Oct-1972|1898|VA001646
MICHAEL|MILLER||437-321-3730|3967 Cedar Ln|Arlington|NE|41253|07-01-1973|9542|VA001647
JAMES|JONES|james.jones57@gmail.com|+12826319851|7866 Maple Dr|Oxford|TX|63144-1308|12/10/1944|4490|VA001648
NANCY|DAVIS|nancy.davis76@outlook.com|887.973.2072|1571 River Dr|Marion|nm|74478|1979-03-21|8327|VA001649
BARBARA|TAYLOR|barbara.taylor64@aol.com|(364) 638-9442|2639 Park Blvd|Fairview|IA|28010|07-Apr-1974|9540|VA001650
DAVID|WRIGHT|david.wright73@gmail.com|2953765826|9452 Main St|Madison|WV|15513-9830|06-10-1946|3358|VA001651
CHARLES|DAVIS|charles.davis2@gmail.com|268-808-4608|6118 Valley Ln|Burlington|PA|89438|03/30/1960|8219|VA001652
SARAH|BAKER|sarah.baker71@yahoo.com|+17526738696|143 Main St|Manchester|la|11171|1988-10-01|6457|VA001653
PATRICIA|HILL|patricia.hill96@hotmail.com|447.221.7669|4687 Forest Ave|Madison|Florida|88997-5451|10-Jun-1997|4293|VA001654
MATTHEW|KING|matthew.king16@hotmail.com|(265) 428-4266|7344 Lake Rd|Springfield|ME|24111|01-08-1977|7975|VA001655
DANIEL|JONES|daniel.jones15@aol.com|3407995844|7705 Washington St|Burlington|NC|96145|03/26/1982|5564|VA001656
ROBERT|ADAMS|robert.adams56@hotmail.com|421-330-3159|3645 Valley Ln|Madison|mo|23294-4570|1951-09-24|2652|VA001657
MARGARET|KING|margaret.king99@hotmail.com|+17025413334|5766 Oak Ave|Georgetown|NV|58762|18-May-1996|7985|VA001658
JESSICA|ADAMS|jessica.adams59@hotmail.com|548.607.8081|9735 Hill Rd|Fairview|UT|91033|03-17-1997|9951|VA001659
LISA|MARTIN|lisa.martin88@yahoo.com|(812) 687-5019|1328 Sunset Blvd|Franklin|DE|52314-7794|08/20/1941|3192|VA001660
CHRISTOPHER|YOUNG|christopher.young10@gmail.com|6343637678|1339 Lincoln Ave|Richmond|fl|60406|1953-03-18|5626|VA001661
CHARLES|JACKSON|charles.jackson51@outlook.com|787-996-6783|6731 Oak Ave|Franklin|IN|90017|23-Feb-1957|6754|VA001662
SANDRA|WALKER|sandra.walker22@hotmail.com|+17927717579|5327 Park Blvd|Franklin|Tex.|74200-2885|11-22-1986|6315|VA001663
MICHAEL|ANDERSON||580.389.8566|5717 Lake Rd|Franklin|AZ|35605|07/28/1986|9665|VA001664
CHARLES|HALL|charles.hall26@hotmail.com|(277) 984-7735|5262 Hill Rd|Burlington|co|61775|1960-05-14|5334|VA001665
MARK|MILLER||8009585630|7033 Maple Dr|Fairview|ND|41649-4074|09-May-2001|7685|VA001666
JAMES|WRIGHT|james.wright14@aol.com|375-809-1761|2719 Maple Dr|Manchester|Cal.|58680|11-07-1966|4902|VA001667
MARY|ANDERSON|mary.anderson1@aol.com|+15237738158|2311 Oak Ave|Madison|MD|91230|12/13/2001|1560|VA001668
LINDA|ADAMS|linda.adams91@yahoo.com|857.236.6140|1175 Sunset Blvd|Salem|tn|71228-8758|1947-09-07|9353|VA001669
SANDRA|JONES|sandra.jones38@hotmail.com|(328) 932-4031|5708 Jefferson Dr|Springfield|AR|82967|09-Jan-1975|5115|VA001670
NANCY|DAVIS|nancy.davis47@outlook.com|9357823516|8640 Maple Dr|Clinton|Geo.|89258|08-08-1941|2648|VA001671
BARBARA|YOUNG|barbara.young47@outlook.com|683-576-4332|5325 Oak Ave|Arlington|MA|42549-6505|03/18/1963|9090|VA001672
MARK|THOMAS|mark.thomas7@yahoo.com|+18994218067|289 Forest Ave|Salem|hi|12295|1969-08-30|2990|VA001673
MARK|BROWN|mark.brown23@hotmail.com|323.620.2706|8124 Forest Ave|Greenville|Illinois|75324|22-Feb-1991|8215|VA001674
SANDRA|JOHNSON|sandra.johnson95@hotmail.com|(894) 654-4826|9942 Forest Ave|Clinton|WV|90293-4815|04-20-1947|6707|VA001675
MARY|WILLIAMS|mary.williams49@gmail.com|8222407768|5402 Forest Ave|Fairview|IA|70179|08/01/1942|4929|VA001676
PATRICIA|HILL||962-975-8240|7888 Sunset Blvd|Greenville|mn|11564|1966-05-06|1640|VA001677
JOHN|WILSON|john.wilson28@gmail.com|+18797982112|2720 Sunset Blvd|Richmond|ND|62635-6736|19-Oct-1994|3704|VA001678
ANTHONY|THOMPSON||755.525.1100|1881 Maple Dr|Springfield|ND|37006|03-02-1986|3803|VA001679
MARK|HARRIS|mark.harris71@hotmail.com|(383) 719-5652|6025 Lake Rd|Salem|NV|23454|07/02/1987|8010|VA001680
JAMES|THOMAS|james.thomas65@hotmail.com|4748745333|5037 Jefferson Dr|Arlington|ne|98250-6453|1961-09-02|1068|VA001681
WILLIAM|MILLER|william.miller95@hotmail.com|294-965-6005|7016 Jefferson Dr|Salem|KY|76133|09-May-1947|4293|VA001682
CHRISTOPHER|WHITE|christopher.white51@outlook.com|+19632385057|3579 Jefferson Dr|Richmond|Flo.|73660|08-20-1957|8774|VA001683
WILLIAM|JOHNSON|william.johnson92@outlook.com|727.810.5223|5065 Sunset Blvd|Arlington|IA|71293-3620|12/05/1983|8146|VA001684
LINDA|HARRIS|linda.harris27@yahoo.com|(803) 498-1041|3651 Jefferson Dr|Manchester|nc|14056|1967-04-11|4504|VA001685
MICHAEL|WILLIAMS|michael.williams90@outlook.com|7798872575|7958 Jefferson Dr|Arlington|Pennsylvania|23066|05-Jun-1958|9905|VA001686
ASHLEY|THOMAS||989-461-7274|9298 Washington St|Oxford|WY|20919-3189|04-05-1996|5911|VA001687
SUSAN|THOMPSON||+14262009841|9391 Hill Rd|Fairview|TX|15393|08/05/1969|8904|VA001688
LISA|TAYLOR|lisa.taylor29@gmail.com|451.997.2540|6768 Jefferson Dr|Dayton|az|81787|1957-07-30|3690|VA001689
JAMES|HILL|james.hill6@icloud.com|(599) 613-1486|8597 Forest Ave|Oxford|VT|28150-8652|06-Aug-1977|8595|VA001690
RICHARD|DAVIS|richard.davis17@aol.com|4487831174|5626 Valley Ln|Richmond|ND|18707|12-19-1951|2168|VA001691
JAMES|WRIGHT|james.wright28@icloud.com|676-825-1996|8597 River Dr|Richmond|OK|13506|08/29/1987|9384|VA001692
LISA|ANDERSON|lisa.anderson52@aol.com|+12474685920|184 Sunset Blvd|Arlington|ky|63138-9297|1993-12-16|2182|VA001693
JOHN|HARRIS|john.harris18@yahoo.com|229.617.3879|4567 Washington St|Marion|AK|70767|20-May-1954|8478|VA001694
PATRICIA|WILLIAMS|patricia.williams89@yahoo.com|(424) 486-9756|5024 River Dr|Fairview|WY|68890|01-23-1945|1668|VA001695
KAREN|ALLEN|karen.allen43@yahoo.com|6894069722|7841 Park Blvd|Manchester|DE|62211-1731|12/15/1971|4853|VA001696
LINDA|ANDERSON|linda.anderson24@gmail.com|200-253-6269|3474 Park Blvd|Salem|la|89498|1949-01-14|8059|VA001697
JENNIFER|HARRIS|jennifer.harris85@icloud.com|+14535515044|2227 Valley Ln|Fairview|WI|91575|05-Mar-2000|2589|VA001698
MARK|GARCIA|mark.garcia28@outlook.com|701.284.1684|7073 Maple Dr|Dayton|OK|70105-9613|09-07-1993|6261|VA001699
MARK|JONES|mark.jones70@icloud.com|(262) 624-5118|2846 Main St|Madison|VT|82941|07/06/1989|7980|VA001700
MARGARET|BAKER|margaret.baker27@icloud.com|2828415194|85 Main St|Salem|ky|82727|1976-11-05|4000|VA001701
CHRISTOPHER|WHITE|christopher.white98@hotmail.com|285-582-1996|2331 Oak Ave|Marion|MT|44174-2758|25-Jul-1970|3274|VA001702
BARBARA|ALLEN|barbara.allen6@hotmail.com|+18896615240|7634 Sunset Blvd|Richmond|NE|46914|08-22-1967|2610|VA001703
THOMAS|NGUYEN|thomas.nguyen85@aol.com|359.396.3898|1347 Lincoln Ave|Manchester|IA|33636|04/09/1943|7612|VA001704
JESSICA|JONES|jessica.jones19@icloud.com|(334) 433-5779|2149 Maple Dr|Clinton|md|19979-6335|1941-06-29|2992|VA001705
RICHARD|BROWN||2307208878|6329 Oak Ave|Springfield|OK|20959|05-Jul-1966|4102|VA001706
MARY|ALLEN|mary.allen8@hotmail.com|743-564-5293|6567 Lake Rd|Dayton|OK|58289|10-10-1966|2189|VA001707
JOHN|WRIGHT|john.wright71@yahoo.com|+14184073172|942 Main St|Greenville|MA|99661-5224|12/26/1959|1705|VA001708
LISA|JACKSON|lisa.jackson72@gmail.com|741.646.4293|863 Cedar Ln|Marion|fl|72516|1977-06-18|1869|VA001709
BETTY|ALLEN|betty.allen72@yahoo.com|(680) 212-3335|9448 Lake Rd|Greenville|DE|26851|05-Nov-1955|2544|VA001710
MARK|MARTIN|mark.martin46@aol.com|3427461862|7535 Washington St|Greenville|New.|41645-5045|05-23-1973|9913|VA001711
JENNIFER|DAVIS|jennifer.davis72@outlook.com|620-286-5976|4976 Park Blvd|Fairview|WA|39437|01/28/2000|8228|VA001712
BETTY|JONES|betty.jones90@gmail.com|+12589076072|1257 Forest Ave|Salem|va|14253|1996-12-27|9114|VA001713
RICHARD|ADAMS|richard.adams87@outlook.com|415.447.6542|4449 Maple Dr|Springfield|VA|53773-6977|14-May-1942|6594|VA001714
MATTHEW|ALLEN|matthew.allen74@yahoo.com|(244) 778-8694|7305 Lincoln Ave|Marion|Ohi.|21965|08-14-1968|2233|VA001715
JOHN|THOMPSON|john.thompson70@yahoo.com|9002942508|7215 Sunset Blvd|Madison|CT|13163|12/03/1998|6027|VA001716
KAREN|MARTIN||427-385-6445|572 River Dr|Dayton|ak|79776-6616|2003-01-23|2753|VA001717
JESSICA|WRIGHT|jessica.wright60@icloud.com|+17463446357|6342 Main St|Burlington|DE|88643|24-Feb-1995|2816|VA001718
CHRISTOPHER|NGUYEN|christopher.nguyen9@icloud.com|434.202.9616|7707 Hill Rd|Oxford|IA|58453|01-15-1998|3374|VA001719
DANIEL|ANDERSON|daniel.anderson23@icloud.com|(942) 290-8586|3319 Hill Rd|Clinton|AK|44489-2908|03/23/1957|4509|VA001720
MARY|BROWN|mary.brown61@outlook.com|2882599930|7078 Valley Ln|Clinton|ms|44121|1943-07-23|7481|VA001721
THOMAS|SCOTT||523-696-9709|1443 Maple Dr|Fairview|North Carolina|70029|20-Apr-1990|1352|VA001722
DANIEL|HILL|daniel.hill15@gmail.com|+16643951407|6157 Valley Ln|Manchester|RI|40041-1900|08-01-1987|3380|VA001723
MARY|JONES|mary.jones75@icloud.com|558.566.6048|8605 Jefferson Dr|Franklin|NJ|33022|05/07/1976|8810|VA001724
DAVID|HARRIS|david.harris73@icloud.com|(649) 512-3013|4304 Jefferson Dr|Franklin|ny|50364|1969-02-09|1506|VA001725
LISA|WALKER|lisa.walker18@hotmail.com|9709587267|6299 Hill Rd|Oxford|MT|74738-7676|04-Mar-1974|2191|VA001726
CHRISTOPHER|JOHNSON|christopher.johnson59@icloud.com|917-667-3637|1483 Maple Dr|Franklin|Geo.|26706|01-30-1982|8115|VA001727
JENNIFER|ALLEN|jennifer.allen35@aol.com|+13193511557|5713 River Dr|Dayton|NM|17933|11/02/1965|4925|VA001728
PATRICIA|WHITE|patricia.white42@yahoo.com|588.247.2934|8944 Oak Ave|Franklin|tn|71655-5291|1940-01-10|4352|VA001729
CHARLES|DAVIS|charles.davis48@gmail.com|(899) 715-6861|3281 Lincoln Ave|Manchester|RI|29469|19-Jan-1974|7712|VA001730
ROBERT|BROWN||5193732309|6215 Cedar Ln|Madison|AK|47604|04-29-1993|3429|VA001731
MARY|ALLEN|mary.allen22@icloud.com|218-464-9196|6640 Lincoln Ave|Richmond|OH|22856-2010|02/24/1989|3432|VA001732
JENNIFER|ADAMS|jennifer.adams90@outlook.com|+15032839799|1271 Hill Rd|Manchester|il|45183|1998-04-15|8182|VA001733
THOMAS|WHITE|thomas.white6@icloud.com|742.639.4759|7900 Lincoln Ave|Manchester|MO|55943|04-Nov-1992|2600|VA001734
MATTHEW|HALL|matthew.hall98@aol.com|(538) 987-5722|7339 Lincoln Ave|Manchester|AR|43496-9445|11-03-1958|7739|VA001735
MARY|WHITE|mary.white9@aol.com|2612708734|520 Park Blvd|Clinton|ID|27750|07/21/1997|7887|VA001736
RICHARD|KING|richard.king99@icloud.com|384-742-6644|4672 Park Blvd|Burlington|il|14192|1968-03-03|3861|VA001737
JENNIFER|SMITH|jennifer.smith86@aol.com|+12485449701|2297 Hill Rd|Manchester|VT|76398-3456|03-Sep-2002|9629|VA001738
JOSEPH|TORRES|joseph.torres35@yahoo.com|662.759.8404|7275 Lincoln Ave|Franklin|WA|18399|10-11-1956|8573|VA001739
SANDRA|TORRES|sandra.torres2@yahoo.com|(852) 841-4569|2829 Forest Ave|Clinton|NV|39464|04/29/1961|5532|VA001740
MARY|GARCIA|mary.garcia85@outlook.com|6966252113|182 Main St|Greenville|nv|13597-4592|1998-03-23|5468|VA001741
JESSICA|MARTIN|jessica.martin13@gmail.com|230-943-7874|7975 Oak Ave|Burlington|NJ|35764|11-Feb-1947|2904|VA001742
NANCY|HILL|nancy.hill31@aol.com|+14582334865|5321 Cedar Ln|Richmond|NV|35471|11-08-1968|3073|VA001743
SANDRA|JOHNSON|sandra.johnson80@outlook.com|782.749.6486|9256 Sunset Blvd|Greenville|ID|55921-9344|04/28/2001|7116|VA001744
ASHLEY|ADAMS|ashley.adams73@yahoo.com|(376) 729-9432|809 Washington St|Oxford|ok|37799|1955-01-19|3387|VA001745
NANCY|GARCIA|nancy.garcia61@hotmail.com|9312129894|996 Lincoln Ave|Richmond|California|89526|21-Sep-1974|5045|VA001746
JESSICA|HALL|jessica.hall3@outlook.com|341-218-7567|5106 Jefferson Dr|Fairview|AR|70861-2853|02-09-1964|9466|VA001747
LINDA|DAVIS|linda.davis85@yahoo.com|+16863264266|2995 Forest Ave|Oxford|AZ|37294|06/30/2002|4797|VA001748
SARAH|SCOTT|sarah.scott48@hotmail.com|801.601.7260|494 Jefferson Dr|Arlington|ny|10993|1955-10-16|9975|VA001749
MATTHEW|TAYLOR|matthew.taylor6@hotmail.com|(537) 723-9202|1068 Washington St|Arlington|CO|46054-4295|04-Aug-1977|4581|VA001750
MICHAEL|ADAMS|michael.adams99@outlook.com|2507493849|4244 Lincoln Ave|Dayton|ID|36893|11-26-1978|4962|VA001751
RICHARD|ANDERSON||562-663-2609|3747 Lake Rd|Franklin|AK|97856|10/08/1990|7502|VA001752
ASHLEY|WILLIAMS|ashley.williams28@gmail.com|+19384236766|1564 Park Blvd|Dayton|ga|68362-9905|1948-08-10|7854|VA001753
JESSICA|SCOTT|jessica.scott38@icloud.com|769.606.4672|7372 Hill Rd|Salem|TN|96530|30-Jun-1987|6727|VA001754
SARAH|MARTIN|sarah.martin34@gmail.com|(337) 429-5876|7719 Lincoln Ave|Franklin|ME|55160|04-09-1950|4166|VA001755
PATRICIA|MILLER|patricia.miller85@outlook.com|6094387657|5263 Oak Ave|Manchester|MD|41710-4772|07/09/1954|5654|VA001756
PATRICIA|JOHNSON|patricia.johnson15@icloud.com|295-717-5661|2273 Sunset Blvd|Burlington|mo|49899|1951-02-04|1078|VA001757
SUSAN|HILL|susan.hill16@aol.com|+13169278200|7788 Forest Ave|Salem|SC|64343|10-Oct-1940|8250|VA001758
LISA|SCOTT|lisa.scott58@icloud.com|742.354.5704|8838 Park Blvd|Dayton|KS|48799-7789|01-19-1988|9852|VA001759
MICHAEL|NELSON|michael.nelson83@yahoo.com|(566) 384-7873|21 Oak Ave|Salem|SD|68646|07/22/1955|7826|VA001760
BETTY|TORRES||2409751192|1175 Maple Dr|Greenville|ky|92335|1979-07-11|7159|VA001761
JOHN|ADAMS|john.adams15@aol.com|232-912-3498|6231 Sunset Blvd|Clinton|SD|86960-5690|04-Dec-1950|5318|VA001762
WILLIAM|ADAMS|william.adams8@yahoo.com|+17482135687|8460 Maple Dr|Madison|Geo.|10492|12-26-1943|2868|VA001763
JENNIFER|TAYLOR|jennifer.taylor97@hotmail.com|355.267.3065|2481 Lake Rd|Clinton|GA|43085|01/20/1966|4586|VA001764
MATTHEW|GARCIA|matthew.garcia99@hotmail.com|(579) 823-6727|2713 Oak Ave|Marion|wy|87818-6450|1952-08-18|8600|VA001765
JOSEPH|NGUYEN|joseph.nguyen88@gmail.com|7705225298|3998 Hill Rd|Dayton|VA|22159|05-Oct-1996|2194|VA001766
NANCY|THOMAS|nancy.thomas95@gmail.com|468-304-9463|2720 Lincoln Ave|Richmond|Nor.|11569|03-20-1970|2137|VA001767
LISA|WILLIAMS|lisa.williams47@outlook.com|+16527658747|7951 Oak Ave|Madison|FL|70973-2485|11/09/1993|8978|VA001768
JOSEPH|TAYLOR|joseph.taylor40@yahoo.com|714.947.1034|3541 River Dr|Dayton|nj|94376|1952-11-11|4136|VA001769
BARBARA|TAYLOR|barbara.taylor42@gmail.com|(316) 902-6460|5593 River Dr|Burlington|OR|90739|12-Aug-1942|3877|VA001770
JOSEPH|WILSON|joseph.wilson17@yahoo.com|7639041086|5801 Jefferson Dr|Franklin|AR|77100-9228|02-17-1976|5391|VA001771
JOSEPH|MARTIN|joseph.martin99@hotmail.com|719-953-8724|8268 Lake Rd|Dayton|GA|44217|08/13/2001|5720|VA001772
JOHN|JONES|john.jones65@aol.com|+19278331005|1111 Sunset Blvd|Greenville|ga|63150|1995-10-21|6786|VA001773
KAREN|THOMAS|karen.thomas13@hotmail.com|329.368.7705|3780 Sunset Blvd|Greenville|NE|26726-7541|17-Mar-1950|5832|VA001774
SANDRA|MILLER||(480) 525-1837|170 Lincoln Ave|Greenville|AL|27161|12-21-1997|7181|VA001775
LINDA|ANDERSON||7926504941|8279 Park Blvd|Marion|VA|13984|05/03/1957|3897|VA001776
THOMAS|THOMPSON|thomas.thompson51@outlook.com|444-303-9655|3346 River Dr|Salem|me|63760-3489|2000-04-23|4303|VA001777
RICHARD|WILSON|richard.wilson51@hotmail.com|+14974574444|2628 Washington St|Manchester|OR|64840|09-Oct-1992|2522|VA001778
JESSICA|MILLER|jessica.miller20@hotmail.com|312.465.8912|3976 Valley Ln|Richmond|AR|98270|10-16-1943|9728|VA001779
RICHARD|JOHNSON|richard.johnson20@icloud.com|(848) 766-5358|3469 Jefferson Dr|Georgetown|NM|86841-9852|07/26/1993|9051|VA001780
MATTHEW|HARRIS|matthew.harris39@yahoo.com|4635602354|2432 Lake Rd|Manchester|ks|59746|1987-11-21|6639|VA001781
MARY|WALKER||712-596-3245|2833 Cedar Ln|Greenville|Pennsylvania|48617|03-Apr-1978|9091|VA001782
ASHLEY|WHITE|ashley.white42@yahoo.com|+13113328368|2155 Park Blvd|Georgetown|ID|83849-7980|08-17-1991|6978|VA001783
MARY|WALKER|mary.walker30@hotmail.com|752.940.4922|5560 Valley Ln|Franklin|HI|71285|02/11/1970|4732|VA001784
BARBARA|KING|barbara.king35@outlook.com|(392) 270-3988|2239 Park Blvd|Franklin|sd|69682|1995-06-02|8418|VA001785
NANCY|WALKER|nancy.walker20@yahoo.com|4265156423|1561 Oak Ave|Springfield|WV|14187-9560|03-Apr-1991|1652|VA001786
SANDRA|WHITE|sandra.white69@outlook.com|611-505-1138|1704 Lincoln Ave|Oxford|DE|79578|04-23-1969|5294|VA001787
DANIEL|WILSON||+16432505188|3919 Washington St|Manchester|NM|80017|02/20/1953|3607|VA001788
PATRICIA|NGUYEN|patricia.nguyen25@aol.com|548.685.5328|1000 Washington St|Springfield|nv|63837-6854|1959-11-23|6949|VA001789
JAMES|SMITH|james.smith7@icloud.com|(237) 371-3068|6068 Hill Rd|Georgetown|MO|65366|11-Nov-1963|7736|VA001790
MARGARET|TAYLOR|margaret.taylor85@outlook.com|9045325804|8567 Oak Ave|Burlington|Pen.|73748|09-07-1996|7066|VA001791
SANDRA|MARTIN|sandra.martin31@gmail.com|997-400-6516|4785 Park Blvd|Arlington|WY|43592-8849|03/11/1958|9066|VA001792
JENNIFER|WALKER|jennifer.walker92@yahoo.com|+17434795811|5581 Oak Ave|Madison|ri|42400|1949-05-18|9872|VA001793
MARY|SMITH|mary.smith47@gmail.com|717.474.7626|5907 Washington St|Fairview|ID|34892|12-Jan-1975|1546|VA001794
MATTHEW|BROWN|matthew.brown15@outlook.com|(955) 897-8456|7322 Jefferson Dr|Clinton|ID|41586-3436|01-26-2001|5264|VA001795
JAMES|TORRES|james.torres39@aol.com|4898747545|3242 Lincoln Ave|Georgetown|NJ|59530|04/07/1985|7818|VA001796
SARAH|JOHNSON|sarah.johnson15@gmail.com|669-389-9585|1781 Main St|Marion|oh|48687|1969-07-14|4482|VA001797
NANCY|WALKER|nancy.walker44@gmail.com|+15782703903|2211 Valley Ln|Madison|UT|61592-4688|30-May-1953|2818|VA001798
SANDRA|JONES|sandra.jones6@outlook.com|751.603.7780|6901 Cedar Ln|Springfield|WI|72994|06-24-1941|7769|VA001799
ASHLEY|JONES|ashley.jones59@hotmail.com|(454) 209-3992|9033 Park Blvd|Oxford|NH|63093|03/06/2003|1963|VA001800
ANTHONY|NELSON|anthony.nelson80@gmail.com|8736533592|1319 Park Blvd|Marion|mt|82995-5811|1988-01-28|3696|VA001801
MATTHEW|ALLEN|matthew.allen49@gmail.com|488-333-5401|4375 Lake Rd|Springfield|ID|56059|25-Dec-1974|9135|VA001802
SANDRA|HALL|sandra.hall96@icloud.com|+19029783240|4129 Sunset Blvd|Madison|Ohi.|64940|09-29-2001|8083|VA001803
NANCY|ALLEN||786.977.2455|8251 Washington St|Greenville|WY|48265-8581|10/25/2000|1560|VA001804
MICHAEL|WILSON|michael.wilson20@hotmail.com|(995) 520-6222|5473 Valley Ln|Arlington|sc|66477|1944-08-13|4104|VA001805
JOHN|WALKER|john.walker25@icloud.com|8718192415|8072 River Dr|Burlington|WV|72688|04-Feb-1940|9019|VA001806
MATTHEW|BROWN|matthew.brown64@hotmail.com|249-777-9481|8605 Valley Ln|Marion|NV|47389-2465|12-16-1968|7292|VA001807
ANTHONY|TAYLOR|anthony.taylor51@gmail.com|+19322628984|8184 Washington St|Arlington|OR|89324|01/21/1997|8284|VA001808
LINDA|BROWN|linda.brown27@gmail.com|402.630.2817|8261 Valley Ln|Manchester|de|55659|1995-11-04|6499|VA001809
DANIEL|ALLEN|daniel.allen8@icloud.com|(336) 355-4006|5650 Lincoln Ave|Marion|ND|58326-9918|21-Mar-1951|4784|VA001810
PATRICIA|HILL|patricia.hill25@icloud.com|3018635774|3589 Lincoln Ave|Dayton|AR|68113|04-10-1994|7441|VA001811
LINDA|WILSON|linda.wilson25@icloud.com|528-248-9489|6963 Oak Ave|Fairview|AR|75088|12/12/1967|8624|VA001812
WILLIAM|GARCIA|william.garcia31@outlook.com|+15526196269|7594 Jefferson Dr|Oxford|id|38985-9868|1982-07-26|1100|VA001813
DAVID|JONES|david.jones54@outlook.com|600.264.5742|3135 Washington St|Springfield|Georgia|64596|17-Aug-1982|1761|VA001814
BETTY|WALKER|betty.walker16@outlook.com|(395) 903-9975|2954 Sunset Blvd|Franklin|AK|13098|03-18-1952|9139|VA001815
LINDA|WRIGHT|linda.wright60@hotmail.com|4189456897|7174 Park Blvd|Marion|WI|41713-9832|04/08/1970|3480|VA001816
DANIEL|MILLER|daniel.miller87@yahoo.com|421-848-9929|1836 Maple Dr|Marion|co|67848|1945-08-30|9623|VA001817
CHRISTOPHER|THOMPSON|christopher.thompson44@gmail.com|+17908806351|2206 Maple Dr|Oxford|ME|59227|22-Jul-1951|1280|VA001818
DAVID|JONES||952.813.1614|4238 Jefferson Dr|Richmond|WV|88894-1678|07-24-1945|8457|VA001819
MICHAEL|ADAMS|michael.adams87@gmail.com|(639) 441-3641|3846 Valley Ln|Arlington|RI|83013|07/29/1999|9020|VA001820
ROBERT|MILLER|robert.miller42@icloud.com|5406455795|4236 Oak Ave|Madison|pa|35711|1940-05-24|1511|VA001821
BETTY|WRIGHT|betty.wright56@outlook.com|526-265-4335|6758 Park Blvd|Richmond|ME|94678-4760|29-May-1954|5201|VA001822
JENNIFER|WILSON|jennifer.wilson20@hotmail.com|+17787168694|6843 Park Blvd|Springfield|WI|15663|12-25-2002|7467|VA001823
RICHARD|HILL|richard.hill87@hotmail.com|548.756.4063|4815 Cedar Ln|Richmond|WA|13049|12/27/1999|2386|VA001824
SUSAN|DAVIS|susan.davis33@icloud.com|(297) 713-6906|4499 Lake Rd|Georgetown|la|18444-7925|1988-05-15|3690|VA001825
JAMES|THOMAS|james.thomas95@gmail.com|9469542563|5259 Jefferson Dr|Salem|KY|45553|10-Jun-2004|7429|VA001826
KAREN|JOHNSON|karen.johnson8@gmail.com|540-578-6130|5618 Sunset Blvd|Franklin|KY|90912|04-01-1944|4233|VA001827
RICHARD|WHITE||+13837519791|6350 Lake Rd|Marion|IA|16197-4717|11/16/1992|9433|VA001828
MARGARET|SMITH|margaret.smith3@gmail.com|441.638.8077|7662 Lincoln Ave|Georgetown|oh|15323|1996-11-23|9884|VA001829
SUSAN|WILSON|susan.wilson41@aol.com|(302) 912-3125|718 Hill Rd|Greenville|TN|22717|14-Jan-1959|3450|VA001830
MARK|KING|mark.king17@gmail.com|5393251699|7553 Main St|Greenville|OR|66774-9714|06-09-1975|9128|VA001831
CHARLES|ALLEN|charles.allen37@yahoo.com|235-347-7030|9332 Park Blvd|Oxford|MN|56729|11/09/1981|3649|VA001832
DANIEL|MARTIN|daniel.martin4@aol.com|+18787953730|1013 Sunset Blvd|Franklin|mt|57727|1985-03-27|3915|VA001833
SUSAN|GARCIA|susan.garcia24@outlook.com|336.848.6394|6304 River Dr|Greenville|IA|85929-7243|29-Apr-1940|6228|VA001834
WILLIAM|HARRIS|william.harris46@outlook.com|(373) 538-1782|9095 Park Blvd|Arlington|MN|17598|01-18-2001|2273|VA001835
MARY|WILSON|mary.wilson39@gmail.com|4615909815|8220 Lincoln Ave|Franklin|NY|51689|09/27/1976|2052|VA001836
JESSICA|HALL|jessica.hall80@icloud.com|972-933-9551|7851 Lake Rd|Springfield|al|74889-2258|1940-01-09|4869|VA001837
JESSICA|BAKER|jessica.baker94@gmail.com|+17196456930|4719 Maple Dr|Madison|KS|83665|04-Nov-1955|7286|VA001838
PATRICIA|GARCIA|patricia.garcia38@gmail.com|695.891.5330|3569 Cedar Ln|Dayton|Pen.|83578|12-28-1955|2662|VA001839
PATRICIA|HILL|patricia.hill64@hotmail.com|(927) 911-9575|9754 Lincoln Ave|Manchester|NM|10060-8036|09/28/1999|5271|VA001840
WILLIAM|BAKER|william.baker32@hotmail.com|6737222736|2422 Lincoln Ave|Clinton|nd|81867|1986-02-09|3035|VA001841
DAVID|JOHNSON|david.johnson72@hotmail.com|488-875-6348|9171 Lake Rd|Madison|OK|88442|08-Nov-1975|9476|VA001842
ROBERT|SCOTT|robert.scott15@icloud.com|+12813164448|7039 Valley Ln|Dayton|NM|85068-2343|09-18-1958|1416|VA001843
ROBERT|TAYLOR|robert.taylor43@icloud.com|371.906.3715|7709 Hill Rd|Clinton|IA|29897|10/03/1945|2060|VA001844
SARAH|WHITE|sarah.white20@aol.com|(424) 375-4972|9178 Sunset Blvd|Marion|ak|25455|1992-10-04|4291|VA001845
SANDRA|JONES|sandra.jones33@hotmail.com|5646466549|2994 Cedar Ln|Greenville|Florida|22571-6363|31-Mar-1967|9783|VA001846
BARBARA|WRIGHT|barbara.wright59@aol.com|742-415-1018|4028 Park Blvd|Burlington|NJ|81252|03-18-1962|1659|VA001847
CHARLES|BAKER|charles.baker76@gmail.com|+16462647343|712 Jefferson Dr|Georgetown|AZ|12344|06/01/1966|6597|VA001848
DANIEL|WHITE|daniel.white45@yahoo.com|874.682.7849|1097 Maple Dr|Springfield|or|30987-8125|1989-09-06|2417|VA001849
ASHLEY|SCOTT|ashley.scott50@icloud.com|(628) 347-6366|2984 Forest Ave|Springfield|NH|89950|28-Dec-1987|1130|VA001850
MATTHEW|WRIGHT|matthew.wright74@aol.com|3407595908|7293 Lake Rd|Clinton|WV|46880|06-22-1954|4500|VA001851
JOHN|NELSON||472-826-3998|2041 Lake Rd|Georgetown|VA|59533-6075|09/09/1956|5939|VA001852
CHARLES|JACKSON|charles.jackson46@aol.com|+15013905040|2181 Sunset Blvd|Marion|wv|85504|1964-02-26|7412|VA001853
MATTHEW|ANDERSON|matthew.anderson14@hotmail.com|264.901.4826|5050 Cedar Ln|Springfield|NH|62058|03-Jul-1986|4779|VA001854
DANIEL|NGUYEN|daniel.nguyen44@aol.com|(232) 280-9394|4083 Washington St|Marion|MT|67188-6189|04-12-2000|7752|VA001855
JOSEPH|BAKER|joseph.baker50@hotmail.com|8587964620|9876 Sunset Blvd|Franklin|VA|73550|09/17/1990|3574|VA001856
BETTY|HILL|betty.hill60@icloud.com|805-774-2604|493 Park Blvd|Marion|fl|57775|1958-02-06|5755|VA001857
JENNIFER|BROWN|jennifer.brown73@yahoo.com|+14638475749|6610 Washington St|Fairview|Illinois|17743-3042|23-Mar-1955|8304|VA001858
ROBERT|GARCIA|robert.garcia89@aol.com|369.938.8170|716 River Dr|Georgetown|UT|41133|11-07-1979|5668|VA001859
MATTHEW|BAKER||(785) 849-6929|2392 Hill Rd|Marion|MS|87376|04/18/1966|9980|VA001860
JOSEPH|HALL|joseph.hall40@yahoo.com|3442116921|8278 Lake Rd|Oxford|hi|74443-7499|1982-02-19|6714|VA001861
MARY|MARTIN|mary.martin18@gmail.com|915-845-3885|8825 Maple Dr|Richmond|VA|13785|17-Mar-1983|6037|VA001862
CHARLES|JONES|charles.jones38@hotmail.com|+14825648593|1377 Sunset Blvd|Georgetown|MD|12576|11-15-1974|1287|VA001863
DAVID|DAVIS|david.davis29@yahoo.com|484.823.2959|3227 Lake Rd|Salem|NJ|84633-5012|04/17/1997|1199|VA001864
MICHAEL|JOHNSON|michael.johnson84@yahoo.com|(692) 286-5741|7284 Lincoln Ave|Dayton|ca|51786|1967-10-20|7935|VA001865
RICHARD|ANDERSON|richard.anderson28@icloud.com|4418164475|5781 Main St|Marion|Georgia|47742|02-Dec-1956|3154|VA001866
JENNIFER|WILLIAMS|jennifer.williams77@hotmail.com|638-993-1553|4975 Washington St|Clinton|MT|91473-4390|07-22-1970|8362|VA001867
BETTY|THOMAS|betty.thomas33@outlook.com|+15872485131|1761 Valley Ln|Madison|NJ|34262|07/15/1994|2381|VA001868
BARBARA|ALLEN|barbara.allen83@gmail.com|209.595.5605|4327 Forest Ave|Clinton|ne|91987|1960-10-19|5020|VA001869
MARK|NELSON|mark.nelson65@outlook.com|(509) 339-2150|4163 Washington St|Marion|Illinois|64732-6985|23-May-1997|4701|VA001870
ROBERT|YOUNG||2082499565|5740 Cedar Ln|Springfield|TN|12884|02-20-1965|7757|VA001871
SUSAN|SMITH|susan.smith22@yahoo.com|924-857-2756|2258 Park Blvd|Georgetown|VT|33716|12/25/1994|7500|VA001872
LISA|WRIGHT|lisa.wright26@gmail.com|+14237035146|8440 Jefferson Dr|Manchester|ms|94902-2082|1944-09-06|9596|VA001873
MATTHEW|JOHNSON|matthew.johnson82@hotmail.com|687.310.2557|2653 Forest Ave|Madison|KY|95181|11-Feb-1960|5424|VA001874
MARGARET|MILLER|margaret.miller86@gmail.com|(745) 541-3305|4776 Forest Ave|Franklin|OR|59041|07-10-1960|6742|VA001875
BETTY|HARRIS|betty.harris9@yahoo.com|7126918613|1253 Maple Dr|Manchester|IN|89491-6263|03/06/1988|2376|VA001876
CHRISTOPHER|YOUNG|christopher.young1@yahoo.com|307-242-9837|1443 Park Blvd|Marion|vt|58574|2000-04-05|9628|VA001877
LISA|WILLIAMS||+16384597392|697 Hill Rd|Greenville|WV|96250|26-Mar-1988|3277|VA001878
RICHARD|ANDERSON|richard.anderson36@gmail.com|244.470.1817|6179 Washington St|Arlington|UT|29025-9450|12-11-1991|2543|VA001879
JESSICA|WHITE|jessica.white11@hotmail.com|(546) 601-2335|4394 Oak Ave|Richmond|WA|59538|09/29/1963|6601|VA001880
DAVID|DAVIS|david.davis35@outlook.com|4533442586|830 Park Blvd|Clinton|sc|64805|1962-04-10|3616|VA001881
LISA|WILSON|lisa.wilson13@icloud.com|828-273-3135|8727 Washington St|Richmond|SC|94621-7743|05-Jul-1989|2200|VA001882
RICHARD|ADAMS|richard.adams13@gmail.com|+17349452253|948 Forest Ave|Dayton|DE|55455|07-21-1981|5426|VA001883
MARY|TORRES|mary.torres68@icloud.com|945.714.6981|7571 Washington St|Clinton|WY|15076|05/26/1956|8616|VA001884
KAREN|HILL|karen.hill28@icloud.com|(575) 966-2570|1451 Washington St|Richmond|va|57595-7997|1987-02-09|8858|VA001885
MICHAEL|YOUNG|michael.young16@gmail.com|2039337444|4659 Cedar Ln|Fairview|UT|30280|14-Jul-1956|8086|VA001886
JAMES|TAYLOR|james.taylor23@outlook.com|903-822-4077|1138 Maple Dr|Franklin|NV|42145|10-27-1980|7594|VA001887
PATRICIA|TAYLOR|patricia.taylor85@hotmail.com|+16955329738|8308 Oak Ave|Burlington|DE|13652-8214|10/25/1959|9030|VA001888
ROBERT|THOMPSON||885.517.2702|5455 Washington St|Dayton|ks|68118|1950-10-14|1657|VA001889
RICHARD|DAVIS|richard.davis65@gmail.com|(379) 822-6203|6023 Park Blvd|Arlington|Ohio|55014|25-Jul-1990|8327|VA001890
LINDA|NELSON|linda.nelson28@hotmail.com|3643469326|2347 River Dr|Manchester|UT|88332-2526|08-17-1976|2585|VA001891
LINDA|NELSON|linda.nelson90@hotmail.com|722-759-3406|1948 Lake Rd|Richmond|VA|84705|07/12/1980|9165|VA001892
MICHAEL|ALLEN|michael.allen14@aol.com|+17468041059|4601 Lake Rd|Franklin|fl|22237|1940-11-08|2991|VA001893
KAREN|MARTIN|karen.martin98@yahoo.com|882.513.2857|3267 Maple Dr|Clinton|CO|36689-6903|23-Jan-1990|5238|VA001894
MATTHEW|JOHNSON|matthew.johnson11@aol.com|(323) 815-4108|5977 Maple Dr|Clinton|KY|26538|09-23-1970|4450|VA001895
MATTHEW|KING|matthew.king90@hotmail.com|2116882653|31 Main St|Salem|TX|55251|03/09/1964|7110|VA001896
BETTY|ANDERSON|betty.anderson86@icloud.com|469-350-9141|393 Lincoln Ave|Oxford|nc|38212-5116|1949-09-04|9422|VA001897
BARBARA|WALKER|barbara.walker82@aol.com|+16515338304|4941 Sunset Blvd|Burlington|ME|66084|14-Oct-2002|6165|VA001898
SANDRA|HILL|sandra.hill5@hotmail.com|434.957.6806|7890 Cedar Ln|Oxford|HI|93883|01-22-1970|4660|VA001899
ASHLEY|HILL||(961) 911-4313|547 Oak Ave|Madison|SD|52270-6155|08/07/1956|3186|VA001900
MARK|KING|mark.king88@hotmail.com|2284224478|6959 Park Blvd|Greenville|mn|96435|1945-11-08|2472|VA001901
JAMES|HALL|james.hall36@hotmail.com|454-844-4411|827 Maple Dr|Fairview|NV|50661|06-Feb-1949|3928|VA001902
DANIEL|BAKER|daniel.baker6@outlook.com|+16567547087|8310 Lincoln Ave|Georgetown|SC|92305-1590|09-26-1993|2403|VA001903
JOSEPH|HILL|joseph.hill79@icloud.com|321.603.5303|1962 Lincoln Ave|Madison|MI|21138|08/25/1959|9874|VA001904
JENNIFER|HALL|jennifer.hall29@outlook.com|(666) 809-8378|3348 Oak Ave|Burlington|mn|78228|1995-04-17|4111|VA001905
JOHN|WILLIAMS||8626027077|4901 Jefferson Dr|Franklin|VA|21835-8794|02-Mar-2003|4683|VA001906
WILLIAM|ANDERSON|william.anderson20@outlook.com|551-382-2065|6375 Main St|Marion|RI|97000|09-02-1984|1461|VA001907
CHRISTOPHER|ALLEN|christopher.allen41@icloud.com|+18879544053|1146 Washington St|Dayton|TX|10651|07/13/1951|8829|VA001908
ASHLEY|WRIGHT|ashley.wright20@aol.com|369.508.9423|7878 Park Blvd|Dayton|il|28639-9269|1960-02-08|7754|VA001909
JOSEPH|MARTIN|joseph.martin97@aol.com|(505) 637-9992|7896 Jefferson Dr|Oxford|HI|41595|28-Sep-1973|4781|VA001910
SUSAN|TAYLOR|susan.taylor20@icloud.com|3967186555|7766 Cedar Ln|Franklin|Flo.|58357|02-24-1980|4522|VA001911
RICHARD|GARCIA|richard.garcia39@outlook.com|327-745-1970|3073 Sunset Blvd|Manchester|ND|79186-5762|04/23/1946|5766|VA001912
MARK|KING|mark.king93@outlook.com|+12983058813|7645 Sunset Blvd|Greenville|ri|46478|1954-08-22|1032|VA001913
CHARLES|YOUNG|charles.young32@hotmail.com|518.569.2532|9677 Oak Ave|Salem|IN|30240|22-Mar-1971|9809|VA001914
KAREN|SCOTT|karen.scott97@outlook.com|(476) 556-2755|7295 River Dr|Manchester|SC|80763-8961|10-03-1963|9206|VA001915
MARK|BAKER|mark.baker60@yahoo.com|8082801505|6080 Main St|Springfield|WA|37603|01/17/1988|3311|VA001916
JOHN|THOMPSON|john.thompson6@yahoo.com|477-892-5298|6888 Cedar Ln|Madison|md|61098|2003-03-12|9919|VA001917
ANTHONY|WILLIAMS||+19005163145|5473 Park Blvd|Dayton|NJ|73102-2292|14-Jul-1997|7710|VA001918
CHARLES|NELSON|charles.nelson24@gmail.com|384.964.7770|9317 Lincoln Ave|Marion|AL|22537|11-16-1963|4020|VA001919
THOMAS|MARTIN|thomas.martin60@aol.com|(837) 758-3069|9636 Sunset Blvd|Madison|OH|24215|02/05/1979|9611|VA001920
MARY|HALL||3734234082|1466 Lincoln Ave|Arlington|ma|27436-1008|1966-12-15|1238|VA001921
NANCY|HARRIS|nancy.harris24@hotmail.com|691-675-6256|4266 Washington St|Georgetown|OK|92278|31-Oct-1963|8927|VA001922
JENNIFER|WALKER|jennifer.walker24@outlook.com|+16567913921|3044 River Dr|Marion|ND|33486|03-18-1986|5576|VA001923
CHRISTOPHER|HILL|christopher.hill87@aol.com|799.357.9528|5606 Sunset Blvd|Fairview|IL|98491-9565|01/23/1990|9129|VA001924
DANIEL|WHITE|daniel.white92@aol.com|(284) 413-6976|1635 Valley Ln|Manchester|ak|62641|1994-12-10|4840|VA001925
WILLIAM|NELSON|william.nelson69@outlook.com|5406849569|3933 Park Blvd|Clinton|MN|51328|23-Mar-1951|9443|VA001926
JOHN|ADAMS|john.adams60@icloud.com|585-293-5929|2609 River Dr|Manchester|NE|28160-8510|07-17-1966|6008|VA001927
RICHARD|JOHNSON|richard.johnson18@aol.com|+17963105192|8283 Valley Ln|Springfield|GA|46494|08/08/1953|4352|VA001928
KAREN|WALKER|karen.walker63@gmail.com|442.828.8356|7339 Park Blvd|Oxford|az|97802|1990-03-03|8218|VA001929
LINDA|HALL||(525) 641-6143|5569 Lake Rd|Springfield|NV|62653-4750|04-Jun-2001|9077|VA001930
ANTHONY|HALL|anthony.hall89@yahoo.com|5449855774|7150 Park Blvd|Manchester|NH|55389|11-10-1999|1278|VA001931
JOSEPH|BAKER|joseph.baker74@aol.com|790-456-7621|6049 Jefferson Dr|Springfield|CO|34418|04/30/1957|6513|VA001932
ASHLEY|BROWN|ashley.brown49@icloud.com|+12124328871|8557 Maple Dr|Burlington|ny|58537-5008|2001-03-21|7721|VA001933
ASHLEY|WILSON|ashley.wilson81@hotmail.com|816.413.5967|4702 Park Blvd|Manchester|NJ|72567|10-May-1952|5219|VA001934
NANCY|ALLEN||(677) 892-9177|3369 Sunset Blvd|Manchester|ID|64225|05-30-1940|7946|VA001935
CHARLES|NGUYEN|charles.nguyen14@yahoo.com|9816194169|6454 Lake Rd|Oxford|NY|33234-2917|11/10/1983|7549|VA001936
LISA|WALKER|lisa.walker54@gmail.com|948-936-4197|2002 Lake Rd|Richmond|hi|53439|1973-06-01|3618|VA001937
ASHLEY|HILL||+13928412547|7069 Lincoln Ave|Fairview|AZ|73445|03-Aug-2004|4886|VA001938
CHRISTOPHER|MILLER|christopher.miller47@outlook.com|341.733.7165|3958 Valley Ln|Georgetown|KS|85539-8499|05-05-1997|2468|VA001939
LISA|KING|lisa.king82@aol.com|(428) 974-1948|9113 Maple Dr|Manchester|ID|68725|12/23/1997|9468|VA001940
NANCY|ALLEN|nancy.allen16@gmail.com|4194721378|234 Sunset Blvd|Greenville|nv|19519|1972-04-09|2066|VA001941
ANTHONY|THOMAS|anthony.thomas9@hotmail.com|426-501-9814|7885 Lake Rd|Greenville|DE|45179-2103|12-Feb-1981|3721|VA001942
LISA|WILSON|lisa.wilson98@outlook.com|+15353654424|6512 Forest Ave|Madison|UT|86651|07-29-1990|1864|VA001943
WILLIAM|TAYLOR|william.taylor35@aol.com|285.325.3214|4598 Hill Rd|Springfield|SC|58795|12/30/1999|1595|VA001944
THOMAS|DAVIS|thomas.davis69@icloud.com|(725) 914-4143|7206 Park Blvd|Madison|oh|84130-4192|1954-11-28|4114|VA001945
ANTHONY|KING|anthony.king83@yahoo.com|7613231082|522 Lake Rd|Salem|NJ|70817|15-Dec-1949|9807|VA001946
JENNIFER|MARTIN|jennifer.martin97@hotmail.com|266-384-5422|5139 Forest Ave|Dayton|RI|40728|11-03-1988|2757|VA001947
CHARLES|WILSON|charles.wilson29@icloud.com|+13707128116|1201 Forest Ave|Marion|TX|11576-5320|10/22/1972|2110|VA001948
DANIEL|WILLIAMS|daniel.williams63@icloud.com|380.436.1691|3867 Main St|Franklin|vt|80374|2003-10-12|1513|VA001949
CHARLES|JOHNSON|charles.johnson46@icloud.com|(591) 375-5992|4435 River Dr|Burlington|ID|29726|14-Mar-1943|2537|VA001950
JAMES|JONES|james.jones3@outlook.com|3416321232|6317 Forest Ave|Madison|VA|23909-8881|09-10-1968|3020|VA001951
ANTHONY|NELSON||582-875-9147|4270 Valley Ln|Dayton|KY|25027|09/21/1981|7928|VA001952
THOMAS|NGUYEN||+16018205871|2111 Oak Ave|Franklin|wv|76750|1983-04-11|6036|VA001953
BARBARA|WALKER|barbara.walker69@gmail.com|210.439.4945|5593 Cedar Ln|Springfield|AK|39600-9655|13-Jul-1965|9806|VA001954
LISA|YOUNG|lisa.young23@icloud.com|(706) 395-8100|6031 Maple Dr|Dayton|VT|97597|07-09-1990|4351|VA001955
BETTY|JOHNSON|betty.johnson64@yahoo.com|3466747818|1182 Valley Ln|Dayton|RI|15344|03/31/1961|8332|VA001956
JOSEPH|ADAMS|joseph.adams67@yahoo.com|946-419-6022|1441 Sunset Blvd|Richmond|id|34671-3493|1957-06-29|4263|VA001957
DANIEL|THOMPSON|daniel.thompson76@outlook.com|+17204623177|8097 Lake Rd|Burlington|OK|48360|09-Aug-2000|7359|VA001958
MICHAEL|THOMAS|michael.thomas86@icloud.com|416.996.5054|1033 Cedar Ln|Clinton|WV|63748|09-21-1959|9311|VA001959
WILLIAM|MILLER|william.miller40@hotmail.com|(332) 306-1710|6740 Lake Rd|Franklin|AZ|12727-6710|05/25/1966|7473|VA001960
KAREN|TORRES|karen.torres87@aol.com|4485483853|2562 Lake Rd|Richmond|pa|97209|1949-12-16|1082|VA001961
KAREN|HILL|karen.hill61@hotmail.com|943-461-1099|2671 River Dr|Fairview|MD|43803|29-Jun-1980|1570|VA001962
RICHARD|KING|richard.king88@gmail.com|+14475819008|9733 Forest Ave|Greenville|NM|86923-7224|06-18-1989|6730|VA001963
ANTHONY|JACKSON|anthony.jackson56@yahoo.com|213.474.5876|8200 Sunset Blvd|Fairview|OK|46306|08/29/1984|1391|VA001964
SUSAN|HILL|susan.hill47@outlook.com|(933) 896-1243|3148 Sunset Blvd|Franklin|tn|93326|1988-09-01|7740|VA001965
MARK|NGUYEN||4946297007|3725 Lake Rd|Greenville|California|95902-3275|08-Mar-1984|2012|VA001966
WILLIAM|ANDERSON|william.anderson7@yahoo.com|335-365-8266|7922 River Dr|Dayton|AL|26990|08-05-1948|1890|VA001967
CHARLES|WILLIAMS|charles.williams4@hotmail.com|+16975875461|4634 Valley Ln|Dayton|NJ|47236|01/21/1983|1112|VA001968
LISA|HILL|lisa.hill61@aol.com|928.875.3462|6484 Jefferson Dr|Greenville|ut|34872-3711|1958-04-29|6950|VA001969
ROBERT|DAVIS|robert.davis48@hotmail.com|(340) 877-3391|3368 Sunset Blvd|Dayton|CO|72582|15-Jan-2001|9181|VA001970
MICHAEL|HALL|michael.hall44@outlook.com|7896255450|7292 Lincoln Ave|Madison|Cal.|35014|02-28-1961|2146|VA001971
CHRISTOPHER|HARRIS|christopher.harris46@aol.com|828-205-1589|1227 River Dr|Salem|OK|12089-1397|06/13/1979|4353|VA001972
ANTHONY|ALLEN||+19972291978|5304 Valley Ln|Springfield|ma|47572|1971-06-18|2856|VA001973
KAREN|BAKER|karen.baker5@icloud.com|656.410.8365|403 Washington St|Clinton|ND|53249|20-Nov-1951|9463|VA001974
MICHAEL|ADAMS|michael.adams9@aol.com|(816) 464-5477|3065 Maple Dr|Fairview|WA|41141-9355|10-11-1968|5695|VA001975
DAVID|WHITE|david.white33@hotmail.com|2852132656|7956 Cedar Ln|Oxford|NY|39017|01/10/1993|8106|VA001976
MICHAEL|GARCIA|michael.garcia30@icloud.com|246-950-3939|3209 Jefferson Dr|Fairview|il|27383|1966-06-19|8550|VA001977
MARK|HALL|mark.hall5@outlook.com|+14188784796|1703 Cedar Ln|Georgetown|MT|78618-5264|12-May-1976|5458|VA001978
PATRICIA|THOMAS|patricia.thomas13@hotmail.com|905.715.5247|4008 Valley Ln|Clinton|NH|69829|11-03-1973|3303|VA001979
JOHN|TAYLOR|john.taylor64@yahoo.com|(359) 372-2673|2957 Lincoln Ave|Clinton|HI|25607|04/27/1957|9222|VA001980
JOHN|YOUNG||5286751285|6905 Maple Dr|Dayton|nj|24860-4279|1964-01-24|8686|VA001981
PATRICIA|SCOTT|patricia.scott73@aol.com|454-372-2719|9321 Lincoln Ave|Marion|SD|45579|16-Dec-1992|3277|VA001982
DAVID|BAKER|david.baker39@yahoo.com|+14695427912|6585 Forest Ave|Greenville|SC|33416|05-14-1991|1898|VA001983
JOHN|YOUNG|john.young38@hotmail.com|595.760.3638|1586 River Dr|Fairview|MO|27061-7484|08/21/1993|8998|VA001984
BARBARA|JONES|barbara.jones99@yahoo.com|(464) 713-6392|4954 Hill Rd|Madison|ga|17853|1958-10-18|6230|VA001985
LISA|TORRES|lisa.torres20@hotmail.com|6875332303|3585 Park Blvd|Madison|AR|81952|15-Sep-1986|5062|VA001986
CHARLES|BROWN|charles.brown32@gmail.com|484-247-6177|9916 Lake Rd|Georgetown|NH|21469-7956|08-10-1960|5015|VA001987
NANCY|TORRES||+16903904394|4187 Oak Ave|Burlington|NM|62027|09/27/1972|7523|VA001988
LINDA|JACKSON||719.861.2455|9278 Washington St|Franklin|ak|49472|1980-07-16|7327|VA001989
RICHARD|KING|richard.king50@yahoo.com|(669) 425-2081|4563 Sunset Blvd|Oxford|MS|15759-7972|15-Jan-1946|4580|VA001990
BETTY|THOMAS|betty.thomas89@gmail.com|4788749462|5083 Washington St|Clinton|AK|18253|11-18-1990|2755|VA001991
BARBARA|JOHNSON|barbara.johnson10@yahoo.com|788-459-6726|1878 Main St|Georgetown|MI|23017|12/04/1981|8916|VA001992
MATTHEW|WILSON|matthew.wilson58@gmail.com|+18558623403|1572 Lincoln Ave|Salem|al|45331-2798|1979-07-20|2007|VA001993
SUSAN|NELSON|susan.nelson39@outlook.com|852.219.8882|2558 Oak Ave|Salem|NV|87929|19-Feb-1997|6957|VA001994
BARBARA|WHITE|barbara.white18@gmail.com|(814) 829-8959|8373 Sunset Blvd|Georgetown|NV|54950|08-14-1996|3051|VA001995
CHRISTOPHER|BROWN|christopher.brown39@hotmail.com|9553576943|817 Valley Ln|Richmond|UT|60030-5788|12/11/1991|4147|VA001996
BARBARA|WRIGHT|barbara.wright81@hotmail.com|597-929-6090|6388 Forest Ave|Richmond|tx|75438|1998-07-26|5850|VA001997
MICHAEL|WILLIAMS|michael.williams89@gmail.com|+12907037538|9844 Cedar Ln|Franklin|DE|14396|28-Apr-1960|2787|VA001998
LISA|JONES|lisa.jones70@hotmail.com|838.818.8349|3085 Park Blvd|Clinton|IA|76858-8534|02-20-1950|9806|VA001999
KAREN|HALL|karen.hall53@hotmail.com|(409) 834-8492|9448 Lincoln Ave|Springfield|AZ|52048|02/28/1981|9829|VA002000
LINDA|ADAMS||6355003069|1201 Lincoln Ave|Franklin|nv|77005|1963-06-24|7559|VA002001
CHARLES|YOUNG|charles.young75@yahoo.com|257-848-8047|21 Jefferson Dr|Marion|LA|35817-7280|25-Jul-1985|3420|VA002002
JESSICA|HILL|jessica.hill36@yahoo.com|+15612401543|5864 River Dr|Dayton|AK|17812|05-24-1995|7249|VA002003
MARGARET|HILL|margaret.hill35@outlook.com|484.452.7684|7880 Sunset Blvd|Franklin|NM|20134|06/05/1960|7449|VA002004
BETTY|BROWN|betty.brown20@icloud.com|(618) 254-5303|8951 Lake Rd|Burlington|nd|84351-4346|1977-10-09|6340|VA002005
BETTY|WALKER|betty.walker3@aol.com|6933685195|2654 Jefferson Dr|Marion|California|67547|05-Jun-1993|7174|VA002006
WILLIAM|NELSON|william.nelson73@hotmail.com|826-482-7511|3338 River Dr|Marion|OK|73238|01-13-1956|7065|VA002007
NANCY|KING|nancy.king92@hotmail.com|+14383802475|3075 Washington St|Arlington|NM|82710-5901|05/16/1943|8858|VA002008
WILLIAM|DAVIS|william.davis64@icloud.com|949.654.8601|3436 Main St|Oxford|nv|87811|1954-02-19|9361|VA002009
DANIEL|HARRIS|daniel.harris26@aol.com|(943) 959-3986|4928 Cedar Ln|Marion|Georgia|18392|23-Jan-1965|8080|VA002010
JOSEPH|GARCIA|joseph.garcia97@aol.com|3258592191|4530 Oak Ave|Clinton|Nor.|84223-5460|07-02-1970|1608|VA002011
THOMAS|KING|thomas.king32@icloud.com|616-772-1848|6314 Cedar Ln|Georgetown|NC|55979|10/21/1959|1310|VA002012
ASHLEY|DAVIS|ashley.davis9@aol.com|+19732162448|8154 Forest Ave|Marion|wi|76500|1968-07-13|5979|VA002013
ROBERT|THOMAS|robert.thomas79@outlook.com|880.486.1273|1977 Washington St|Georgetown|CT|74430-8593|30-Nov-1996|3040|VA002014
RICHARD|GARCIA|richard.garcia84@gmail.com|(367) 290-4608|1831 Oak Ave|Clinton|NJ|83924|01-26-1971|5753|VA002015
RICHARD|JONES||9344902267|3028 Jefferson Dr|Arlington|KS|10580|02/16/1966|3518|VA002016
JOSEPH|WHITE|joseph.white26@icloud.com|988-471-2583|9474 Main St|Marion|ne|55013-7606|1970-12-11|3933|VA002017
ANTHONY|WILSON|anthony.wilson98@yahoo.com|+18174635064|9144 Lake Rd|Burlington|HI|30351|31-Oct-1940|8705|VA002018
ROBERT|SMITH|robert.smith95@hotmail.com|856.343.8139|5093 Lake Rd|Arlington|MA|34254|05-02-1946|9044|VA002019
JAMES|WILLIAMS||(847) 914-7700|4836 Lincoln Ave|Fairview|RI|25780-7877|11/07/1969|8087|VA002020
KAREN|THOMAS|karen.thomas50@gmail.com|9775943330|7152 River Dr|Arlington|va|32029|1954-03-09|6203|VA002021
CHARLES|TAYLOR|charles.taylor5@outlook.com|923-764-2995|2909 Jefferson Dr|Salem|MN|62650|05-Feb-1948|1175|VA002022
BETTY|ADAMS||+13532296038|9204 Valley Ln|Springfield|NM|84193-7845|06-02-1993|1756|VA002023
JESSICA|HALL|jessica.hall99@aol.com|795.959.3929|928 Jefferson Dr|Springfield|MI|82071|12/09/1954|1825|VA002024
JOSEPH|JACKSON|joseph.jackson7@hotmail.com|(743) 480-6018|4252 Main St|Clinton|nc|44828|1968-02-09|7941|VA002025
PATRICIA|JONES|patricia.jones86@icloud.com|5375865003|9347 Main St|Marion|IA|84592-1673|20-Nov-1996|8110|VA002026
RICHARD|WRIGHT|richard.wright72@yahoo.com|491-318-4336|6710 Sunset Blvd|Dayton|IN|43839|03-18-2000|2895|VA002027
RICHARD|HARRIS|richard.harris20@outlook.com|+16758052083|9225 Oak Ave|Arlington|OR|59829|03/12/1940|2062|VA002028
DAVID|MARTIN|david.martin88@hotmail.com|439.842.8625|5159 Jefferson Dr|Franklin|id|29794-9287|1941-01-25|8942|VA002029
ASHLEY|JONES|ashley.jones59@outlook.com|(535) 778-2084|6202 Valley Ln|Marion|North Carolina|82505|13-Oct-1977|4060|VA002030
MARY|WILSON|mary.wilson45@icloud.com|3265239332|2890 Washington St|Marion|MD|39022|03-01-1975|6405|VA002031
BETTY|MARTIN|betty.martin54@outlook.com|238-977-5952|8516 Valley Ln|Richmond|LA|85878-7112|04/24/1944|7303|VA002032
MICHAEL|TAYLOR|michael.taylor49@aol.com|+13605835170|9021 Oak Ave|Greenville|wi|21013|1966-06-21|8282|VA002033
ASHLEY|JACKSON|ashley.jackson22@outlook.com|218.713.9885|6572 Valley Ln|Dayton|Georgia|11691|01-Apr-1961|3670|VA002034
MICHAEL|BAKER|michael.baker14@hotmail.com|(443) 293-1718|4308 Sunset Blvd|Fairview|AK|81061-1554|07-12-1942|5769|VA002035
PATRICIA|BAKER|patricia.baker50@hotmail.com|6947644087|9367 Oak Ave|Richmond|FL|87362|08/16/1971|7495|VA002036
JENNIFER|ALLEN|jennifer.allen50@aol.com|845-986-3970|7825 Cedar Ln|Madison|hi|78622|1990-07-30|1962|VA002037
BETTY|THOMAS|betty.thomas41@yahoo.com|+17479037300|7605 Main St|Madison|CO|23259-1169|13-Dec-1977|8442|VA002038
MARK|KING|mark.king35@outlook.com|906.210.7813|6778 River Dr|Madison|Ill.|73991|09-26-1962|1170|VA002039
MARY|KING|mary.king51@outlook.com|(301) 674-3421|4197 Oak Ave|Georgetown|HI|30566|09/11/2003|1584|VA002040
WILLIAM|HALL||5249611557|3162 Washington St|Richmond|ri|69078-6174|1986-12-31|6134|VA002041
MICHAEL|WRIGHT|michael.wright70@yahoo.com|421-209-8420|1702 Park Blvd|Richmond|WI|91444|18-Oct-1965|6764|VA002042
MARK|MILLER|mark.miller71@hotmail.com|+14129882071|2941 Main St|Dayton|Nor.|12876|12-20-1997|4293|VA002043
THOMAS|NELSON|thomas.nelson84@yahoo.com|580.502.6163|6941 Jefferson Dr|Marion|ME|70249-4668|04/13/1993|2537|VA002044
SARAH|JONES|sarah.jones89@yahoo.com|(779) 247-1644|7871 Maple Dr|Franklin|in|67478|1985-07-28|9121|VA002045
DANIEL|NELSON||7143085748|4938 Valley Ln|Franklin|ME|67367|21-Mar-1974|7473|VA002046
CHRISTOPHER|WRIGHT||428-312-6416|7719 Park Blvd|Marion|VT|31874-1391|11-28-1987|1396|VA002047
BETTY|MARTIN|betty.martin19@outlook.com|+13549236931|752 Valley Ln|Manchester|MO|19638|01/01/1993|4872|VA002048
MARY|KING|mary.king43@hotmail.com|750.633.3073|5419 Lincoln Ave|Georgetown|id|86913|1954-05-31|7891|VA002049
JOHN|KING|john.king17@outlook.com|(261) 579-3362|4644 Forest Ave|Dayton|SC|99618-6017|18-Mar-1967|4262|VA002050
THOMAS|WRIGHT|thomas.wright82@hotmail.com|3343187760|7146 Park Blvd|Arlington|AR|63328|12-28-1970|8398|VA002051
RICHARD|SMITH|richard.smith78@icloud.com|536-694-8227|6119 Maple Dr|Burlington|NV|64884|04/19/1990|5745|VA002052
PATRICIA|BROWN|patricia.brown58@hotmail.com|+14275692329|1357 Main St|Salem|wv|84780-7259|1965-03-28|1073|VA002053
ROBERT|YOUNG||454.354.6818|3295 Hill Rd|Fairview|MT|19280|28-Sep-1965|5382|VA002054
ANTHONY|DAVIS|anthony.davis10@gmail.com|(540) 768-5137|3332 Jefferson Dr|Burlington|AZ|24959|09-14-1960|2030|VA002055
BARBARA|YOUNG|barbara.young62@outlook.com|5855141346|4455 Sunset Blvd|Oxford|NV|92665-3215|01/31/1991|7033|VA002056
THOMAS|WRIGHT|thomas.wright63@hotmail.com|631-794-7268|2611 Washington St|Manchester|ne|56411|1992-07-01|6086|VA002057
ROBERT|BAKER|robert.baker34@hotmail.com|+16229946101|1687 Washington St|Clinton|WY|24541|12-Jan-1999|7231|VA002058
CHARLES|GARCIA|charles.garcia56@icloud.com|971.926.4832|9518 Hill Rd|Georgetown|VT|34285-2529|09-11-1959|2694|VA002059
CHARLES|GARCIA|charles.garcia41@yahoo.com|(632) 611-8128|7130 Maple Dr|Georgetown|MO|13628|11/08/1970|4732|VA002060
PATRICIA|JOHNSON|patricia.johnson50@icloud.com|7057165083|4374 Lake Rd|Madison|mt|14894|1967-01-11|2545|VA002061
DAVID|NELSON|david.nelson58@hotmail.com|432-437-4822|8504 Park Blvd|Dayton|OR|63366-9668|02-Dec-2002|6610|VA002062
PATRICIA|WRIGHT|patricia.wright37@hotmail.com|+19849027920|4854 Lake Rd|Clinton|VA|21268|06-14-1973|7290|VA002063
LISA|YOUNG|lisa.young86@icloud.com|844.544.5074|5754 Washington St|Salem|VA|27074|05/22/1952|9303|VA002064
ASHLEY|WILLIAMS|ashley.williams93@outlook.com|(511) 645-2888|1861 Forest Ave|Dayton|ar|82410-1282|1980-07-26|1176|VA002065
NANCY|ANDERSON||5095994564|8099 River Dr|Georgetown|SD|40519|07-Jan-1967|6067|VA002066
ASHLEY|KING|ashley.king76@hotmail.com|450-840-8991|4660 Forest Ave|Georgetown|AR|66311|09-02-1958|7590|VA002067
ASHLEY|HILL|ashley.hill25@aol.com|+15996203585|1927 Park Blvd|Marion|OH|38183-3253|10/16/1985|6444|VA002068
NANCY|KING|nancy.king80@icloud.com|576.583.8792|7459 Sunset Blvd|Manchester|hi|14559|1944-03-17|6261|VA002069
SARAH|HALL|sarah.hall23@icloud.com|(328) 821-5653|5418 Cedar Ln|Franklin|OR|63142|10-May-2003|6199|VA002070
NANCY|YOUNG||7416208772|3332 Cedar Ln|Madison|MT|68898-7117|07-31-1983|9487|VA002071
ANTHONY|JONES||905-778-7660|92 Park Blvd|Burlington|IN|83716|11/05/1983|9938|VA002072
BETTY|JONES|betty.jones16@yahoo.com|+14097004822|9503 Valley Ln|Greenville|al|23708|1979-03-12|1319|VA002073
DANIEL|WHITE|daniel.white43@icloud.com|741.685.1255|3169 Forest Ave|Richmond|WI|59989-7765|14-May-1983|5681|VA002074
MARGARET|GARCIA|margaret.garcia9@aol.com|(810) 534-2246|2144 Forest Ave|Burlington|OR|28163|01-05-1957|8276|VA002075
CHARLES|SCOTT|charles.scott21@gmail.com|5373326911|9398 Jefferson Dr|Clinton|CO|69189|03/08/1996|1576|VA002076
CHRISTOPHER|BAKER|christopher.baker40@hotmail.com|856-729-4717|9122 Cedar Ln|Springfield|il|39081-3481|1975-01-24|2523|VA002077
BARBARA|WILSON|barbara.wilson39@hotmail.com|+13505486304|2580 Maple Dr|Marion|Georgia|73196|10-Feb-1947|5284|VA002078
BETTY|DAVIS|betty.davis72@hotmail.com|929.891.6263|9080 Lake Rd|Greenville|ID|86605|12-25-1999|6001|VA002079
THOMAS|JACKSON|thomas.jackson83@yahoo.com|(489) 528-3219|7339 Lincoln Ave|Fairview|ME|92095-4710|03/31/1978|7623|VA002080
CHARLES|JACKSON|charles.jackson16@aol.com|6946406696|8262 Hill Rd|Clinton|tx|13491|2003-04-02|9977|VA002081
SARAH|WRIGHT|sarah.wright63@gmail.com|958-434-3054|5814 River Dr|Greenville|SC|29075|19-Mar-2002|9612|VA002082
LINDA|NELSON|linda.nelson94@hotmail.com|+13862323653|1294 Hill Rd|Manchester|NV|76212-1749|11-04-1977|8595|VA002083
KAREN|WILLIAMS||964.744.3662|9412 Cedar Ln|Franklin|NE|15143|01/13/1989|1852|VA002084
THOMAS|HALL|thomas.hall80@icloud.com|(280) 750-7859|4630 Lincoln Ave|Marion|vt|47022|1946-10-21|3879|VA002085
MARK|ALLEN|mark.allen72@icloud.com|9204098925|1685 River Dr|Franklin|CT|57947-5921|15-Apr-1986|7377|VA002086
MATTHEW|WILLIAMS|matthew.williams25@hotmail.com|211-939-1753|3012 Cedar Ln|Springfield|NH|86383|01-08-1958|2687|VA002087
JENNIFER|WILSON|jennifer.wilson49@aol.com|+14293158218|2620 Valley Ln|Madison|NH|66784|09/05/1961|1087|VA002088
JENNIFER|MARTIN|jennifer.martin86@gmail.com|516.791.9028|8678 Jefferson Dr|Springfield|mi|52338-7659|1944-03-09|2745|VA002089
MICHAEL|JONES|michael.jones68@gmail.com|(933) 314-1189|1940 Lincoln Ave|Clinton|Georgia|24966|04-Jul-1994|9523|VA002090
CHARLES|TAYLOR||9953957769|8214 Lake Rd|Franklin|KS|46833|04-01-1994|9779|VA002091
JOHN|ADAMS|john.adams94@hotmail.com|462-243-2617|6458 Lincoln Ave|Arlington|WA|54932-9604|06/13/2002|5260|VA002092
MICHAEL|ALLEN|michael.allen20@hotmail.com|+18444615405|214 Sunset Blvd|Salem|ks|93289|1949-01-30|8926|VA002093
SUSAN|NGUYEN||212.646.4827|3056 Oak Ave|Georgetown|AK|77299|24-Jan-1964|9043|VA002094
KAREN|BAKER|karen.baker40@gmail.com|(530) 325-6859|2660 Lincoln Ave|Arlington|Mic.|67330-6072|05-01-2002|8152|VA002095
SANDRA|JONES|sandra.jones42@gmail.com|4349109651|2658 River Dr|Arlington|MI|79161|11/22/1948|8087|VA002096
LISA|YOUNG|lisa.young12@yahoo.com|406-310-3525|5496 River Dr|Manchester|vt|82458|1940-04-29|7300|VA002097
MARK|WILSON|mark.wilson40@icloud.com|+18985661316|1400 Valley Ln|Salem|OR|88003-6848|26-Jan-1982|3910|VA002098
JENNIFER|ADAMS|jennifer.adams15@hotmail.com|809.743.8510|5553 Forest Ave|Clinton|AR|72641|04-16-1952|4773|VA002099
WILLIAM|WHITE|william.white38@outlook.com|(609) 576-9779|4541 Hill Rd|Burlington|WA|82659|12/16/1968|5896|VA002100
RICHARD|ANDERSON|richard.anderson78@aol.com|8302718518|4518 Main St|Oxford|az|66390-9332|1981-07-30|6459|VA002101
PATRICIA|KING|patricia.king99@yahoo.com|493-409-5345|4510 Main St|Burlington|NJ|13516|14-Feb-1986|1329|VA002102
WILLIAM|ANDERSON|william.anderson70@aol.com|+14817032942|4231 Sunset Blvd|Fairview|MN|19599|09-24-1955|1219|VA002103
MATTHEW|ANDERSON||594.409.4594|5998 Oak Ave|Richmond|KS|10164-4523|12/05/1960|6021|VA002104
THOMAS|THOMAS|thomas.thomas19@hotmail.com|(706) 934-5437|8220 Jefferson Dr|Greenville|ga|75786|1956-01-11|2185|VA002105
JESSICA|BAKER|jessica.baker3@hotmail.com|6386803904|6176 Washington St|Franklin|RI|12567|29-Jan-1980|3713|VA002106
MARGARET|MILLER||493-897-5918|9107 Oak Ave|Franklin|CO|83636-1283|11-15-1972|7979|VA002107
ASHLEY|ALLEN|ashley.allen30@yahoo.com|+18184001154|9648 Cedar Ln|Clinton|NJ|64744|03/12/1942|8308|VA002108
CHRISTOPHER|WILSON|christopher.wilson4@yahoo.com|260.667.4886|3958 Hill Rd|Marion|ny|41424|1946-03-21|7696|VA002109
ASHLEY|SMITH|ashley.smith52@icloud.com|(973) 967-5948|2575 Lincoln Ave|Springfield|SD|24279-6120|27-Dec-1978|3700|VA002110
MICHAEL|WILSON|michael.wilson12@yahoo.com|2182365975|3962 River Dr|Arlington|Geo.|58758|08-01-1997|7405|VA002111
ANTHONY|SMITH|anthony.smith72@icloud.com|239-662-2914|9979 Lincoln Ave|Dayton|MS|65176|07/10/1942|6632|VA002112
CHRISTOPHER|BROWN|christopher.brown91@yahoo.com|+17937107751|1075 Main St|Georgetown|nh|35885-4503|1966-12-18|8249|VA002113
SUSAN|KING||917.978.9827|1939 Maple Dr|Arlington|Texas|51223|11-Nov-1950|2426|VA002114
SARAH|HILL|sarah.hill12@yahoo.com|(829) 644-8035|6610 River Dr|Salem|MO|10611|05-21-1943|9745|VA002115
NANCY|THOMPSON||8902338608|5025 River Dr|Marion|HI|36920-4916|09/11/1982|1085|VA002116
PATRICIA|THOMPSON|patricia.thompson94@icloud.com|559-440-1870|9276 Hill Rd|Madison|ia|93062|1956-10-12|2229|VA002117
PATRICIA|NGUYEN|patricia.nguyen84@yahoo.com|+17832186190|1841 Maple Dr|Georgetown|Georgia|77149|19-Oct-2003|7251|VA002118
SARAH|KING|sarah.king75@outlook.com|699.331.7953|2683 Valley Ln|Salem|NH|71981-4137|12-14-1971|1222|VA002119
ANTHONY|TORRES|anthony.torres82@hotmail.com|(419) 310-8006|4879 Forest Ave|Springfield|MS|90071|10/24/1996|5317|VA002120
LINDA|WRIGHT|linda.wright7@aol.com|7534334855|1663 Hill Rd|Fairview|oh|13625|1950-11-18|7472|VA002121
MARK|BROWN|mark.brown99@outlook.com|387-659-4008|9132 Cedar Ln|Clinton|NE|18919-1830|30-Jun-1949|4591|VA002122
KAREN|TORRES|karen.torres1@yahoo.com|+13928058712|1256 Lake Rd|Georgetown|KS|74638|03-23-1977|2368|VA002123
JOHN|ADAMS|john.adams18@gmail.com|673.820.5259|2579 Sunset Blvd|Manchester|VT|77487|08/15/1948|9133|VA002124
MARGARET|THOMPSON|margaret.thompson94@yahoo.com|(207) 424-7031|8428 Oak Ave|Manchester|ks|90887-3769|1996-06-26|8283|VA002125
NANCY|JONES|nancy.jones42@outlook.com|8569258842|8764 Park Blvd|Georgetown|AK|60192|11-May-1984|1519|VA002126
DANIEL|THOMPSON|daniel.thompson18@hotmail.com|813-323-5561|5048 Washington St|Georgetown|Ohi.|11937|08-23-1991|4888|VA002127
JENNIFER|BROWN|jennifer.brown31@hotmail.com|+17469541916|3595 Valley Ln|Richmond|MO|56504-6871|08/02/1955|3885|VA002128
JOSEPH|THOMAS|joseph.thomas26@gmail.com|999.449.4414|5126 Sunset Blvd|Arlington|ak|23809|1955-12-28|4729|VA002129
LISA|ADAMS|lisa.adams23@outlook.com|(465) 398-1798|2771 Cedar Ln|Salem|Florida|22250|25-Apr-1982|2419|VA002130
LINDA|WILSON|linda.wilson40@icloud.com|9268585511|6944 River Dr|Richmond|MN|70161-6641|08-10-1962|4575|VA002131
CHRISTOPHER|JACKSON|christopher.jackson83@aol.com|260-261-7726|8560 Park Blvd|Franklin|WI|99721|11/03/1946|8001|VA002132
JOSEPH|JONES|joseph.jones71@yahoo.com|+13457386047|9041 Valley Ln|Arlington|il|56449|1990-10-24|9241|VA002133
JAMES|NGUYEN|james.nguyen15@hotmail.com|381.758.9438|67 Washington St|Madison|OR|24982-1441|20-Apr-1954|2978|VA002134
MARY|GARCIA|mary.garcia92@hotmail.com|(832) 286-7431|1526 Main St|Burlington|WI|21061|10-20-1993|6561|VA002135
MARY|SCOTT|mary.scott33@icloud.com|3315458384|9166 Main St|Madison|RI|68552|10/08/1999|8054|VA002136
BARBARA|TORRES|barbara.torres68@hotmail.com|892-540-8999|3282 Lincoln Ave|Fairview|mo|68472-6945|1979-11-11|8039|VA002137
LISA|NELSON||+12617054742|8486 Sunset Blvd|Arlington|LA|26544|07-Dec-1979|1740|VA002138
LISA|DAVIS|lisa.davis78@hotmail.com|216.354.1118|130 Jefferson Dr|Richmond|MA|34249|12-27-1992|6577|VA002139
SANDRA|HILL||(727) 523-9120|5105 Forest Ave|Madison|NV|51200-5109|04/06/1978|4178|VA002140
MARK|BROWN|mark.brown85@yahoo.com|4884839682|8776 Oak Ave|Oxford|id|90757|1948-02-24|8668|VA002141
CHRISTOPHER|WALKER|christopher.walker26@hotmail.com|702-648-5687|3695 Cedar Ln|Burlington|HI|66893|01-Jun-1987|4150|VA002142
MATTHEW|GARCIA||+12776063022|3382 Jefferson Dr|Franklin|NM|69006-1547|07-19-1993|1242|VA002143
JOHN|WILLIAMS|john.williams78@outlook.com|545.362.3104|1818 Park Blvd|Fairview|MI|53027|07/16/1944|5672|VA002144
JENNIFER|BROWN||(615) 670-4805|3458 Hill Rd|Arlington|az|65023|1974-06-29|6437|VA002145
JESSICA|JACKSON|jessica.jackson73@aol.com|7027529833|7851 Oak Ave|Burlington|ME|75034-9753|18-Aug-1967|5570|VA002146
CHRISTOPHER|KING|christopher.king38@yahoo.com|639-254-9141|7965 Jefferson Dr|Manchester|MS|48644|09-24-1987|5135|VA002147
JOHN|JONES||+18148862326|4302 Sunset Blvd|Oxford|VA|87294|03/22/1971|3116|VA002148
JAMES|NELSON|james.nelson58@hotmail.com|290.935.6922|65 Forest Ave|Greenville|ia|78582-5611|1998-09-20|6543|VA002149
BETTY|WILLIAMS|betty.williams67@gmail.com|(747) 463-4952|8528 Hill Rd|Arlington|California|60150|10-Jul-1988|6094|VA002150
CHRISTOPHER|JOHNSON|christopher.johnson6@yahoo.com|3175532771|5884 Valley Ln|Burlington|NV|54541|07-10-1989|4126|VA002151
JENNIFER|SCOTT|jennifer.scott79@outlook.com|448-987-6015|6522 Sunset Blvd|Burlington|CO|11265-6027|09/03/2000|9928|VA002152
DAVID|WALKER|david.walker77@aol.com|+15115201678|6998 Lincoln Ave|Georgetown|vt|53867|1950-02-28|3529|VA002153
CHARLES|HALL|charles.hall41@aol.com|801.422.9416|7340 Sunset Blvd|Arlington|North Carolina|80094|02-Nov-1986|6247|VA002154
SANDRA|ALLEN||(899) 629-1011|6515 Maple Dr|Greenville|MD|13739-3039|04-10-1941|8330|VA002155
SARAH|WRIGHT|sarah.wright55@icloud.com|6837866979|8068 Lake Rd|Dayton|NJ|23628|05/10/1985|8098|VA002156
LISA|HARRIS|lisa.harris86@gmail.com|398-583-7259|5649 Oak Ave|Franklin|ne|88395|1994-01-07|9209|VA002157
MARGARET|ALLEN|margaret.allen53@gmail.com|+15415584478|186 Sunset Blvd|Fairview|VT|46913-5258|28-Oct-1962|2111|VA002158
DANIEL|MARTIN|daniel.martin61@aol.com|670.726.7892|8123 Lincoln Ave|Georgetown|WV|36702|10-06-2001|7270|VA002159
KAREN|YOUNG|karen.young4@outlook.com|(792) 873-7598|5107 Washington St|Dayton|AZ|42502|03/12/1996|2752|VA002160
MARY|MILLER|mary.miller11@yahoo.com|7473922635|234 Washington St|Springfield|va|32364-6753|1950-08-01|7994|VA002161
MARK|THOMAS||618-345-6919|5345 River Dr|Georgetown|ND|77890|19-Feb-1955|9254|VA002162
SARAH|JONES|sarah.jones31@hotmail.com|+14615438819|2666 Park Blvd|Fairview|Flo.|58711|04-24-2001|8368|VA002163
LISA|DAVIS|lisa.davis84@aol.com|248.615.9314|8505 Valley Ln|Manchester|ND|78739-4279|05/02/1990|4038|VA002164
ROBERT|HILL|robert.hill43@hotmail.com|(529) 912-3096|6365 Hill Rd|Richmond|tn|38042|1991-09-13|6785|VA002165
ASHLEY|DAVIS|ashley.davis84@aol.com|8175666791|2096 Park Blvd|Franklin|TN|94280|28-Nov-1950|1364|VA002166
SARAH|HARRIS|sarah.harris28@icloud.com|822-750-6456|7739 Jefferson Dr|Greenville|NV|29727-2461|09-01-1976|1774|VA002167
JESSICA|NGUYEN|jessica.nguyen5@hotmail.com|+17845844936|6776 Lake Rd|Manchester|WA|13036|06/23/1988|9207|VA002168
MICHAEL|JOHNSON||396.767.9096|6845 Cedar Ln|Manchester|wy|62394|1967-04-12|8524|VA002169
MATTHEW|MILLER|matthew.miller53@outlook.com|(799) 582-7614|1222 Lake Rd|Franklin|AZ|89852-3627|02-Mar-1941|2099|VA002170
SUSAN|NELSON|susan.nelson80@aol.com|3049932231|3651 Cedar Ln|Arlington|SC|47918|05-23-1988|3835|VA002171
MARK|SMITH||591-429-6123|8049 Main St|Manchester|GA|80529|02/07/1976|3015|VA002172
SARAH|WRIGHT|sarah.wright12@outlook.com|+16108836146|508 Lake Rd|Madison|in|47787-2305|1985-12-19|6347|VA002173
MARGARET|THOMAS|margaret.thomas31@icloud.com|334.531.3212|6092 Oak Ave|Franklin|North Carolina|69521|22-Mar-1947|7527|VA002174
DAVID|NELSON|david.nelson15@icloud.com|(410) 934-9008|1490 Hill Rd|Salem|AR|69432|11-02-1951|9409|VA002175
JOSEPH|MARTIN|joseph.martin57@aol.com|3716365894|9204 Maple Dr|Clinton|HI|55687-5783|08/15/1993|9706|VA002176
RICHARD|HILL||322-443-3290|5736 Lake Rd|Georgetown|az|23304|2004-10-17|4916|VA002177
CHRISTOPHER|DAVIS|christopher.davis98@aol.com|+18013939773|4820 Lincoln Ave|Greenville|MA|42397|11-Oct-1944|5588|VA002178
ANTHONY|WRIGHT|anthony.wright38@outlook.com|423.594.6584|9329 Jefferson Dr|Greenville|New.|66409-4064|08-29-1978|2042|VA002179
ASHLEY|MARTIN||(582) 813-2447|3286 Maple Dr|Greenville|NJ|86003|02/04/1985|6144|VA002180
PATRICIA|HARRIS|patricia.harris49@icloud.com|2714093059|8921 Jefferson Dr|Springfield|ak|15992|1949-05-29|6473|VA002181
ANTHONY|THOMAS|anthony.thomas83@gmail.com|464-577-8832|9942 Oak Ave|Marion|VA|58331-5494|23-Oct-1961|2203|VA002182
JOSEPH|TORRES|joseph.torres97@yahoo.com|+13245119990|1518 Maple Dr|Madison|New.|87450|06-18-1973|7979|VA002183
JESSICA|ANDERSON|jessica.anderson46@icloud.com|973.617.1115|3703 Lake Rd|Clinton|MO|26050|09/28/1995|9075|VA002184
SARAH|SCOTT|sarah.scott81@gmail.com|(744) 472-9665|1265 Cedar Ln|Greenville|wv|98275-5701|1978-10-31|8587|VA002185
ANTHONY|MILLER|anthony.miller11@yahoo.com|3079887992|1659 Lincoln Ave|Manchester|TN|69302|22-Aug-1977|3283|VA002186
JOSEPH|KING|joseph.king86@hotmail.com|944-684-9991|2793 Valley Ln|Springfield|VA|53148|12-10-1955|5981|VA002187
KAREN|THOMAS|karen.thomas60@hotmail.com|+18137673627|1129 Hill Rd|Greenville|NH|48754-1332|08/17/1963|9873|VA002188
CHRISTOPHER|HARRIS||430.332.8893|5537 Washington St|Fairview|wa|40115|1970-06-17|8939|VA002189
MARGARET|DAVIS||(569) 971-7089|8207 Sunset Blvd|Dayton|UT|96490|19-Feb-1965|9243|VA002190
WILLIAM|YOUNG|william.young95@aol.com|2812578317|9285 Hill Rd|Fairview|KS|43563-1762|05-22-1956|5015|VA002191
MICHAEL|JACKSON|michael.jackson19@aol.com|600-675-1176|7576 Park Blvd|Greenville|DE|53530|02/14/1962|2097|VA002192
MICHAEL|HALL||+16559199522|5513 Forest Ave|Salem|nc|81829|1965-03-28|7861|VA002193
MARY|ALLEN|mary.allen52@yahoo.com|933.538.9886|1115 Maple Dr|Greenville|MN|80312-3538|11-Jun-1999|9090|VA002194
SUSAN|JACKSON|susan.jackson62@icloud.com|(710) 862-3577|9711 Hill Rd|Dayton|MA|47757|04-14-1998|8385|VA002195
NANCY|WILLIAMS|nancy.williams1@aol.com|7663812303|2752 Forest Ave|Springfield|ID|42034|12/18/1950|9999|VA002196
CHRISTOPHER|TAYLOR|christopher.taylor11@gmail.com|361-455-9460|2132 Jefferson Dr|Oxford|ut|63780-7245|1968-08-27|8397|VA002197
JOHN|JOHNSON||+18297746823|1257 Valley Ln|Greenville|WY|94141|20-Apr-1949|9802|VA002198
ROBERT|SMITH|robert.smith3@gmail.com|898.851.3822|9734 Forest Ave|Marion|AL|65213|03-23-1997|8892|VA002199
BARBARA|WALKER||(539) 483-3573|5936 Washington St|Marion|GA|33292-2050|12/05/1944|4921|VA002200
JESSICA|SMITH|jessica.smith30@gmail.com|3893068295|3492 Forest Ave|Fairview|ks|88061|1983-02-27|1725|VA002201
ANTHONY|TORRES|anthony.torres51@gmail.com|767-398-9474|9686 Maple Dr|Franklin|NV|66103|09-Nov-1953|3119|VA002202
THOMAS|WILLIAMS|thomas.williams20@hotmail.com|+17952826015|9878 Jefferson Dr|Franklin|UT|54497-6473|11-10-1950|8050|VA002203
SANDRA|BAKER||997.390.4884|9919 Sunset Blvd|Richmond|VT|44667|01/05/1941|7764|VA002204
DAVID|YOUNG|david.young60@yahoo.com|(667) 518-6450|1898 Maple Dr|Springfield|tx|29253|1947-12-29|1063|VA002205
JOSEPH|JACKSON|joseph.jackson14@aol.com|9324235176|2945 Washington St|Oxford|AK|11707-1160|20-Mar-1954|5677|VA002206
ANTHONY|ANDERSON|anthony.anderson2@gmail.com|667-247-8236|5380 Valley Ln|Fairview|ME|97231|11-22-1994|6073|VA002207
RICHARD|YOUNG|richard.young43@outlook.com|+18105896522|9685 Hill Rd|Greenville|AK|95530|12/16/1986|8157|VA002208
BETTY|THOMPSON|betty.thompson97@aol.com|942.408.6791|8989 Forest Ave|Salem|ia|58490-4602|1969-01-28|1954|VA002209
JAMES|KING||(497) 397-5140|3312 Forest Ave|Oxford|SD|71413|01-Jan-1967|8787|VA002210
MARGARET|TORRES|margaret.torres77@aol.com|4404414897|2175 Main St|Dayton|OR|55805|06-01-1996|2862|VA002211
JENNIFER|ADAMS|jennifer.adams49@gmail.com|366-484-3695|6045 Forest Ave|Springfield|KS|37904-8862|11/19/1959|3365|VA002212
LISA|WHITE|lisa.white2@icloud.com|+16716291247|1486 Maple Dr|Fairview|mi|55566|1994-04-09|3816|VA002213
JAMES|BROWN|james.brown25@outlook.com|727.234.9423|147 Main St|Richmond|KS|18617|08-Mar-2004|5692|VA002214
ASHLEY|MILLER|ashley.miller16@icloud.com|(972) 690-4974|9903 Washington St|Fairview|MT|41369-5900|07-12-1989|6269|VA002215
RICHARD|DAVIS|richard.davis58@icloud.com|7713751669|784 Oak Ave|Fairview|NY|96889|08/30/1974|9383|VA002216
JOHN|THOMAS|john.thomas4@gmail.com|409-960-5180|7741 River Dr|Georgetown|sc|76805|1964-12-26|6739|VA002217
LINDA|TAYLOR|linda.taylor93@hotmail.com|+12003262064|3572 Lincoln Ave|Arlington|MD|89090-4964|03-Sep-1994|8987|VA002218
LINDA|TORRES|linda.torres81@yahoo.com|491.688.2613|5608 Sunset Blvd|Greenville|Mic.|83015|07-09-1992|7529|VA002219
SARAH|HARRIS|sarah.harris88@yahoo.com|(369) 215-9238|1292 Cedar Ln|Salem|NM|43667|05/21/1974|9774|VA002220
MARK|WHITE|mark.white97@icloud.com|3614479540|4713 Forest Ave|Manchester|ca|66720-6758|1993-10-23|1506|VA002221
JESSICA|NELSON|jessica.nelson65@yahoo.com|263-798-3286|5333 Forest Ave|Oxford|WI|89329|05-Dec-1979|3475|VA002222
MARGARET|KING|margaret.king51@icloud.com|+17264832737|9348 River Dr|Greenville|KS|94764|09-19-1959|3757|VA002223
ROBERT|THOMPSON|robert.thompson43@gmail.com|650.302.9617|7487 Main St|Burlington|GA|63736-5853|09/28/1998|3529|VA002224
JAMES|SCOTT|james.scott37@icloud.com|(892) 323-6095|7153 Park Blvd|Richmond|wi|45423|1940-04-21|3791|VA002225
BETTY|WHITE|betty.white39@hotmail.com|7974318817|5009 Lincoln Ave|Manchester|NM|85833|07-Feb-1941|9276|VA002226
JENNIFER|WILLIAMS|jennifer.williams64@gmail.com|703-873-7802|9790 Lincoln Ave|Salem|OR|20251-4444|07-30-1950|6335|VA002227
LINDA|NELSON|linda.nelson34@icloud.com|+13003627759|2142 Forest Ave|Clinton|MN|96831|04/03/1993|1851|VA002228
ASHLEY|JOHNSON|ashley.johnson35@yahoo.com|916.537.7411|9415 Main St|Marion|va|74314|1982-11-23|8144|VA002229
ANTHONY|DAVIS|anthony.davis98@icloud.com|(611) 252-2166|575 Lincoln Ave|Oxford|NM|34197-3812|08-Apr-1982|9345|VA002230
JOHN|ANDERSON|john.anderson96@icloud.com|7992832353|3120 Forest Ave|Manchester|CT|67537|05-10-1988|7087|VA002231
LINDA|HALL|linda.hall37@hotmail.com|847-871-8734|18 Sunset Blvd|Richmond|NV|36807|12/10/1943|9495|VA002232
ROBERT|JONES|robert.jones74@outlook.com|+15412826540|3879 Jefferson Dr|Dayton|sc|73694-7935|1952-09-04|9387|VA002233
LINDA|WRIGHT|linda.wright66@aol.com|464.473.3532|7536 Hill Rd|Oxford|MN|30354|07-Jul-2001|4977|VA002234
BETTY|HILL|betty.hill30@hotmail.com|(513) 303-2481|6653 Lake Rd|Oxford|New.|93817|09-14-1956|7270|VA002235
SUSAN|HALL||2434855245|7624 Main St|Oxford|OK|84510-7964|08/16/1953|5737|VA002236
MARK|SCOTT|mark.scott80@outlook.com|750-919-4268|7003 Main St|Marion|id|54849|1973-09-07|1183|VA002237
CHARLES|HALL|charles.hall79@outlook.com|+13433935037|4993 Park Blvd|Springfield|UT|57694|28-Oct-1990|5003|VA002238
ROBERT|SCOTT|robert.scott14@hotmail.com|615.490.2134|2719 Sunset Blvd|Greenville|CO|17496-9706|10-10-1975|4705|VA002239
ASHLEY|NELSON||(788) 323-1291|3458 Maple Dr|Salem|CA|77573|05/19/1956|8050|VA002240
BARBARA|JACKSON|barbara.jackson70@icloud.com|3546089309|999 Cedar Ln|Burlington|ny|87366|1964-11-18|2663|VA002241
KAREN|JONES|karen.jones23@gmail.com|228-950-9740|658 Forest Ave|Richmond|MA|93602-4068|04-Jan-1984|6566|VA002242
JOSEPH|ADAMS|joseph.adams94@aol.com|+18088906897|4053 Jefferson Dr|Manchester|WI|91721|08-26-2004|8630|VA002243
JESSICA|BAKER|jessica.baker89@aol.com|325.566.8499|3134 River Dr|Clinton|MD|11837|01/22/2000|7837|VA002244
CHRISTOPHER|SCOTT|christopher.scott38@aol.com|(882) 350-8243|5550 Washington St|Franklin|wa|72781-7946|1943-08-06|3284|VA002245
DANIEL|WILLIAMS|daniel.williams32@yahoo.com|7102211331|7981 Lincoln Ave|Greenville|OK|66636|27-Oct-1983|8697|VA002246
JESSICA|ADAMS|jessica.adams52@icloud.com|934-374-7533|1056 Sunset Blvd|Springfield|VT|79547|05-06-1950|1439|VA002247
ANTHONY|SCOTT||+12418296514|2909 Forest Ave|Marion|KS|40588-9300|02/13/1956|9741|VA002248
JESSICA|KING|jessica.king26@yahoo.com|479.339.1477|4234 Lincoln Ave|Manchester|la|96333|1989-05-28|3883|VA002249
BETTY|WRIGHT|betty.wright52@icloud.com|(276) 644-3315|2051 Washington St|Greenville|NJ|68184|12-Nov-1951|8070|VA002250
WILLIAM|TORRES|william.torres35@hotmail.com|2373019190|117 Valley Ln|Marion|CT|40367-2217|11-23-1988|7711|VA002251
ANTHONY|TAYLOR|anthony.taylor77@yahoo.com|880-400-2435|1473 Maple Dr|Franklin|NC|13138|10/10/1971|2957|VA002252
ASHLEY|HILL|ashley.hill47@icloud.com|+14723138612|6224 River Dr|Springfield|me|51372|1977-06-21|9979|VA002253
CHARLES|TAYLOR|charles.taylor79@yahoo.com|274.406.7833|8012 Lake Rd|Dayton|New York|30576-1804|06-Mar-1976|7698|VA002254
LISA|THOMAS|lisa.thomas33@yahoo.com|(654) 213-3844|1904 Lincoln Ave|Greenville|New.|71163|07-09-1994|1286|VA002255
ROBERT|MILLER|robert.miller8@aol.com|9537551998|5139 Main St|Springfield|PA|72493|02/10/1985|9701|VA002256
SANDRA|JOHNSON|sandra.johnson73@yahoo.com|819-221-5029|894 River Dr|Madison|va|26101-4303|1973-10-13|9182|VA002257
SARAH|MILLER|sarah.miller95@hotmail.com|+18056349394|4203 Lake Rd|Fairview|IN|19166|17-Jan-1994|1180|VA002258
ROBERT|TORRES|robert.torres69@gmail.com|430.460.2045|189 Lake Rd|Arlington|RI|74233|04-24-1942|9694|VA002259
DAVID|TAYLOR|david.taylor30@aol.com|(362) 938-8354|6649 River Dr|Arlington|MI|23441-6605|09/16/1982|6929|VA002260
MARY|THOMPSON|mary.thompson96@gmail.com|7382861273|8168 Main St|Arlington|ut|12511|1949-10-12|4171|VA002261
CHRISTOPHER|MILLER|christopher.miller54@outlook.com|798-727-7076|9577 Oak Ave|Arlington|MA|97936|15-Oct-1982|1817|VA002262
NANCY|SCOTT|nancy.scott98@yahoo.com|+13512352497|3035 Sunset Blvd|Salem|WV|50881-9452|05-28-1994|4951|VA002263
JOHN|THOMAS|john.thomas85@outlook.com|930.898.1010|5865 Hill Rd|Clinton|MA|42955|02/24/1980|2680|VA002264
JAMES|DAVIS|james.davis83@hotmail.com|(758) 886-1056|872 Lake Rd|Clinton|wv|34540|1999-10-03|6674|VA002265
LISA|NGUYEN|lisa.nguyen40@aol.com|7066857251|715 Oak Ave|Fairview|CT|12919-7614|09-Jan-2004|9736|VA002266
BARBARA|HILL|barbara.hill29@gmail.com|388-265-3453|8747 Cedar Ln|Dayton|IA|20577|02-09-1940|1809|VA002267
JOHN|MILLER|john.miller74@aol.com|+16673368070|7674 Valley Ln|Fairview|ME|65239|04/25/1989|2350|VA002268
SANDRA|JACKSON|sandra.jackson74@aol.com|327.875.4409|791 Maple Dr|Clinton|ma|59592-1532|1964-07-28|8476|VA002269
JOHN|ANDERSON|john.anderson88@yahoo.com|(944) 864-1981|7727 Maple Dr|Salem|UT|87969|15-Jan-1991|5813|VA002270
JENNIFER|TORRES||4236254033|3378 Forest Ave|Arlington|IN|57504|10-10-1994|2094|VA002271
ASHLEY|ANDERSON|ashley.anderson29@yahoo.com|586-585-2406|531 Cedar Ln|Marion|GA|24805-4140|09/01/1950|9592|VA002272
SARAH|THOMAS||+12559681757|3370 Maple Dr|Greenville|wa|66480|1942-05-21|8795|VA002273
LINDA|MARTIN||851.474.8633|2717 River Dr|Greenville|DE|60796|10-Mar-1961|2107|VA002274
ANTHONY|DAVIS|anthony.davis92@icloud.com|(563) 737-1135|443 Valley Ln|Oxford|Pen.|76972-7608|06-18-1978|8105|VA002275
SUSAN|WHITE||3457786698|3031 Washington St|Richmond|AR|13788|11/17/1964|1349|VA002276
MICHAEL|BROWN|michael.brown64@yahoo.com|886-825-4575|707 Main St|Springfield|sd|25024|1977-11-28|7516|VA002277
ROBERT|WRIGHT|robert.wright59@icloud.com|+17958899715|9457 Washington St|Salem|WV|90973-6774|05-Jan-1944|7360|VA002278
JESSICA|WILLIAMS|jessica.williams43@aol.com|521.879.3041|4921 Hill Rd|Madison|Tex.|63528|04-06-1969|7592|VA002279
DANIEL|JACKSON||(936) 263-5650|8175 Sunset Blvd|Clinton|CA|89407|11/20/1965|6976|VA002280
DAVID|WALKER|david.walker31@yahoo.com|3217273640|3648 Oak Ave|Manchester|nd|15559-2085|1962-09-28|3114|VA002281
MARK|JACKSON|mark.jackson74@yahoo.com|221-223-4747|1458 Forest Ave|Fairview|KY|32119|19-Jun-1944|7570|VA002282
THOMAS|YOUNG||+12462121043|2972 Park Blvd|Springfield|SD|14976|03-13-1984|3035|VA002283
PATRICIA|NGUYEN|patricia.nguyen2@hotmail.com|713.559.7475|545 Park Blvd|Marion|NM|66300-7292|07/19/1950|9841|VA002284
MICHAEL|MILLER|michael.miller43@yahoo.com|(594) 468-4857|8524 Jefferson Dr|Clinton|co|15095|2003-05-05|4965|VA002285
JENNIFER|JACKSON|jennifer.jackson71@gmail.com|2008311759|1102 Valley Ln|Franklin|New York|69864|22-Nov-1950|3972|VA002286
DANIEL|ANDERSON|daniel.anderson20@outlook.com|944-938-4985|4945 Valley Ln|Salem|CO|52398-9978|07-27-1969|2207|VA002287
ASHLEY|WILSON|ashley.wilson77@aol.com|+14335206311|3923 Valley Ln|Fairview|MN|50153|03/18/1957|6488|VA002288
JOSEPH|THOMPSON|joseph.thompson24@gmail.com|301.500.5188|3706 Park Blvd|Arlington|nh|88618|1968-01-07|7196|VA002289
BARBARA|DAVIS|barbara.davis37@outlook.com|(841) 329-3150|8631 Jefferson Dr|Greenville|AK|14607-1717|13-Jul-1999|6846|VA002290
DANIEL|WRIGHT|daniel.wright9@aol.com|4689446227|7386 Lake Rd|Burlington|NM|58554|10-30-1984|5919|VA002291
PATRICIA|GARCIA|patricia.garcia79@gmail.com|624-561-1760|719 Oak Ave|Georgetown|SD|89409|11/30/1969|3713|VA002292
KAREN|YOUNG|karen.young14@gmail.com|+12915622524|9781 Valley Ln|Manchester|ma|60493-5663|1941-02-08|5781|VA002293
CHARLES|HILL|charles.hill49@gmail.com|814.919.7987|8159 River Dr|Fairview|SD|76971|04-Nov-1947|3203|VA002294
LISA|ADAMS|lisa.adams11@aol.com|(958) 449-1333|147 Maple Dr|Springfield|NH|90351|10-13-1940|7355|VA002295
MARY|ALLEN|mary.allen33@gmail.com|8834841580|7812 Washington St|Marion|WV|58455-5652|01/11/1958|4061|VA002296
CHRISTOPHER|KING||744-621-1352|5530 Main St|Fairview|ma|14483|1995-12-09|1214|VA002297
LISA|DAVIS|lisa.davis91@gmail.com|+16172521512|9364 Park Blvd|Burlington|WA|64163|09-May-2002|2796|VA002298
RICHARD|WALKER|richard.walker14@aol.com|388.887.5323|4532 Jefferson Dr|Manchester|MO|98301-1766|10-13-1965|6279|VA002299
WILLIAM|WHITE|william.white47@hotmail.com|(234) 665-3472|8519 Cedar Ln|Franklin|WI|11285|01/10/1951|6790|VA002300
JAMES|WALKER|james.walker34@hotmail.com|9189822983|5389 River Dr|Georgetown|vt|77941|1967-05-08|4709|VA002301
DAVID|GARCIA|david.garcia99@icloud.com|362-527-1777|8933 Lincoln Ave|Arlington|IA|36670-7226|28-Feb-1996|7508|VA002302
MARK|ALLEN|mark.allen26@hotmail.com|+19986853696|5798 River Dr|Dayton|KS|74314|11-10-1940|1718|VA002303
CHRISTOPHER|NGUYEN|christopher.nguyen18@aol.com|661.586.8876|5389 River Dr|Clinton|NM|38402|02/23/1998|2657|VA002304
NANCY|NGUYEN|nancy.nguyen18@outlook.com|(767) 404-5932|4998 Oak Ave|Madison|or|92355-2061|1981-05-16|9942|VA002305
LINDA|THOMAS|linda.thomas80@aol.com|2024895541|9375 Park Blvd|Richmond|Ohio|65391|27-Oct-1961|1915|VA002306
WILLIAM|HILL|william.hill49@yahoo.com|708-489-9050|835 Cedar Ln|Dayton|AK|37865|02-15-1977|7441|VA002307
JOHN|GARCIA|john.garcia26@icloud.com|+18422123857|7530 Cedar Ln|Burlington|NV|36242-7989|11/10/1998|7255|VA002308
KAREN|WILLIAMS|karen.williams26@hotmail.com|697.377.4297|9607 Forest Ave|Greenville|mi|79048|1980-11-19|8966|VA002309
JENNIFER|THOMPSON|jennifer.thompson89@yahoo.com|(542) 667-4246|4066 Jefferson Dr|Manchester|North Carolina|22924|09-Nov-1959|5034|VA002310
JOSEPH|YOUNG|joseph.young37@hotmail.com|7167581581|2324 Maple Dr|Georgetown|IA|72882-9990|04-10-1981|8596|VA002311
JESSICA|WILLIAMS|jessica.williams26@outlook.com|391-801-3385|4776 Lake Rd|Manchester|RI|97623|11/29/1988|8711|VA002312
JOHN|MILLER|john.miller68@yahoo.com|+14144516315|7224 Sunset Blvd|Marion|id|59006|1943-01-10|4359|VA002313
DANIEL|ANDERSON|daniel.anderson69@hotmail.com|415.742.2521|6237 Oak Ave|Richmond|ID|70073-3108|15-Jun-2004|8300|VA002314
JOHN|DAVIS|john.davis89@gmail.com|(931) 901-4573|4092 Hill Rd|Fairview|KS|66847|11-27-1980|4255|VA002315
JESSICA|HARRIS|jessica.harris53@outlook.com|2287721432|6897 Oak Ave|Manchester|FL|90636|02/16/1967|4975|VA002316
MARY|MARTIN|mary.martin6@yahoo.com|288-797-2104|3455 Jefferson Dr|Marion|ia|10498-4042|1968-08-15|7296|VA002317
MARGARET|BAKER|margaret.baker31@hotmail.com|+16218768559|5436 River Dr|Oxford|WV|46253|23-Mar-1972|3527|VA002318
MARGARET|JACKSON|margaret.jackson75@icloud.com|212.683.9399|2446 Jefferson Dr|Clinton|IA|39743|11-22-2004|4438|VA002319
DANIEL|HALL|daniel.hall1@aol.com|(764) 838-7477|2287 Maple Dr|Salem|OK|82732-7492|05/04/1972|7882|VA002320
KAREN|ANDERSON|karen.anderson76@icloud.com|4237524653|4423 Oak Ave|Fairview|ok|25406|1959-10-18|2855|VA002321
DAVID|TAYLOR|david.taylor24@yahoo.com|854-529-4319|5357 Oak Ave|Franklin|NJ|78994|18-Dec-2000|4056|VA002322
RICHARD|BROWN||+15423252924|1299 Washington St|Clinton|ID|71719-7987|08-18-1948|5195|VA002323
RICHARD|HILL|richard.hill7@outlook.com|494.413.1341|6536 Jefferson Dr|Madison|OH|42950|01/23/1983|9108|VA002324
DAVID|JONES|david.jones82@hotmail.com|(768) 663-3121|8597 Main St|Arlington|hi|41195|1989-05-09|7305|VA002325
SANDRA|TORRES|sandra.torres96@icloud.com|4884447792|7717 Forest Ave|Salem|MA|87213-5512|12-Sep-1999|9049|VA002326
JENNIFER|TORRES|jennifer.torres61@gmail.com|411-297-8222|2119 Oak Ave|Burlington|VT|69637|04-02-1942|8048|VA002327
CHRISTOPHER|JOHNSON|christopher.johnson25@aol.com|+19247961875|1387 River Dr|Manchester|SD|93691|04/06/1962|6813|VA002328
JOHN|MARTIN|john.martin51@outlook.com|212.423.9645|6975 Maple Dr|Georgetown|mt|95581-6268|1981-07-16|8062|VA002329
CHARLES|NELSON||(558) 297-6786|506 Washington St|Salem|California|92263|12-May-1945|9696|VA002330
JAMES|BROWN|james.brown91@aol.com|9136758370|7751 Sunset Blvd|Springfield|CT|84114|04-10-1992|5647|VA002331
JOHN|KING|john.king99@outlook.com|934-204-4124|9496 Park Blvd|Salem|WV|38995-7638|05/02/2003|2782|VA002332
LINDA|BAKER|linda.baker85@icloud.com|+13488371561|4782 River Dr|Springfield|nd|48389|1974-08-24|8242|VA002333
SARAH|NELSON|sarah.nelson96@hotmail.com|968.804.4888|3445 Lake Rd|Burlington|KY|61735|24-May-1989|2422|VA002334
JAMES|HALL|james.hall90@outlook.com|(832) 567-9582|2752 River Dr|Franklin|NV|86414-8893|07-02-1948|4271|VA002335
JESSICA|TAYLOR|jessica.taylor30@yahoo.com|9665895987|771 Washington St|Greenville|HI|17929|06/08/1985|3567|VA002336
WILLIAM|JACKSON|william.jackson86@hotmail.com|914-763-5351|4012 Cedar Ln|Georgetown|tn|10634|1962-12-04|9979|VA002337
MICHAEL|WILLIAMS|michael.williams59@outlook.com|+13756924793|9432 Main St|Springfield|AZ|61142-3757|31-Jan-1970|2572|VA002338
ASHLEY|KING|ashley.king80@icloud.com|391.452.5967|2163 Lake Rd|Dayton|WV|96247|01-05-1960|3249|VA002339
JAMES|HILL|james.hill42@aol.com|(366) 226-9852|6267 Lake Rd|Fairview|WA|75377|12/14/1965|5448|VA002340
MATTHEW|GARCIA|matthew.garcia65@hotmail.com|7336492160|7586 Oak Ave|Springfield|wa|66433-2542|1986-05-07|6246|VA002341
DANIEL|HARRIS|daniel.harris81@yahoo.com|422-504-4963|1441 Cedar Ln|Dayton|HI|19431|26-Dec-1976|3156|VA002342
ASHLEY|ALLEN|ashley.allen17@yahoo.com|+19126533242|2490 Park Blvd|Greenville|Nor.|28625|08-20-1957|5802|VA002343
MARY|SMITH|mary.smith49@gmail.com|484.445.5055|7294 Main St|Springfield|LA|87496-7329|02/12/1947|8998|VA002344
PATRICIA|MARTIN|patricia.martin31@icloud.com|(967) 911-8107|534 River Dr|Salem|mn|28261|1963-09-10|8608|VA002345
JENNIFER|HALL|jennifer.hall80@hotmail.com|9189848748|3142 Jefferson Dr|Salem|OK|91522|07-Feb-1979|3879|VA002346
MARY|MARTIN|mary.martin39@outlook.com|525-913-9656|8414 Cedar Ln|Madison|IA|58536-5514|01-07-1948|8200|VA002347
PATRICIA|MILLER|patricia.miller27@gmail.com|+17487742559|1281 Oak Ave|Dayton|FL|76267|06/13/1990|8947|VA002348
MARK|DAVIS||942.540.8493|8229 Park Blvd|Manchester|al|66306|1996-09-12|4044|VA002349
MATTHEW|NELSON|matthew.nelson42@icloud.com|(600) 715-1655|7425 Maple Dr|Marion|Michigan|66791-5468|02-Sep-1940|1465|VA002350
JOSEPH|BROWN|joseph.brown9@icloud.com|5843288736|6131 Forest Ave|Dayton|Ill.|41602|08-14-2003|4015|VA002351
BARBARA|DAVIS|barbara.davis33@icloud.com|472-270-3306|368 Cedar Ln|Richmond|GA|79769|08/05/1987|7932|VA002352
DANIEL|ADAMS||+15893456659|8965 Oak Ave|Salem|tn|25221-1205|1998-05-09|8808|VA002353
ASHLEY|MILLER|ashley.miller91@outlook.com|575.914.4033|7204 Sunset Blvd|Franklin|ID|56507|21-Jan-1974|7948|VA002354
SANDRA|NELSON|sandra.nelson26@hotmail.com|(447) 685-7168|966 Valley Ln|Arlington|AL|64286|11-10-1951|8344|VA002355
JAMES|HARRIS|james.harris88@outlook.com|6053733964|4649 Oak Ave|Madison|SD|19492-8086|06/11/1995|9831|VA002356
JOSEPH|WALKER|joseph.walker45@outlook.com|899-228-9193|4247 Forest Ave|Springfield|nh|84508|1979-12-18|8372|VA002357
RICHARD|TAYLOR|richard.taylor85@aol.com|+15066495111|7490 Sunset Blvd|Salem|WV|29674|08-Aug-2000|3176|VA002358
JENNIFER|BROWN|jennifer.brown40@yahoo.com|498.370.7628|5120 Sunset Blvd|Arlington|Tex.|99631-7752|06-23-2003|5987|VA002359
DANIEL|WHITE|daniel.white97@icloud.com|(219) 866-6789|1580 Maple Dr|Fairview|NY|73276|09/10/1943|8586|VA002360
DAVID|WALKER||8474495143|4207 Jefferson Dr|Manchester|tn|89675|1962-11-16|4566|VA002361
PATRICIA|WRIGHT|patricia.wright82@outlook.com|300-873-9471|6752 Sunset Blvd|Richmond|TN|18844-5332|19-Jan-1962|9015|VA002362
DANIEL|HALL||+17583997415|8247 Washington St|Manchester|WV|34428|07-12-1949|5105|VA002363
WILLIAM|ALLEN|william.allen86@aol.com|384.219.9457|3057 Valley Ln|Salem|IN|96613|12/03/1981|5389|VA002364
CHARLES|JACKSON|charles.jackson88@outlook.com|(228) 991-3713|8136 Forest Ave|Manchester|tn|53964-9494|1969-10-25|7440|VA002365
SARAH|NELSON|sarah.nelson92@icloud.com|9945695624|3252 Forest Ave|Springfield|MT|85046|30-Jul-1972|6055|VA002366
JOSEPH|WHITE|joseph.white14@hotmail.com|636-644-1641|4551 Lake Rd|Richmond|AZ|90683|07-10-1977|5392|VA002367
BETTY|DAVIS||+16957029801|3850 Maple Dr|Franklin|TX|76684-5583|02/05/2002|9137|VA002368
MATTHEW|JONES|matthew.jones59@hotmail.com|727.492.9296|9355 Washington St|Arlington|ia|94746|1976-09-03|9289|VA002369
LISA|DAVIS|lisa.davis67@hotmail.com|(724) 972-3086|4847 Main St|Clinton|ND|54718|15-Oct-1989|4414|VA002370
MARY|ANDERSON|mary.anderson58@outlook.com|9575728090|1373 Maple Dr|Madison|OR|81850-8887|04-23-2001|4579|VA002371
KAREN|MILLER|karen.miller5@gmail.com|286-680-1766|5073 Forest Ave|Clinton|ME|15508|02/02/1941|5081|VA002372
LINDA|BROWN|linda.brown74@hotmail.com|+17383839776|928 Sunset Blvd|Springfield|ny|41969|1988-11-27|1816|VA002373
DANIEL|THOMAS|daniel.thomas2@aol.com|643.935.7730|3938 Main St|Oxford|MA|62516-2044|21-Jun-1982|6928|VA002374
PATRICIA|SMITH|patricia.smith76@icloud.com|(999) 228-9295|7282 Oak Ave|Marion|ID|70709|08-24-1964|7359|VA002375
SARAH|DAVIS|sarah.davis12@hotmail.com|8704235535|8653 Park Blvd|Greenville|PA|99439|03/29/1999|2079|VA002376
BARBARA|NGUYEN|barbara.nguyen46@hotmail.com|741-615-6406|2897 Oak Ave|Greenville|ct|99919-1806|1971-11-28|7371|VA002377
MARK|JACKSON|mark.jackson70@icloud.com|+13577618532|336 Main St|Richmond|VT|73052|22-Apr-1975|3837|VA002378
CHRISTOPHER|THOMPSON|christopher.thompson41@yahoo.com|689.607.9236|3263 Forest Ave|Dayton|KS|53386|10-01-1963|9475|VA002379
ROBERT|BAKER|robert.baker39@yahoo.com|(419) 522-1355|4522 Hill Rd|Marion|OK|84798-1683|04/13/1991|3534|VA002380
ASHLEY|NGUYEN|ashley.nguyen33@icloud.com|4365205711|1823 Maple Dr|Georgetown|hi|27207|1992-11-01|3307|VA002381
JOHN|WALKER|john.walker52@yahoo.com|648-603-1458|541 Lake Rd|Marion|RI|49050|20-Dec-1972|6747|VA002382
MARK|NGUYEN|mark.nguyen59@aol.com|+15218214234|8964 River Dr|Oxford|IN|82663-4200|06-24-1958|1586|VA002383
KAREN|NELSON|karen.nelson79@hotmail.com|771.447.8729|1750 Oak Ave|Manchester|HI|83599|01/18/1967|7792|VA002384
MICHAEL|JONES|michael.jones27@hotmail.com|(318) 494-3552|3748 Washington St|Burlington|va|52078|1966-11-05|5830|VA002385
MICHAEL|MARTIN|michael.martin73@outlook.com|4414922944|7631 Park Blvd|Springfield|KY|75085-2769|23-Jun-1947|6746|VA002386
CHRISTOPHER|TORRES||611-634-9812|478 Valley Ln|Clinton|TN|50670|10-13-2000|9540|VA002387
JENNIFER|ADAMS|jennifer.adams77@hotmail.com|+16876471869|4075 Washington St|Dayton|WI|84673|06/18/1977|2157|VA002388
LISA|TAYLOR|lisa.taylor66@yahoo.com|491.487.9676|5788 River Dr|Arlington|me|70763-2774|1953-11-10|6809|VA002389
JAMES|TORRES|james.torres26@yahoo.com|(650) 410-3859|6277 Main St|Marion|WA|11351|03-Aug-1985|3892|VA002390
THOMAS|BAKER|thomas.baker64@hotmail.com|6057721425|2926 Maple Dr|Dayton|IN|60250|01-19-1990|5552|VA002391
ANTHONY|THOMAS|anthony.thomas35@yahoo.com|303-935-3813|2128 Hill Rd|Arlington|RI|79419-2408|06/09/1968|4408|VA002392
MARK|WILLIAMS|mark.williams39@outlook.com|+14108032348|886 Maple Dr|Manchester|nj|93019|1966-04-28|3840|VA002393
MARK|ADAMS|mark.adams33@outlook.com|929.334.3165|3409 Main St|Fairview|AK|78310|30-Aug-1969|4664|VA002394
ROBERT|JACKSON||(689) 588-5342|5510 River Dr|Marion|NM|91304-7063|06-03-1967|7522|VA002395
CHARLES|THOMPSON|charles.thompson55@yahoo.com|9318209659|5052 Lincoln Ave|Clinton|ME|79955|08/28/1965|5367|VA002396
ROBERT|NELSON||791-817-5889|5425 Oak Ave|Springfield|ct|64651|1955-12-28|3643|VA002397
KAREN|WILLIAMS|karen.williams60@yahoo.com|+12028848029|3826 Park Blvd|Fairview|Michigan|98757-9820|21-Aug-1992|5710|VA002398
THOMAS|THOMAS|thomas.thomas67@outlook.com|799.289.5349|1823 Cedar Ln|Arlington|Flo.|99128|06-14-1983|1414|VA002399
SARAH|WRIGHT|sarah.wright18@outlook.com|(991) 922-9672|3770 Jefferson Dr|Oxford|ID|88698|09/24/1940|3728|VA002400
ROBERT|NGUYEN||3808152141|620 Jefferson Dr|Clinton|mt|90512-7965|1993-04-21|5934|VA002401
NANCY|HILL|nancy.hill29@icloud.com|860-846-5913|1147 Lincoln Ave|Oxford|ME|13836|20-Apr-1974|9038|VA002402
MARGARET|WALKER|margaret.walker5@yahoo.com|+14654418643|7334 Park Blvd|Dayton|WY|95345|02-19-1971|3752|VA002403
JAMES|NGUYEN|james.nguyen74@yahoo.com|997.947.6705|394 Oak Ave|Madison|IL|72648-7270|11/12/1964|9378|VA002404
SARAH|GARCIA|sarah.garcia32@icloud.com|(584) 353-9603|5425 Washington St|Burlington|nc|47683|1997-12-19|9926|VA002405
MATTHEW|WILSON||2667965902|9857 Hill Rd|Dayton|MA|96066|21-Nov-1950|3001|VA002406
LISA|JOHNSON|lisa.johnson41@hotmail.com|545-662-4897|4318 Sunset Blvd|Marion|WV|53103-6340|06-11-1964|2934|VA002407
RICHARD|JACKSON|richard.jackson57@yahoo.com|+14246037200|952 Lincoln Ave|Madison|NM|44513|04/15/1949|3424|VA002408
MATTHEW|WHITE|matthew.white2@aol.com|369.920.2710|3068 Valley Ln|Dayton|va|65460|1986-07-12|6497|VA002409
KAREN|JACKSON|karen.jackson17@yahoo.com|(348) 223-5162|5832 Lincoln Ave|Dayton|Ohio|51451-9764|26-Feb-1997|4779|VA002410
MARY|JACKSON|mary.jackson86@icloud.com|4034674641|4494 Sunset Blvd|Georgetown|NJ|25087|08-19-1971|7040|VA002411
PATRICIA|HARRIS|patricia.harris84@yahoo.com|319-931-5111|7164 Washington St|Burlington|GA|17182|01/04/1981|2845|VA002412
SANDRA|ALLEN|sandra.allen92@aol.com|+12532482723|7791 Park Blvd|Marion|nm|92731-5431|1960-09-01|3173|VA002413
JENNIFER|THOMPSON|jennifer.thompson92@icloud.com|919.248.7778|7683 Maple Dr|Richmond|California|58181|18-Feb-1978|7174|VA002414
CHRISTOPHER|THOMAS||(505) 475-8079|9973 Jefferson Dr|Clinton|MT|25648|11-23-1966|7602|VA002415
PATRICIA|JOHNSON|patricia.johnson7@aol.com|3777723757|1841 Lincoln Ave|Arlington|AL|35860-7364|10/16/1988|9680|VA002416
CHRISTOPHER|HILL|christopher.hill67@gmail.com|452-258-6487|325 Washington St|Fairview|hi|52300|1995-04-21|4774|VA002417
ASHLEY|SMITH|ashley.smith70@gmail.com|+13108457685|4961 Park Blvd|Georgetown|WV|56801|10-Jul-1992|3125|VA002418
SANDRA|ANDERSON||340.253.1391|7095 River Dr|Manchester|HI|75590-9582|02-02-1998|6396|VA002419
DANIEL|WRIGHT|daniel.wright14@yahoo.com|(384) 763-7579|8269 Lake Rd|Dayton|HI|79979|10/27/1993|8258|VA002420
DAVID|DAVIS||9737748285|7569 Maple Dr|Greenville|mo|88456|1978-01-04|7414|VA002421
JOHN|HILL|john.hill42@outlook.com|803-246-9052|382 Lake Rd|Clinton|ID|64386-6179|27-Feb-1942|9649|VA002422
NANCY|MILLER|nancy.miller48@outlook.com|+14909704795|2731 Jefferson Dr|Salem|VA|57863|08-25-1967|2348|VA002423
MARGARET|WRIGHT|margaret.wright44@hotmail.com|864.975.9544|5599 Maple Dr|Burlington|NH|46947|03/04/1977|8665|VA002424
SARAH|WALKER|sarah.walker2@aol.com|(263) 982-2142|597 Lincoln Ave|Manchester|ma|24027-7423|1984-07-23|8523|VA002425
ROBERT|ADAMS|robert.adams24@yahoo.com|3742348931|4085 Hill Rd|Manchester|MA|72195|24-Apr-1945|5987|VA002426
CHARLES|BAKER|charles.baker51@icloud.com|910-853-5683|8005 Forest Ave|Madison|MN|76088|12-08-1955|4806|VA002427
LISA|DAVIS|lisa.davis58@hotmail.com|+14912669654|1728 Park Blvd|Arlington|NE|87568-9482|06/17/1999|6616|VA002428
ANTHONY|YOUNG||307.371.2934|3366 Lake Rd|Greenville|wa|48289|2003-07-14|8233|VA002429
PATRICIA|WILLIAMS||(824) 308-6477|5046 Hill Rd|Springfield|MD|47101|15-Jun-1956|4257|VA002430
MATTHEW|WRIGHT|matthew.wright57@outlook.com|8117434396|6664 Jefferson Dr|Salem|Tex.|25757-5908|06-21-1961|1310|VA002431
RICHARD|WRIGHT||748-490-9338|1860 Lake Rd|Marion|MI|18820|11/07/1955|4769|VA002432
THOMAS|HILL|thomas.hill62@outlook.com|+12504507445|8952 Hill Rd|Madison|ct|89520|1979-10-23|4975|VA002433
DAVID|WHITE|david.white33@yahoo.com|659.904.3277|9724 Park Blvd|Fairview|NE|92468-3652|30-Apr-1948|1622|VA002434
JENNIFER|YOUNG|jennifer.young50@yahoo.com|(965) 555-4552|2271 Sunset Blvd|Richmond|LA|94624|08-07-1953|5691|VA002435
ANTHONY|WALKER|anthony.walker84@yahoo.com|5207325102|4616 Hill Rd|Arlington|VA|11074|06/26/2000|2622|VA002436
PATRICIA|ALLEN|patricia.allen93@gmail.com|885-318-4081|8651 River Dr|Fairview|al|11644-6187|1976-07-16|6126|VA002437
LINDA|TORRES|linda.torres21@hotmail.com|+17702587240|1659 Hill Rd|Salem|California|64871|16-Feb-1992|8858|VA002438
MICHAEL|MARTIN||954.264.3240|5794 River Dr|Clinton|Ohi.|82997|01-14-1977|9373|VA002439
NANCY|KING|nancy.king17@yahoo.com|(763) 267-6570|1806 Washington St|Springfield|KY|33673-4347|04/19/1959|5606|VA002440
MARY|DAVIS|mary.davis40@hotmail.com|7016023572|302 Lake Rd|Dayton|mn|56580|1996-02-03|5953|VA002441
PATRICIA|MILLER|patricia.miller40@outlook.com|585-401-1265|7228 Cedar Ln|Richmond|North Carolina|70297|04-Mar-1970|8134|VA002442
SANDRA|GARCIA|sandra.garcia89@outlook.com|+14958787561|9013 Main St|Salem|CO|51224-3525|08-23-1962|6296|VA002443
SANDRA|WHITE|sandra.white14@gmail.com|585.739.8759|604 Lincoln Ave|Manchester|IA|59747|02/22/1940|8023|VA002444
JAMES|WRIGHT||(627) 711-3960|9092 River Dr|Manchester|ma|46810|1984-01-20|1193|VA002445
BARBARA|DAVIS|barbara.davis58@yahoo.com|4124917150|2635 Maple Dr|Madison|VA|62712-5923|22-Jan-1965|5443|VA002446
KAREN|ANDERSON|karen.anderson37@yahoo.com|207-819-8983|2958 Park Blvd|Greenville|Pen.|23974|02-25-1976|4849|VA002447
WILLIAM|HARRIS|william.harris61@aol.com|+17573419707|6819 Valley Ln|Clinton|MI|36893|09/08/1957|3566|VA002448
ANTHONY|GARCIA|anthony.garcia63@icloud.com|934.502.7835|3463 Main St|Oxford|ut|62011-9274|1980-02-25|2229|VA002449
JOSEPH|TORRES|joseph.torres6@hotmail.com|(639) 918-5591|276 Forest Ave|Clinton|ID|93047|07-Nov-1946|2093|VA002450
LINDA|MILLER|linda.miller83@icloud.com|6783726032|6111 Lincoln Ave|Burlington|WI|39397|03-10-2002|4711|VA002451
SANDRA|SMITH|sandra.smith86@outlook.com|469-663-7750|5356 Maple Dr|Marion|MT|82709-7922|10/06/1958|9938|VA002452
SARAH|HALL|sarah.hall47@outlook.com|+16348293594|524 Forest Ave|Franklin|ga|75022|1962-12-04|8767|VA002453
JENNIFER|WRIGHT|jennifer.wright1@icloud.com|236.751.5412|6430 Hill Rd|Burlington|ND|78124|09-Oct-1988|7918|VA002454
MARK|NGUYEN|mark.nguyen82@icloud.com|(287) 770-1739|4854 Lincoln Ave|Arlington|VT|45610-3011|05-21-1986|9169|VA002455
MARK|JONES|mark.jones54@hotmail.com|3585549115|2200 Main St|Georgetown|MI|48863|01/15/1989|3686|VA002456
RICHARD|SCOTT||410-399-6278|3314 Cedar Ln|Marion|ks|80233|1981-04-18|5756|VA002457
MICHAEL|NELSON|michael.nelson82@yahoo.com|+14343233167|6575 Main St|Madison|Illinois|29163-3225|31-Mar-1978|1289|VA002458
JAMES|DAVIS||210.342.2722|5290 Jefferson Dr|Burlington|WA|67105|04-21-1960|3788|VA002459
BARBARA|ALLEN|barbara.allen89@aol.com|(345) 674-8400|1482 Washington St|Marion|DE|33562|07/09/1992|9952|VA002460
PATRICIA|WILSON||8998877611|1657 Park Blvd|Manchester|in|34795-3836|1976-06-15|4924|VA002461
LISA|WRIGHT|lisa.wright22@aol.com|402-894-7444|2607 Lake Rd|Marion|MD|14204|05-Mar-2004|5787|VA002462
ASHLEY|TORRES|ashley.torres80@yahoo.com|+15639714628|1889 Jefferson Dr|Burlington|WI|83589|11-24-1976|1692|VA002463
CHRISTOPHER|GARCIA|christopher.garcia58@outlook.com|330.304.5569|9356 Main St|Greenville|AR|38127-1053|01/28/1989|3396|VA002464
JESSICA|GARCIA|jessica.garcia29@hotmail.com|(818) 360-3784|9472 Hill Rd|Richmond|ia|21334|1976-12-07|9548|VA002465
JOSEPH|SCOTT|joseph.scott69@yahoo.com|6112414621|1351 Forest Ave|Madison|Ohio|87012|04-Sep-1941|4898|VA002466
THOMAS|THOMPSON|thomas.thompson55@yahoo.com|252-496-7153|2891 Maple Dr|Salem|NJ|66468-6627|03-18-1988|5616|VA002467
SARAH|JOHNSON|sarah.johnson7@outlook.com|+15416711128|4374 Forest Ave|Richmond|OR|94318|01/27/1993|5442|VA002468
LISA|YOUNG|lisa.young30@aol.com|834.204.1678|6284 Sunset Blvd|Springfield|ok|51260|1971-11-20|4676|VA002469
BETTY|MILLER|betty.miller35@yahoo.com|(543) 330-1525|9318 Main St|Madison|Florida|24563-2900|06-Oct-1981|8513|VA002470
MARK|JACKSON|mark.jackson26@hotmail.com|4676562394|5874 Jefferson Dr|Madison|IN|41864|04-27-1997|9288|VA002471
THOMAS|MARTIN||901-411-8707|6014 Lake Rd|Burlington|NY|79638|01/06/1973|5701|VA002472
CHRISTOPHER|TORRES|christopher.torres52@aol.com|+14169857866|5416 Cedar Ln|Madison|mn|91134-2553|1966-08-29|6136|VA002473
MARK|TORRES|mark.torres71@outlook.com|278.818.9421|6567 Lincoln Ave|Oxford|WV|84427|02-Aug-1989|1428|VA002474
KAREN|GARCIA|karen.garcia87@icloud.com|(289) 317-4940|4319 Jefferson Dr|Manchester|SD|63244|11-13-1991|4334|VA002475
BARBARA|HARRIS|barbara.harris24@outlook.com|6166382732|5564 Sunset Blvd|Fairview|PA|38463-2538|10/10/1991|3089|VA002476
SANDRA|WILSON|sandra.wilson76@aol.com|647-773-3276|6485 Cedar Ln|Richmond|me|85328|1966-02-06|7629|VA002477
PATRICIA|WRIGHT|patricia.wright98@hotmail.com|+18812463382|2506 Sunset Blvd|Arlington|UT|25926|09-Oct-1985|6072|VA002478
JOSEPH|DAVIS|joseph.davis9@yahoo.com|277.738.5305|3159 Park Blvd|Franklin|Ill.|55148-4740|06-18-2000|8889|VA002479
DANIEL|WHITE||(621) 596-8835|5126 Main St|Manchester|TN|93200|05/11/2003|8643|VA002480
LISA|JONES|lisa.jones85@outlook.com|7463834252|6575 Hill Rd|Franklin|ks|20343|1964-05-10|4978|VA002481
LINDA|YOUNG||860-725-4998|7621 Maple Dr|Arlington|NH|92739-5017|25-Sep-1944|5681|VA002482
DAVID|MILLER|david.miller12@icloud.com|+12528301593|4378 Maple Dr|Oxford|Nor.|57532|08-21-1975|6169|VA002483
BARBARA|BAKER|barbara.baker50@icloud.com|449.436.1839|8103 Maple Dr|Salem|TN|37899|12/06/1945|3202|VA002484
SUSAN|JONES|susan.jones42@icloud.com|(349) 823-6153|8414 Main St|Fairview|vt|99746-4203|1948-07-24|3451|VA002485
BETTY|JOHNSON|betty.johnson85@aol.com|4424839468|8595 Maple Dr|Salem|DE|76404|20-Dec-1967|7646|VA002486
CHRISTOPHER|THOMAS|christopher.thomas21@yahoo.com|806-492-2917|1169 Lake Rd|Arlington|WY|63806|08-04-1959|1688|VA002487
MARY|HALL|mary.hall92@gmail.com|+18384966789|9460 Forest Ave|Georgetown|TX|23620-2990|05/18/1962|1500|VA002488
JOSEPH|ALLEN|joseph.allen85@hotmail.com|973.355.4007|3784 Park Blvd|Greenville|vt|81720|1955-03-06|1979|VA002489
JOHN|HILL|john.hill66@outlook.com|(972) 452-3008|454 Hill Rd|Arlington|VT|79672|15-May-1999|4768|VA002490
BETTY|WRIGHT|betty.wright34@yahoo.com|4313809038|2553 Maple Dr|Greenville|AZ|42685-8832|01-18-1995|1832|VA002491
LISA|SMITH|lisa.smith10@aol.com|222-210-4073|1085 Sunset Blvd|Marion|MO|90646|02/17/2004|6709|VA002492
JESSICA|TAYLOR|jessica.taylor74@icloud.com|+16914041089|1717 Maple Dr|Fairview|wi|18342|2003-08-18|6955|VA002493
SUSAN|WILLIAMS|susan.williams85@gmail.com|391.918.6462|2960 Forest Ave|Madison|North Carolina|18715-1303|13-Feb-1968|9596|VA002494
BETTY|ALLEN|betty.allen60@gmail.com|(387) 999-2435|6197 Lake Rd|Georgetown|VA|44699|07-15-1980|4253|VA002495
NANCY|KING|nancy.king58@hotmail.com|5306544730|9273 Lincoln Ave|Dayton|MO|76604|02/20/1960|4870|VA002496
MICHAEL|DAVIS|michael.davis64@hotmail.com|851-792-8819|4476 Valley Ln|Salem|ma|63052-1995|1981-04-27|6832|VA002497
PATRICIA|JOHNSON|patricia.johnson2@yahoo.com|+14353791034|267 Oak Ave|Burlington|ND|60585|21-May-1981|8110|VA002498
CHARLES|NELSON|charles.nelson30@outlook.com|679.212.8040|2935 Lincoln Ave|Greenville|IA|14796|10-26-1999|4396|VA002499
PATRICIA|SMITH||(785) 726-4139|5168 Valley Ln|Springfield|AR|53824-1250|01/20/1985|2642|VA002500
LISA|HILL|lisa.hill14@hotmail.com|7065594152|8834 Valley Ln|Burlington|ca|35234|1981-12-08|1637|VA002501
NANCY|GARCIA|nancy.garcia57@outlook.com|401-775-7400|8232 Washington St|Franklin|AR|28455|09-Nov-1990|1016|VA002502
SUSAN|WALKER|susan.walker70@outlook.com|+12737922481|4096 Valley Ln|Greenville|Cal.|25414-2417|10-07-1983|1901|VA002503
DAVID|GARCIA|david.garcia24@outlook.com|240.245.2802|2508 Forest Ave|Dayton|HI|63805|10/31/1966|2039|VA002504
BETTY|ADAMS|betty.adams45@icloud.com|(611) 284-7447|603 Lake Rd|Springfield|al|31570|1941-10-03|3339|VA002505
ROBERT|ANDERSON|robert.anderson22@hotmail.com|4612409339|6717 Forest Ave|Dayton|NM|51592-7345|09-Feb-1977|7639|VA002506
SUSAN|MILLER||305-352-1800|4192 Forest Ave|Arlington|VT|32205|09-07-1981|1211|VA002507
JOHN|TAYLOR|john.taylor3@outlook.com|+18663232999|4318 Oak Ave|Springfield|WV|61082|05/26/1965|6269|VA002508
SANDRA|WHITE|sandra.white67@aol.com|722.772.4441|3613 Jefferson Dr|Salem|mn|68665-3505|1975-06-25|2294|VA002509
KAREN|HILL|karen.hill68@outlook.com|(363) 731-9143|3326 Jefferson Dr|Manchester|VT|19999|28-Jul-1962|3580|VA002510
BETTY|TAYLOR|betty.taylor31@outlook.com|5322101699|3323 Maple Dr|Oxford|OR|12083|07-22-1991|1621|VA002511
BETTY|WRIGHT|betty.wright84@outlook.com|414-247-6766|3644 Main St|Salem|SC|66072-8187|08/29/1993|4838|VA002512
MARGARET|KING||+18748421165|3119 Jefferson Dr|Dayton|hi|51787|2004-09-18|3099|VA002513
CHRISTOPHER|ADAMS|christopher.adams82@gmail.com|494.657.4157|2540 Valley Ln|Georgetown|New York|57497|17-Mar-1973|1580|VA002514
SANDRA|JACKSON|sandra.jackson9@gmail.com|(507) 681-3182|6853 Hill Rd|Georgetown|IA|44436-7735|12-10-1950|4467|VA002515
PATRICIA|WRIGHT|patricia.wright84@hotmail.com|9716492946|7865 Oak Ave|Franklin|SD|72808|02/13/1982|9004|VA002516
LINDA|BROWN|linda.brown74@hotmail.com|746-611-5183|9407 Oak Ave|Richmond|ny|14805|1968-11-16|9992|VA002517
KAREN|THOMAS||+14279734032|324 Lincoln Ave|Clinton|Michigan|60313-9820|20-Nov-1980|1442|VA002518
PATRICIA|THOMPSON|patricia.thompson56@icloud.com|291.376.3714|2244 Lincoln Ave|Manchester|TN|71934|11-12-1982|7598|VA002519
SANDRA|SCOTT|sandra.scott62@hotmail.com|(994) 270-3453|8001 Park Blvd|Georgetown|TX|39642|05/31/1945|7226|VA002520
LINDA|WILSON|linda.wilson55@gmail.com|8894542734|6777 Oak Ave|Fairview|tx|49068-5823|1941-02-16|8984|VA002521
LISA|THOMAS|lisa.thomas81@aol.com|552-380-4425|8030 Lake Rd|Greenville|VA|40408|26-Sep-1961|4100|VA002522
MATTHEW|WILLIAMS|matthew.williams67@outlook.com|+18636623230|8120 Forest Ave|Manchester|Tex.|29744|03-20-1980|2722|VA002523
BETTY|GARCIA|betty.garcia50@aol.com|355.476.9527|1514 Hill Rd|Arlington|GA|26130-6846|03/07/1947|1017|VA002524
CHRISTOPHER|WRIGHT|christopher.wright60@yahoo.com|(413) 386-3056|1002 Sunset Blvd|Clinton|wv|97902|1957-12-09|4673|VA002525
JENNIFER|GARCIA|jennifer.garcia97@icloud.com|3048224273|3146 Lake Rd|Clinton|Florida|76517|06-Nov-1965|5761|VA002526
CHARLES|JOHNSON|charles.johnson4@yahoo.com|281-703-5706|9802 Washington St|Greenville|ND|12474-8995|06-19-1951|5347|VA002527
DANIEL|WRIGHT||+18447078833|1015 Hill Rd|Manchester|IL|88716|09/05/1972|5522|VA002528
JOSEPH|HILL|joseph.hill78@hotmail.com|436.950.3246|5029 Valley Ln|Salem|wy|54051|1959-04-28|4427|VA002529
CHRISTOPHER|DAVIS|christopher.davis46@hotmail.com|(323) 885-6649|1668 Main St|Manchester|Texas|86563-5935|26-Dec-1961|5134|VA002530
SARAH|HILL|sarah.hill79@yahoo.com|9254974171|26 Oak Ave|Springfield|NJ|91980|07-31-1950|4396|VA002531
DAVID|NGUYEN||605-865-8030|6967 Sunset Blvd|Richmond|SD|51526|05/29/1965|1762|VA002532
DAVID|DAVIS|david.davis88@outlook.com|+16496031626|4599 Forest Ave|Marion|ne|59851-1576|1992-03-15|4852|VA002533
JESSICA|JOHNSON||588.455.3501|394 Hill Rd|Franklin|NH|79077|26-Dec-1952|6463|VA002534
CHRISTOPHER|THOMAS|christopher.thomas60@yahoo.com|(287) 432-8690|8913 Lake Rd|Clinton|ID|50239|08-05-1998|4688|VA002535
THOMAS|BAKER|thomas.baker63@gmail.com|4226266702|6999 Lincoln Ave|Burlington|NH|60966-7030|12/27/1975|7884|VA002536
THOMAS|SCOTT|thomas.scott5@aol.com|742-741-6322|7708 Forest Ave|Georgetown|tn|77783|1991-03-05|1455|VA002537
MARGARET|YOUNG|margaret.young87@aol.com|+15904519578|26 River Dr|Oxford|SC|64047|07-Jun-1976|8360|VA002538
JOSEPH|SCOTT|joseph.scott90@hotmail.com|507.736.8591|7791 Lincoln Ave|Franklin|AR|29835-8173|11-24-1953|9294|VA002539
JENNIFER|MARTIN||(622) 370-2278|9581 Hill Rd|Salem|UT|95995|05/20/1948|7379|VA002540
JAMES|TAYLOR|james.taylor50@gmail.com|6845431430|5149 Hill Rd|Springfield|de|57948|1951-12-13|9623|VA002541
CHARLES|JONES|charles.jones32@gmail.com|422-979-4590|5274 Valley Ln|Marion|OK|84668-1527|14-Aug-1984|4101|VA002542
ANTHONY|HILL|anthony.hill86@aol.com|+12735653965|780 Hill Rd|Oxford|UT|56427|06-10-1952|2813|VA002543
JOHN|HALL|john.hall27@outlook.com|253.925.7237|157 Forest Ave|Salem|VA|93753|03/11/1951|4384|VA002544
BETTY|TAYLOR||(955) 983-2299|7521 Hill Rd|Greenville|mi|21611-3663|1955-10-10|7927|VA002545
ASHLEY|GARCIA|ashley.garcia7@gmail.com|8856675696|5697 Park Blvd|Clinton|RI|62518|04-Mar-1976|3920|VA002546
SARAH|WHITE|sarah.white6@gmail.com|539-855-6182|9919 Jefferson Dr|Arlington|NM|63776|03-23-1943|6217|VA002547
NANCY|JACKSON|nancy.jackson80@gmail.com|+19615061531|9005 Lincoln Ave|Clinton|GA|97846-3748|04/25/1962|6203|VA002548
JENNIFER|WILLIAMS|jennifer.williams33@icloud.com|860.912.5512|5986 Sunset Blvd|Dayton|ne|92651|1990-02-03|7913|VA002549
DAVID|NGUYEN|david.nguyen81@hotmail.com|(599) 936-1340|4905 Park Blvd|Marion|AR|80617|07-Nov-1971|2508|VA002550
DANIEL|HILL|daniel.hill53@outlook.com|2837389824|9882 Jefferson Dr|Dayton|HI|63673-6501|11-06-1982|2007|VA002551
ASHLEY|YOUNG|ashley.young11@outlook.com|669-235-8918|6436 Cedar Ln|Greenville|SC|29501|09/27/1958|8293|VA002552
SARAH|WRIGHT|sarah.wright38@icloud.com|+15885462519|7323 Valley Ln|Fairview|hi|93608|1975-03-25|4858|VA002553
MICHAEL|WILLIAMS|michael.williams58@icloud.com|500.926.5435|8004 Oak Ave|Richmond|MN|59589-7440|18-Feb-1972|1848|VA002554
BETTY|MILLER|betty.miller88@yahoo.com|(973) 299-9948|3998 Sunset Blvd|Oxford|AK|27005|10-11-1947|6351|VA002555
THOMAS|WILLIAMS|thomas.williams20@hotmail.com|5778418042|7807 River Dr|Arlington|HI|37962|03/27/1950|2723|VA002556
MARY|MARTIN|mary.martin70@yahoo.com|731-588-4066|5986 Washington St|Georgetown|nd|67761-5371|1956-02-14|4101|VA002557
BARBARA|MARTIN|barbara.martin81@aol.com|+13064989443|7560 Washington St|Burlington|DE|89070|10-Aug-1956|1244|VA002558
JOHN|JOHNSON|john.johnson44@hotmail.com|269.878.1298|1924 Lincoln Ave|Madison|WV|52709|08-29-1959|4801|VA002559
RICHARD|WILSON|richard.wilson77@icloud.com|(708) 926-9056|5521 Maple Dr|Georgetown|MD|27108-8821|12/24/1948|8543|VA002560
JAMES|HARRIS|james.harris15@gmail.com|2988964284|6455 Forest Ave|Manchester|in|76453|1998-09-05|9799|VA002561
NANCY|SCOTT|nancy.scott43@icloud.com|435-813-7918|5265 Valley Ln|Richmond|WV|69153|28-Sep-1967|5168|VA002562
CHRISTOPHER|THOMAS|christopher.thomas75@aol.com|+13044164166|6470 Hill Rd|Oxford|HI|59109-8413|10-19-1964|5894|VA002563
DANIEL|MARTIN||736.611.7144|4096 Maple Dr|Oxford|ME|98284|03/27/1963|7756|VA002564
JENNIFER|BROWN|jennifer.brown71@gmail.com|(891) 754-5837|3750 Lincoln Ave|Manchester|ri|71647|2001-11-15|1834|VA002565
MARK|BROWN|mark.brown59@hotmail.com|9417063336|3746 Maple Dr|Dayton|IA|75081-2450|15-Aug-1986|1710|VA002566
DAVID|HILL|david.hill41@gmail.com|525-389-3328|9086 Hill Rd|Arlington|Nor.|95233|10-29-1948|6770|VA002567
LISA|YOUNG|lisa.young74@aol.com|+17314409341|92 Lincoln Ave|Burlington|LA|24429|06/29/1976|4339|VA002568
CHARLES|GARCIA|charles.garcia93@hotmail.com|812.233.5979|4866 Oak Ave|Manchester|md|75333-7890|1972-09-12|4408|VA002569
BARBARA|WHITE|barbara.white16@yahoo.com|(815) 435-7333|2626 Oak Ave|Manchester|NE|84397|08-May-1971|9575|VA002570
LISA|NGUYEN|lisa.nguyen55@aol.com|3084233364|2592 Park Blvd|Manchester|CO|24265|03-24-1990|9342|VA002571
MATTHEW|HALL|matthew.hall52@yahoo.com|421-349-7719|1594 Hill Rd|Burlington|NC|90583-8491|12/31/1945|9269|VA002572
THOMAS|MILLER|thomas.miller25@yahoo.com|+15068191213|1234 Main St|Georgetown|il|18443|1966-01-12|2662|VA002573
SUSAN|THOMPSON|susan.thompson65@yahoo.com|549.911.7899|3841 Sunset Blvd|Oxford|Pennsylvania|81848|04-Feb-1951|3509|VA002574
SANDRA|SMITH|sandra.smith93@outlook.com|(854) 398-9938|7782 Jefferson Dr|Arlington|Flo.|29784-2936|03-04-1961|9161|VA002575
ANTHONY|WALKER|anthony.walker18@outlook.com|2609896583|1964 Park Blvd|Richmond|CT|68820|11/18/1946|8007|VA002576
LINDA|ALLEN|linda.allen11@yahoo.com|398-379-4234|5456 Valley Ln|Arlington|oh|66348|1973-08-13|7100|VA002577
JOSEPH|MARTIN|joseph.martin5@gmail.com|+13207808611|8210 Valley Ln|Clinton|MA|75849-9957|11-Feb-2003|9531|VA002578
MATTHEW|ALLEN|matthew.allen69@yahoo.com|299.801.4610|5097 Hill Rd|Manchester|OR|22019|02-20-1989|1672|VA002579
BETTY|HALL|betty.hall50@yahoo.com|(816) 860-6895|1782 Forest Ave|Springfield|SC|50961|09/02/1985|9435|VA002580
MICHAEL|TAYLOR|michael.taylor58@hotmail.com|4333235000|9714 Washington St|Salem|wi|56660-6763|1947-07-06|4601|VA002581
ANTHONY|WALKER|anthony.walker6@icloud.com|268-394-4083|821 Cedar Ln|Manchester|MD|29595|24-Mar-1955|9892|VA002582
SANDRA|JOHNSON|sandra.johnson17@icloud.com|+12152433453|5578 Lincoln Ave|Salem|IA|30937|03-31-1991|2932|VA002583
DANIEL|NGUYEN|daniel.nguyen12@gmail.com|455.745.1777|8885 Oak Ave|Dayton|OK|20393-1477|10/29/1960|8745|VA002584
MARK|NGUYEN|mark.nguyen10@yahoo.com|(675) 831-6090|4441 Washington St|Springfield|ct|39921|1941-12-13|6704|VA002585
BARBARA|THOMPSON|barbara.thompson7@gmail.com|4056138906|2258 Park Blvd|Georgetown|AK|83481|18-Mar-1995|4883|VA002586
DAVID|NGUYEN|david.nguyen88@hotmail.com|906-280-6660|8677 Cedar Ln|Manchester|VT|16984-6064|06-26-1996|7285|VA002587
PATRICIA|WILSON|patricia.wilson23@yahoo.com|+18744196560|9656 River Dr|Springfield|MO|55974|09/28/1986|6484|VA002588
LISA|SMITH||428.933.3922|8535 Valley Ln|Richmond|nm|88449|2000-01-04|3629|VA002589
DAVID|BAKER|david.baker84@yahoo.com|(887) 856-4296|1832 Park Blvd|Georgetown|HI|53049-2755|12-Jun-1952|7086|VA002590
JESSICA|WRIGHT|jessica.wright79@hotmail.com|3852271958|4883 River Dr|Franklin|MA|28672|01-13-1977|6311|VA002591
JAMES|JACKSON|james.jackson53@icloud.com|707-366-6535|5614 Washington St|Franklin|SC|34162|06/04/2002|2892|VA002592
KAREN|GARCIA|karen.garcia38@yahoo.com|+17434245583|5846 Lincoln Ave|Madison|fl|22357-8338|1947-06-02|8002|VA002593
BETTY|SMITH|betty.smith51@hotmail.com|538.873.1936|4309 Jefferson Dr|Madison|AL|35808|24-Mar-2003|5821|VA002594
BARBARA|GARCIA|barbara.garcia91@yahoo.com|(554) 731-5653|1293 Park Blvd|Fairview|SD|82199|08-15-1964|3050|VA002595
PATRICIA|YOUNG|patricia.young66@outlook.com|9979843131|3468 River Dr|Springfield|WV|30536-8463|09/22/1944|9896|VA002596
PATRICIA|YOUNG|patricia.young72@gmail.com|501-527-8507|6457 Valley Ln|Greenville|hi|84055|1978-03-21|3561|VA002597
ROBERT|WILLIAMS|robert.williams10@icloud.com|+19403035192|3788 Forest Ave|Madison|KY|70853|29-Jun-1944|2635|VA002598
MARGARET|WILLIAMS||619.377.8228|2308 Forest Ave|Manchester|VT|64664-2807|11-07-1967|4991|VA002599
BETTY|THOMAS|betty.thomas33@icloud.com|(698) 459-6968|7517 Main St|Richmond|MN|49470|09/17/2003|6467|VA002600
MARY|TORRES|mary.torres41@outlook.com|9517187856|6990 Cedar Ln|Clinton|nc|13793|1972-01-08|4361|VA002601
THOMAS|HALL|thomas.hall47@outlook.com|330-443-4881|3381 Hill Rd|Richmond|UT|41017-6710|09-Nov-1949|7576|VA002602
JOSEPH|BAKER|joseph.baker60@hotmail.com|+13922385949|3406 Jefferson Dr|Georgetown|AR|30337|06-27-1960|9791|VA002603
SUSAN|NGUYEN|susan.nguyen70@hotmail.com|561.696.7277|7394 Park Blvd|Springfield|MD|40117|12/24/1979|3658|VA002604
SUSAN|JACKSON|susan.jackson40@gmail.com|(510) 553-3269|5282 Jefferson Dr|Richmond|vt|68367-1646|1989-12-31|4882|VA002605
DANIEL|ALLEN|daniel.allen62@yahoo.com|5536215595|9169 Washington St|Franklin|IA|64831|04-Jul-1993|8680|VA002606
DAVID|DAVIS||906-919-1058|49 Main St|Greenville|IA|71857|05-22-1978|8809|VA002607
SARAH|KING||+14338319114|1654 River Dr|Greenville|KS|47095-1685|04/16/1980|4881|VA002608
SUSAN|SCOTT|susan.scott35@outlook.com|452.647.7102|4189 Jefferson Dr|Franklin|vt|30468|1984-06-24|7170|VA002609
CHARLES|NELSON||(699) 982-7391|2584 Lake Rd|Manchester|KS|93831|01-Nov-1985|1992|VA002610
RICHARD|WALKER|richard.walker45@outlook.com|3854446046|7541 Valley Ln|Dayton|MT|47854-3211|11-07-1975|1197|VA002611
JOSEPH|WHITE|joseph.white12@gmail.com|884-953-9433|6977 Sunset Blvd|Franklin|MI|64595|07/30/1964|1132|VA002612
JESSICA|NELSON|jessica.nelson3@yahoo.com|+18343557225|6030 River Dr|Arlington|me|24408|1985-07-25|8548|VA002613
LINDA|NELSON|linda.nelson32@yahoo.com|929.901.2499|3128 Maple Dr|Franklin|KS|95405-9346|30-Apr-1948|2124|VA002614
RICHARD|TAYLOR|richard.taylor22@gmail.com|(949) 282-9778|6289 Cedar Ln|Springfield|OK|53309|03-28-1974|3413|VA002615
MARGARET|YOUNG|margaret.young25@icloud.com|3052375269|5081 Lincoln Ave|Greenville|KS|83060|08/26/1971|4608|VA002616
JENNIFER|HILL|jennifer.hill47@aol.com|384-471-5681|4301 Maple Dr|Salem|al|84742-2381|1976-09-10|9352|VA002617
JESSICA|BAKER|jessica.baker31@outlook.com|+13175006672|7709 Oak Ave|Oxford|MT|84196|27-Jun-2002|4633|VA002618
JOHN|ANDERSON|john.anderson40@hotmail.com|810.325.6587|194 Maple Dr|Greenville|HI|88166|07-16-1969|2101|VA002619
JOSEPH|HARRIS|joseph.harris85@gmail.com|(488) 676-5914|7438 Main St|Fairview|ID|47614-7226|05/09/1951|8009|VA002620
MARK|GARCIA|mark.garcia7@icloud.com|7514537449|587 Cedar Ln|Oxford|ar|37906|1978-01-31|9121|VA002621
JOSEPH|ALLEN|joseph.allen11@yahoo.com|838-217-6760|1293 River Dr|Burlington|UT|40118|19-Jul-2003|4158|VA002622
CHARLES|WILSON||+17769842229|4309 Forest Ave|Marion|Flo.|54959-1438|03-12-1951|2190|VA002623
RICHARD|JOHNSON|richard.johnson71@yahoo.com|437.351.4885|6086 Oak Ave|Franklin|KS|96061|07/17/1992|6385|VA002624
JESSICA|WILSON|jessica.wilson15@gmail.com|(586) 324-3720|759 Hill Rd|Manchester|sd|50898|1946-02-24|3268|VA002625
CHRISTOPHER|HARRIS|christopher.harris5@yahoo.com|2497992793|7040 River Dr|Fairview|AK|45416-4664|31-May-1941|8613|VA002626
CHARLES|JACKSON||845-303-3886|3173 Lincoln Ave|Manchester|Ohi.|11766|11-15-1969|1748|VA002627
JENNIFER|KING|jennifer.king52@yahoo.com|+16003449182|7887 Jefferson Dr|Dayton|UT|45793|10/20/1989|5596|VA002628
ROBERT|WILLIAMS|robert.williams13@aol.com|989.752.9626|619 Sunset Blvd|Georgetown|wy|91006-6915|1951-10-04|7172|VA002629
JOHN|SMITH|john.smith22@hotmail.com|(738) 419-6170|1744 Lincoln Ave|Burlington|WV|64497|25-Nov-1982|1084|VA002630
ASHLEY|ADAMS|ashley.adams38@aol.com|6616782216|7199 Cedar Ln|Oxford|KS|30333|03-26-1978|7084|VA002631
LISA|SCOTT||447-937-6343|9505 Main St|Richmond|WI|69782-8787|09/30/2000|1191|VA002632
LINDA|THOMAS|linda.thomas14@icloud.com|+13184526685|487 Jefferson Dr|Richmond|wy|51211|1957-06-04|6221|VA002633
MARK|JONES|mark.jones68@icloud.com|253.498.6795|9884 Lincoln Ave|Clinton|SD|26264|21-Oct-1943|1576|VA002634
MARGARET|MILLER|margaret.miller96@outlook.com|(303) 766-2062|6032 Oak Ave|Georgetown|Pen.|48612-4001|12-04-1982|3374|VA002635
MARY|WHITE|mary.white52@aol.com|6372051923|8608 Lincoln Ave|Burlington|MI|15765|11/24/1995|1339|VA002636
CHRISTOPHER|NGUYEN|christopher.nguyen14@yahoo.com|556-258-9269|3977 Maple Dr|Arlington|tn|36231|1953-02-09|4733|VA002637
DANIEL|ALLEN||+19349767349|1400 River Dr|Clinton|WV|84018-5335|13-Dec-1958|4090|VA002638
MARK|DAVIS|mark.davis78@hotmail.com|637.762.6499|3137 Sunset Blvd|Salem|ME|34344|10-02-1970|3824|VA002639
DAVID|JOHNSON|david.johnson44@yahoo.com|(795) 479-2071|4926 Oak Ave|Springfield|KY|68904|07/02/1991|7774|VA002640
JOSEPH|BAKER|joseph.baker78@hotmail.com|4912044854|787 Maple Dr|Richmond|ak|52244-6218|1971-10-21|5657|VA002641
MARY|WALKER|mary.walker56@icloud.com|535-887-7287|4869 Maple Dr|Burlington|Texas|27751|19-Aug-1966|1186|VA002642
MATTHEW|HALL|matthew.hall99@yahoo.com|+15775997933|8200 Sunset Blvd|Manchester|KS|16608|07-24-1959|3517|VA002643
LISA|ALLEN|lisa.allen47@gmail.com|728.415.9244|8928 Hill Rd|Marion|FL|32265-7261|02/25/1943|1267|VA002644
THOMAS|WILLIAMS|thomas.williams99@yahoo.com|(844) 624-1530|6531 Washington St|Fairview|mn|15140|1948-08-10|2551|VA002645
LINDA|GARCIA|linda.garcia29@hotmail.com|4653415389|1170 Lincoln Ave|Arlington|MT|17589|09-Apr-1986|4510|VA002646
MARGARET|HARRIS|margaret.harris60@gmail.com|394-970-1567|7397 Maple Dr|Greenville|CO|24307-9913|04-27-1958|9856|VA002647
CHRISTOPHER|BROWN|christopher.brown52@aol.com|+12494956886|506 Lake Rd|Greenville|CO|18533|08/24/1952|1802|VA002648
JESSICA|NGUYEN|jessica.nguyen53@hotmail.com|261.581.1015|4684 Park Blvd|Springfield|vt|82274|1962-05-07|4088|VA002649
SARAH|TAYLOR|sarah.taylor52@yahoo.com|(931) 652-9601|8552 Cedar Ln|Oxford|MT|46215-9239|22-May-1974|4781|VA002650
SARAH|JACKSON|sarah.jackson39@outlook.com|6959877860|2748 Forest Ave|Springfield|KY|52782|10-08-1988|2838|VA002651
SARAH|HILL|sarah.hill6@aol.com|251-485-4303|5458 Park Blvd|Oxford|KS|70918|06/11/1947|6149|VA002652
PATRICIA|ALLEN|patricia.allen91@aol.com|+15576188281|2516 Lincoln Ave|Marion|ms|15580-7659|1955-04-25|2400|VA002653
BARBARA|ALLEN|barbara.allen16@yahoo.com|589.287.7722|670 Forest Ave|Georgetown|OR|91097|29-Jun-1950|2641|VA002654
SANDRA|THOMPSON||(417) 666-8755|535 Washington St|Greenville|OK|58409|08-27-1950|7694|VA002655
ANTHONY|KING|anthony.king46@icloud.com|4529488243|4496 Washington St|Clinton|SD|27016-5145|03/03/1965|6369|VA002656
JOHN|HILL|john.hill69@yahoo.com|979-667-9348|8278 Sunset Blvd|Manchester|oh|17355|1966-05-01|8483|VA002657
MARGARET|TORRES|margaret.torres91@yahoo.com|+15676667952|7234 Hill Rd|Georgetown|RI|87714|30-Nov-1981|8057|VA002658
SARAH|KING||855.971.4660|6903 Washington St|Franklin|New.|98669-8089|11-19-1968|7153|VA002659
JESSICA|WHITE|jessica.white83@hotmail.com|(720) 987-3560|4333 Sunset Blvd|Fairview|NE|49548|12/14/1988|6603|VA002660
MARK|KING||2642003427|3562 Jefferson Dr|Dayton|wa|20577|1959-11-29|6778|VA002661
JOHN|WILSON|john.wilson97@yahoo.com|755-645-9995|275 Park Blvd|Madison|Pennsylvania|39003-2067|02-Aug-1970|8180|VA002662
ASHLEY|TORRES|ashley.torres52@yahoo.com|+16149561447|2963 Forest Ave|Dayton|AL|87201|07-18-1943|7419|VA002663
NANCY|JACKSON|nancy.jackson76@gmail.com|693.377.3022|2219 Sunset Blvd|Richmond|TX|10582|01/24/1997|3192|VA002664
MICHAEL|JOHNSON|michael.johnson32@outlook.com|(927) 284-9048|5094 Lake Rd|Georgetown|de|30984-5021|2000-07-04|5976|VA002665
CHRISTOPHER|JACKSON|christopher.jackson6@outlook.com|9793194440|2212 Jefferson Dr|Greenville|TN|15158|14-Aug-1962|1188|VA002666
BARBARA|WRIGHT|barbara.wright83@hotmail.com|569-697-1080|3782 Valley Ln|Burlington|KS|42838|05-04-1999|3167|VA002667
JAMES|THOMPSON||+18784911386|3367 Lincoln Ave|Fairview|ME|43392-7897|03/20/1947|9789|VA002668
SANDRA|GARCIA|sandra.garcia8@icloud.com|757.536.9098|7170 Hill Rd|Greenville|ne|76536|1991-01-26|8937|VA002669
SUSAN|WRIGHT|susan.wright39@hotmail.com|(734) 542-7441|4972 Main St|Springfield|California|48396|11-Aug-1950|9893|VA002670
NANCY|ANDERSON||4635047301|1311 Oak Ave|Dayton|New.|43708-5725|10-26-1955|2522|VA002671
JOSEPH|SCOTT|joseph.scott91@gmail.com|875-425-5644|1954 River Dr|Madison|ID|74668|11/28/1950|7712|VA002672
MATTHEW|THOMAS|matthew.thomas2@gmail.com|+14712426743|2119 Sunset Blvd|Madison|ak|21996|1983-03-17|4902|VA002673
JENNIFER|DAVIS|jennifer.davis57@yahoo.com|728.760.1508|8006 Cedar Ln|Clinton|NE|93558-9033|05-Aug-1967|9087|VA002674
LINDA|WHITE|linda.white95@icloud.com|(283) 805-1619|9947 Cedar Ln|Salem|AL|42425|05-30-1940|6652|VA002675
DANIEL|WRIGHT|daniel.wright33@icloud.com|7736641032|6998 Sunset Blvd|Dayton|TN|16797|12/23/1968|8086|VA002676
LINDA|WRIGHT|linda.wright62@icloud.com|415-766-5943|6111 Lincoln Ave|Richmond|in|57043-3549|1942-12-13|1890|VA002677
ASHLEY|NELSON|ashley.nelson35@aol.com|+17375349030|7467 Hill Rd|Manchester|LA|12760|31-Aug-2001|9815|VA002678
MICHAEL|THOMAS|michael.thomas25@icloud.com|557.716.4058|7017 Cedar Ln|Salem|WA|46944|01-25-1980|9601|VA002679
SUSAN|BAKER|susan.baker41@aol.com|(539) 834-4157|9319 Oak Ave|Manchester|OH|93566-6382|03/08/1969|4906|VA002680
SANDRA|MARTIN|sandra.martin50@icloud.com|8003789958|2099 Oak Ave|Oxford|ia|56361|1998-07-28|2257|VA002681
DAVID|HARRIS|david.harris20@gmail.com|357-530-1833|4935 Forest Ave|Manchester|OR|82110|15-Feb-1972|2194|VA002682
BARBARA|JONES|barbara.jones20@icloud.com|+13227001096|707 Maple Dr|Dayton|WI|25268-1079|10-05-1951|6838|VA002683
PATRICIA|HALL|patricia.hall3@icloud.com|870.468.4865|8911 Lincoln Ave|Marion|CA|83783|10/17/2002|5416|VA002684
JOHN|WALKER|john.walker96@hotmail.com|(915) 449-6663|570 Park Blvd|Arlington|me|97619|1997-02-05|5928|VA002685
BETTY|THOMAS|betty.thomas93@gmail.com|8893647067|7663 Oak Ave|Salem|WV|61729-1479|18-Apr-1942|2553|VA002686
MICHAEL|SMITH|michael.smith54@yahoo.com|622-907-4340|6724 Hill Rd|Manchester|SC|71814|08-02-1945|3262|VA002687
ROBERT|WHITE|robert.white80@hotmail.com|+14149601078|5037 River Dr|Franklin|PA|53001|04/18/1942|6035|VA002688
ROBERT|YOUNG|robert.young22@yahoo.com|427.302.4082|128 Jefferson Dr|Madison|al|10781-1728|1997-04-09|6480|VA002689
JOSEPH|JONES|joseph.jones96@icloud.com|(632) 874-6157|9283 Jefferson Dr|Burlington|ID|10975|23-Sep-1954|5105|VA002690
DANIEL|TORRES|daniel.torres93@icloud.com|5899705265|4956 Maple Dr|Dayton|Cal.|19970|04-03-1941|7721|VA002691
SANDRA|THOMPSON|sandra.thompson29@aol.com|334-963-7158|5695 River Dr|Franklin|OR|71617-3744|12/20/1987|7202|VA002692
JENNIFER|NGUYEN|jennifer.nguyen7@aol.com|+14712697225|9085 Park Blvd|Springfield|mt|98782|1946-05-01|6968|VA002693
JESSICA|KING|jessica.king56@aol.com|547.805.1629|903 Cedar Ln|Arlington|NH|10541|13-Aug-1988|7831|VA002694
BETTY|YOUNG|betty.young65@icloud.com|(410) 440-3757|7766 Oak Ave|Springfield|MD|51166-9505|08-05-1958|6285|VA002695
BETTY|THOMPSON||5449894803|6042 Hill Rd|Madison|OR|64160|09/15/1953|1290|VA002696
JOSEPH|THOMAS|joseph.thomas79@hotmail.com|756-910-7853|6445 Washington St|Oxford|wa|10609|1942-08-10|3708|VA002697
THOMAS|JONES|thomas.jones79@hotmail.com|+19164108167|8387 Oak Ave|Georgetown|KS|40546-9604|24-Apr-1990|2942|VA002698
JENNIFER|ANDERSON|jennifer.anderson21@yahoo.com|937.429.2173|6511 Park Blvd|Clinton|UT|23268|06-21-1943|8026|VA002699
JOHN|JOHNSON|john.johnson18@yahoo.com|(682) 391-7750|704 Main St|Madison|GA|48372|10/20/1975|8912|VA002700
LISA|NELSON|lisa.nelson80@icloud.com|2825566995|8680 Lake Rd|Arlington|or|38710-7060|1992-07-09|3568|VA002701
LISA|NGUYEN||715-985-4096|3448 Washington St|Georgetown|AZ|84553|10-Apr-1941|3502|VA002702
THOMAS|HALL||+17599942230|7367 Valley Ln|Greenville|HI|92745|08-11-1965|2652|VA002703
KAREN|NELSON|karen.nelson78@gmail.com|879.696.1741|413 Main St|Springfield|WV|31455-5726|08/24/1970|7347|VA002704
LINDA|THOMPSON|linda.thompson92@outlook.com|(620) 355-4237|2084 Cedar Ln|Clinton|az|59959|1976-03-05|8595|VA002705
DAVID|GARCIA|david.garcia87@icloud.com|9199835043|1175 Valley Ln|Georgetown|Illinois|23826|02-Sep-1995|3877|VA002706
ROBERT|THOMPSON|robert.thompson70@icloud.com|286-357-9680|3122 Jefferson Dr|Arlington|OK|20704-5585|06-14-1964|7608|VA002707
JOHN|WALKER|john.walker20@aol.com|+17397071485|2578 Washington St|Clinton|NC|62573|07/22/1998|6609|VA002708
JAMES|JACKSON|james.jackson74@hotmail.com|898.955.2740|7324 Jefferson Dr|Fairview|nm|23682|1965-09-12|5190|VA002709
CHARLES|WILSON|charles.wilson94@aol.com|(399) 247-9617|7715 Lake Rd|Clinton|NJ|67693-7164|09-Dec-1969|1334|VA002710
SUSAN|HALL||3494027060|6599 Washington St|Madison|WY|20923|10-21-1966|1552|VA002711
BARBARA|WHITE||354-340-4281|5615 River Dr|Oxford|NJ|28772|05/20/1968|3954|VA002712
DAVID|THOMAS||+12642394093|4624 Washington St|Fairview|ri|95772-4518|1960-06-23|2147|VA002713
WILLIAM|HALL|william.hall59@outlook.com|711.334.2720|6661 Valley Ln|Marion|CT|10455|23-Nov-1969|2836|VA002714
DANIEL|MILLER||(410) 811-2211|227 Jefferson Dr|Dayton|KS|52025|04-08-1983|6110|VA002715
SANDRA|BROWN|sandra.brown23@gmail.com|9822707403|8909 River Dr|Manchester|NJ|85254-6329|11/20/1982|3488|VA002716
JESSICA|BAKER||706-712-1883|5999 Park Blvd|Springfield|nh|24774|1955-02-14|9564|VA002717
JESSICA|SMITH|jessica.smith5@hotmail.com|+18255137358|8555 Lincoln Ave|Oxford|Texas|39797|28-Feb-1949|9802|VA002718
KAREN|TORRES||535.705.2895|6305 Park Blvd|Salem|RI|50895-2500|08-21-2001|8273|VA002719
MARK|HARRIS|mark.harris52@outlook.com|(400) 599-7359|731 Sunset Blvd|Greenville|WV|29464|08/31/1964|6863|VA002720
JOHN|JOHNSON|john.johnson13@aol.com|6094013403|1818 Cedar Ln|Dayton|ia|68470|2002-02-27|6210|VA002721
SARAH|TAYLOR||537-687-2353|1315 Maple Dr|Clinton|NE|48634-7863|24-Apr-1957|8462|VA002722
BARBARA|TORRES|barbara.torres62@yahoo.com|+18883896899|5939 Oak Ave|Madison|MN|82546|08-08-1985|6377|VA002723
MARGARET|MILLER||955.810.2013|7885 Jefferson Dr|Greenville|OR|42784|04/02/2001|9664|VA002724
RICHARD|SCOTT|richard.scott37@outlook.com|(655) 678-5218|1719 Lake Rd|Richmond|md|66257-6234|1957-08-03|4570|VA002725
MATTHEW|BAKER|matthew.baker58@yahoo.com|7656214091|9650 Lincoln Ave|Madison|ID|94688|20-Feb-1941|2485|VA002726
BETTY|JACKSON|betty.jackson20@aol.com|768-625-5682|8665 Valley Ln|Salem|ND|94191|02-05-2001|1112|VA002727
MATTHEW|ADAMS|matthew.adams89@hotmail.com|+17322224211|181 Sunset Blvd|Springfield|NJ|98282-2412|09/03/2004|4740|VA002728
MICHAEL|ANDERSON|michael.anderson16@hotmail.com|346.983.1697|3832 Forest Ave|Springfield|al|34832|1950-05-16|2231|VA002729
BARBARA|SMITH||(662) 908-7801|7516 Jefferson Dr|Georgetown|Florida|14212|23-Jun-1940|4827|VA002730
NANCY|WALKER|nancy.walker7@hotmail.com|8407106827|8997 Valley Ln|Arlington|CT|13158-4399|05-21-1992|4397|VA002731
DAVID|HARRIS||469-629-9250|4508 Washington St|Dayton|NY|33794|03/16/1985|7494|VA002732
NANCY|SMITH|nancy.smith41@outlook.com|+12818242486|2196 Main St|Georgetown|hi|93121|1956-03-09|6806|VA002733
JAMES|MILLER|james.miller18@yahoo.com|575.909.9192|7006 Lake Rd|Manchester|AZ|63054-7666|24-Jan-1986|1801|VA002734
JAMES|HARRIS|james.harris68@aol.com|(256) 314-3938|7541 River Dr|Fairview|NH|92554|02-09-1985|7401|VA002735
LISA|THOMPSON|lisa.thompson37@gmail.com|7709792218|2055 Lake Rd|Madison|NV|81415|05/25/1952|9043|VA002736
SANDRA|WALKER|sandra.walker27@outlook.com|283-323-9988|5378 Forest Ave|Richmond|ut|74659-6399|1983-09-28|6278|VA002737
WILLIAM|YOUNG|william.young50@yahoo.com|+14069725198|5481 Cedar Ln|Georgetown|KY|61463|09-Sep-1950|5675|VA002738
KAREN|KING|karen.king9@aol.com|854.385.9951|4507 Jefferson Dr|Salem|CO|27879|03-30-1949|8922|VA002739
MARGARET|WHITE||(340) 516-6117|161 Hill Rd|Dayton|ME|75273-9607|10/09/1979|2782|VA002740
MICHAEL|TAYLOR|michael.taylor83@outlook.com|9143524612|3876 Forest Ave|Arlington|ut|35631|1965-11-22|8224|VA002741
MATTHEW|WILLIAMS|matthew.williams64@hotmail.com|300-337-4837|9704 Lake Rd|Manchester|OR|75241|16-Jun-1985|2613|VA002742
CHARLES|THOMPSON|charles.thompson49@aol.com|+12456762122|744 Jefferson Dr|Georgetown|DE|40282-8802|10-10-1949|6026|VA002743
JOHN|TAYLOR|john.taylor11@hotmail.com|294.266.5098|3750 River Dr|Salem|OH|64074|04/29/1955|2702|VA002744
JOHN|NELSON|john.nelson52@aol.com|(653) 832-9168|5884 Main St|Franklin|ga|23445|1949-01-26|4318|VA002745
BETTY|NGUYEN|betty.nguyen64@icloud.com|6815151794|9854 Lincoln Ave|Clinton|WY|78970-3698|09-Feb-1989|7297|VA002746
SANDRA|THOMAS|sandra.thomas73@outlook.com|634-354-3926|4288 Cedar Ln|Franklin|Nor.|72283|10-19-1948|9563|VA002747
JENNIFER|NELSON|jennifer.nelson69@aol.com|+15004467678|8806 Maple Dr|Clinton|AL|49102|05/13/1987|4939|VA002748
JOSEPH|MILLER||452.630.6923|625 Park Blvd|Richmond|mi|16613-5288|1994-01-09|1487|VA002749
JAMES|HALL|james.hall44@icloud.com|(310) 376-1633|915 Cedar Ln|Oxford|IN|43141|02-Oct-1967|1543|VA002750
CHRISTOPHER|YOUNG|christopher.young25@yahoo.com|8147728667|3879 Park Blvd|Burlington|AK|22188|07-18-1947|5160|VA002751
JENNIFER|BROWN|jennifer.brown25@aol.com|468-904-3008|2843 Forest Ave|Manchester|AZ|33627-7598|10/17/1952|1484|VA002752
SUSAN|BAKER|susan.baker80@outlook.com|+12818908306|197 Washington St|Dayton|co|51733|1992-10-06|6922|VA002753
MARK|GARCIA|mark.garcia59@yahoo.com|893.605.7921|7556 Forest Ave|Madison|Michigan|65013|21-Oct-1968|9269|VA002754
MARY|THOMAS|mary.thomas17@gmail.com|(510) 742-1639|5978 Lincoln Ave|Georgetown|UT|97438-9145|03-19-2000|8418|VA002755
RICHARD|WILLIAMS|richard.williams46@hotmail.com|7222227857|2385 Park Blvd|Salem|MA|53484|05/10/1970|3454|VA002756
MARK|SCOTT|mark.scott92@aol.com|862-746-1388|7185 Forest Ave|Richmond|wa|17836|1966-04-13|7527|VA002757
WILLIAM|WRIGHT|william.wright10@gmail.com|+16592945886|5101 Park Blvd|Burlington|VT|77203-1688|18-Mar-1972|3624|VA002758
ANTHONY|NELSON|anthony.nelson79@aol.com|393.376.5911|2995 Main St|Arlington|HI|47621|04-09-1990|4591|VA002759
MARGARET|DAVIS|margaret.davis96@gmail.com|(493) 572-2448|9799 Lake Rd|Salem|NM|81380|09/14/1954|7115|VA002760
SUSAN|SMITH|susan.smith7@gmail.com|3488431302|6989 Washington St|Oxford|mn|49978-5618|1982-03-17|4207|VA002761
ROBERT|JACKSON|robert.jackson29@hotmail.com|474-692-4023|4838 Jefferson Dr|Fairview|Illinois|77648|12-Mar-1964|8365|VA002762
ROBERT|KING|robert.king80@hotmail.com|+14123746988|5127 Hill Rd|Marion|MD|50745|12-19-1940|6111|VA002763
BETTY|BROWN|betty.brown47@yahoo.com|608.295.5456|2575 Maple Dr|Springfield|NH|88519-6639|01/14/1985|3830|VA002764
JESSICA|HALL|jessica.hall16@yahoo.com|(795) 954-7761|6182 Cedar Ln|Burlington|il|56944|1978-09-22|4073|VA002765
BARBARA|GARCIA|barbara.garcia88@outlook.com|6148985539|2611 Lake Rd|Greenville|DE|45708|28-Mar-1972|5523|VA002766
LINDA|THOMAS|linda.thomas93@outlook.com|740-877-3033|7544 Maple Dr|Manchester|TN|47654-5675|09-27-1992|2442|VA002767
LISA|THOMPSON|lisa.thompson83@icloud.com|+14575555478|1425 Hill Rd|Fairview|IL|75034|03/31/1990|9534|VA002768
BETTY|WALKER|betty.walker79@aol.com|974.273.2138|7169 Maple Dr|Arlington|co|95121|1960-06-12|8866|VA002769
SUSAN|BAKER|susan.baker28@gmail.com|(769) 828-7448|1097 Sunset Blvd|Greenville|TN|63994-9723|02-Sep-1992|5624|VA002770
PATRICIA|ADAMS||3679045971|4568 Maple Dr|Franklin|NE|98321|05-10-1991|7270|VA002771
SUSAN|DAVIS|susan.davis49@icloud.com|245-559-2857|1154 Forest Ave|Franklin|NV|99491|07/20/1945|4720|VA002772
BARBARA|GARCIA|barbara.garcia24@yahoo.com|+15688314027|8692 Jefferson Dr|Marion|sd|72196-2970|1941-01-14|1269|VA002773
ASHLEY|GARCIA|ashley.garcia79@yahoo.com|423.383.9996|3375 Jefferson Dr|Oxford|California|38666|13-Nov-1968|1220|VA002774
BARBARA|NELSON|barbara.nelson59@yahoo.com|(468) 851-7444|4489 Valley Ln|Salem|Geo.|76838|12-08-1958|5846|VA002775
MARY|ADAMS|mary.adams65@outlook.com|2843185021|5585 Lake Rd|Arlington|TN|95091-2558|08/12/1974|8839|VA002776
ANTHONY|ADAMS|anthony.adams38@outlook.com|240-531-1301|9253 Lake Rd|Greenville|wv|29709|1972-03-02|4550|VA002777
DANIEL|ADAMS||+18937746449|9597 Lake Rd|Springfield|Illinois|23058|31-Dec-1952|2585|VA002778
KAREN|ADAMS|karen.adams3@hotmail.com|358.708.1949|145 Sunset Blvd|Springfield|Ohi.|62130-5270|08-03-1981|7623|VA002779
JENNIFER|SCOTT|jennifer.scott91@aol.com|(866) 276-2709|5400 Valley Ln|Madison|OK|54490|06/14/1960|5120|VA002780
CHARLES|NELSON||5086802749|4557 Valley Ln|Fairview|ut|60575|1950-05-28|3096|VA002781
CHARLES|WRIGHT|charles.wright81@outlook.com|870-226-9650|8594 Oak Ave|Manchester|Ohio|97414-2009|30-Dec-1956|3380|VA002782
MARK|NGUYEN|mark.nguyen19@gmail.com|+17197399441|344 Lincoln Ave|Greenville|ND|74328|06-15-1979|6982|VA002783
MARY|JOHNSON|mary.johnson56@hotmail.com|946.234.2948|6689 Jefferson Dr|Springfield|AZ|71643|10/11/1967|3771|VA002784
BARBARA|THOMPSON|barbara.thompson59@yahoo.com|(362) 670-9486|8099 Valley Ln|Georgetown|me|71572-5155|1975-03-30|4038|VA002785
LISA|BAKER|lisa.baker16@outlook.com|8499371876|5815 River Dr|Oxford|WV|48687|20-Sep-1993|1607|VA002786
THOMAS|WRIGHT|thomas.wright82@outlook.com|803-797-6479|8455 Lincoln Ave|Franklin|WA|46835|09-29-1940|5632|VA002787
ROBERT|SCOTT|robert.scott18@icloud.com|+17852636603|8118 Lake Rd|Springfield|HI|31237-5422|05/23/1980|2190|VA002788
CHARLES|WILSON|charles.wilson68@yahoo.com|500.368.6941|4293 Washington St|Arlington|me|88679|1981-11-19|5698|VA002789
KAREN|JOHNSON|karen.johnson45@outlook.com|(745) 339-7113|1283 Forest Ave|Franklin|NV|91873|13-Aug-1955|2483|VA002790
JESSICA|THOMAS|jessica.thomas81@aol.com|5895894419|2078 Forest Ave|Manchester|Ohi.|43797-3175|04-07-1949|9042|VA002791
JOSEPH|ALLEN||208-546-9704|8522 Forest Ave|Greenville|TN|31742|08/28/1948|6450|VA002792
BETTY|JONES|betty.jones65@outlook.com|+15562555845|5866 Cedar Ln|Manchester|wi|99881|1953-02-22|9675|VA002793
DANIEL|TAYLOR|daniel.taylor46@icloud.com|978.886.7768|8657 Park Blvd|Richmond|WY|18527-2908|24-Dec-1969|5860|VA002794
ROBERT|GARCIA|robert.garcia46@gmail.com|(982) 306-1030|8380 Park Blvd|Marion|NV|20459|04-07-1943|7269|VA002795
PATRICIA|SMITH|patricia.smith26@hotmail.com|5563739081|8424 Park Blvd|Georgetown|VA|25736|11/10/1952|8258|VA002796
LINDA|BAKER|linda.baker36@icloud.com|750-498-2093|3560 Forest Ave|Clinton|wi|82459-1244|1950-11-16|7041|VA002797
JENNIFER|SMITH||+12448342287|2242 Lake Rd|Salem|IA|75138|28-Dec-1996|9765|VA002798
MATTHEW|WRIGHT|matthew.wright76@aol.com|564.860.4330|284 Lake Rd|Clinton|ME|22725|01-21-1990|5277|VA002799
PATRICIA|THOMAS|patricia.thomas44@icloud.com|(863) 567-3451|3580 Main St|Madison|MN|98554-3929|10/17/1998|2789|VA002800
NANCY|SCOTT|nancy.scott56@gmail.com|8544344970|9410 Park Blvd|Greenville|id|79357|1986-06-22|7762|VA002801
SARAH|HILL|sarah.hill34@outlook.com|335-885-4851|2509 Sunset Blvd|Richmond|CT|97571|23-Jan-1941|3412|VA002802
LISA|THOMPSON|lisa.thompson34@aol.com|+19069416259|9812 Oak Ave|Richmond|ID|60959-1317|05-27-1940|3435|VA002803
MARK|JONES|mark.jones31@gmail.com|502.928.5629|8137 Forest Ave|Richmond|MA|49559|03/31/1957|8792|VA002804
ANTHONY|MILLER|anthony.miller72@hotmail.com|(525) 439-2537|5144 River Dr|Fairview|wy|16910|1994-02-08|4970|VA002805
DAVID|ADAMS|david.adams50@hotmail.com|4668814344|4468 Lincoln Ave|Burlington|WI|48584-1660|07-Oct-1947|8720|VA002806
THOMAS|YOUNG|thomas.young12@yahoo.com|616-842-2921|5780 Oak Ave|Greenville|DE|30893|04-30-1957|8233|VA002807
ANTHONY|SCOTT|anthony.scott96@gmail.com|+16448331496|4058 Lake Rd|Burlington|MN|59537|12/17/1963|2260|VA002808
LISA|JACKSON|lisa.jackson85@gmail.com|839.311.4074|3346 Main St|Arlington|ny|70600-7164|1955-05-14|7401|VA002809
SANDRA|WRIGHT||(297) 262-2604|6361 River Dr|Fairview|WY|59197|18-Sep-1978|3931|VA002810
JENNIFER|TORRES|jennifer.torres76@aol.com|3623422401|8445 Washington St|Oxford|Ohi.|68843|10-05-1940|2801|VA002811
PATRICIA|SCOTT|patricia.scott89@yahoo.com|821-322-4297|530 Park Blvd|Fairview|CA|19691-6263|05/22/1951|3581|VA002812
LINDA|WILLIAMS|linda.williams31@gmail.com|+12845733717|4469 Valley Ln|Fairview|oh|43258|1966-11-12|7232|VA002813
DANIEL|MILLER||851.671.1918|1495 Washington St|Greenville|MO|81969|09-Jan-1952|2664|VA002814
LISA|THOMPSON||(694) 583-7067|1123 Maple Dr|Oxford|UT|46351-9631|10-26-1966|2572|VA002815
JOSEPH|MILLER|joseph.miller53@hotmail.com|6713247463|4499 Lake Rd|Richmond|NE|33117|11/04/1984|1021|VA002816
DANIEL|NGUYEN|daniel.nguyen24@yahoo.com|641-917-3756|1622 Sunset Blvd|Manchester|ri|96540|1955-05-02|2106|VA002817
WILLIAM|MARTIN|william.martin83@hotmail.com|+16287054853|3752 Lake Rd|Clinton|KS|17874-8477|10-May-1989|3199|VA002818
JOHN|TAYLOR|john.taylor6@outlook.com|615.237.7719|9069 Lincoln Ave|Clinton|AZ|83296|08-23-1996|4256|VA002819
MARY|WRIGHT|mary.wright55@outlook.com|(544) 911-6397|1064 Maple Dr|Manchester|ND|18612|08/02/1956|1603|VA002820
KAREN|NGUYEN|karen.nguyen77@aol.com|4047567315|943 River Dr|Oxford|mt|33954-5529|1967-08-05|9970|VA002821
MARGARET|DAVIS||712-564-7086|2077 Sunset Blvd|Georgetown|NE|70053|25-Dec-1973|8939|VA002822
CHARLES|JACKSON|charles.jackson26@aol.com|+18606516963|5706 Lake Rd|Oxford|LA|31434|12-26-1955|9593|VA002823
DANIEL|HILL|daniel.hill10@yahoo.com|740.971.4258|9574 Hill Rd|Oxford|CT|80327-6991|01/13/1969|9990|VA002824
ASHLEY|GARCIA|ashley.garcia82@gmail.com|(699) 546-7543|1104 River Dr|Marion|az|89609|1970-04-10|8145|VA002825
MATTHEW|THOMAS|matthew.thomas11@yahoo.com|7912536555|2586 Lincoln Ave|Salem|ME|24738|30-Jun-1977|4350|VA002826
ANTHONY|ANDERSON|anthony.anderson93@hotmail.com|394-981-3610|8164 Hill Rd|Salem|New.|50441-2082|08-14-1984|1379|VA002827
DANIEL|GARCIA|daniel.garcia59@gmail.com|+15825255517|8138 Oak Ave|Arlington|VT|47014|06/04/1958|4942|VA002828
PATRICIA|HALL|patricia.hall44@yahoo.com|949.620.9567|4153 Cedar Ln|Madison|or|48961|1969-01-19|7251|VA002829
MARK|ANDERSON|mark.anderson56@aol.com|(480) 243-4333|7829 Oak Ave|Madison|CO|94271-8201|15-Aug-1984|1340|VA002830
JAMES|JACKSON|james.jackson86@outlook.com|8185907637|2704 River Dr|Salem|HI|13247|03-20-1975|5156|VA002831
BARBARA|KING||616-263-7849|2576 Main St|Dayton|CT|31129|09/08/1980|6977|VA002832
LISA|WILLIAMS|lisa.williams90@icloud.com|+15769795350|6196 Maple Dr|Clinton|ca|38220-1436|1954-12-12|3433|VA002833
DAVID|BAKER|david.baker68@icloud.com|227.590.8441|9377 River Dr|Salem|Texas|40299|23-Sep-1974|8407|VA002834
BETTY|JOHNSON|betty.johnson83@gmail.com|(762) 676-2083|6742 River Dr|Dayton|Pen.|84726|12-30-1957|5374|VA002835
LISA|JONES|lisa.jones18@icloud.com|3234536676|8249 Hill Rd|Salem|AK|43168-5562|06/23/1958|3320|VA002836
CHRISTOPHER|KING|christopher.king37@hotmail.com|666-206-5696|1938 Washington St|Burlington|md|58742|1943-02-28|6389|VA002837
SARAH|MARTIN||+19505694927|3172 Hill Rd|Salem|RI|27715|19-May-1999|9828|VA002838
MATTHEW|NELSON|matthew.nelson22@icloud.com|418.834.3243|1210 Maple Dr|Marion|ME|56522-6082|09-27-1959|8042|VA002839
THOMAS|SCOTT|thomas.scott42@yahoo.com|(519) 511-9785|5687 Cedar Ln|Franklin|NY|33548|04/17/1978|3160|VA002840
JOHN|NELSON|john.nelson80@gmail.com|3732336235|9693 Jefferson Dr|Franklin|nd|75407|1990-06-26|9838|VA002841
SUSAN|HARRIS|susan.harris51@gmail.com|359-912-9699|2715 Maple Dr|Madison|OK|86611-9591|22-Oct-2002|8174|VA002842
CHARLES|WHITE|charles.white7@gmail.com|+15737356034|9369 River Dr|Marion|MA|21185|03-01-1948|1439|VA002843
JOHN|TORRES|john.torres53@gmail.com|684.646.6973|5505 Hill Rd|Oxford|HI|30334|09/30/1959|7039|VA002844
LINDA|THOMPSON|linda.thompson17@yahoo.com|(367) 744-3414|6894 Valley Ln|Clinton|wy|40633-5788|1962-03-19|9937|VA002845
DANIEL|TAYLOR|daniel.taylor28@hotmail.com|4049223154|44 Valley Ln|Dayton|MO|74939|21-Dec-1996|9606|VA002846
MARY|BROWN|mary.brown25@outlook.com|913-767-9849|4347 Sunset Blvd|Madison|MD|41135|08-08-1948|1813|VA002847
SARAH|ALLEN|sarah.allen92@gmail.com|+16149589404|4145 Jefferson Dr|Clinton|ME|33291-5604|10/24/1987|9185|VA002848
BETTY|DAVIS|betty.davis2@icloud.com|879.819.5476|2614 Main St|Manchester|nj|90722|1975-09-11|2753|VA002849
RICHARD|WALKER|richard.walker6@icloud.com|(447) 802-2441|6810 Oak Ave|Marion|ND|75719|24-Oct-1965|7507|VA002850
LINDA|BROWN|linda.brown18@hotmail.com|5759477515|4231 Park Blvd|Marion|WI|23578-5379|08-24-1980|9250|VA002851
JENNIFER|TAYLOR|jennifer.taylor34@gmail.com|912-728-9875|1579 Main St|Springfield|TN|98294|09/18/1990|7040|VA002852
SARAH|HALL|sarah.hall20@gmail.com|+14438102604|3667 Lincoln Ave|Clinton|vt|89870|1995-05-24|9179|VA002853
CHRISTOPHER|THOMAS|christopher.thomas74@aol.com|290.570.9663|4277 Cedar Ln|Madison|UT|55972-6858|28-Dec-1973|6738|VA002854
CHARLES|WILSON||(466) 896-8381|9914 Jefferson Dr|Clinton|CO|35265|04-13-1995|9399|VA002855
ASHLEY|WHITE|ashley.white45@hotmail.com|3666243035|8027 Main St|Fairview|MT|68729|08/02/1941|3579|VA002856
SUSAN|MILLER|susan.miller49@gmail.com|483-364-4581|8618 Hill Rd|Oxford|ms|34322-6328|1983-10-12|1096|VA002857
LISA|JONES||+16813834309|4354 Main St|Georgetown|WI|92750|10-Oct-1947|7108|VA002858
JESSICA|WALKER|jessica.walker38@hotmail.com|625.920.7866|5992 Hill Rd|Oxford|MA|28003|04-15-1964|9045|VA002859
JESSICA|BROWN|jessica.brown45@hotmail.com|(648) 393-5050|7735 Main St|Greenville|WY|52154-5221|11/22/1968|6687|VA002860
JAMES|BAKER|james.baker42@hotmail.com|6576597818|6385 Washington St|Madison|id|20743|2002-07-01|2354|VA002861
ANTHONY|YOUNG|anthony.young7@aol.com|410-927-8135|7464 River Dr|Clinton|CT|69922|25-Dec-1980|3850|VA002862
MARK|THOMPSON|mark.thompson18@gmail.com|+17339583817|7489 Valley Ln|Oxford|New.|90745-3236|03-21-1957|5108|VA002863
JOHN|NELSON|john.nelson37@gmail.com|747.789.4955|8483 Valley Ln|Marion|MD|62326|07/02/1995|1928|VA002864
DANIEL|SCOTT||(453) 308-4158|188 Sunset Blvd|Springfield|ca|60627|1947-03-08|9599|VA002865
KAREN|JACKSON|karen.jackson47@outlook.com|9835123230|1136 Forest Ave|Marion|ID|93092-1268|28-Jul-2002|4096|VA002866
CHARLES|MILLER|charles.miller79@aol.com|255-967-9141|2523 Valley Ln|Salem|OK|64231|06-15-1956|1063|VA002867
BETTY|WALKER||+15735917819|2396 Jefferson Dr|Arlington|RI|36255|06/05/1964|5010|VA002868
MATTHEW|MARTIN|matthew.martin99@outlook.com|499.811.4788|119 Hill Rd|Georgetown|il|63967-5052|1990-04-16|8161|VA002869
BETTY|YOUNG|betty.young14@hotmail.com|(243) 371-2100|9213 Valley Ln|Clinton|WY|78030|03-Apr-1989|3460|VA002870
ROBERT|THOMPSON|robert.thompson88@gmail.com|4578831618|1197 Maple Dr|Arlington|SC|94245|03-30-1970|9762|VA002871
MARGARET|JACKSON|margaret.jackson79@outlook.com|840-998-8862|7954 Hill Rd|Dayton|CT|37258-2458|10/02/1963|2056|VA002872
MATTHEW|SMITH|matthew.smith15@aol.com|+18233518681|1348 Oak Ave|Manchester|ky|24901|1989-07-03|2344|VA002873
LINDA|WRIGHT|linda.wright72@hotmail.com|383.726.4534|8668 River Dr|Manchester|MO|42880|01-Sep-1997|8575|VA002874
LISA|HARRIS|lisa.harris87@aol.com|(430) 379-2230|6014 Jefferson Dr|Greenville|Nor.|56306-7155|07-26-1944|7925|VA002875
CHRISTOPHER|WALKER|christopher.walker4@yahoo.com|2619745406|1892 Jefferson Dr|Fairview|AR|53124|06/10/1972|8236|VA002876
RICHARD|HILL|richard.hill4@hotmail.com|923-853-3245|6782 Hill Rd|Georgetown|va|84370|1956-06-04|7985|VA002877
MARY|ALLEN|mary.allen31@outlook.com|+16249383220|1149 Valley Ln|Georgetown|Illinois|63643-3904|11-Oct-1988|1510|VA002878
LISA|JONES|lisa.jones10@aol.com|760.339.3288|344 River Dr|Fairview|WI|20696|03-19-1987|7514|VA002879
SARAH|SMITH|sarah.smith59@hotmail.com|(496) 264-3521|2912 Cedar Ln|Springfield|IL|87880|12/30/1965|8057|VA002880
WILLIAM|HALL|william.hall3@outlook.com|3016467405|4324 Valley Ln|Salem|al|14014-2474|2001-07-10|9955|VA002881
JESSICA|THOMAS|jessica.thomas10@aol.com|863-993-7058|8675 Forest Ave|Salem|LA|38864|25-Sep-1976|1807|VA002882
THOMAS|ALLEN|thomas.allen77@gmail.com|+16212699426|4367 River Dr|Oxford|MT|92871|11-04-1966|7062|VA002883
LINDA|MILLER|linda.miller49@icloud.com|993.622.9452|5930 Washington St|Dayton|MN|60964-3736|09/22/1948|3027|VA002884
KAREN|TORRES||(848) 749-6849|9439 Main St|Georgetown|nc|61361|1975-04-21|4581|VA002885
SARAH|KING|sarah.king67@hotmail.com|3675273644|4404 Jefferson Dr|Clinton|NJ|25642|13-Oct-1993|4571|VA002886
LINDA|SMITH|linda.smith63@icloud.com|235-793-6887|8424 Hill Rd|Clinton|MS|54496-7537|05-18-1975|3372|VA002887
MATTHEW|HALL|matthew.hall31@icloud.com|+12496576685|48 Lake Rd|Oxford|OR|84302|06/06/1942|8055|VA002888
SANDRA|HALL||763.300.1828|8857 Jefferson Dr|Springfield|co|40982|1954-12-02|7658|VA002889
LINDA|MILLER|linda.miller64@aol.com|(362) 660-4703|640 Lake Rd|Dayton|SC|72599-6294|24-Aug-1976|8122|VA002890
MARK|YOUNG|mark.young46@aol.com|7235094431|6629 Cedar Ln|Greenville|Ohi.|61133|11-28-1992|4297|VA002891
SARAH|WILLIAMS|sarah.williams29@aol.com|896-655-1152|133 Washington St|Georgetown|DE|65353|04/07/2002|3165|VA002892
JENNIFER|JONES|jennifer.jones68@aol.com|+17513613588|5877 Valley Ln|Burlington|il|23207-4053|1970-12-10|8370|VA002893
THOMAS|ANDERSON|thomas.anderson95@outlook.com|787.464.2493|4886 Hill Rd|Springfield|AK|77633|27-Apr-1959|1500|VA002894
CHRISTOPHER|ANDERSON|christopher.anderson62@aol.com|(867) 733-7747|7950 Valley Ln|Greenville|NJ|68570|12-28-1951|6629|VA002895
PATRICIA|THOMPSON|patricia.thompson35@yahoo.com|7263663587|5427 Main St|Burlington|SC|73932-4277|04/24/1999|8085|VA002896
JOSEPH|KING|joseph.king78@icloud.com|951-649-7083|8820 Valley Ln|Burlington|ak|42287|1954-12-06|6670|VA002897
ASHLEY|THOMAS||+19178903211|222 Maple Dr|Madison|Michigan|53902|17-Nov-1963|6943|VA002898
MARGARET|ANDERSON||981.220.8521|7530 Park Blvd|Georgetown|MD|58825-4650|11-26-1945|2277|VA002899
THOMAS|YOUNG|thomas.young54@icloud.com|(310) 912-9745|9838 Cedar Ln|Manchester|DE|84048|12/20/1953|4293|VA002900
ANTHONY|GARCIA|anthony.garcia94@icloud.com|3504472131|1976 Washington St|Madison|ia|47641|1946-01-30|7325|VA002901
ROBERT|WILLIAMS|robert.williams32@hotmail.com|828-552-8650|4203 Washington St|Franklin|North Carolina|32131-3491|06-Apr-1995|9739|VA002902
MARK|JOHNSON|mark.johnson89@hotmail.com|+16752604658|7059 Lake Rd|Oxford|WY|59026|01-28-1992|4060|VA002903
LISA|GARCIA|lisa.garcia97@yahoo.com|933.705.4307|2770 Oak Ave|Fairview|WI|95127|03/26/2002|9475|VA002904
SARAH|WALKER||(613) 837-7224|9801 Lake Rd|Salem|tn|76038-5063|1954-06-14|6880|VA002905
ANTHONY|TORRES|anthony.torres51@yahoo.com|5609852201|2336 Lincoln Ave|Madison|NH|10754|24-Nov-1964|4149|VA002906
MARK|SMITH|mark.smith94@gmail.com|558-414-1817|8338 Lincoln Ave|Springfield|ME|17249|05-27-1954|8520|VA002907
DAVID|YOUNG|david.young7@icloud.com|+16534467916|5816 River Dr|Franklin|CO|77346-6831|09/29/1997|8413|VA002908
MARGARET|ANDERSON|margaret.anderson61@gmail.com|467.769.2080|4643 Valley Ln|Oxford|ia|93140|1954-07-24|6094|VA002909
ANTHONY|BAKER||(342) 922-8953|1903 Sunset Blvd|Manchester|Ohio|20775|05-May-1956|9190|VA002910
MARY|THOMAS||9734715976|7837 Lake Rd|Burlington|Geo.|86635-4292|01-17-1969|4851|VA002911
WILLIAM|WILLIAMS|william.williams22@icloud.com|570-622-5753|5449 Lake Rd|Franklin|KY|66400|04/14/1979|9225|VA002912
BARBARA|HALL|barbara.hall42@icloud.com|+15292824282|1263 Lincoln Ave|Greenville|nh|57457|1947-07-02|4872|VA002913
THOMAS|JONES|thomas.jones52@hotmail.com|453.228.4615|5761 Washington St|Oxford|AR|20217-9835|15-May-1989|2172|VA002914
MARY|NGUYEN||(686) 847-9623|6628 Lake Rd|Georgetown|AZ|36749|08-23-1966|5881|VA002915
SUSAN|ALLEN|susan.allen70@gmail.com|2586863845|4418 Lincoln Ave|Clinton|IN|62400|11/17/1976|9572|VA002916
BARBARA|WHITE||867-844-3261|3573 Jefferson Dr|Madison|ar|13244-2786|1993-11-19|2321|VA002917
DAVID|HILL|david.hill8@hotmail.com|+13972845373|616 Valley Ln|Clinton|NJ|87778|27-May-1964|6971|VA002918
BARBARA|YOUNG|barbara.young29@yahoo.com|201.422.3612|4613 Valley Ln|Marion|Geo.|61777|12-11-1998|4110|VA002919
WILLIAM|YOUNG|william.young28@aol.com|(873) 570-7504|2670 Lincoln Ave|Franklin|MS|13601-8248|10/19/2000|6548|VA002920
SARAH|THOMAS|sarah.thomas29@yahoo.com|6736454948|1827 Lincoln Ave|Burlington|mn|36911|1940-04-10|8541|VA002921
MARY|HALL|mary.hall6@aol.com|712-869-6071|7975 Forest Ave|Burlington|North Carolina|38085|23-Dec-1988|1455|VA002922
WILLIAM|WHITE|william.white24@icloud.com|+17843705742|8377 Oak Ave|Richmond|RI|83706-1871|07-14-1990|1193|VA002923
JOHN|TAYLOR|john.taylor34@icloud.com|323.752.9859|383 Lake Rd|Springfield|MI|79602|10/20/1957|9838|VA002924
NANCY|THOMPSON|nancy.thompson70@outlook.com|(394) 291-7957|2927 Sunset Blvd|Manchester|ia|37961|1950-05-18|1977|VA002925
CHRISTOPHER|WALKER|christopher.walker53@aol.com|9063134104|1445 Park Blvd|Arlington|Michigan|40658-9178|26-Mar-1995|5611|VA002926
JESSICA|ALLEN|jessica.allen48@aol.com|705-512-2856|5120 Lake Rd|Franklin|ND|74416|08-04-1959|7475|VA002927
SARAH|TAYLOR|sarah.taylor18@icloud.com|+17539436127|5090 Jefferson Dr|Springfield|MN|79769|07/06/1965|8775|VA002928
JENNIFER|WILSON|jennifer.wilson32@aol.com|365.575.7183|9829 Forest Ave|Franklin|ne|88735-7566|1994-04-29|2287|VA002929
BETTY|ANDERSON|betty.anderson21@yahoo.com|(810) 250-7748|766 Washington St|Fairview|NM|44576|05-Mar-1992|3386|VA002930
MARGARET|TORRES|margaret.torres64@outlook.com|7828907334|5882 Washington St|Richmond|OR|57307|01-10-1992|7691|VA002931
ROBERT|YOUNG|robert.young87@gmail.com|713-811-4187|8110 Maple Dr|Georgetown|OR|55594-6270|06/29/1978|2749|VA002932
BARBARA|ALLEN|barbara.allen54@gmail.com|+16986714083|938 Lincoln Ave|Arlington|nm|84222|1940-04-07|2244|VA002933
THOMAS|WHITE||841.586.2171|3907 Park Blvd|Arlington|NH|18966|19-Aug-1984|7581|VA002934
ANTHONY|HILL|anthony.hill81@icloud.com|(520) 962-9267|8823 Lincoln Ave|Springfield|WI|70906-6330|01-24-1941|6216|VA002935
SARAH|MILLER|sarah.miller34@aol.com|6063474654|3243 Sunset Blvd|Marion|ND|80045|03/10/1984|1708|VA002936
SARAH|WILLIAMS|sarah.williams57@aol.com|665-791-3681|1533 River Dr|Marion|nv|80967|1945-05-07|7063|VA002937
ASHLEY|JACKSON|ashley.jackson56@icloud.com|+18355768580|9526 Sunset Blvd|Arlington|ME|56327-2566|17-May-1984|6580|VA002938
SARAH|JOHNSON|sarah.johnson91@outlook.com|896.505.6863|72 Lincoln Ave|Salem|Nor.|64186|01-28-1952|3438|VA002939
MATTHEW|TORRES|matthew.torres92@icloud.com|(717) 907-6978|491 Park Blvd|Dayton|AK|76097|09/30/1997|4902|VA002940
MARGARET|DAVIS|margaret.davis53@gmail.com|2707399162|8612 Forest Ave|Fairview|nh|28864-6405|1986-10-07|3941|VA002941
ANTHONY|WRIGHT|anthony.wright46@hotmail.com|233-319-2876|3474 Lincoln Ave|Marion|AK|83912|23-Dec-1963|8779|VA002942
SANDRA|SCOTT|sandra.scott30@hotmail.com|+13284143133|1288 River Dr|Burlington|WI|24643|12-22-1946|1308|VA002943
MICHAEL|MILLER||418.329.5433|5491 Lincoln Ave|Clinton|ME|72731-6940|07/03/1944|7083|VA002944
JAMES|TORRES|james.torres18@icloud.com|(680) 365-2693|4089 Jefferson Dr|Arlington|al|45658|1971-11-24|3517|VA002945
JAMES|WHITE|james.white5@gmail.com|4107055415|9084 Valley Ln|Clinton|New York|82971|08-Sep-1951|8019|VA002946
BARBARA|WALKER|barbara.walker34@icloud.com|267-996-2826|5153 Maple Dr|Oxford|OR|31002-1795|02-21-1976|5792|VA002947
MARGARET|ANDERSON|margaret.anderson36@aol.com|+14757228160|4431 Forest Ave|Springfield|NC|30672|07/09/1950|4670|VA002948
RICHARD|THOMPSON|richard.thompson11@hotmail.com|852.967.5947|6923 River Dr|Springfield|id|43666|2004-09-26|2298|VA002949
MARY|BAKER|mary.baker77@yahoo.com|(587) 558-2615|3009 Washington St|Salem|UT|84936-1134|28-Feb-1994|5224|VA002950
MICHAEL|MILLER|michael.miller69@hotmail.com|9916512927|4468 Maple Dr|Greenville|LA|25002|05-14-1941|9422|VA002951
DANIEL|THOMPSON|daniel.thompson47@yahoo.com|741-801-1410|5709 Park Blvd|Clinton|AZ|49931|04/22/1987|6676|VA002952
NANCY|MILLER|nancy.miller29@yahoo.com|+13142005023|3454 Forest Ave|Fairview|wa|40447-5237|1974-07-08|2459|VA002953
THOMAS|GARCIA|thomas.garcia55@aol.com|797.355.8745|5635 Main St|Manchester|SC|88297|29-Nov-1981|2609|VA002954
NANCY|JONES|nancy.jones45@gmail.com|(768) 294-9062|7769 River Dr|Arlington|AR|31098|09-22-1990|2094|VA002955
SUSAN|JACKSON|susan.jackson42@outlook.com|4933987685|8014 Forest Ave|Springfield|MA|44162-1943|02/01/1975|8382|VA002956
MARY|JOHNSON|mary.johnson94@outlook.com|888-818-3079|585 Lake Rd|Franklin|ar|35334|1962-07-15|2226|VA002957
MATTHEW|THOMAS|matthew.thomas53@outlook.com|+12359221022|8142 Hill Rd|Clinton|HI|26254|24-Jul-1947|7603|VA002958
LISA|WILSON|lisa.wilson89@yahoo.com|985.671.7078|9314 Forest Ave|Burlington|RI|58059-9751|09-30-1960|2836|VA002959
JAMES|TORRES||(716) 964-1761|8609 Forest Ave|Greenville|MI|75950|01/16/1967|3874|VA002960
MARK|BROWN|mark.brown55@aol.com|2002639531|5204 Cedar Ln|Madison|va|71125|1969-05-11|6155|VA002961
CHRISTOPHER|HILL|christopher.hill3@outlook.com|930-567-8859|8922 Lincoln Ave|Salem|MN|84141-9694|26-Jan-1985|6269|VA002962
NANCY|HILL||+16377655090|3280 Forest Ave|Georgetown|AL|15357|06-30-1997|3052|VA002963
MARK|ADAMS|mark.adams81@hotmail.com|839.294.1966|6180 Washington St|Springfield|CO|78103|12/15/1961|7805|VA002964
RICHARD|HARRIS|richard.harris94@outlook.com|(268) 444-7261|2089 Oak Ave|Georgetown|sc|32413-1127|1967-07-03|6990|VA002965
WILLIAM|THOMPSON|william.thompson41@aol.com|4742873795|8986 Park Blvd|Springfield|Pennsylvania|76732|26-Dec-1945|5509|VA002966
JESSICA|WILLIAMS|jessica.williams79@gmail.com|584-803-3898|3692 Sunset Blvd|Burlington|OR|56445|08-25-1948|1339|VA002967
JOSEPH|HILL||+17105148870|6371 Park Blvd|Marion|ME|99749-2748|03/20/1969|7100|VA002968
PATRICIA|BROWN|patricia.brown72@hotmail.com|947.364.4363|3408 Main St|Manchester|al|81177|1943-11-08|6922|VA002969
JOSEPH|BROWN||(632) 784-7697|7530 Valley Ln|Clinton|RI|39553|31-Mar-1995|4009|VA002970
ASHLEY|JONES|ashley.jones21@aol.com|5224474523|3556 Hill Rd|Springfield|Ill.|98791-6281|08-27-1993|3803|VA002971
ANTHONY|JONES|anthony.jones59@hotmail.com|240-795-5476|5057 Jefferson Dr|Arlington|KY|77448|12/06/1959|2362|VA002972
KAREN|ALLEN||+15653989508|7976 Hill Rd|Springfield|nm|84366|1954-06-10|2911|VA002973
DANIEL|HILL||388.928.8429|7121 Park Blvd|Madison|VA|78961-8691|03-Nov-1946|6271|VA002974
MATTHEW|JONES|matthew.jones89@yahoo.com|(943) 638-3101|1718 Valley Ln|Springfield|Ill.|63698|09-12-1946|7365|VA002975
RICHARD|MARTIN|richard.martin43@hotmail.com|7052092132|8227 Valley Ln|Salem|WI|73972|09/30/1993|6679|VA002976
RICHARD|TORRES|richard.torres63@outlook.com|612-825-1863|2730 Lincoln Ave|Franklin|tx|11353-9741|1983-09-09|5402|VA002977
MATTHEW|BAKER|matthew.baker83@hotmail.com|+15774691757|4208 Oak Ave|Burlington|WV|81373|02-Aug-1967|6897|VA002978
ROBERT|WALKER|robert.walker97@icloud.com|917.795.7590|3811 River Dr|Fairview|NJ|97605|08-11-2004|3525|VA002979
MARY|HILL|mary.hill80@outlook.com|(918) 433-4622|1967 Jefferson Dr|Clinton|MO|89524-4355|09/10/1991|5359|VA002980
LISA|YOUNG|lisa.young54@yahoo.com|5396969471|4688 River Dr|Franklin|ct|36045|1987-07-18|5259|VA002981
DANIEL|WRIGHT|daniel.wright7@outlook.com|513-443-1598|1629 Forest Ave|Richmond|Michigan|34153|12-Oct-1979|7763|VA002982
THOMAS|YOUNG|thomas.young27@gmail.com|+19997183913|4975 River Dr|Marion|HI|17137-7740|04-11-1990|8948|VA002983
RICHARD|DAVIS|richard.davis36@hotmail.com|712.457.5755|2416 Cedar Ln|Franklin|NV|92106|03/23/1956|2942|VA002984
MICHAEL|JOHNSON|michael.johnson19@outlook.com|(497) 615-6432|8226 Hill Rd|Arlington|or|87365|1989-08-24|9187|VA002985
WILLIAM|NELSON||7516979388|3645 Park Blvd|Burlington|Illinois|99248-2186|25-Dec-1996|8628|VA002986
KAREN|THOMAS|karen.thomas2@icloud.com|428-263-4190|2351 Lake Rd|Fairview|MS|52290|08-09-1969|6908|VA002987
ROBERT|DAVIS|robert.davis59@outlook.com|+17764108338|6988 Oak Ave|Madison|TN|65979|09/21/1985|3511|VA002988
JOHN|THOMPSON|john.thompson58@gmail.com|777.227.8229|1569 Valley Ln|Clinton|or|99660-9243|1948-08-06|5529|VA002989
MARK|JOHNSON|mark.johnson96@outlook.com|(517) 654-6815|6230 Washington St|Dayton|MT|22363|31-May-1957|7821|VA002990
MATTHEW|ANDERSON|matthew.anderson42@hotmail.com|9458914579|8764 Forest Ave|Burlington|AR|73915|08-10-1986|2518|VA002991
ROBERT|THOMAS|robert.thomas95@hotmail.com|323-405-2904|3267 Cedar Ln|Greenville|HI|60305-5063|11/26/1942|5849|VA002992
JAMES|NGUYEN|james.nguyen46@icloud.com|+13184732900|4340 Hill Rd|Fairview|mn|19433|1969-10-18|7605|VA002993
SANDRA|YOUNG|sandra.young70@yahoo.com|448.401.4441|7304 Sunset Blvd|Marion|New York|36801|24-Dec-1999|4764|VA002994
JAMES|THOMAS||(969) 361-2035|3167 Park Blvd|Springfield|NV|35617-4779|05-23-1974|9751|VA002995
MARY|BAKER|mary.baker80@icloud.com|5337737574|6795 Cedar Ln|Oxford|WY|85587|05/17/1999|3158|VA002996
NANCY|ANDERSON|nancy.anderson10@outlook.com|722-367-1927|9121 Maple Dr|Oxford|md|15753|2000-09-16|9012|VA002997
JOHN|JONES||+19358949942|3531 Main St|Marion|KS|39476-5584|13-Oct-1995|4180|VA002998
SARAH|ANDERSON||992.976.2147|7931 Hill Rd|Fairview|MN|65274|03-05-1957|7179|VA002999
BARBARA|ANDERSON|barbara.anderson40@outlook.com|(871) 712-5641|4080 Lincoln Ave|Greenville|CA|15504|04/11/1993|6273|VA003000
BETTY|HILL|betty.hill13@hotmail.com|5585188670|718 Sunset Blvd|Dayton|ma|47010-5652|1962-04-12|4429|VA003001
BETTY|HILL|betty.hill85@gmail.com|832-931-1892|3325 Jefferson Dr|Burlington|MS|30858|06-Sep-1979|8606|VA003002
BETTY|SCOTT|betty.scott16@outlook.com|+13142874561|4017 Lincoln Ave|Manchester|MD|63460|01-17-1985|6843|VA003003
KAREN|ANDERSON|karen.anderson82@outlook.com|746.521.1571|429 Maple Dr|Franklin|AZ|79973-2126|02/03/1995|3341|VA003004
MARK|WHITE|mark.white34@yahoo.com|(859) 548-3231|639 River Dr|Richmond|la|44012|1988-11-06|4175|VA003005
JESSICA|TORRES|jessica.torres53@yahoo.com|9204876720|6569 Park Blvd|Georgetown|AZ|93198|05-Feb-1996|5344|VA003006
RICHARD|DAVIS|richard.davis15@outlook.com|720-684-9776|5773 Oak Ave|Marion|UT|56297-7753|09-20-1977|1749|VA003007
ASHLEY|HILL|ashley.hill92@gmail.com|+16816543372|6280 Cedar Ln|Oxford|NM|41199|05/01/1975|6679|VA003008
JOHN|SMITH|john.smith42@icloud.com|385.483.8720|4713 Oak Ave|Madison|de|79443|1990-08-02|2222|VA003009
MARGARET|YOUNG|margaret.young79@aol.com|(645) 678-2698|6472 Lincoln Ave|Franklin|MO|89757-9543|06-Aug-1945|2972|VA003010
LISA|ADAMS|lisa.adams96@aol.com|6434947502|183 Hill Rd|Burlington|NH|99189|02-01-1952|6549|VA003011
JOHN|JONES|john.jones20@aol.com|755-262-3792|8403 Main St|Dayton|KS|91619|04/18/1988|5415|VA003012
CHRISTOPHER|GARCIA|christopher.garcia78@aol.com|+13499691708|1889 Valley Ln|Oxford|va|55827-3384|1944-04-04|4147|VA003013
LINDA|ANDERSON|linda.anderson35@icloud.com|414.590.2460|1817 Cedar Ln|Richmond|ND|79954|18-Jul-1982|1946|VA003014
LINDA|ALLEN|linda.allen8@icloud.com|(492) 637-5908|7328 Main St|Oxford|Geo.|98804|09-27-1996|4794|VA003015
JOHN|SCOTT|john.scott5@outlook.com|3389128588|2780 Main St|Springfield|NM|95657-9494|12/28/1963|7087|VA003016
SARAH|MARTIN|sarah.martin9@outlook.com|889-511-2549|7262 Lake Rd|Dayton|ut|80594|1956-05-21|4171|VA003017
JOSEPH|JONES|joseph.jones92@aol.com|+12712866542|5158 River Dr|Manchester|HI|66894|07-Jul-1945|7443|VA003018
BETTY|HALL|betty.hall64@icloud.com|653.559.5991|4510 Hill Rd|Franklin|SD|59385-9216|10-11-1943|8171|VA003019
PATRICIA|SMITH|patricia.smith36@hotmail.com|(278) 987-7580|1654 Washington St|Springfield|AR|89315|08/23/1959|2368|VA003020
KAREN|GARCIA|karen.garcia45@gmail.com|9733089737|3005 Lake Rd|Burlington|tx|93313|1976-05-26|3752|VA003021
JAMES|KING||575-290-5814|9484 River Dr|Arlington|Ohio|70259-8662|14-Jun-1957|7447|VA003022
MARK|ALLEN|mark.allen72@gmail.com|+13125889089|609 Main St|Burlington|WI|73107|04-04-1994|7489|VA003023
ROBERT|SMITH|robert.smith21@icloud.com|945.235.6662|7811 Hill Rd|Richmond|TX|89343|01/13/1942|4836|VA003024
JOHN|SCOTT|john.scott40@icloud.com|(818) 438-8190|1119 Hill Rd|Oxford|nv|22518-3714|1993-10-18|4330|VA003025
THOMAS|BAKER|thomas.baker47@aol.com|3876866088|8458 Oak Ave|Richmond|SD|33145|18-May-1994|7754|VA003026
DANIEL|ALLEN|daniel.allen34@gmail.com|828-665-8433|5062 Oak Ave|Arlington|Nor.|46896|04-01-1949|3333|VA003027
JOHN|BROWN|john.brown2@outlook.com|+15525828670|8808 Lincoln Ave|Clinton|HI|19418-7195|05/07/1977|4521|VA003028
JOSEPH|WILLIAMS|joseph.williams61@aol.com|298.514.5001|5189 Park Blvd|Dayton|ne|16547|1998-11-01|7484|VA003029
MARK|THOMPSON|mark.thompson55@outlook.com|(312) 375-4560|754 Oak Ave|Clinton|New York|50208|22-Mar-1960|1551|VA003030
ROBERT|ALLEN|robert.allen65@icloud.com|9936707261|8898 Washington St|Richmond|Geo.|48373-6782|03-27-1973|9514|VA003031
BETTY|MARTIN|betty.martin60@outlook.com|950-426-7328|106 Oak Ave|Marion|NM|27877|12/17/2001|9607|VA003032
DANIEL|HILL|daniel.hill70@outlook.com|+13289285677|1077 Washington St|Marion|me|17556|1978-12-27|9786|VA003033
JAMES|HILL||786.671.5083|7617 Valley Ln|Franklin|MS|97691-7924|26-Mar-1981|5708|VA003034
PATRICIA|BROWN|patricia.brown95@aol.com|(238) 896-8966|7592 Jefferson Dr|Greenville|MN|17188|06-11-1997|5975|VA003035
KAREN|WRIGHT|karen.wright24@outlook.com|9734707352|4569 Park Blvd|Oxford|CA|78628|04/25/1984|7955|VA003036
PATRICIA|ANDERSON|patricia.anderson78@yahoo.com|553-253-2569|8023 Oak Ave|Georgetown|ne|67937-8946|1990-10-31|6346|VA003037
JENNIFER|WILLIAMS|jennifer.williams31@aol.com|+13848357119|163 Oak Ave|Arlington|UT|86974|11-May-1983|7300|VA003038
JAMES|SMITH|james.smith24@icloud.com|661.647.3676|2253 Cedar Ln|Richmond|Pen.|79606|02-01-2003|5983|VA003039
RICHARD|NGUYEN|richard.nguyen5@outlook.com|(789) 622-1517|2523 Jefferson Dr|Greenville|GA|99130-4693|07/07/1982|1381|VA003040
SARAH|WRIGHT|sarah.wright58@icloud.com|8658341179|1375 Maple Dr|Dayton|wi|85676|1960-05-19|5926|VA003041
LINDA|SMITH|linda.smith86@gmail.com|705-773-6869|3687 Lake Rd|Dayton|MT|42070|20-May-1958|1188|VA003042
JOHN|MARTIN|john.martin91@gmail.com|+17238166586|4611 Washington St|Dayton|AR|38677-3269|11-23-1980|7019|VA003043
MICHAEL|ALLEN|michael.allen34@yahoo.com|819.683.8043|9383 Main St|Clinton|SD|83503|04/21/1996|2234|VA003044
PATRICIA|WILLIAMS|patricia.williams2@icloud.com|(761) 479-9216|7656 Park Blvd|Greenville|ne|24898|1971-02-16|6105|VA003045
WILLIAM|ANDERSON||4059009050|807 Washington St|Greenville|Texas|97034-5583|08-Dec-1993|5556|VA003046
THOMAS|NGUYEN|thomas.nguyen7@yahoo.com|498-650-7521|4990 Lincoln Ave|Richmond|ME|70469|12-08-1954|7921|VA003047
DAVID|WRIGHT|david.wright44@gmail.com|+16604734846|1043 Valley Ln|Richmond|ID|92600|11/01/1976|3111|VA003048
MATTHEW|BROWN|matthew.brown94@gmail.com|839.938.9432|2315 Forest Ave|Fairview|md|80571-7119|1947-06-01|4493|VA003049
BARBARA|NGUYEN|barbara.nguyen39@hotmail.com|(289) 987-2740|2124 Forest Ave|Richmond|AK|60423|28-Feb-1951|1408|VA003050
MARY|TAYLOR|mary.taylor67@gmail.com|7745326681|4958 River Dr|Arlington|NM|12912|06-12-1992|2739|VA003051
SARAH|THOMPSON|sarah.thompson51@aol.com|411-549-5996|1738 Lincoln Ave|Dayton|WY|47447-9477|11/15/1958|2528|VA003052
CHARLES|ANDERSON|charles.anderson63@yahoo.com|+12947455567|2356 Lincoln Ave|Greenville|la|74714|1988-04-01|4236|VA003053
KAREN|ANDERSON|karen.anderson82@icloud.com|897.858.2083|5082 Washington St|Clinton|WA|41278|12-Mar-1945|5005|VA003054
JENNIFER|ALLEN||(616) 428-3703|3637 Main St|Springfield|TN|10012-8925|04-01-1962|2284|VA003055
JENNIFER|THOMAS||7075053361|3040 Park Blvd|Springfield|KY|94631|06/01/2000|4505|VA003056
JENNIFER|THOMPSON|jennifer.thompson13@hotmail.com|332-256-9429|3865 Washington St|Dayton|ny|94051|1972-02-27|9691|VA003057
CHRISTOPHER|BROWN|christopher.brown60@hotmail.com|+18008077543|4340 Forest Ave|Greenville|IN|66903-5081|28-Feb-1975|2359|VA003058
JAMES|ALLEN|james.allen24@gmail.com|384.472.7150|6032 Forest Ave|Greenville|VA|65069|10-22-1980|2214|VA003059
JESSICA|KING|jessica.king12@hotmail.com|(509) 417-1288|9716 Jefferson Dr|Oxford|AK|37046|08/07/1997|6098|VA003060
JOHN|MILLER|john.miller24@yahoo.com|9677205469|9229 Sunset Blvd|Oxford|in|86486-3467|1940-05-15|9618|VA003061
MATTHEW|JACKSON|matthew.jackson54@yahoo.com|837-221-7071|8593 Main St|Madison|Georgia|13072|17-Aug-1949|3613|VA003062
BETTY|HILL|betty.hill80@hotmail.com|+14278436704|5269 Lake Rd|Richmond|New.|12720|04-25-1998|6146|VA003063
JOSEPH|DAVIS|joseph.davis57@yahoo.com|381.672.9195|1822 Lincoln Ave|Oxford|MI|30875-2968|12/19/1961|8572|VA003064
LINDA|NELSON|linda.nelson71@icloud.com|(569) 502-3826|8416 Jefferson Dr|Burlington|ne|55156|1961-05-11|9728|VA003065
THOMAS|WILSON|thomas.wilson36@hotmail.com|2455187023|8342 Hill Rd|Fairview|CT|20007|07-Dec-1967|2046|VA003066
BARBARA|NGUYEN|barbara.nguyen60@gmail.com|599-498-7387|2567 Lake Rd|Manchester|MS|48091-6723|10-18-1943|4057|VA003067
NANCY|WHITE|nancy.white33@yahoo.com|+15973201906|3857 Cedar Ln|Greenville|LA|82889|03/01/2002|8737|VA003068
WILLIAM|BAKER|william.baker60@gmail.com|522.686.2143|4239 Valley Ln|Oxford|ia|24589|1956-10-19|6360|VA003069
JAMES|HILL|james.hill89@aol.com|(819) 615-9171|1406 Washington St|Fairview|MO|11143-6871|07-Feb-1970|5148|VA003070
JENNIFER|WALKER|jennifer.walker28@aol.com|3557189695|7428 Forest Ave|Salem|Ohi.|75036|02-11-1958|3031|VA003071
ASHLEY|KING||280-547-5088|6072 River Dr|Dayton|TX|79626|02/24/1988|3712|VA003072
LISA|BROWN|lisa.brown91@icloud.com|+14683971430|9888 Washington St|Franklin|ny|68631-5684|1996-04-10|7814|VA003073
JENNIFER|BROWN|jennifer.brown34@outlook.com|503.367.5507|8590 Forest Ave|Arlington|AL|50802|17-Jul-2004|1848|VA003074
JESSICA|WHITE|jessica.white22@yahoo.com|(697) 477-1912|4122 Main St|Burlington|MT|84808|02-13-1998|6011|VA003075
BARBARA|JOHNSON|barbara.johnson11@yahoo.com|2752608510|658 Sunset Blvd|Richmond|LA|99791-2954|07/26/1958|2229|VA003076
KAREN|WILSON|karen.wilson19@hotmail.com|709-404-4736|1854 Lincoln Ave|Oxford|wy|47152|1978-01-14|9540|VA003077
JOHN|WHITE|john.white8@hotmail.com|+15432336405|9670 Hill Rd|Greenville|Florida|98759|24-Feb-2003|7861|VA003078
RICHARD|SCOTT|richard.scott90@yahoo.com|255.607.2889|6195 Sunset Blvd|Franklin|MA|27856-8528|03-31-1962|8018|VA003079
PATRICIA|NGUYEN|patricia.nguyen9@aol.com|(963) 570-8872|9267 River Dr|Richmond|KY|92312|07/14/2001|8799|VA003080
RICHARD|NGUYEN|richard.nguyen81@aol.com|5044686433|3634 Maple Dr|Dayton|hi|21355|1984-04-08|9573|VA003081
JOHN|MARTIN|john.martin97@aol.com|668-455-2036|2008 Oak Ave|Madison|RI|65479-9848|04-Jun-1961|4439|VA003082
MICHAEL|ANDERSON|michael.anderson65@aol.com|+19604752486|8410 Lincoln Ave|Fairview|KY|38607|12-16-1981|5273|VA003083
ASHLEY|JACKSON|ashley.jackson15@yahoo.com|875.435.2899|6483 Lincoln Ave|Franklin|WV|47846|03/03/1972|4278|VA003084
ROBERT|JONES|robert.jones55@outlook.com|(790) 374-8327|9420 Main St|Dayton|mi|43682-9689|1946-07-06|4460|VA003085
BARBARA|BAKER||7616798668|7077 Jefferson Dr|Dayton|Ohio|90082|26-Mar-1977|2432|VA003086
RICHARD|WILSON||390-623-2617|3565 Sunset Blvd|Richmond|OR|57719|07-27-1972|9028|VA003087
CHRISTOPHER|BAKER|christopher.baker97@outlook.com|+14575972563|3460 Valley Ln|Salem|NV|18929-1385|04/13/1942|9778|VA003088
BETTY|SCOTT||814.252.9521|4977 Hill Rd|Arlington|mn|38083|1995-10-01|4985|VA003089
ASHLEY|JACKSON|ashley.jackson25@aol.com|(570) 619-2187|5210 Lake Rd|Greenville|SC|82433|26-May-1951|9124|VA003090
LINDA|THOMPSON|linda.thompson81@aol.com|2978842503|2465 Lincoln Ave|Marion|CO|23608-5127|09-28-1941|2803|VA003091
CHRISTOPHER|WRIGHT|christopher.wright87@gmail.com|877-227-9913|996 Maple Dr|Arlington|KS|80997|12/24/1989|4948|VA003092
NANCY|MARTIN|nancy.martin50@hotmail.com|+19445239577|914 Hill Rd|Madison|il|20655|1995-06-21|7787|VA003093
JENNIFER|NGUYEN|jennifer.nguyen74@gmail.com|520.629.9121|5026 Maple Dr|Madison|VA|84507-3599|01-Aug-1983|2006|VA003094
LINDA|SMITH|linda.smith68@outlook.com|(313) 362-1271|8255 Hill Rd|Georgetown|OK|37694|07-10-1945|7275|VA003095
JENNIFER|NGUYEN|jennifer.nguyen50@gmail.com|7142007812|8031 Jefferson Dr|Dayton|SD|26233|05/13/1954|9297|VA003096
THOMAS|TORRES|thomas.torres89@outlook.com|777-877-1719|9691 Forest Ave|Salem|ky|91517-3705|1997-04-23|9269|VA003097
SARAH|KING|sarah.king15@icloud.com|+15988149458|6988 Lincoln Ave|Arlington|SD|74518|17-Sep-1989|8534|VA003098
MICHAEL|BROWN|michael.brown2@yahoo.com|871.494.5335|8678 Forest Ave|Madison|CO|20003|10-26-1945|7684|VA003099
JAMES|BROWN|james.brown22@icloud.com|(694) 953-7514|8400 Lake Rd|Georgetown|WY|84671-1601|04/12/1976|6279|VA003100
KAREN|GARCIA|karen.garcia30@outlook.com|4909191307|6255 Hill Rd|Richmond|va|52630|1991-02-20|8159|VA003101
SARAH|MILLER|sarah.miller79@aol.com|904-425-6430|5649 Sunset Blvd|Burlington|SC|51077|11-Nov-1963|5304|VA003102
KAREN|YOUNG|karen.young3@aol.com|+17348342133|7840 River Dr|Franklin|CT|52176-1982|01-25-1995|9498|VA003103
LINDA|WHITE|linda.white79@outlook.com|973.411.7643|3325 Lincoln Ave|Clinton|MS|52875|05/16/1944|9789|VA003104
LISA|SMITH||(456) 990-4096|6187 Main St|Manchester|ky|30057|1957-04-17|6346|VA003105
CHARLES|BROWN|charles.brown11@yahoo.com|8318526051|9322 Maple Dr|Manchester|Pennsylvania|46280-1349|29-Jul-2000|4523|VA003106
RICHARD|MARTIN|richard.martin48@outlook.com|309-580-2640|3359 Sunset Blvd|Georgetown|WY|12415|03-15-1949|7781|VA003107
DAVID|YOUNG|david.young3@aol.com|+18026594093|1226 Sunset Blvd|Franklin|MS|26817|03/25/1949|9412|VA003108
MATTHEW|BROWN|matthew.brown9@aol.com|809.625.5793|3400 Forest Ave|Georgetown|ri|48862-1752|1955-03-04|3637|VA003109
JOHN|HALL|john.hall98@aol.com|(786) 869-8822|4306 Park Blvd|Manchester|OK|33513|18-Apr-1993|6732|VA003110
SUSAN|HILL|susan.hill92@icloud.com|6149695119|8577 River Dr|Greenville|Nor.|75500|04-29-1951|1596|VA003111
CHARLES|MARTIN|charles.martin78@outlook.com|853-612-8703|5945 Lincoln Ave|Springfield|VA|53508-8498|05/06/1978|9109|VA003112
JESSICA|JONES|jessica.jones68@aol.com|+16986162982|6160 Sunset Blvd|Marion|ga|84577|1976-05-26|2257|VA003113
MARY|BROWN||987.371.8584|4273 Forest Ave|Springfield|Texas|51205|27-Dec-1965|1931|VA003114
BETTY|ADAMS||(988) 281-3315|7198 Hill Rd|Oxford|MO|88785-2102|11-30-1969|2377|VA003115
DANIEL|MARTIN||2845499481|9182 Maple Dr|Arlington|WA|18486|01/26/1987|8679|VA003116
ROBERT|TORRES|robert.torres98@aol.com|493-473-8451|3658 Lincoln Ave|Georgetown|tx|37990|1964-11-25|2564|VA003117
SANDRA|TAYLOR|sandra.taylor93@outlook.com|+18638183899|9217 Lake Rd|Greenville|North Carolina|66585-5210|15-Apr-1977|6606|VA003118
LINDA|HARRIS|linda.harris95@yahoo.com|759.382.2581|2898 Forest Ave|Franklin|MT|47181|10-21-1960|2811|VA003119
ROBERT|JONES||(403) 331-6005|2320 Park Blvd|Manchester|ND|72854|09/11/1997|3811|VA003120
ROBERT|JACKSON|robert.jackson56@icloud.com|7394058399|2782 Jefferson Dr|Springfield|ar|47871-3764|1968-03-23|2064|VA003121
CHARLES|JOHNSON|charles.johnson72@yahoo.com|922-377-5816|3759 Jefferson Dr|Madison|SC|65472|10-Feb-2004|6559|VA003122
SUSAN|MILLER|susan.miller7@aol.com|+19027837242|6297 Valley Ln|Burlington|AK|26237|06-24-1954|6387|VA003123
BETTY|JOHNSON|betty.johnson18@outlook.com|517.999.2430|409 Oak Ave|Springfield|MN|93830-6662|11/30/1994|4455|VA003124
JOHN|BROWN|john.brown31@aol.com|(867) 428-5886|5806 Lincoln Ave|Franklin|tn|93647|1984-04-19|5979|VA003125
WILLIAM|WILLIAMS|william.williams74@yahoo.com|3792425048|6986 Lincoln Ave|Georgetown|Pennsylvania|52924|01-May-1968|3757|VA003126
MATTHEW|BAKER|matthew.baker49@aol.com|738-488-8510|4990 Washington St|Richmond|VT|61839-5467|01-26-1989|4509|VA003127
KAREN|WRIGHT|karen.wright49@aol.com|+17645497184|8086 Washington St|Arlington|MN|94055|08/16/1960|1536|VA003128
RICHARD|TORRES|richard.torres42@outlook.com|247.267.8699|7354 Cedar Ln|Fairview|ny|96652|1943-05-30|2094|VA003129
DANIEL|NGUYEN|daniel.nguyen87@outlook.com|(450) 294-8851|7904 Oak Ave|Marion|MT|33762-8218|14-Jun-1976|7658|VA003130
KAREN|THOMPSON|karen.thompson45@hotmail.com|7693263064|5105 River Dr|Franklin|Tex.|52606|03-10-1981|1739|VA003131
BETTY|JACKSON|betty.jackson95@icloud.com|902-633-9512|6434 Lake Rd|Richmond|CT|82945|02/01/1979|4529|VA003132
WILLIAM|JOHNSON||+13776489277|4582 Lincoln Ave|Franklin|az|50455-9160|1975-12-07|8589|VA003133
DAVID|MILLER|david.miller93@outlook.com|213.496.3072|4154 Main St|Marion|CO|69447|28-May-1965|5529|VA003134
ROBERT|GARCIA|robert.garcia86@gmail.com|(322) 926-2712|5642 Lincoln Ave|Franklin|MA|18946|09-26-2003|9590|VA003135
DANIEL|THOMAS||2606111378|7058 Oak Ave|Franklin|SC|55715-9044|02/05/1993|8443|VA003136
ROBERT|HILL|robert.hill96@outlook.com|758-598-3231|7004 Hill Rd|Burlington|tx|54292|1956-09-12|8720|VA003137
MICHAEL|TORRES|michael.torres79@icloud.com|+12815082296|6513 Park Blvd|Oxford|NH|44531|07-Nov-2004|5103|VA003138
MARGARET|WILSON||944.356.6424|5607 Lake Rd|Madison|NE|78315-4670|02-25-1994|4652|VA003139
MICHAEL|NGUYEN||(723) 620-2387|4075 Washington St|Greenville|DE|46675|05/30/1984|6603|VA003140
MARK|ALLEN|mark.allen46@aol.com|9763613993|7963 Sunset Blvd|Salem|mo|44433|1948-04-24|5892|VA003141
SUSAN|GARCIA|susan.garcia74@aol.com|772-281-1420|7399 Jefferson Dr|Marion|WY|16095-4202|16-Apr-1946|7781|VA003142
MICHAEL|BAKER|michael.baker61@hotmail.com|+14963286760|6995 Oak Ave|Dayton|IA|64486|03-04-1989|6027|VA003143
DAVID|NELSON|david.nelson64@outlook.com|495.849.9712|5820 River Dr|Georgetown|GA|95207|03/15/1976|6046|VA003144
PATRICIA|JACKSON|patricia.jackson67@icloud.com|(321) 638-2877|1409 Lake Rd|Dayton|ms|92534-6059|1974-04-22|8155|VA003145
DANIEL|MILLER|daniel.miller77@icloud.com|8275717275|8757 Hill Rd|Manchester|AZ|77869|02-Dec-1968|7685|VA003146
THOMAS|THOMAS||304-704-2201|523 Sunset Blvd|Oxford|CT|33671|08-04-1960|7434|VA003147
JAMES|WILLIAMS|james.williams19@hotmail.com|+13339247681|7230 Park Blvd|Oxford|LA|28037-9944|10/11/1956|3835|VA003148
JESSICA|ANDERSON|jessica.anderson56@icloud.com|774.783.3460|6993 Forest Ave|Springfield|ks|90884|1953-01-25|3392|VA003149
JAMES|MARTIN|james.martin91@icloud.com|(241) 793-1553|2816 Sunset Blvd|Madison|NJ|95823|27-Dec-1959|7370|VA003150
MARY|THOMAS|mary.thomas88@outlook.com|8048645325|8371 Valley Ln|Marion|IA|10864-1872|10-05-1950|9536|VA003151
NANCY|KING|nancy.king24@yahoo.com|951-430-8963|9888 Maple Dr|Springfield|MT|36266|04/02/1988|1426|VA003152
ASHLEY|YOUNG|ashley.young79@gmail.com|+19196378310|2653 Lincoln Ave|Fairview|wy|20564|1943-08-02|4839|VA003153
JAMES|JONES|james.jones73@yahoo.com|627.355.7994|8963 Valley Ln|Madison|IN|10074-7917|10-Dec-1945|3677|VA003154
BETTY|NELSON|betty.nelson45@icloud.com|(272) 415-8582|6777 Sunset Blvd|Clinton|MN|99398|01-02-1957|2677|VA003155
SANDRA|HILL||3203118780|6173 Maple Dr|Greenville|WI|96206|06/22/1995|9536|VA003156
JOHN|JACKSON|john.jackson38@gmail.com|760-877-1255|5463 Park Blvd|Richmond|al|13656-7963|1986-07-25|6327|VA003157
RICHARD|WRIGHT|richard.wright25@aol.com|+17807734487|8043 River Dr|Burlington|SD|92318|28-Nov-1981|4740|VA003158
THOMAS|ADAMS|thomas.adams86@outlook.com|488.784.2322|1480 River Dr|Manchester|KS|43308|06-29-1998|4646|VA003159
JOHN|MARTIN||(831) 469-4982|9903 Washington St|Manchester|KS|83695-2615|08/11/1979|2321|VA003160
RICHARD|WILLIAMS|richard.williams65@hotmail.com|9864356595|9172 Jefferson Dr|Dayton|ut|25360|1967-07-22|2026|VA003161
DAVID|WRIGHT||626-797-6040|437 Valley Ln|Salem|KY|95929|24-Nov-1991|4728|VA003162
KAREN|SMITH|karen.smith71@hotmail.com|+19672892834|9900 Lake Rd|Arlington|ME|52217-9398|11-05-1950|3561|VA003163
MARK|THOMAS|mark.thomas84@yahoo.com|980.630.1540|1116 Washington St|Oxford|MO|76897|06/21/1957|1511|VA003164
MARK|KING|mark.king97@hotmail.com|(481) 934-9713|7712 Lake Rd|Richmond|nh|49657|1993-01-19|2348|VA003165
CHRISTOPHER|ALLEN|christopher.allen17@yahoo.com|6143061541|6954 Maple Dr|Oxford|MA|70941-8947|05-Feb-1957|4853|VA003166
JOHN|HILL|john.hill11@hotmail.com|304-421-2937|191 Oak Ave|Arlington|LA|15236|11-08-1969|8422|VA003167
SANDRA|ADAMS|sandra.adams5@yahoo.com|+14128454089|6284 Sunset Blvd|Clinton|SD|17825|07/17/1995|5569|VA003168
DANIEL|ALLEN|daniel.allen91@aol.com|412.412.4630|1099 River Dr|Oxford|ne|58023-3580|1942-04-11|4756|VA003169
JESSICA|MILLER|jessica.miller96@outlook.com|(267) 479-2339|4116 Oak Ave|Salem|UT|93180|22-Apr-1967|9631|VA003170
LINDA|YOUNG|linda.young55@yahoo.com|2716877020|2938 Main St|Dayton|New.|98092|06-08-1949|7494|VA003171
MATTHEW|JACKSON|matthew.jackson5@yahoo.com|775-341-8160|1694 Forest Ave|Arlington|MD|16579-2591|02/24/2001|2270|VA003172
DAVID|TAYLOR|david.taylor68@hotmail.com|+17816202796|2952 Sunset Blvd|Burlington|sc|21091|1955-01-29|2649|VA003173
DANIEL|HALL|daniel.hall37@aol.com|286.742.5660|5312 Park Blvd|Madison|North Carolina|49122|09-Mar-1952|4712|VA003174
JOSEPH|SMITH|joseph.smith82@gmail.com|(568) 413-1615|3758 Maple Dr|Clinton|WY|92143-3095|01-16-1948|6545|VA003175
NANCY|WILSON|nancy.wilson78@gmail.com|2507138234|2370 Oak Ave|Richmond|DE|40225|10/05/1992|9964|VA003176
JESSICA|WALKER|jessica.walker67@aol.com|608-491-8980|1186 Sunset Blvd|Madison|tn|88244|1962-11-05|8168|VA003177
MARK|THOMPSON|mark.thompson99@hotmail.com|+18224664916|1476 Lincoln Ave|Madison|AR|97623-9746|25-Jul-2001|2787|VA003178
LISA|DAVIS|lisa.davis42@yahoo.com|298.437.9755|3691 Lake Rd|Springfield|New.|20726|04-22-1952|5709|VA003179
SARAH|HILL|sarah.hill42@icloud.com|(443) 613-3260|5049 Hill Rd|Dayton|NH|75727|12/28/1963|9323|VA003180
BETTY|JONES|betty.jones71@aol.com|2002675908|7380 Main St|Clinton|ca|73651-7675|1975-03-04|2809|VA003181
CHRISTOPHER|TAYLOR|christopher.taylor87@hotmail.com|777-881-2881|5870 Hill Rd|Springfield|CO|23982|14-Nov-1973|3559|VA003182
MARGARET|HILL||+17345182572|6047 Forest Ave|Richmond|TN|89399|03-01-2002|9695|VA003183
JAMES|YOUNG|james.young2@aol.com|540.833.6019|8324 Oak Ave|Richmond|MI|34296-1827|10/21/1975|3336|VA003184
MARK|WILLIAMS|mark.williams36@aol.com|(819) 375-3124|8800 Valley Ln|Dayton|fl|20245|1964-03-27|2378|VA003185
MARK|TORRES|mark.torres20@outlook.com|6903487125|9449 Park Blvd|Salem|ID|19941|24-Dec-1965|2668|VA003186
ANTHONY|SCOTT|anthony.scott1@aol.com|332-502-2571|1950 Lake Rd|Springfield|MA|12380-9292|09-09-1998|7683|VA003187
DANIEL|ALLEN|daniel.allen81@icloud.com|+19166566826|5120 Lake Rd|Richmond|IL|97932|11/11/1987|2286|VA003188
LISA|THOMAS|lisa.thomas3@aol.com|997.851.9615|3028 Maple Dr|Franklin|ar|45102|1944-03-19|3005|VA003189
SANDRA|GARCIA|sandra.garcia37@icloud.com|(910) 854-9483|9847 Park Blvd|Madison|AZ|59033-1146|08-May-1960|6505|VA003190
BARBARA|THOMAS||3377143807|7902 Lincoln Ave|Greenville|SC|44284|05-05-1954|9770|VA003191
JOSEPH|TORRES||983-650-4878|1978 Jefferson Dr|Oxford|RI|69536|08/26/1990|4733|VA003192
LINDA|WILSON|linda.wilson63@yahoo.com|+16875229784|3778 River Dr|Marion|ks|93181-2130|1982-03-17|3535|VA003193
MARGARET|JACKSON|margaret.jackson57@aol.com|988.591.1702|3615 River Dr|Franklin|ND|46838|06-Jul-1961|7699|VA003194
SUSAN|NELSON|susan.nelson59@hotmail.com|(293) 512-3143|2143 Main St|Greenville|CT|33076|12-24-1998|1937|VA003195
JOHN|MARTIN|john.martin28@yahoo.com|3206501899|2217 Sunset Blvd|Richmond|MN|36712-4126|06/18/1961|9173|VA003196
SUSAN|NGUYEN|susan.nguyen72@outlook.com|934-294-8025|9878 Washington St|Madison|ky|43581|1954-11-09|5220|VA003197
BETTY|THOMAS|betty.thomas17@icloud.com|+15839839163|247 Jefferson Dr|Franklin|MN|94736|10-Oct-1945|1364|VA003198
DANIEL|HARRIS|daniel.harris77@gmail.com|589.328.7170|9752 Valley Ln|Franklin|AZ|78876-2023|12-06-2001|1607|VA003199
MARGARET|NELSON|margaret.nelson67@hotmail.com|(368) 437-6943|4343 Main St|Greenville|WA|19057|12/11/1976|9858|VA003200
PATRICIA|WALKER|patricia.walker76@icloud.com|9003321560|110 Forest Ave|Salem|wy|21119|2003-01-05|8604|VA003201
DAVID|WALKER|david.walker6@aol.com|257-940-3160|8138 Oak Ave|Arlington|California|28338-8741|06-Aug-1953|2675|VA003202
MATTHEW|BAKER|matthew.baker18@icloud.com|+19187726718|8958 Oak Ave|Springfield|CT|87304|10-16-1949|5473|VA003203
CHRISTOPHER|BAKER|christopher.baker25@aol.com|777.768.5672|3400 River Dr|Dayton|IN|86264|08/18/1978|4047|VA003204
ROBERT|WILSON|robert.wilson79@hotmail.com|(632) 558-2960|5070 Washington St|Springfield|id|19798-6548|1989-09-07|6221|VA003205
SANDRA|KING|sandra.king91@outlook.com|7408044446|5594 Main St|Manchester|MN|97645|15-Jul-1997|4005|VA003206
KAREN|HARRIS|karen.harris87@yahoo.com|651-894-2770|6497 Main St|Oxford|NM|40104|07-20-1943|7057|VA003207
ANTHONY|WHITE||+17007582660|2765 Jefferson Dr|Burlington|NC|87251-6395|06/02/1962|5020|VA003208
MICHAEL|BAKER||837.628.8628|4113 River Dr|Fairview|ca|85407|1966-02-27|6625|VA003209
KAREN|JOHNSON|karen.johnson21@outlook.com|(571) 537-4191|4803 Main St|Salem|North Carolina|21844|27-Jan-1980|9634|VA003210
MARK|HILL|mark.hill48@hotmail.com|4545826776|3259 Valley Ln|Clinton|Pen.|98997-4407|09-18-1980|9142|VA003211
SUSAN|JOHNSON|susan.johnson4@hotmail.com|801-695-3895|9183 Hill Rd|Manchester|CT|32145|10/10/2004|4022|VA003212
JOSEPH|SMITH|joseph.smith50@outlook.com|+19805617589|206 Main St|Dayton|nh|59496|2004-04-30|3281|VA003213
JENNIFER|WILLIAMS|jennifer.williams24@aol.com|798.845.6037|4307 Lake Rd|Springfield|NM|82968-8817|06-Jul-1963|1040|VA003214
RICHARD|ADAMS|richard.adams33@aol.com|(969) 747-4029|6862 Jefferson Dr|Salem|NM|58943|11-30-1958|4204|VA003215
BARBARA|GARCIA|barbara.garcia34@icloud.com|3785475029|2926 Cedar Ln|Springfield|ID|44313|01/28/1949|1343|VA003216
LINDA|BROWN|linda.brown9@icloud.com|562-387-9966|4096 River Dr|Greenville|mi|12435-1692|1977-01-29|8743|VA003217
DAVID|ALLEN||+15509439270|1272 Main St|Salem|WV|17188|03-Jun-1976|3152|VA003218
JOHN|JONES|john.jones84@yahoo.com|878.962.3446|301 Valley Ln|Fairview|Cal.|96099|10-24-1981|4548|VA003219
LISA|TORRES|lisa.torres58@hotmail.com|(595) 205-5828|2860 Valley Ln|Fairview|NJ|23591-9619|03/22/1983|9972|VA003220
DANIEL|MARTIN|daniel.martin16@icloud.com|8848875956|3437 Forest Ave|Dayton|az|57737|1954-01-16|7402|VA003221
LISA|WILLIAMS|lisa.williams7@gmail.com|955-991-2585|1523 Maple Dr|Marion|LA|17089|29-Oct-1948|9119|VA003222
NANCY|WHITE||+16316245940|707 Valley Ln|Fairview|NE|41324-5150|10-23-1974|5110|VA003223
ASHLEY|GARCIA||969.881.1185|3180 Lincoln Ave|Arlington|NY|30196|07/02/1988|5439|VA003224
NANCY|WALKER|nancy.walker5@aol.com|(357) 271-4554|3149 Lake Rd|Clinton|ok|37118|1948-06-10|8246|VA003225
JENNIFER|WILLIAMS|jennifer.williams55@icloud.com|2687683754|576 Lake Rd|Dayton|NJ|35443-8505|20-Mar-1967|8388|VA003226
MICHAEL|YOUNG|michael.young82@yahoo.com|370-475-3381|7602 Oak Ave|Clinton|DE|97175|02-17-1987|7384|VA003227
LISA|TORRES|lisa.torres80@hotmail.com|+14482254612|2791 Oak Ave|Dayton|AL|66693|01/07/1997|9947|VA003228
JENNIFER|JONES|jennifer.jones4@gmail.com|389.427.8740|904 Sunset Blvd|Manchester|wi|98954-6324|1976-10-15|1349|VA003229
KAREN|MARTIN||(551) 871-2992|3622 Valley Ln|Burlington|Florida|35972|28-Dec-1966|2277|VA003230
MATTHEW|BAKER|matthew.baker38@icloud.com|8627227874|1472 Sunset Blvd|Franklin|MD|20281|09-29-1976|4565|VA003231
JOSEPH|WHITE|joseph.white21@gmail.com|591-386-2210|9032 Sunset Blvd|Fairview|UT|41151-8145|07/26/2001|4788|VA003232
LINDA|NGUYEN||+13952818516|9296 Valley Ln|Burlington|ct|28036|1961-07-26|2017|VA003233
DANIEL|NELSON|daniel.nelson50@outlook.com|817.448.3001|8735 Washington St|Georgetown|North Carolina|54509|16-Jul-1955|2659|VA003234
ASHLEY|HILL||(868) 980-4241|8597 River Dr|Richmond|OR|16225-4987|10-24-1947|4972|VA003235
PATRICIA|KING||6964944893|4480 Valley Ln|Dayton|SD|88521|09/18/1985|6544|VA003236
MARGARET|JONES|margaret.jones86@hotmail.com|632-732-1588|6747 Park Blvd|Georgetown|ms|67881|1998-10-16|7288|VA003237
MARY|MARTIN|mary.martin50@gmail.com|+19113281225|4672 Washington St|Burlington|NJ|61028-1850|13-Aug-1988|7246|VA003238
MARGARET|MILLER|margaret.miller18@aol.com|560.203.5478|421 Lincoln Ave|Salem|NM|60837|01-22-2001|7030|VA003239
MICHAEL|TAYLOR|michael.taylor3@aol.com|(895) 524-4141|6032 Oak Ave|Springfield|WI|72433|03/13/1949|6581|VA003240
WILLIAM|TAYLOR||2926771681|7647 Maple Dr|Burlington|ks|13093-8525|2004-05-21|9879|VA003241
BARBARA|WALKER|barbara.walker15@yahoo.com|477-967-6610|8762 Jefferson Dr|Greenville|NJ|92987|03-Nov-1959|3197|VA003242
ANTHONY|JONES|anthony.jones80@yahoo.com|+13347499927|1628 Park Blvd|Oxford|MN|33191|03-26-1994|3317|VA003243
JESSICA|THOMAS|jessica.thomas82@hotmail.com|919.307.5243|1743 Valley Ln|Springfield|NC|33659-5308|03/04/1980|5556|VA003244
MATTHEW|WRIGHT|matthew.wright58@aol.com|(849) 424-7290|8373 Forest Ave|Greenville|nc|70242|1987-08-22|9251|VA003245
PATRICIA|ADAMS|patricia.adams88@outlook.com|6745551827|3958 Maple Dr|Marion|UT|66015|01-Sep-1987|4732|VA003246
THOMAS|YOUNG|thomas.young53@aol.com|705-442-9917|8598 Sunset Blvd|Marion|ND|81425-5244|04-22-1959|3434|VA003247
MARK|TORRES|mark.torres65@outlook.com|+15717758857|2567 Lake Rd|Springfield|WA|36094|12/16/1944|9304|VA003248
KAREN|ALLEN|karen.allen26@hotmail.com|250.610.5857|6387 Hill Rd|Clinton|nm|71342|1968-11-17|3230|VA003249
BETTY|HARRIS|betty.harris88@gmail.com|(944) 463-6670|4564 Oak Ave|Marion|OR|34133-4632|08-Jul-1955|1900|VA003250
MARGARET|NELSON|margaret.nelson53@hotmail.com|5465163342|1605 Park Blvd|Arlington|MN|25591|05-23-1969|9362|VA003251
SANDRA|ANDERSON|sandra.anderson48@outlook.com|338-317-2220|9120 Lincoln Ave|Franklin|LA|39822|09/08/1998|1003|VA003252
MICHAEL|WRIGHT|michael.wright10@aol.com|+16609872788|9708 Sunset Blvd|Springfield|ri|98903-6514|2004-09-07|3224|VA003253
MICHAEL|SCOTT|michael.scott56@yahoo.com|416.758.5447|5575 Hill Rd|Salem|AZ|79318|18-Mar-1998|6299|VA003254
THOMAS|GARCIA|thomas.garcia19@icloud.com|(609) 463-1437|7647 Jefferson Dr|Arlington|NE|56502|11-10-1970|9950|VA003255
MARK|SCOTT|mark.scott9@aol.com|3453233247|4642 Jefferson Dr|Clinton|CT|98928-4176|08/28/1998|7875|VA003256
MATTHEW|WALKER|matthew.walker75@icloud.com|436-431-9200|4298 Forest Ave|Burlington|id|65922|1992-07-29|8846|VA003257
MATTHEW|BROWN|matthew.brown84@gmail.com|+18318339077|6954 Park Blvd|Georgetown|IA|45156|02-Jan-1995|7656|VA003258
SUSAN|ADAMS|susan.adams71@gmail.com|507.222.8242|3925 Jefferson Dr|Greenville|HI|42568-6498|06-25-1944|3093|VA003259
ANTHONY|NGUYEN||(747) 774-2022|4306 Main St|Oxford|IN|40293|05/08/1975|3899|VA003260
RICHARD|TAYLOR|richard.taylor55@aol.com|6496685667|4210 Jefferson Dr|Salem|tx|71048|1965-09-20|3661|VA003261
PATRICIA|MARTIN|patricia.martin3@yahoo.com|838-653-4016|3048 Cedar Ln|Madison|ID|97062-7577|26-Sep-1998|2497|VA003262
JENNIFER|HALL|jennifer.hall21@outlook.com|+17593901356|7193 Lincoln Ave|Oxford|NJ|87801|09-03-1991|8126|VA003263
LISA|BROWN|lisa.brown21@gmail.com|870.721.5708|1613 Forest Ave|Oxford|MN|75297|04/12/1973|9589|VA003264
ASHLEY|YOUNG|ashley.young62@yahoo.com|(970) 708-4252|7906 Main St|Georgetown|ca|23591-2048|1958-04-24|3054|VA003265
ROBERT|YOUNG|robert.young8@gmail.com|9012667716|8488 Hill Rd|Springfield|SC|32271|09-Nov-1968|7068|VA003266
LINDA|MILLER|linda.miller99@gmail.com|508-876-4914|5191 Sunset Blvd|Burlington|RI|69099|01-14-1958|4347|VA003267
NANCY|WALKER|nancy.walker42@icloud.com|+13078446879|130 Maple Dr|Clinton|NM|53871-5218|03/16/1970|2641|VA003268
JOHN|ADAMS|john.adams95@yahoo.com|530.771.2093|4163 Jefferson Dr|Salem|ne|33527|1949-07-15|3985|VA003269
SANDRA|NELSON|sandra.nelson81@outlook.com|(432) 217-8413|4791 Hill Rd|Burlington|AK|29586|11-Dec-1980|9159|VA003270
LISA|TORRES|lisa.torres55@yahoo.com|9482228100|690 Forest Ave|Georgetown|MT|87806-5722|10-09-1969|6260|VA003271
SUSAN|KING||805-590-6473|6558 Lincoln Ave|Marion|OH|31012|02/09/1974|8841|VA003272
MATTHEW|THOMPSON|matthew.thompson92@gmail.com|+17473756273|3629 Sunset Blvd|Oxford|az|12442|1971-06-30|5355|VA003273
NANCY|DAVIS|nancy.davis17@outlook.com|231.609.7081|4000 Sunset Blvd|Marion|California|37318-8175|13-May-1982|9848|VA003274
MATTHEW|TAYLOR|matthew.taylor54@hotmail.com|(929) 579-6967|6349 Maple Dr|Arlington|MN|43807|03-30-1952|3635|VA003275
CHARLES|KING|charles.king51@gmail.com|2508389739|7052 Main St|Greenville|NJ|55720|03/24/1984|5837|VA003276
KAREN|BROWN|karen.brown56@gmail.com|206-921-7678|3202 Maple Dr|Springfield|nc|80987-8799|1991-02-07|7273|VA003277
SANDRA|NELSON|sandra.nelson67@outlook.com|+14052042848|1104 Maple Dr|Arlington|Georgia|13547|24-May-1944|9486|VA003278
DANIEL|HALL||973.476.4545|3569 Main St|Georgetown|WI|15665|05-20-1992|9837|VA003279
BETTY|SCOTT||(253) 876-8069|2117 Main St|Marion|TN|14310-2548|09/14/1953|1048|VA003280
ASHLEY|KING|ashley.king69@aol.com|2502374679|6135 Park Blvd|Madison|ks|69226|1962-03-08|3437|VA003281
DANIEL|WILLIAMS|daniel.williams56@outlook.com|729-346-4471|9512 River Dr|Salem|MA|66358|16-Jul-2004|8440|VA003282
ASHLEY|HALL|ashley.hall21@yahoo.com|+16222253938|5443 Lincoln Ave|Arlington|NE|97806-1032|04-06-1962|5371|VA003283
ASHLEY|TAYLOR|ashley.taylor24@gmail.com|966.712.9745|661 Washington St|Arlington|OR|67747|12/05/1994|1573|VA003284
CHRISTOPHER|BAKER|christopher.baker11@aol.com|(490) 570-4713|6057 Maple Dr|Fairview|mo|15502|1971-10-29|8952|VA003285
RICHARD|ALLEN|richard.allen35@hotmail.com|7825199292|3409 Lincoln Ave|Burlington|AK|72475-2710|20-Aug-1964|2455|VA003286
BARBARA|HILL||266-395-9790|5426 Maple Dr|Madison|VA|54654|03-02-1993|4950|VA003287
MARY|MARTIN|mary.martin43@hotmail.com|+18659291373|1908 Jefferson Dr|Springfield|VT|49372|02/12/1961|6149|VA003288
JESSICA|ADAMS|jessica.adams66@yahoo.com|337.920.7336|1779 Jefferson Dr|Oxford|tn|52964-8885|1998-11-25|5405|VA003289
NANCY|WHITE|nancy.white34@icloud.com|(693) 773-9998|134 Lincoln Ave|Greenville|DE|97578|18-May-1999|6969|VA003290
MARGARET|HARRIS|margaret.harris99@icloud.com|4114095106|4475 Jefferson Dr|Greenville|KS|93484|12-10-1997|9861|VA003291
JOSEPH|WILLIAMS|joseph.williams62@yahoo.com|671-813-1817|3507 Maple Dr|Dayton|NC|58469-3778|12/28/1956|6104|VA003292
BARBARA|YOUNG|barbara.young82@icloud.com|+18132541943|8708 Jefferson Dr|Burlington|mt|42803|1978-07-01|8865|VA003293
SANDRA|ALLEN|sandra.allen29@aol.com|303.351.5096|317 Oak Ave|Manchester|ME|74370|31-May-1976|7326|VA003294
LINDA|WRIGHT|linda.wright16@aol.com|(533) 375-3369|9744 Sunset Blvd|Franklin|NV|56413-6523|10-17-1975|2528|VA003295
ROBERT|JACKSON|robert.jackson27@hotmail.com|8622808369|6080 Oak Ave|Marion|WA|34966|08/15/1944|5398|VA003296
PATRICIA|WILSON|patricia.wilson39@yahoo.com|255-466-5167|5733 Jefferson Dr|Dayton|nh|59386|2000-01-08|3207|VA003297
MARGARET|TAYLOR|margaret.taylor32@aol.com|+16713618318|8011 Valley Ln|Burlington|OR|57211-4021|12-Dec-1988|9759|VA003298
ANTHONY|JOHNSON|anthony.johnson51@icloud.com|566.302.3369|1640 Maple Dr|Manchester|IN|15178|01-07-1989|1683|VA003299
SARAH|HARRIS|sarah.harris49@outlook.com|(820) 569-4305|2108 Washington St|Greenville|LA|88836|05/13/1974|8855|VA003300
JAMES|SCOTT|james.scott93@yahoo.com|4562408951|7169 Hill Rd|Madison|oh|74237-9524|1957-01-09|4057|VA003301
PATRICIA|THOMAS|patricia.thomas93@outlook.com|545-239-2051|6167 Cedar Ln|Arlington|RI|68784|14-Mar-1997|6968|VA003302
JOHN|JONES|john.jones39@outlook.com|+18725801071|3049 Maple Dr|Manchester|Ill.|48365|04-07-1984|8560|VA003303
SANDRA|TORRES|sandra.torres17@gmail.com|392.752.8441|2603 Oak Ave|Arlington|FL|26279-8545|10/10/1972|2232|VA003304
THOMAS|HILL|thomas.hill92@outlook.com|(559) 494-4622|381 Park Blvd|Madison|il|87902|1977-05-26|5614|VA003305
NANCY|HALL|nancy.hall94@yahoo.com|6445206055|237 Oak Ave|Arlington|Ohio|23091|17-Mar-1998|6079|VA003306
WILLIAM|TAYLOR|william.taylor50@hotmail.com|925-807-1091|8527 Forest Ave|Salem|NH|26407-5185|12-16-2002|5682|VA003307
JESSICA|JONES|jessica.jones85@aol.com|+16013959352|7187 Forest Ave|Burlington|CT|51336|10/13/1973|6394|VA003308
DANIEL|HALL|daniel.hall50@hotmail.com|758.959.4116|5661 Hill Rd|Salem|mt|84468|1967-09-20|9200|VA003309
DANIEL|SMITH|daniel.smith31@outlook.com|(593) 504-4576|6812 Hill Rd|Springfield|Georgia|57822-1071|18-Mar-1993|4167|VA003310
THOMAS|ALLEN|thomas.allen51@icloud.com|5793351673|9511 Maple Dr|Madison|HI|76027|03-19-1984|6557|VA003311
JAMES|MARTIN|james.martin28@yahoo.com|878-489-1780|8418 Cedar Ln|Burlington|IL|71853|11/12/1985|4574|VA003312
NANCY|WILSON|nancy.wilson70@outlook.com|+13898508650|7982 Cedar Ln|Arlington|wa|46337-7499|1980-04-14|5779|VA003313
ANTHONY|MILLER|anthony.miller86@icloud.com|294.778.8333|7059 Hill Rd|Salem|IA|97184|24-Jan-1973|1713|VA003314
JAMES|MARTIN|james.martin87@yahoo.com|(265) 338-5542|377 Oak Ave|Madison|ME|72253|10-10-1971|5850|VA003315
BARBARA|TORRES|barbara.torres12@outlook.com|5707969208|1583 Oak Ave|Georgetown|WV|72510-1981|08/27/1990|2472|VA003316
MARK|NGUYEN|mark.nguyen10@gmail.com|464-540-1743|2519 Lake Rd|Manchester|ok|97030|1994-10-17|7607|VA003317
BARBARA|DAVIS|barbara.davis71@outlook.com|+12716682121|3785 Lake Rd|Dayton|RI|38278|08-Apr-1971|9413|VA003318
MATTHEW|WALKER|matthew.walker66@outlook.com|939.515.3462|4961 River Dr|Georgetown|SC|64974-8727|09-01-1965|6566|VA003319
NANCY|MILLER|nancy.miller6@hotmail.com|(991) 934-5465|6116 Hill Rd|Arlington|AL|45432|12/13/1980|5652|VA003320
JESSICA|BAKER|jessica.baker67@icloud.com|3443554758|72 Main St|Oxford|la|60599|1959-12-21|5959|VA003321
THOMAS|MARTIN|thomas.martin43@outlook.com|392-936-1043|4979 Oak Ave|Clinton|LA|18732-9190|06-Dec-1941|2704|VA003322
MATTHEW|JOHNSON|matthew.johnson1@outlook.com|+13898837639|8109 Hill Rd|Marion|RI|50205|10-31-1985|5929|VA003323
JESSICA|TAYLOR|jessica.taylor7@gmail.com|573.984.1730|7706 Lincoln Ave|Dayton|AR|26777|11/06/1942|3775|VA003324
LINDA|WALKER||(691) 918-6579|9949 Valley Ln|Springfield|ms|75810-3753|1987-07-01|5925|VA003325
LISA|ANDERSON|lisa.anderson37@gmail.com|4057696699|5250 Lincoln Ave|Burlington|ME|64363|02-Jul-1972|8134|VA003326
DAVID|GARCIA|david.garcia31@aol.com|569-803-2986|4398 Lake Rd|Salem|NE|23215|01-03-1989|1007|VA003327
MICHAEL|ADAMS|michael.adams83@hotmail.com|+17437145278|7029 Cedar Ln|Oxford|CA|87273-8032|09/01/1961|6067|VA003328
JAMES|NELSON|james.nelson97@aol.com|366.995.9752|6063 Jefferson Dr|Clinton|hi|19299|1958-06-06|8375|VA003329
SARAH|JONES||(577) 878-3699|437 River Dr|Salem|HI|60733|29-Jul-1950|2638|VA003330
THOMAS|JACKSON|thomas.jackson78@aol.com|7322679441|1551 Lake Rd|Burlington|OK|33168-9062|05-05-1974|3345|VA003331
KAREN|SCOTT|karen.scott13@yahoo.com|455-915-8695|2163 Main St|Dayton|WI|38233|04/17/1981|4181|VA003332
JOHN|BROWN|john.brown66@gmail.com|+12899947807|8859 Lincoln Ave|Springfield|nj|41707|1955-05-30|9496|VA003333
DANIEL|JONES|daniel.jones44@hotmail.com|309.383.2581|6841 Valley Ln|Marion|IA|27877-9202|19-Feb-1957|3511|VA003334
RICHARD|ALLEN|richard.allen94@outlook.com|(707) 916-3923|1208 Sunset Blvd|Fairview|MO|41524|07-26-1988|7987|VA003335
CHRISTOPHER|THOMPSON|christopher.thompson72@gmail.com|4312231265|3954 River Dr|Madison|OK|60587|05/19/1945|2046|VA003336
JESSICA|THOMPSON|jessica.thompson27@aol.com|259-311-9666|1437 Forest Ave|Burlington|vt|89269-2298|2003-05-30|5705|VA003337
CHARLES|GARCIA|charles.garcia75@gmail.com|+18589022681|4639 Maple Dr|Oxford|Pennsylvania|89639|02-Apr-1964|9253|VA003338
JOHN|MARTIN|john.martin81@hotmail.com|600.661.6712|339 Cedar Ln|Dayton|KY|38861|08-24-2003|7609|VA003339
SUSAN|GARCIA|susan.garcia24@aol.com|(626) 288-9649|2055 Forest Ave|Greenville|NE|10849-5125|11/10/1973|6552|VA003340
JESSICA|WILLIAMS|jessica.williams39@icloud.com|9746285149|9817 Lincoln Ave|Fairview|nm|56306|1982-06-26|7391|VA003341
CHRISTOPHER|TORRES|christopher.torres54@yahoo.com|568-797-6882|2462 Hill Rd|Greenville|UT|82566|14-Dec-1947|4186|VA003342
JAMES|JACKSON|james.jackson44@gmail.com|+17866858905|5772 Lake Rd|Clinton|MN|87423-4986|11-25-1959|2120|VA003343
JOHN|HALL|john.hall57@yahoo.com|917.901.9749|5223 River Dr|Springfield|VT|63751|08/09/1964|7370|VA003344
ROBERT|DAVIS|robert.davis45@yahoo.com|(989) 727-8439|7624 Sunset Blvd|Georgetown|az|25018|1979-03-11|2798|VA003345
PATRICIA|DAVIS|patricia.davis58@hotmail.com|2462165354|2453 Washington St|Richmond|TN|24300-2921|07-Jun-1965|2427|VA003346
SARAH|ADAMS|sarah.adams9@hotmail.com|610-325-8120|9758 Oak Ave|Georgetown|MD|63056|10-16-1990|2223|VA003347
PATRICIA|MARTIN|patricia.martin44@gmail.com|+16987085236|2113 Jefferson Dr|Franklin|MI|66645|11/17/1979|5005|VA003348
MARK|THOMPSON|mark.thompson77@outlook.com|315.476.9508|340 Maple Dr|Clinton|ia|96424-1001|1952-09-15|6852|VA003349
NANCY|DAVIS|nancy.davis16@icloud.com|(822) 719-7480|5252 Hill Rd|Marion|KS|12580|10-Jul-1981|8707|VA003350
MICHAEL|TORRES|michael.torres24@gmail.com|4444684184|3921 Lake Rd|Salem|CO|32678|06-27-1941|6287|VA003351
LINDA|WILLIAMS|linda.williams67@aol.com|671-766-6286|3430 Cedar Ln|Oxford|MN|66690-2172|11/21/1986|4023|VA003352
LISA|JONES|lisa.jones32@hotmail.com|+16412251573|6274 Sunset Blvd|Greenville|mi|97229|1971-01-10|2030|VA003353
SARAH|SCOTT|sarah.scott99@hotmail.com|902.752.7533|9835 Maple Dr|Salem|VT|47136|03-Jun-1954|1819|VA003354
MARK|BROWN|mark.brown52@hotmail.com|(765) 691-8757|3307 Valley Ln|Salem|SD|83573-5700|03-01-1974|6149|VA003355
BARBARA|TAYLOR|barbara.taylor64@icloud.com|6429705187|7336 Park Blvd|Georgetown|OK|33103|08/07/1942|6830|VA003356
RICHARD|THOMPSON||914-278-4275|4185 Valley Ln|Dayton|ms|62535|1967-06-13|8660|VA003357
MATTHEW|WILLIAMS|matthew.williams74@gmail.com|+12846745544|9991 Washington St|Fairview|ND|32944-3912|11-Apr-1957|3593|VA003358
PATRICIA|THOMPSON|patricia.thompson80@hotmail.com|979.752.9315|3593 Forest Ave|Manchester|SD|96419|09-02-1958|5528|VA003359
CHARLES|SMITH|charles.smith85@aol.com|(496) 692-9806|2791 Hill Rd|Marion|MO|79989|08/26/1997|6028|VA003360
BETTY|WILSON|betty.wilson51@icloud.com|4854406263|9667 Valley Ln|Springfield|az|86225-4827|1959-10-09|8814|VA003361
NANCY|JOHNSON|nancy.johnson33@outlook.com|886-984-5657|3400 Valley Ln|Dayton|WI|71752|23-Jan-1966|3959|VA003362
PATRICIA|SMITH|patricia.smith65@gmail.com|+15628735433|2086 Lincoln Ave|Burlington|New.|71075|07-14-1941|5104|VA003363
BARBARA|TORRES||503.874.4708|4068 Main St|Fairview|CT|14271-1213|01/14/1993|6775|VA003364
JESSICA|ANDERSON|jessica.anderson50@outlook.com|(682) 883-8521|9910 Maple Dr|Arlington|ak|28684|1987-09-30|6638|VA003365
NANCY|WRIGHT|nancy.wright99@outlook.com|3438087982|7313 Maple Dr|Richmond|AR|45763|28-Dec-1947|8045|VA003366
DANIEL|GARCIA|daniel.garcia60@hotmail.com|471-747-6760|1658 Sunset Blvd|Oxford|OK|73975-5887|11-04-1994|8431|VA003367
KAREN|DAVIS|karen.davis21@outlook.com|+17674593438|1436 Lincoln Ave|Madison|KS|13867|05/09/1975|7317|VA003368
JAMES|HILL|james.hill2@yahoo.com|290.573.9555|8415 Forest Ave|Marion|ma|15098|1974-09-21|7803|VA003369
LINDA|ADAMS|linda.adams52@gmail.com|(926) 336-3209|9722 Cedar Ln|Georgetown|California|20748-2610|30-Jun-1999|8988|VA003370
KAREN|NELSON|karen.nelson93@icloud.com|4093369080|8467 River Dr|Clinton|ND|65791|08-16-1988|9604|VA003371
LISA|MARTIN||207-772-4722|389 Sunset Blvd|Salem|MT|45730|03/14/1999|5818|VA003372
MARGARET|MILLER|margaret.miller83@icloud.com|+14568247701|7824 River Dr|Madison|ky|67510-1442|1958-12-04|2090|VA003373
ASHLEY|NGUYEN|ashley.nguyen30@icloud.com|293.603.3270|8813 Lincoln Ave|Franklin|AR|39909|30-Nov-1947|9323|VA003374
MICHAEL|YOUNG|michael.young74@aol.com|(419) 742-6212|2452 Cedar Ln|Manchester|ME|92141|11-09-1959|9829|VA003375
MARGARET|MARTIN|margaret.martin17@gmail.com|4105243677|1988 Main St|Madison|OH|22610-6744|08/22/1950|5249|VA003376
SANDRA|HALL|sandra.hall20@gmail.com|543-839-7518|6199 Maple Dr|Madison|va|41976|1985-02-26|2194|VA003377
JOSEPH|MILLER||+14648219691|2661 Park Blvd|Fairview|OK|77191|07-Dec-1964|5019|VA003378
JENNIFER|BROWN|jennifer.brown33@outlook.com|365.783.8048|7939 Hill Rd|Oxford|KS|94353-9026|08-12-1959|3390|VA003379
JOSEPH|ADAMS||(693) 294-5390|351 River Dr|Oxford|HI|49051|06/14/1984|2969|VA003380
RICHARD|JONES|richard.jones89@outlook.com|9966236663|58 Maple Dr|Richmond|wa|89811|1966-06-19|3651|VA003381
DANIEL|WILSON||668-808-1430|8195 Washington St|Dayton|MA|58375-6999|27-Feb-1971|1231|VA003382
MATTHEW|TORRES|matthew.torres34@outlook.com|+13866809178|6539 Cedar Ln|Arlington|NJ|60590|07-07-1988|6922|VA003383
MATTHEW|NELSON|matthew.nelson65@gmail.com|743.633.7132|5320 Jefferson Dr|Salem|HI|19082|10/27/1965|6269|VA003384
DAVID|SMITH|david.smith21@icloud.com|(821) 375-3935|2739 Forest Ave|Richmond|ks|74427-1348|1951-12-21|1714|VA003385
LINDA|JOHNSON||5423375338|5887 Washington St|Marion|MN|96004|03-May-1951|9132|VA003386
CHARLES|GARCIA|charles.garcia53@icloud.com|903-370-9550|1422 Sunset Blvd|Dayton|CO|19641|12-26-1977|9517|VA003387
MARGARET|HARRIS|margaret.harris72@aol.com|+15249738251|8271 River Dr|Richmond|OK|68446-7105|04/12/1954|8777|VA003388
ASHLEY|ADAMS|ashley.adams7@outlook.com|874.847.5332|2615 Lake Rd|Marion|ut|25119|1950-10-02|7060|VA003389
JENNIFER|NGUYEN|jennifer.nguyen76@aol.com|(312) 472-4892|5192 Cedar Ln|Manchester|OR|57282|28-May-1993|6219|VA003390
LISA|WHITE|lisa.white12@icloud.com|7968288819|627 Lake Rd|Burlington|MA|40936-1025|05-14-1978|8816|VA003391
MARGARET|WALKER|margaret.walker90@yahoo.com|767-434-6968|8672 Main St|Clinton|AZ|50433|07/26/1997|4846|VA003392
LINDA|BAKER|linda.baker21@gmail.com|+12712152153|3537 River Dr|Marion|tx|87603|1943-08-27|5587|VA003393
DANIEL|JACKSON|daniel.jackson34@aol.com|410.763.6623|8536 Lincoln Ave|Richmond|VT|98369-8549|11-Jul-1968|3621|VA003394
DAVID|HILL|david.hill48@outlook.com|(484) 350-8534|2879 Cedar Ln|Franklin|OR|64944|11-25-1989|6614|VA003395
CHRISTOPHER|NELSON|christopher.nelson44@aol.com|8858454633|2660 Forest Ave|Manchester|VT|76506|09/15/2002|6241|VA003396
SANDRA|HARRIS||568-578-2420|1144 Lincoln Ave|Springfield|hi|20082-1908|1941-11-17|1975|VA003397
SUSAN|WILLIAMS|susan.williams87@aol.com|+13554527222|8630 Washington St|Springfield|NE|87514|13-Feb-1951|6703|VA003398
LINDA|YOUNG|linda.young30@icloud.com|490.944.7477|3700 Sunset Blvd|Franklin|ND|47456|09-29-1979|7373|VA003399
NANCY|THOMPSON|nancy.thompson56@hotmail.com|(894) 240-7756|2907 Valley Ln|Marion|MA|95647-9283|02/10/1992|3291|VA003400
WILLIAM|ALLEN|william.allen9@aol.com|4784781253|9736 Jefferson Dr|Fairview|oh|66081|1971-09-08|6043|VA003401
SUSAN|BAKER|susan.baker21@gmail.com|709-408-6014|6614 Sunset Blvd|Georgetown|KY|91515|20-Oct-1968|1466|VA003402
MICHAEL|NELSON|michael.nelson38@yahoo.com|+12046078436|3733 Lincoln Ave|Georgetown|CO|28670-9347|07-23-2000|8508|VA003403
JESSICA|WRIGHT|jessica.wright91@aol.com|241.769.6114|5709 Park Blvd|Marion|GA|59496|07/18/1952|8177|VA003404
PATRICIA|JOHNSON||(877) 410-3421|959 Main St|Springfield|md|99093|1954-10-12|2707|VA003405
CHARLES|WILSON|charles.wilson19@icloud.com|2105661760|498 Main St|Manchester|WY|87876-5776|13-Sep-1999|5371|VA003406
CHARLES|KING|charles.king10@yahoo.com|334-858-2896|5341 Jefferson Dr|Georgetown|Cal.|37308|07-01-1940|6308|VA003407
BARBARA|JOHNSON||+14139093949|6493 Washington St|Greenville|CT|29040|06/08/1945|4441|VA003408
SUSAN|NGUYEN|susan.nguyen28@gmail.com|550.900.9175|9025 Lake Rd|Salem|md|29037-4919|1983-03-28|6979|VA003409
SANDRA|ANDERSON|sandra.anderson38@aol.com|(801) 260-1187|6350 Main St|Clinton|New York|11712|19-Feb-1987|9099|VA003410
PATRICIA|MILLER|patricia.miller80@icloud.com|9083239693|4379 Oak Ave|Marion|AK|57036|04-21-1948|5743|VA003411
JOHN|YOUNG|john.young26@icloud.com|363-415-1070|7721 Park Blvd|Arlington|NC|70704-7721|11/02/1965|6756|VA003412
BETTY|ANDERSON||+15473611937|7899 Lake Rd|Marion|al|62804|1976-07-07|7140|VA003413
KAREN|DAVIS|karen.davis60@hotmail.com|904.255.9583|9441 Oak Ave|Greenville|UT|15890|23-Dec-1970|5384|VA003414
DAVID|ADAMS|david.adams33@aol.com|(474) 679-1449|2545 Hill Rd|Franklin|MS|57210-7269|03-19-1993|3680|VA003415
NANCY|THOMAS||9967573577|1112 Lincoln Ave|Oxford|CT|16885|06/22/1971|2740|VA003416
DANIEL|WALKER|daniel.walker38@aol.com|762-335-6596|943 Park Blvd|Clinton|co|62522|1949-07-06|8838|VA003417
MARGARET|ALLEN|margaret.allen93@aol.com|+14872923878|3653 Maple Dr|Marion|WI|10127-2697|23-Feb-1975|4038|VA003418
LINDA|WILSON|linda.wilson16@gmail.com|921.959.3525|4096 Forest Ave|Burlington|AZ|57832|11-07-1940|6679|VA003419
DANIEL|MILLER|daniel.miller11@icloud.com|(558) 785-5214|8906 Main St|Marion|NY|85101|02/07/2002|3115|VA003420
DAVID|BAKER|david.baker91@aol.com|9317409131|8718 Sunset Blvd|Franklin|tn|98129-1528|1974-11-07|1367|VA003421
MARK|HARRIS|mark.harris72@gmail.com|398-512-7254|5396 Forest Ave|Springfield|VT|67053|26-Aug-1946|3874|VA003422
WILLIAM|HILL|william.hill28@yahoo.com|+14713545772|6421 River Dr|Springfield|MD|73614|04-09-1956|5199|VA003423
JOSEPH|WILSON|joseph.wilson4@gmail.com|509.947.9264|6977 Lincoln Ave|Oxford|AZ|78826-9532|07/22/1999|1216|VA003424
NANCY|WRIGHT|nancy.wright36@outlook.com|(741) 432-8680|2782 Cedar Ln|Madison|pa|71024|1967-10-16|6703|VA003425
BARBARA|JONES||7158026015|2737 Oak Ave|Richmond|AZ|49085|02-Feb-1966|8469|VA003426
CHRISTOPHER|ADAMS|christopher.adams52@aol.com|296-353-9354|6514 Washington St|Fairview|Flo.|43357-7673|04-02-2003|2849|VA003427
KAREN|WHITE||+12105038354|2528 Lincoln Ave|Clinton|MT|12101|10/05/1951|4223|VA003428
CHARLES|HALL|charles.hall76@outlook.com|252.825.4980|9794 Park Blvd|Salem|mn|81667|1973-06-26|9303|VA003429
ASHLEY|WRIGHT|ashley.wright62@yahoo.com|(491) 763-5976|1750 Hill Rd|Oxford|ME|40268-4333|20-Jul-1967|1116|VA003430
MARGARET|DAVIS||8879178473|6549 Park Blvd|Burlington|IN|72014|03-06-1979|7361|VA003431
BARBARA|YOUNG|barbara.young68@yahoo.com|801-226-1049|9531 Main St|Salem|DE|69100|01/05/1943|3070|VA003432
SUSAN|BAKER|susan.baker67@icloud.com|+19348649141|1493 Oak Ave|Springfield|wy|18939-3768|1954-08-12|6375|VA003433
CHARLES|WHITE|charles.white37@hotmail.com|455.831.3042|6885 Park Blvd|Dayton|RI|75231|17-Feb-1940|2877|VA003434
MICHAEL|HILL||(226) 801-3400|7369 River Dr|Salem|Ohi.|19066|07-28-1964|7364|VA003435
MARK|ALLEN|mark.allen88@gmail.com|4395621816|4603 Sunset Blvd|Richmond|WI|73178-9928|06/17/2004|5734|VA003436
JOHN|HILL|john.hill20@outlook.com|231-357-6812|5939 Maple Dr|Manchester|ne|97702|1976-08-25|2165|VA003437
NANCY|THOMAS|nancy.thomas55@outlook.com|+15536111068|202 Jefferson Dr|Marion|MT|22640|20-Sep-1942|6320|VA003438
RICHARD|WILSON|richard.wilson94@aol.com|563.217.8419|5432 Lincoln Ave|Franklin|MA|21457-2103|12-05-1970|4250|VA003439
SANDRA|THOMPSON|sandra.thompson19@hotmail.com|(469) 851-9599|826 Lake Rd|Burlington|NJ|55257|06/01/1995|6385|VA003440
ANTHONY|KING|anthony.king97@aol.com|4367788989|9302 Valley Ln|Marion|ar|73215|2003-08-25|6071|VA003441
BETTY|BROWN|betty.brown71@yahoo.com|935-650-2981|7681 Maple Dr|Franklin|NJ|38189-6738|16-Oct-1957|8256|VA003442
CHARLES|ANDERSON|charles.anderson28@outlook.com|+13899468683|6669 Jefferson Dr|Fairview|Pen.|15094|01-07-2001|1426|VA003443
JENNIFER|ANDERSON|jennifer.anderson2@icloud.com|324.547.4583|4436 River Dr|Clinton|UT|16390|05/29/1952|8092|VA003444
MATTHEW|HILL|matthew.hill88@aol.com|(555) 448-3526|3154 Park Blvd|Richmond|ct|52798-7590|1951-07-23|9487|VA003445
CHRISTOPHER|ANDERSON|christopher.anderson85@aol.com|4934675456|3432 Lincoln Ave|Richmond|New York|27607|17-Feb-1950|4250|VA003446
JESSICA|HALL|jessica.hall92@outlook.com|637-574-8500|1037 Maple Dr|Clinton|VA|42223|04-16-1988|7657|VA003447
MICHAEL|JONES|michael.jones31@gmail.com|+18146136236|2293 Washington St|Springfield|TN|75191-1105|07/09/1966|5250|VA003448
JAMES|NGUYEN|james.nguyen91@yahoo.com|795.837.7899|7618 Maple Dr|Richmond|wv|42614|1980-09-10|5219|VA003449
PATRICIA|BROWN|patricia.brown21@icloud.com|(421) 659-1201|4749 Lincoln Ave|Burlington|AL|15023|13-Jan-1993|4566|VA003450
ASHLEY|JOHNSON|ashley.johnson70@gmail.com|5967922104|9363 Lincoln Ave|Madison|Ohi.|61501-3308|01-13-1983|1640|VA003451
BETTY|BROWN|betty.brown21@outlook.com|805-522-2197|4754 Sunset Blvd|Arlington|SD|41736|05/08/1977|3657|VA003452
DANIEL|KING|daniel.king39@icloud.com|+19834951516|9664 Jefferson Dr|Madison|ma|81882|1977-10-26|4836|VA003453
BARBARA|TORRES|barbara.torres69@aol.com|693.518.9669|4768 Jefferson Dr|Fairview|MN|87031-8682|09-Jul-1987|7781|VA003454
JAMES|JOHNSON|james.johnson16@aol.com|(619) 473-7834|2616 Valley Ln|Richmond|Ill.|80365|05-03-1990|3414|VA003455
MATTHEW|DAVIS|matthew.davis44@icloud.com|9022909605|6895 Maple Dr|Burlington|MT|43910|01/05/1982|9025|VA003456
JENNIFER|SCOTT|jennifer.scott94@yahoo.com|958-406-6185|7916 Main St|Burlington|de|86023-5981|1949-02-26|7864|VA003457
JOSEPH|WALKER|joseph.walker33@hotmail.com|+18538441803|1996 Forest Ave|Marion|Michigan|71456|13-Sep-1985|2077|VA003458
DANIEL|MILLER|daniel.miller18@yahoo.com|341.696.5615|7020 Jefferson Dr|Manchester|MA|92189|08-08-1974|1565|VA003459
NANCY|ADAMS|nancy.adams42@aol.com|(809) 983-1637|6517 Lake Rd|Marion|MT|87430-8728|07/28/1984|3180|VA003460
KAREN|BROWN|karen.brown41@aol.com|4209668337|4534 River Dr|Clinton|ca|50889|1967-06-28|8706|VA003461
MARK|JOHNSON|mark.johnson80@icloud.com|409-575-5397|2647 Forest Ave|Arlington|NV|26616|02-Jan-1994|4458|VA003462
SARAH|JOHNSON|sarah.johnson88@outlook.com|+14586995082|588 Lake Rd|Springfield|Ohi.|83898-3904|06-20-1978|5603|VA003463
LINDA|NELSON||723.353.4672|1782 Cedar Ln|Greenville|VT|83208|03/13/1985|7329|VA003464
LINDA|NGUYEN|linda.nguyen17@hotmail.com|(781) 616-8306|1375 Jefferson Dr|Dayton|nc|36667|1952-10-09|7116|VA003465
JENNIFER|BAKER||4437016966|9896 River Dr|Madison|North Carolina|80737-1707|24-Jul-1980|3866|VA003466
DAVID|JOHNSON|david.johnson14@yahoo.com|921-644-3746|3555 Main St|Oxford|NH|60613|06-23-1944|7460|VA003467
CHARLES|JOHNSON|charles.johnson16@icloud.com|+16106689801|9103 Oak Ave|Madison|MD|43280|08/09/1958|8278|VA003468
JOHN|MILLER|john.miller54@icloud.com|400.536.2367|4940 Lake Rd|Greenville|id|77507-7303|1997-04-26|3222|VA003469
DAVID|ALLEN||(970) 943-3488|3954 Cedar Ln|Springfield|SC|48923|28-Mar-1978|4044|VA003470
ROBERT|WILLIAMS|robert.williams52@hotmail.com|2827501500|6464 Lake Rd|Oxford|WY|43730|05-02-1994|6905|VA003471
JAMES|WILLIAMS|james.williams9@outlook.com|691-993-1682|5486 Lake Rd|Richmond|MT|23901-1285|11/30/1955|3090|VA003472
CHARLES|HALL|charles.hall68@gmail.com|+13153907605|6032 Hill Rd|Salem|nc|39940|1948-07-26|3404|VA003473
JENNIFER|HILL|jennifer.hill32@yahoo.com|960.238.7416|1628 Jefferson Dr|Fairview|MD|25752|11-May-1994|3690|VA003474
DANIEL|WILSON|daniel.wilson68@outlook.com|(537) 890-8975|3410 Forest Ave|Madison|WY|46455-5018|09-22-1993|7199|VA003475
BARBARA|WHITE|barbara.white85@gmail.com|9082784642|6250 Hill Rd|Salem|WI|57497|12/18/1982|5509|VA003476
DANIEL|THOMAS|daniel.thomas21@yahoo.com|571-969-4735|1979 Washington St|Oxford|ar|39370|1983-06-21|9634|VA003477
MARK|HILL|mark.hill8@outlook.com|+15363371394|5494 Washington St|Arlington|IA|60408-4450|30-Jul-1979|2960|VA003478
BETTY|HALL|betty.hall34@gmail.com|676.404.6121|8607 Forest Ave|Clinton|WA|45265|09-21-1971|5644|VA003479
THOMAS|WILSON|thomas.wilson62@yahoo.com|(282) 847-8369|9878 Hill Rd|Richmond|GA|54802|12/22/1943|8568|VA003480
SANDRA|SMITH|sandra.smith69@yahoo.com|7366323346|4988 Valley Ln|Dayton|ne|45649-9977|1996-05-20|4008|VA003481
MATTHEW|YOUNG|matthew.young99@outlook.com|399-540-5832|1646 Maple Dr|Fairview|AL|98008|18-May-1982|6828|VA003482
DANIEL|JACKSON|daniel.jackson74@aol.com|+13913948436|3157 Sunset Blvd|Greenville|NH|79359|04-08-1975|1526|VA003483
ROBERT|WALKER|robert.walker39@outlook.com|395.420.9581|6750 Oak Ave|Greenville|UT|37383-3036|01/24/1967|2056|VA003484
MICHAEL|WILSON|michael.wilson75@icloud.com|(491) 913-6225|9586 Maple Dr|Fairview|ma|98363|1950-07-18|7705|VA003485
SUSAN|JOHNSON|susan.johnson89@outlook.com|2847624733|293 Cedar Ln|Richmond|North Carolina|64309|04-Aug-1955|9989|VA003486
ROBERT|WRIGHT|robert.wright73@gmail.com|326-809-1919|3720 Lincoln Ave|Burlington|KY|33583-7926|06-09-1992|6543|VA003487
SANDRA|TAYLOR|sandra.taylor15@outlook.com|+13805856251|4271 Valley Ln|Arlington|TN|60135|04/04/1957|4199|VA003488
KAREN|THOMAS|karen.thomas27@yahoo.com|476.393.8289|28 Park Blvd|Springfield|in|81700|1943-03-06|2059|VA003489
ANTHONY|WILSON|anthony.wilson76@gmail.com|(860) 938-1913|9353 Lincoln Ave|Springfield|SD|52397-4611|22-Jan-1959|1367|VA003490
WILLIAM|BAKER|william.baker30@outlook.com|8209289163|3744 Maple Dr|Greenville|ND|32142|04-07-2001|3630|VA003491
SUSAN|WHITE||320-769-3453|3629 Park Blvd|Franklin|SD|18676|11/21/1947|7691|VA003492
MARK|HARRIS||+15332259245|1400 Park Blvd|Clinton|ks|55566-6798|1988-05-24|1906|VA003493
JOSEPH|ALLEN||722.549.1535|5643 Washington St|Madison|MD|77947|25-Jun-1969|2639|VA003494
KAREN|JOHNSON|karen.johnson73@aol.com|(956) 776-5288|8674 Forest Ave|Springfield|MT|11621|07-20-1966|1220|VA003495
MARGARET|WALKER|margaret.walker88@yahoo.com|2809735570|9236 Cedar Ln|Georgetown|ME|80292-9479|02/09/1990|2177|VA003496
BARBARA|NGUYEN|barbara.nguyen83@icloud.com|844-387-3831|702 Jefferson Dr|Arlington|mo|68110|1995-11-04|5042|VA003497
RICHARD|JACKSON|richard.jackson13@outlook.com|+14834934302|8983 Lincoln Ave|Clinton|IN|35378|28-Nov-1960|8527|VA003498
RICHARD|WILSON|richard.wilson33@hotmail.com|475.590.5627|5125 River Dr|Fairview|RI|31051-3415|05-16-1985|6609|VA003499
JENNIFER|TAYLOR|jennifer.taylor38@outlook.com|(632) 664-6343|4786 Lake Rd|Richmond|TX|36075|12/23/1947|7762|VA003500
ASHLEY|JONES|ashley.jones22@outlook.com|3293073496|1497 Lincoln Ave|Springfield|ca|18481|1944-12-04|8005|VA003501
SARAH|BAKER|sarah.baker92@aol.com|842-830-3496|5215 Oak Ave|Salem|CT|82307-1526|06-Nov-1989|8733|VA003502
JOHN|SCOTT|john.scott88@yahoo.com|+12238753416|5255 River Dr|Clinton|SD|60545|06-10-2003|4928|VA003503
NANCY|ANDERSON|nancy.anderson64@aol.com|787.553.7160|1987 Cedar Ln|Fairview|NH|19743|12/01/1999|9932|VA003504
RICHARD|JOHNSON|richard.johnson36@hotmail.com|(209) 612-6127|6186 Cedar Ln|Richmond|al|32441-4708|2000-03-31|1756|VA003505
NANCY|TAYLOR||3865734347|5034 River Dr|Springfield|NH|19927|03-Apr-1964|7924|VA003506
CHARLES|HILL|charles.hill30@hotmail.com|480-631-7538|4313 Main St|Madison|MD|35467|10-25-1951|4479|VA003507
JENNIFER|MARTIN|jennifer.martin50@aol.com|+17082704858|1095 Valley Ln|Dayton|VT|89330-4888|03/28/1978|2971|VA003508
MATTHEW|JACKSON|matthew.jackson23@yahoo.com|889.613.8949|9916 Oak Ave|Manchester|de|20084|1984-01-31|9334|VA003509
BETTY|SMITH|betty.smith94@yahoo.com|(402) 883-8905|1206 Sunset Blvd|Burlington|Michigan|45296|06-Jul-1973|2950|VA003510
ASHLEY|BAKER|ashley.baker99@icloud.com|8995962652|4717 Park Blvd|Springfield|IA|94264-1694|11-23-1946|4515|VA003511
CHARLES|TAYLOR|charles.taylor74@outlook.com|387-987-4756|7324 Park Blvd|Franklin|VT|21112|07/01/2000|2714|VA003512
NANCY|ALLEN|nancy.allen47@outlook.com|+16669449389|7777 Cedar Ln|Madison|de|97743|2004-03-02|4923|VA003513
JAMES|WRIGHT|james.wright36@aol.com|380.997.6613|6137 Park Blvd|Madison|ID|78627-9483|10-Apr-1975|8547|VA003514
DAVID|JACKSON|david.jackson37@aol.com|(358) 468-4684|9252 Hill Rd|Franklin|WA|61712|02-27-1976|3269|VA003515
SARAH|MARTIN|sarah.martin52@gmail.com|3685881035|6397 Park Blvd|Arlington|NJ|47388|12/13/1977|8973|VA003516
CHRISTOPHER|HARRIS|christopher.harris27@hotmail.com|762-334-5719|7179 Washington St|Salem|de|13783-3363|1996-07-09|4920|VA003517
JESSICA|KING|jessica.king31@hotmail.com|+13636491613|3502 Sunset Blvd|Dayton|HI|10784|05-Dec-1957|7878|VA003518
CHARLES|SMITH|charles.smith16@hotmail.com|786.811.7034|1579 Washington St|Salem|NM|56847|02-06-2002|7347|VA003519
CHARLES|MILLER|charles.miller57@yahoo.com|(535) 786-9955|4272 Hill Rd|Marion|ME|12864-3127|08/07/1952|2114|VA003520
MARY|ALLEN|mary.allen80@yahoo.com|7788996145|2374 Sunset Blvd|Greenville|de|65816|1987-05-21|2691|VA003521
JAMES|MARTIN|james.martin64@icloud.com|754-618-4808|9043 River Dr|Arlington|Pennsylvania|18987|05-Sep-1941|1579|VA003522
JENNIFER|SMITH|jennifer.smith24@outlook.com|+12995472101|7312 Sunset Blvd|Dayton|WI|54273-5196|03-27-1951|1055|VA003523
CHARLES|JOHNSON|charles.johnson91@gmail.com|616.850.9720|40 River Dr|Greenville|HI|86049|02/09/1974|3200|VA003524
NANCY|SMITH|nancy.smith1@outlook.com|(720) 747-4570|6356 Valley Ln|Greenville|ga|35001|1957-09-15|9209|VA003525
SUSAN|GARCIA|susan.garcia56@yahoo.com|8178775086|8013 Forest Ave|Dayton|ND|59977-5241|29-Jun-1982|8240|VA003526
KAREN|YOUNG||764-714-5290|4513 Park Blvd|Clinton|Tex.|41712|08-10-1940|1265|VA003527
SARAH|ALLEN||+15059138447|8083 Jefferson Dr|Dayton|DE|59008|06/10/1995|2683|VA003528
BETTY|WRIGHT|betty.wright72@hotmail.com|387.760.9689|6647 Lake Rd|Manchester|oh|28035-8063|1954-08-23|2108|VA003529
SUSAN|DAVIS|susan.davis22@gmail.com|(754) 800-4850|9435 Washington St|Georgetown|MO|16461|21-Jun-1987|9656|VA003530
JOHN|BAKER|john.baker45@icloud.com|5028416018|749 Maple Dr|Marion|AR|12453|05-28-1941|4917|VA003531
BARBARA|MARTIN|barbara.martin30@gmail.com|458-569-5521|6193 Washington St|Burlington|VT|20969-5719|07/14/1973|8900|VA003532
MARY|HILL|mary.hill74@aol.com|+16675179647|3708 Jefferson Dr|Manchester|in|64068|1975-11-20|2724|VA003533
NANCY|WILSON|nancy.wilson87@aol.com|721.209.7375|3811 Hill Rd|Richmond|IN|67900|24-Apr-1966|9274|VA003534
DAVID|SMITH|david.smith67@aol.com|(525) 770-7727|9025 Washington St|Clinton|MO|29092-3444|10-09-1966|2450|VA003535
ROBERT|SMITH|robert.smith42@hotmail.com|8577365074|854 Oak Ave|Dayton|RI|22659|07/16/2002|7767|VA003536
DANIEL|WILSON|daniel.wilson89@gmail.com|758-284-7363|5394 Park Blvd|Richmond|nv|40844|1973-10-31|9400|VA003537
JOHN|MARTIN|john.martin11@hotmail.com|+16176184167|9642 River Dr|Greenville|NJ|87969-6022|16-May-1972|5446|VA003538
JOSEPH|JACKSON|joseph.jackson5@yahoo.com|731.520.6368|990 Cedar Ln|Marion|LA|98931|05-20-1979|2317|VA003539
KAREN|JOHNSON|karen.johnson14@aol.com|(306) 704-5663|2842 Lake Rd|Franklin|NC|96391|03/26/1978|8639|VA003540
MARK|BROWN|mark.brown31@icloud.com|5877186917|6892 Park Blvd|Franklin|ok|49784-1396|2001-08-06|7285|VA003541
LISA|GARCIA|lisa.garcia89@icloud.com|513-791-4429|7516 Oak Ave|Greenville|Texas|66807|16-Sep-1981|9871|VA003542
MATTHEW|NELSON|matthew.nelson49@yahoo.com|+12616347536|7564 Main St|Springfield|MN|87831|07-03-1994|5602|VA003543
PATRICIA|HARRIS|patricia.harris76@icloud.com|502.992.1249|9173 Park Blvd|Fairview|WV|28925-6850|01/25/1962|8866|VA003544
DAVID|SCOTT|david.scott42@gmail.com|(750) 301-7789|8841 Jefferson Dr|Manchester|wv|44478|1964-11-28|6272|VA003545
CHARLES|GARCIA|charles.garcia75@icloud.com|2525184825|6676 Washington St|Burlington|AK|45002|12-Nov-1968|6436|VA003546
MATTHEW|SMITH|matthew.smith94@icloud.com|279-281-5094|2187 Cedar Ln|Georgetown|AK|32851-1196|02-21-1948|4521|VA003547
RICHARD|JOHNSON|richard.johnson81@gmail.com|+15548034664|8646 Lake Rd|Springfield|PA|80473|05/05/1946|9571|VA003548
DANIEL|HALL|daniel.hall1@aol.com|243.504.2100|5617 Sunset Blvd|Madison|id|50287|1972-11-08|6189|VA003549
NANCY|HILL||(324) 955-4180|9627 Jefferson Dr|Oxford|MS|57647-2661|14-Jul-1952|7780|VA003550
MATTHEW|HARRIS||9279659293|3734 Lincoln Ave|Georgetown|WI|71305|12-14-1976|6045|VA003551
JESSICA|SCOTT|jessica.scott22@aol.com|586-421-6703|3437 Cedar Ln|Dayton|OR|11883|03/20/1973|6960|VA003552
LINDA|YOUNG|linda.young86@icloud.com|+16956814367|6605 Washington St|Madison|ga|25246-9496|1979-09-04|9952|VA003553
NANCY|JOHNSON|nancy.johnson89@hotmail.com|790.598.7409|8539 Valley Ln|Oxford|VA|32448|14-Feb-1961|6934|VA003554
MARGARET|WHITE|margaret.white1@yahoo.com|(651) 441-4056|2104 River Dr|Arlington|SC|89805|09-19-1951|8377|VA003555
MARY|DAVIS|mary.davis68@outlook.com|6803982144|4159 Main St|Fairview|CA|29532-6642|07/14/1975|7737|VA003556
MATTHEW|JACKSON|matthew.jackson35@aol.com|245-252-3994|8389 Hill Rd|Dayton|al|74613|1957-09-17|4127|VA003557
SARAH|DAVIS|sarah.davis37@hotmail.com|+16713136099|7327 Maple Dr|Salem|KY|98372|05-Nov-1980|4311|VA003558
PATRICIA|WILLIAMS|patricia.williams38@hotmail.com|656.817.7981|2731 Washington St|Salem|MN|68606-4842|10-19-1943|6776|VA003559
LINDA|NGUYEN|linda.nguyen87@aol.com|(881) 341-5264|4701 Lake Rd|Georgetown|DE|20683|08/24/1976|7898|VA003560
WILLIAM|ALLEN|william.allen17@hotmail.com|4289381867|5192 Lincoln Ave|Marion|wv|22257|1957-01-27|6324|VA003561
DAVID|TAYLOR|david.taylor16@icloud.com|221-561-2345|41 River Dr|Georgetown|NE|94936-1048|05-May-1986|9838|VA003562
DAVID|WALKER|david.walker2@aol.com|+16978329463|6034 Sunset Blvd|Arlington|UT|16649|01-27-1954|2175|VA003563
JENNIFER|JONES||902.756.8332|1721 Park Blvd|Franklin|DE|96437|09/29/1950|4795|VA003564
MARK|WALKER|mark.walker64@hotmail.com|(292) 653-7222|9494 Cedar Ln|Burlington|me|36755-2513|1994-09-02|4277|VA003565
LINDA|TORRES|linda.torres67@hotmail.com|9058728034|1442 Sunset Blvd|Springfield|ND|63479|02-May-1955|4005|VA003566
WILLIAM|HARRIS|william.harris99@yahoo.com|721-618-2028|826 Washington St|Dayton|OK|68725|08-31-1974|8236|VA003567
MARY|GARCIA|mary.garcia24@outlook.com|+15957084566|1730 River Dr|Salem|OH|93529-5237|02/04/1971|1458|VA003568
RICHARD|JACKSON|richard.jackson8@hotmail.com|471.382.8218|1138 Forest Ave|Arlington|il|89993|1975-03-23|3923|VA003569
SANDRA|HARRIS|sandra.harris57@hotmail.com|(253) 672-8361|8204 Oak Ave|Richmond|CO|26141|04-Oct-1942|8617|VA003570
CHRISTOPHER|ANDERSON|christopher.anderson49@aol.com|9526799603|7902 River Dr|Burlington|OR|71795-9382|07-19-1971|1159|VA003571
WILLIAM|SMITH|william.smith98@yahoo.com|876-665-6454|7591 Oak Ave|Springfield|NM|37225|07/01/1963|4021|VA003572
BARBARA|WHITE|barbara.white49@yahoo.com|+17939249234|4544 Sunset Blvd|Springfield|ms|51396|1958-11-02|8968|VA003573
WILLIAM|YOUNG|william.young19@hotmail.com|737.705.9284|2923 River Dr|Clinton|WI|75401-6525|20-Mar-1968|3853|VA003574
JAMES|TAYLOR|james.taylor98@yahoo.com|(976) 845-2374|2367 Park Blvd|Manchester|MT|55699|11-14-1955|3599|VA003575
SUSAN|TAYLOR|susan.taylor55@icloud.com|3412603118|6222 Cedar Ln|Arlington|WY|59791|05/22/1994|6507|VA003576
THOMAS|BROWN|thomas.brown96@hotmail.com|456-882-5687|4589 Washington St|Madison|tx|55940-9108|1999-02-16|3340|VA003577
NANCY|YOUNG|nancy.young72@icloud.com|+19047521285|4923 Valley Ln|Salem|AZ|44698|10-Dec-1976|5526|VA003578
SANDRA|HILL|sandra.hill47@outlook.com|856.940.2488|2921 Oak Ave|Fairview|NJ|48939|04-18-1985|5554|VA003579
WILLIAM|JONES|william.jones28@outlook.com|(495) 660-3892|8173 Jefferson Dr|Oxford|IA|85862-1545|09/27/1955|3357|VA003580
ANTHONY|WALKER|anthony.walker81@icloud.com|5129358336|8039 Cedar Ln|Greenville|ks|74497|1954-01-30|5189|VA003581
LINDA|THOMPSON|linda.thompson16@gmail.com|520-863-6552|7820 River Dr|Oxford|LA|23061|21-Apr-2000|7072|VA003582
DANIEL|YOUNG|daniel.young23@icloud.com|+19098823514|2642 Cedar Ln|Franklin|AZ|51500-4536|07-18-1991|3072|VA003583
DANIEL|TORRES|daniel.torres55@yahoo.com|632.946.4451|9333 Washington St|Oxford|MO|59250|09/07/1942|5328|VA003584
BETTY|ALLEN|betty.allen96@aol.com|(262) 900-9236|8145 Forest Ave|Burlington|al|95041|1977-04-17|2985|VA003585
LINDA|THOMAS|linda.thomas59@aol.com|8598576232|8170 River Dr|Salem|WY|20225-3555|31-Aug-1974|4693|VA003586
MARGARET|WHITE|margaret.white46@icloud.com|718-353-4967|4760 Washington St|Madison|Mic.|42003|02-17-1987|6464|VA003587
ASHLEY|TORRES|ashley.torres65@outlook.com|+18604316854|1345 Hill Rd|Arlington|WV|99385|10/09/2002|7656|VA003588
BARBARA|GARCIA|barbara.garcia18@outlook.com|522.738.9920|9035 Oak Ave|Richmond|co|79869-8554|1968-06-24|3732|VA003589
BETTY|YOUNG|betty.young73@outlook.com|(804) 854-4872|9969 Lincoln Ave|Arlington|WI|81614|19-Dec-1998|2264|VA003590
MATTHEW|WRIGHT||5956321111|9966 Main St|Fairview|KS|31623|01-12-1996|6232|VA003591
ANTHONY|SMITH|anthony.smith98@yahoo.com|707-804-7947|4438 Sunset Blvd|Springfield|ME|84135-1233|03/02/1983|1698|VA003592
DAVID|THOMPSON|david.thompson84@hotmail.com|+19173145182|8744 Cedar Ln|Franklin|ar|39960|1948-03-01|3772|VA003593
DAVID|JONES||938.939.2444|4408 Sunset Blvd|Dayton|WA|39853|28-Jun-1971|2561|VA003594
MATTHEW|THOMAS|matthew.thomas6@aol.com|(836) 921-8155|9559 Sunset Blvd|Oxford|MA|74546-1139|01-29-1982|7193|VA003595
SUSAN|JACKSON|susan.jackson16@outlook.com|4988749570|1839 Valley Ln|Clinton|RI|27093|07/31/1983|1463|VA003596
MICHAEL|YOUNG|michael.young56@icloud.com|807-624-5633|4890 Forest Ave|Marion|me|84952|1943-12-28|9414|VA003597
JOSEPH|ADAMS|joseph.adams30@aol.com|+14638001031|4308 Jefferson Dr|Clinton|MA|23224-6709|07-Jun-1965|5932|VA003598
DANIEL|NGUYEN|daniel.nguyen28@hotmail.com|381.673.7755|7709 Washington St|Madison|DE|30333|08-10-2002|4486|VA003599
NANCY|JACKSON|nancy.jackson5@outlook.com|(520) 938-1069|7650 Maple Dr|Arlington|SC|89883|06/07/2003|1335|VA003600
LISA|HARRIS|lisa.harris97@gmail.com|3094878329|7578 River Dr|Dayton|nv|77666-2403|1966-02-25|6606|VA003601
MATTHEW|JONES|matthew.jones9@hotmail.com|522-435-4421|3305 Park Blvd|Greenville|NV|45530|25-Nov-1960|4559|VA003602
LISA|ALLEN|lisa.allen40@aol.com|+13635409805|8300 Forest Ave|Burlington|UT|98788|09-05-1941|2921|VA003603
LISA|SMITH|lisa.smith81@aol.com|289.604.8702|3058 Valley Ln|Richmond|CO|88740-3813|10/22/1961|1160|VA003604
MARK|BAKER|mark.baker10@icloud.com|(546) 302-4390|3627 Sunset Blvd|Greenville|ak|87552|1975-07-05|8260|VA003605
WILLIAM|BROWN||7714823944|8563 Lincoln Ave|Salem|WI|71738|23-Sep-1961|9862|VA003606
RICHARD|WILSON|richard.wilson41@aol.com|424-230-5602|960 Lincoln Ave|Salem|ND|56849-9191|05-23-1992|4813|VA003607
WILLIAM|WHITE|william.white51@icloud.com|+19546783685|5223 Lake Rd|Manchester|SC|74718|02/21/1947|4598|VA003608
MARY|JACKSON|mary.jackson51@outlook.com|983.727.2313|1522 Oak Ave|Salem|az|12740|2003-02-23|2665|VA003609
ANTHONY|ADAMS|anthony.adams63@aol.com|(646) 662-4925|3242 Jefferson Dr|Manchester|MA|74217-1709|23-May-1964|1930|VA003610
DANIEL|ALLEN|daniel.allen1@gmail.com|7676449217|7375 Maple Dr|Clinton|KY|26187|11-26-1993|5267|VA003611
JOSEPH|MARTIN|joseph.martin35@hotmail.com|736-230-7513|3968 Sunset Blvd|Greenville|KY|46524|05/13/1989|7539|VA003612
LISA|JACKSON|lisa.jackson79@icloud.com|+19919581445|1339 Main St|Arlington|nh|90236-4674|1960-10-01|3981|VA003613
MARGARET|MARTIN||656.791.4130|2096 Main St|Burlington|AK|27233|12-Mar-1965|3545|VA003614
JESSICA|YOUNG|jessica.young20@icloud.com|(620) 732-5664|3405 Jefferson Dr|Arlington|MN|92864|07-01-1958|5485|VA003615
PATRICIA|WHITE|patricia.white24@aol.com|2148912342|6224 Maple Dr|Franklin|NM|41476-3590|08/04/2004|1278|VA003616
JOHN|SMITH|john.smith64@yahoo.com|685-333-7218|966 Forest Ave|Burlington|hi|10533|1948-07-23|5487|VA003617
ASHLEY|WHITE|ashley.white41@gmail.com|+16013996483|1341 Valley Ln|Manchester|AK|39573|11-Nov-2001|7943|VA003618
JOSEPH|SMITH|joseph.smith16@icloud.com|616.388.4834|6286 Lake Rd|Richmond|OR|53735-4703|02-25-1978|8571|VA003619
THOMAS|ANDERSON|thomas.anderson24@hotmail.com|(760) 210-1138|1114 Main St|Clinton|CT|78847|04/27/1949|8306|VA003620
MICHAEL|NELSON||9769007929|4422 Park Blvd|Dayton|id|20956|1952-09-18|2134|VA003621
JOHN|SCOTT|john.scott91@gmail.com|948-666-9110|8862 Cedar Ln|Fairview|WY|65937-9074|25-Mar-1987|4032|VA003622
SUSAN|ALLEN||+17944044871|7641 Washington St|Fairview|LA|37223|05-15-1964|5744|VA003623
MICHAEL|JONES|michael.jones3@icloud.com|962.324.2996|9432 Cedar Ln|Manchester|PA|20462|12/07/1940|5073|VA003624
DAVID|DAVIS|david.davis97@hotmail.com|(362) 447-9796|6946 Forest Ave|Manchester|az|68744-2253|1982-07-13|7305|VA003625
PATRICIA|MILLER||7169041484|6920 Washington St|Clinton|WV|64397|14-Sep-1966|1919|VA003626
JAMES|ADAMS|james.adams92@hotmail.com|383-964-2933|5170 Main St|Georgetown|WV|19008|05-06-1985|1008|VA003627
BETTY|TAYLOR||+17299887143|8427 Lincoln Ave|Marion|NH|73806-7722|12/07/1943|5856|VA003628
JOHN|HARRIS|john.harris84@gmail.com|564.469.1066|471 Hill Rd|Greenville|wa|87648|1954-10-17|2202|VA003629
SARAH|WHITE|sarah.white46@hotmail.com|(617) 309-5293|1618 Oak Ave|Dayton|WY|85851|31-Oct-1998|2789|VA003630
SARAH|WALKER|sarah.walker41@hotmail.com|5837755842|8058 Oak Ave|Fairview|KS|60951-4000|11-29-1949|4642|VA003631
LISA|ADAMS|lisa.adams24@yahoo.com|236-407-5903|8335 Valley Ln|Oxford|WI|93428|07/06/1945|6318|VA003632
JAMES|MILLER|james.miller86@gmail.com|+12705714333|5308 Lincoln Ave|Fairview|la|64116|1976-11-18|1491|VA003633
MARGARET|YOUNG|margaret.young38@yahoo.com|505.738.3504|2338 Hill Rd|Arlington|AL|76785-7306|09-Oct-1969|8338|VA003634
LINDA|WALKER|linda.walker91@hotmail.com|(525) 533-2702|2774 Cedar Ln|Greenville|MA|88381|11-23-1947|4098|VA003635
SUSAN|HARRIS|susan.harris20@hotmail.com|4246312769|2085 Forest Ave|Clinton|PA|75611|08/03/1980|7466|VA003636
SANDRA|SMITH|sandra.smith8@outlook.com|253-678-9108|8116 Forest Ave|Clinton|wa|56324-2128|1986-03-09|3041|VA003637
SUSAN|WALKER|susan.walker10@yahoo.com|+14312348955|7587 Sunset Blvd|Greenville|VT|67007|04-Feb-2001|9993|VA003638
ANTHONY|ANDERSON|anthony.anderson59@gmail.com|794.927.2963|420 Washington St|Greenville|Flo.|10607|12-20-1960|3961|VA003639
MATTHEW|WRIGHT|matthew.wright15@aol.com|(989) 963-2462|1900 Oak Ave|Clinton|MT|23697-6188|08/14/1951|3960|VA003640
WILLIAM|NELSON|william.nelson38@outlook.com|9966148047|1469 Park Blvd|Greenville|mi|79535|1969-10-09|8950|VA003641
ROBERT|KING|robert.king60@yahoo.com|948-369-5048|8631 Lake Rd|Springfield|MN|40015|09-May-1945|6917|VA003642
ASHLEY|JONES|ashley.jones7@yahoo.com|+19618639115|6086 Lincoln Ave|Georgetown|LA|81360-4549|09-09-1999|8381|VA003643
PATRICIA|TORRES|patricia.torres52@icloud.com|366.732.2042|6922 Main St|Dayton|MA|52630|06/22/1960|8109|VA003644
BARBARA|NGUYEN||(208) 280-9983|3010 Lincoln Ave|Madison|mt|93708|1956-05-06|7264|VA003645
JOHN|BAKER|john.baker58@icloud.com|4523075891|5954 Forest Ave|Greenville|NV|95230-7312|18-Dec-1972|5941|VA003646
SARAH|TORRES|sarah.torres48@aol.com|931-310-8409|3672 Valley Ln|Springfield|MT|40423|02-10-1980|7059|VA003647
RICHARD|YOUNG||+12889047040|9994 Jefferson Dr|Georgetown|NE|38995|05/27/1944|1530|VA003648
DAVID|ANDERSON|david.anderson60@gmail.com|393.614.5617|9441 Jefferson Dr|Clinton|nm|43916-2554|2002-08-15|6955|VA003649
WILLIAM|WILLIAMS||(822) 740-2537|6176 Washington St|Dayton|HI|98816|07-Dec-1946|8735|VA003650
RICHARD|WALKER||6938389376|6934 Jefferson Dr|Madison|AR|18743|10-12-1971|9034|VA003651
CHRISTOPHER|NGUYEN|christopher.nguyen93@aol.com|520-508-7985|8829 Cedar Ln|Salem|MN|25851-8660|03/30/1969|4771|VA003652
LISA|HILL|lisa.hill71@gmail.com|+17967984976|7747 Lake Rd|Richmond|tx|81037|1986-08-11|6433|VA003653
BETTY|SMITH|betty.smith66@aol.com|519.320.5006|6519 Lincoln Ave|Marion|CT|91638|21-Aug-1943|4932|VA003654
KAREN|WILLIAMS|karen.williams83@outlook.com|(684) 319-9106|5682 Forest Ave|Burlington|NV|12727-2929|06-22-1954|5718|VA003655
BETTY|WHITE||2238348692|3497 Lincoln Ave|Fairview|ID|18600|11/23/1980|5441|VA003656
MARGARET|MARTIN||388-264-8637|8056 Oak Ave|Madison|tx|23787|1940-06-04|8546|VA003657
ROBERT|JOHNSON|robert.johnson2@outlook.com|+17334807569|4147 Main St|Manchester|DE|53522-9662|03-Sep-1979|8356|VA003658
SUSAN|ANDERSON|susan.anderson98@icloud.com|267.334.2245|2786 Hill Rd|Clinton|Tex.|86292|12-20-1988|3515|VA003659
CHARLES|ANDERSON|charles.anderson49@gmail.com|(900) 799-3323|3864 Hill Rd|Georgetown|MN|35202|03/03/1956|9859|VA003660
ANTHONY|ADAMS|anthony.adams24@hotmail.com|9624242943|4819 Cedar Ln|Georgetown|nv|11850-5592|1961-07-17|5130|VA003661
JENNIFER|MARTIN|jennifer.martin80@gmail.com|312-213-8639|4998 River Dr|Georgetown|Michigan|15298|29-May-1976|7053|VA003662
JAMES|JACKSON|james.jackson48@outlook.com|+19037914260|324 Washington St|Springfield|WA|93081|07-27-1994|1632|VA003663
WILLIAM|MARTIN||604.204.5689|2041 Forest Ave|Clinton|ND|48062-9504|08/07/1949|6458|VA003664
RICHARD|ANDERSON|richard.anderson69@hotmail.com|(480) 391-7948|2280 Sunset Blvd|Franklin|mi|46281|1962-03-11|6485|VA003665
ROBERT|WHITE|robert.white96@hotmail.com|7428674042|1471 Washington St|Manchester|Texas|74614|08-Dec-1984|5323|VA003666
THOMAS|SMITH|thomas.smith13@gmail.com|847-373-8748|7113 Lake Rd|Georgetown|RI|58915-4063|05-11-1983|4119|VA003667
MATTHEW|THOMAS|matthew.thomas19@icloud.com|+13903019200|1864 Cedar Ln|Salem|GA|93677|11/25/1962|7153|VA003668
CHARLES|MARTIN|charles.martin13@hotmail.com|696.451.5261|1419 Jefferson Dr|Georgetown|pa|21070|1941-12-05|7186|VA003669
JOHN|NGUYEN|john.nguyen6@gmail.com|(640) 684-8352|2588 River Dr|Salem|DE|58557-1073|09-Nov-1977|2413|VA003670
JOHN|SCOTT|john.scott22@hotmail.com|7472306644|588 Lincoln Ave|Salem|MT|28331|08-28-1976|2775|VA003671
DAVID|HALL|david.hall14@gmail.com|682-253-4019|2561 Forest Ave|Oxford|LA|52255|03/08/1953|4165|VA003672
JOSEPH|TAYLOR|joseph.taylor75@gmail.com|+12158118353|1662 Washington St|Burlington|ok|92060-7649|1964-05-12|7312|VA003673
ASHLEY|MARTIN|ashley.martin17@yahoo.com|579.270.9189|1662 Cedar Ln|Manchester|Ohio|66038|26-Mar-1971|8601|VA003674
MICHAEL|WRIGHT|michael.wright8@hotmail.com|(234) 820-4479|218 Washington St|Richmond|MT|71947|07-05-1959|1349|VA003675
RICHARD|KING|richard.king79@hotmail.com|6913799308|1207 Sunset Blvd|Fairview|HI|64282-6434|04/12/1969|9444|VA003676
WILLIAM|NGUYEN|william.nguyen81@yahoo.com|279-926-5197|901 Sunset Blvd|Burlington|me|71977|1989-12-21|2413|VA003677
MARK|ADAMS|mark.adams38@aol.com|+17118564344|7921 Maple Dr|Greenville|NJ|72064|23-Oct-1997|1698|VA003678
JESSICA|ANDERSON||779.326.1510|3273 River Dr|Manchester|Ohi.|80637-8990|05-27-1940|9257|VA003679
THOMAS|WRIGHT|thomas.wright29@outlook.com|(813) 256-1125|3350 Park Blvd|Fairview|WY|27987|12/03/1962|5742|VA003680
BARBARA|WRIGHT|barbara.wright31@hotmail.com|3148189041|8437 Lincoln Ave|Arlington|wy|83633|1948-10-19|7805|VA003681
SARAH|WHITE|sarah.white27@icloud.com|830-528-8167|8456 Lake Rd|Arlington|California|45713-2654|15-May-1998|3201|VA003682
JESSICA|ALLEN|jessica.allen62@icloud.com|+18298071686|8051 Main St|Salem|MA|56071|10-14-1942|5190|VA003683
DANIEL|TORRES||736.877.4928|7144 Jefferson Dr|Marion|ME|95394|04/21/1957|8370|VA003684
JAMES|DAVIS||(243) 619-9694|2412 Maple Dr|Springfield|nh|55201-9712|1985-11-12|5856|VA003685
NANCY|HALL|nancy.hall19@aol.com|3919071768|5705 Lake Rd|Burlington|MT|46802|25-May-1950|1084|VA003686
PATRICIA|HILL|patricia.hill47@yahoo.com|432-448-5532|9514 Forest Ave|Greenville|SC|66640|03-13-1995|8657|VA003687
LINDA|ADAMS|linda.adams27@yahoo.com|+14868967801|34 Maple Dr|Dayton|WV|59199-6544|08/31/1958|5024|VA003688
MARK|TAYLOR|mark.taylor36@aol.com|348.360.5366|6762 Lincoln Ave|Richmond|ok|91911|1981-12-31|7570|VA003689
LINDA|MARTIN|linda.martin4@yahoo.com|(399) 327-9681|3568 River Dr|Franklin|California|36350|01-Jul-1961|9538|VA003690
MARY|MARTIN|mary.martin26@icloud.com|3732759131|5729 Main St|Fairview|NE|21293-3572|08-22-1991|3938|VA003691
NANCY|KING|nancy.king75@hotmail.com|827-254-6628|8766 Lincoln Ave|Springfield|NM|69511|12/28/1985|8687|VA003692
WILLIAM|SMITH|william.smith69@yahoo.com|+15537415132|7740 Oak Ave|Marion|hi|30130|2003-09-14|9016|VA003693
MARY|ALLEN|mary.allen43@hotmail.com|279.799.3065|4742 Oak Ave|Georgetown|Florida|77354-7813|03-Oct-1978|4881|VA003694
WILLIAM|NELSON|william.nelson8@icloud.com|(633) 320-2482|2519 Oak Ave|Manchester|NJ|11187|04-13-1964|4493|VA003695
ANTHONY|THOMAS|anthony.thomas19@gmail.com|2815779994|7318 Oak Ave|Arlington|OK|46811|07/23/1968|3562|VA003696
KAREN|NELSON|karen.nelson90@icloud.com|947-915-1102|4701 Lake Rd|Salem|wa|84348-7969|1981-08-05|3243|VA003697
MARK|BAKER|mark.baker86@hotmail.com|+17809309323|6536 Main St|Dayton|MT|76422|01-Dec-1990|4341|VA003698
MICHAEL|SMITH|michael.smith67@hotmail.com|443.862.4579|9585 Oak Ave|Madison|CO|85917|04-16-2003|2903|VA003699
LINDA|HALL|linda.hall90@gmail.com|(782) 654-2342|6600 Main St|Springfield|IN|38801-1291|08/31/1995|6465|VA003700
RICHARD|KING|richard.king71@aol.com|8786286798|8424 Cedar Ln|Dayton|wv|45083|1985-06-15|4248|VA003701
MARK|JACKSON|mark.jackson61@hotmail.com|229-905-6416|3441 River Dr|Greenville|MA|21981|05-Apr-1998|3536|VA003702
KAREN|KING|karen.king32@hotmail.com|+12489995620|337 Cedar Ln|Manchester|IA|76356-7547|08-02-1977|2790|VA003703
CHARLES|SCOTT|charles.scott39@yahoo.com|631.633.3983|4574 River Dr|Dayton|TX|42505|02/04/1967|2198|VA003704
BARBARA|NGUYEN||(257) 394-6121|8750 Hill Rd|Burlington|wv|54051|1940-04-05|8351|VA003705
JOSEPH|JONES|joseph.jones59@gmail.com|2658455029|5333 Sunset Blvd|Clinton|Pennsylvania|46313-7725|08-Aug-1983|2102|VA003706
SUSAN|NGUYEN|susan.nguyen34@icloud.com|497-566-5465|2754 Oak Ave|Springfield|VA|49280|08-13-1954|1273|VA003707
CHRISTOPHER|DAVIS|christopher.davis94@icloud.com|+19123293719|3803 Park Blvd|Franklin|SD|63497|09/14/1994|3911|VA003708
WILLIAM|HARRIS|william.harris53@hotmail.com|909.961.8693|1937 River Dr|Madison|ak|30502-6663|1954-02-26|7470|VA003709
DAVID|WRIGHT|david.wright71@outlook.com|(615) 326-5578|1749 Washington St|Dayton|UT|43120|11-Nov-1965|5720|VA003710
CHARLES|NGUYEN|charles.nguyen23@yahoo.com|8307837425|7761 Lincoln Ave|Greenville|KY|44069|10-12-1975|1184|VA003711
SANDRA|WALKER|sandra.walker56@hotmail.com|919-261-3907|7945 Lake Rd|Marion|NV|16766-2439|04/21/1962|5902|VA003712
NANCY|WRIGHT||+14832226084|8102 Lincoln Ave|Franklin|de|32778|1966-06-21|7595|VA003713
MARK|HARRIS|mark.harris47@gmail.com|607.269.9514|2094 River Dr|Springfield|DE|70499|24-Apr-1975|3268|VA003714
BETTY|THOMAS||(744) 855-9686|7864 Lincoln Ave|Salem|MN|14981-6481|08-03-1990|3141|VA003715
JOHN|JONES|john.jones76@aol.com|5788908430|6216 Lake Rd|Salem|ID|76672|10/26/2004|5576|VA003716
LISA|MILLER|lisa.miller64@aol.com|688-354-7144|1721 Valley Ln|Richmond|nv|86042|1983-06-09|2204|VA003717
CHRISTOPHER|JONES|christopher.jones48@gmail.com|+17572521217|9221 Lincoln Ave|Fairview|Pennsylvania|13492-4289|13-Jun-1966|1081|VA003718
RICHARD|HILL|richard.hill66@outlook.com|330.295.2987|4374 Washington St|Salem|ME|55877|04-16-2003|2696|VA003719
ROBERT|WILLIAMS|robert.williams42@outlook.com|(236) 751-4204|2970 Maple Dr|Arlington|PA|76842|12/21/1966|9595|VA003720
KAREN|DAVIS|karen.davis7@outlook.com|6073075243|5902 Jefferson Dr|Salem|ne|41417-8316|1951-10-31|1367|VA003721
ANTHONY|ANDERSON|anthony.anderson90@icloud.com|572-781-4708|5890 Oak Ave|Springfield|WY|52678|05-Jan-1984|4166|VA003722
SANDRA|YOUNG||+19816343786|2725 Cedar Ln|Richmond|VA|87374|12-06-1981|7200|VA003723
JOHN|JACKSON|john.jackson76@hotmail.com|478.517.4035|9192 Cedar Ln|Oxford|MO|37942-8073|07/29/1955|5457|VA003724
SUSAN|ANDERSON|susan.anderson72@outlook.com|(574) 412-1303|2451 Valley Ln|Clinton|co|45635|2004-07-22|1935|VA003725
MARK|MILLER|mark.miller67@yahoo.com|8942084581|9605 River Dr|Clinton|VT|35999|18-Jun-1967|6543|VA003726
CHARLES|WILLIAMS|charles.williams94@yahoo.com|701-997-3141|9626 Jefferson Dr|Oxford|AL|31957-1258|04-09-1968|2423|VA003727
ASHLEY|NGUYEN|ashley.nguyen77@yahoo.com|+15189462770|120 Main St|Manchester|OR|63703|03/10/1994|1577|VA003728
KAREN|TAYLOR|karen.taylor74@aol.com|842.821.7690|3248 Oak Ave|Oxford|nv|39421|1945-03-30|6693|VA003729
MARY|ANDERSON|mary.anderson88@yahoo.com|(823) 898-1334|6340 Lincoln Ave|Arlington|KY|84596-1224|23-Dec-1942|8971|VA003730
KAREN|JACKSON|karen.jackson79@hotmail.com|7882963266|5304 Forest Ave|Fairview|MD|90837|07-03-1985|3662|VA003731
JENNIFER|JACKSON||969-345-5027|5470 Park Blvd|Dayton|NM|30154|02/11/1955|5202|VA003732
SANDRA|BROWN|sandra.brown35@gmail.com|+12264012602|6491 Park Blvd|Springfield|wa|10993-2794|1993-08-21|2069|VA003733
WILLIAM|NGUYEN|william.nguyen21@yahoo.com|433.742.5707|4990 Park Blvd|Clinton|California|21949|24-Apr-1981|6192|VA003734
MARGARET|YOUNG|margaret.young13@aol.com|(925) 687-9771|5137 Oak Ave|Manchester|RI|39861|08-08-2004|6707|VA003735
CHRISTOPHER|ALLEN|christopher.allen8@hotmail.com|2558868031|4686 Hill Rd|Manchester|NH|20043-5295|12/28/1940|3342|VA003736
LISA|MILLER|lisa.miller16@aol.com|224-988-5431|6416 River Dr|Burlington|ar|30051|1985-06-18|8707|VA003737
BARBARA|ADAMS|barbara.adams38@aol.com|+15885974797|8585 Hill Rd|Marion|California|51821|28-May-1940|4342|VA003738
MARK|JONES|mark.jones66@aol.com|885.306.1826|7174 Lincoln Ave|Salem|WI|24539-3757|07-01-1949|2669|VA003739
ANTHONY|JONES|anthony.jones70@hotmail.com|(679) 490-3609|1475 Lake Rd|Manchester|RI|27526|01/22/1941|2686|VA003740
MARK|WHITE|mark.white74@outlook.com|2112147199|6537 Jefferson Dr|Manchester|nc|99251|1986-12-21|2037|VA003741
JOHN|MARTIN|john.martin34@hotmail.com|838-909-7512|1316 Jefferson Dr|Georgetown|UT|79942-8951|03-Feb-1974|6188|VA003742
MARY|SCOTT|mary.scott50@gmail.com|+17787376479|5331 Hill Rd|Springfield|DE|99067|11-27-1952|9730|VA003743
SANDRA|THOMAS|sandra.thomas95@gmail.com|483.599.6342|6046 Hill Rd|Greenville|NE|64234|03/25/1954|5493|VA003744
MARY|ADAMS|mary.adams46@icloud.com|(260) 865-1909|7263 Hill Rd|Clinton|nh|68518-7107|1969-11-13|6473|VA003745
MICHAEL|JOHNSON|michael.johnson26@gmail.com|6976741290|458 Sunset Blvd|Franklin|Florida|21659|30-Apr-1972|4196|VA003746
KAREN|SCOTT|karen.scott31@aol.com|426-252-9082|8592 Lake Rd|Greenville|SC|94288|11-13-1942|6907|VA003747
PATRICIA|JOHNSON|patricia.johnson16@outlook.com|+15057861085|7425 Lake Rd|Fairview|WV|86230-9376|09/28/1990|9737|VA003748
JOHN|WALKER|john.walker19@gmail.com|457.903.4644|7424 Sunset Blvd|Salem|sc|67455|1978-10-16|7636|VA003749
NANCY|TAYLOR|nancy.taylor32@yahoo.com|(986) 445-7275|8816 Lincoln Ave|Dayton|HI|76006|11-Mar-1971|1145|VA003750
KAREN|BAKER|karen.baker4@icloud.com|6276694525|2927 Hill Rd|Oxford|Cal.|98816-7164|11-28-1957|7380|VA003751
JOHN|JACKSON|john.jackson15@outlook.com|318-982-7366|9948 Maple Dr|Clinton|SD|27237|12/19/1957|2170|VA003752
WILLIAM|JONES|william.jones45@aol.com|+13395795636|2310 Lincoln Ave|Springfield|ia|91515|1945-10-16|4406|VA003753
ASHLEY|NELSON|ashley.nelson59@gmail.com|638.407.3161|4946 Maple Dr|Richmond|LA|22234-4958|22-Sep-1998|6905|VA003754
MATTHEW|YOUNG|matthew.young78@outlook.com|(694) 525-5322|8096 Maple Dr|Burlington|Ohi.|25844|11-28-1968|8380|VA003755
CHARLES|JACKSON||2764834159|6752 Valley Ln|Salem|KY|55408|10/20/1980|9573|VA003756
MICHAEL|HARRIS|michael.harris29@aol.com|330-702-5726|9558 Jefferson Dr|Springfield|in|38100-8418|1950-07-18|3624|VA003757
DAVID|ADAMS||+14512122057|8619 Lake Rd|Springfield|NH|93532|31-Jul-1983|4088|VA003758
ROBERT|ADAMS|robert.adams76@gmail.com|271.327.7570|9434 Forest Ave|Georgetown|IA|18080|06-06-1966|4791|VA003759
WILLIAM|NGUYEN||(341) 617-2872|9952 Valley Ln|Marion|RI|10728-2503|03/23/1970|3375|VA003760
ASHLEY|NGUYEN|ashley.nguyen61@outlook.com|4667418230|8378 Park Blvd|Oxford|nv|30937|1954-10-10|5565|VA003761
LINDA|ANDERSON|linda.anderson11@outlook.com|620-555-9850|1463 Hill Rd|Madison|NJ|14876|23-Feb-1984|2193|VA003762
MICHAEL|WHITE|michael.white88@outlook.com|+19668605454|2420 Sunset Blvd|Fairview|NM|96775-3608|07-26-1966|1651|VA003763
MARK|GARCIA|mark.garcia14@outlook.com|620.757.3305|2411 Main St|Clinton|OH|27426|02/07/1991|5173|VA003764
ASHLEY|TAYLOR|ashley.taylor61@gmail.com|(790) 839-2248|7150 Sunset Blvd|Salem|il|46906|2002-08-25|3427|VA003765
MARY|SMITH|mary.smith15@hotmail.com|2677461130|5657 Washington St|Fairview|NJ|27766-6747|30-Nov-1942|7081|VA003766
MICHAEL|SMITH|michael.smith44@hotmail.com|783-556-4048|2559 Cedar Ln|Arlington|Pen.|92207|12-29-1960|2730|VA003767
BETTY|NGUYEN|betty.nguyen68@hotmail.com|+15329268955|8104 Lincoln Ave|Springfield|OR|31219|07/13/1991|2896|VA003768
ROBERT|HARRIS||626.550.8511|9039 Washington St|Franklin|sc|37318-7002|2000-02-12|3779|VA003769
LISA|MARTIN|lisa.martin67@yahoo.com|(894) 976-7720|8798 Forest Ave|Salem|MO|80601|19-Sep-1992|3388|VA003770
CHARLES|HARRIS||4635961554|1713 Cedar Ln|Georgetown|IA|49572|06-14-2003|7117|VA003771
SANDRA|WILSON|sandra.wilson43@aol.com|205-712-9942|167 Sunset Blvd|Springfield|ID|32312-2382|01/05/1952|1879|VA003772
MARGARET|GARCIA|margaret.garcia85@hotmail.com|+19784804511|6959 Maple Dr|Springfield|ms|78945|1989-02-10|1542|VA003773
JAMES|NGUYEN|james.nguyen39@hotmail.com|702.973.4372|8653 Maple Dr|Oxford|CT|82637|31-May-1958|3307|VA003774
MATTHEW|ADAMS|matthew.adams45@outlook.com|(681) 337-2464|1054 Valley Ln|Dayton|Mic.|19943-5162|10-05-1947|1124|VA003775
DANIEL|YOUNG|daniel.young68@hotmail.com|9317601878|5371 Valley Ln|Springfield|PA|40355|05/26/1960|5988|VA003776
JAMES|WILLIAMS|james.williams23@yahoo.com|379-735-2467|2646 Valley Ln|Dayton|or|78573|1940-10-26|4848|VA003777
KAREN|WALKER||+13897791648|2031 Forest Ave|Clinton|SC|83051-5679|08-Jun-1957|1109|VA003778
CHARLES|SMITH|charles.smith5@hotmail.com|270.993.2061|5292 Washington St|Madison|Ohi.|76115|12-10-1942|6178|VA003779
LINDA|SMITH|linda.smith17@icloud.com|(899) 893-2340|9652 River Dr|Salem|SD|41814|07/05/1996|8911|VA003780
MARY|WILSON|mary.wilson28@gmail.com|8828816552|8971 Lincoln Ave|Franklin|nc|25504-6968|1972-04-29|9413|VA003781
JOSEPH|BAKER||268-892-8885|7350 Main St|Greenville|Michigan|36518|26-Nov-1988|4920|VA003782
JAMES|JACKSON|james.jackson23@hotmail.com|+14193915505|4586 Forest Ave|Arlington|Geo.|14541|02-04-1995|5026|VA003783
LISA|ALLEN|lisa.allen69@outlook.com|721.821.2282|9826 Washington St|Georgetown|AL|73137-1331|06/06/2002|8153|VA003784
MARGARET|WILLIAMS|margaret.williams50@icloud.com|(665) 216-2091|9280 Hill Rd|Salem|oh|37425|1971-05-20|1327|VA003785
SUSAN|ADAMS|susan.adams72@yahoo.com|4795278941|5148 Valley Ln|Arlington|Ohio|36222|09-Dec-1997|4083|VA003786
LINDA|WRIGHT|linda.wright57@aol.com|484-417-6842|1551 Sunset Blvd|Arlington|OR|30037-6364|01-05-1943|6339|VA003787
MARY|JOHNSON|mary.johnson40@hotmail.com|+14052785562|2288 Maple Dr|Arlington|IN|60286|05/04/1969|4905|VA003788
WILLIAM|THOMPSON|william.thompson28@gmail.com|590.537.8363|8185 Cedar Ln|Arlington|nj|15012|1967-03-09|4232|VA003789
SARAH|HILL|sarah.hill86@gmail.com|(466) 698-5852|7480 Oak Ave|Manchester|Texas|27113-2100|14-Oct-1967|9930|VA003790
JOSEPH|DAVIS|joseph.davis79@yahoo.com|2437803471|6057 Maple Dr|Richmond|IN|89001|05-06-1944|7151|VA003791
DAVID|WILSON|david.wilson94@aol.com|403-513-5523|7739 Hill Rd|Burlington|RI|71831|11/19/1950|3965|VA003792
JAMES|HILL|james.hill89@icloud.com|+13324926700|1395 Jefferson Dr|Salem|co|87654-2004|1966-09-01|5503|VA003793
JAMES|BROWN|james.brown92@aol.com|476.261.1404|8348 Cedar Ln|Dayton|ND|58662|02-Mar-1942|8345|VA003794
SARAH|TORRES|sarah.torres63@icloud.com|(805) 882-3835|632 Washington St|Georgetown|VA|13352|03-30-1953|2219|VA003795
DANIEL|ALLEN||8397746572|4075 Washington St|Salem|VA|67683-2844|06/22/1991|9227|VA003796
JOSEPH|THOMPSON|joseph.thompson5@icloud.com|275-714-5561|9735 Valley Ln|Arlington|nc|75777|1976-05-14|2756|VA003797
JAMES|ANDERSON|james.anderson61@icloud.com|+12076878821|4467 Lake Rd|Burlington|LA|48832|31-Jan-1983|1929|VA003798
WILLIAM|MARTIN|william.martin5@yahoo.com|989.835.4244|9656 Lake Rd|Madison|SD|87229-5820|11-26-1989|4977|VA003799
BETTY|WILLIAMS|betty.williams47@aol.com|(807) 311-8405|8255 Cedar Ln|Oxford|AZ|96363|10/12/1986|5941|VA003800
RICHARD|WILSON||7213989258|4953 Oak Ave|Clinton|nj|41789|1965-12-04|8509|VA003801
PATRICIA|JACKSON|patricia.jackson15@aol.com|496-382-3606|6572 Hill Rd|Clinton|MN|38541-1084|07-Jul-1977|5569|VA003802
SUSAN|TORRES|susan.torres85@gmail.com|+13128045656|4258 Forest Ave|Richmond|SD|34672|12-07-1942|7542|VA003803
WILLIAM|SMITH|william.smith76@hotmail.com|336.542.2338|7752 Park Blvd|Fairview|HI|17034|02/14/1966|8681|VA003804
JESSICA|MARTIN|jessica.martin40@hotmail.com|(723) 561-2940|4789 Main St|Madison|ma|15179-1762|1948-07-31|4610|VA003805
JAMES|ANDERSON||2557135808|5233 Cedar Ln|Arlington|NJ|64876|05-Oct-1969|6787|VA003806
WILLIAM|TAYLOR||927-383-6513|1159 Forest Ave|Fairview|WI|77715|11-22-1997|5552|VA003807
CHRISTOPHER|YOUNG|christopher.young15@yahoo.com|+12686679810|6309 Lincoln Ave|Oxford|DE|68692-5549|04/14/1993|9537|VA003808
MARY|WILLIAMS|mary.williams4@outlook.com|202.922.1381|9659 Forest Ave|Madison|vt|52077|1986-04-30|8253|VA003809
CHRISTOPHER|WILSON|christopher.wilson9@gmail.com|(683) 384-3724|9192 Cedar Ln|Manchester|WV|68444|03-Apr-1969|2960|VA003810
MARGARET|TORRES|margaret.torres27@gmail.com|7798871519|1927 Park Blvd|Salem|NJ|35457-5254|04-15-1983|8560|VA003811
JAMES|HILL|james.hill82@outlook.com|267-612-8131|2099 Cedar Ln|Fairview|HI|79587|03/15/1953|9493|VA003812
JAMES|JONES|james.jones1@hotmail.com|+14072881394|198 Forest Ave|Salem|ct|97723|1989-12-29|3849|VA003813
JAMES|HILL|james.hill70@gmail.com|886.608.8822|5070 Oak Ave|Franklin|KS|94948-5627|29-Nov-1951|6127|VA003814
ASHLEY|HARRIS||(266) 438-3402|9050 Jefferson Dr|Greenville|SD|38161|06-24-1993|3136|VA003815
BARBARA|JOHNSON||2774353085|2580 Main St|Burlington|SD|59293|05/22/1948|9991|VA003816
SARAH|JOHNSON|sarah.johnson43@hotmail.com|202-813-7275|4802 Washington St|Burlington|fl|36233-2755|1953-06-18|7146|VA003817
PATRICIA|BROWN|patricia.brown53@yahoo.com|+14476703713|2844 Cedar Ln|Madison|CT|10415|03-Jun-1961|6054|VA003818
CHARLES|HARRIS|charles.harris28@gmail.com|896.936.2924|5940 Washington St|Richmond|ME|52253|09-30-1945|7898|VA003819
ROBERT|WILLIAMS|robert.williams41@aol.com|(895) 756-1781|5407 River Dr|Springfield|ID|34103-4905|06/20/1953|5408|VA003820
KAREN|JOHNSON|karen.johnson97@yahoo.com|5414816811|6586 Hill Rd|Greenville|nj|56284|1957-03-21|9049|VA003821
DANIEL|BROWN||819-333-7159|9275 Lincoln Ave|Greenville|DE|34151|23-Sep-1962|5826|VA003822
WILLIAM|HALL|william.hall94@gmail.com|+13247887322|7354 Lake Rd|Oxford|MA|77395-9114|05-20-1966|2530|VA003823
SUSAN|WALKER|susan.walker42@yahoo.com|793.542.3698|5660 Lake Rd|Springfield|NJ|55251|02/22/1967|3909|VA003824
PATRICIA|MILLER|patricia.miller22@gmail.com|(229) 261-1391|8340 Maple Dr|Springfield|ny|46209|1996-12-20|5879|VA003825
ASHLEY|YOUNG|ashley.young46@gmail.com|3347803502|2238 Valley Ln|Manchester|OR|89842-7342|16-Feb-1983|4870|VA003826
KAREN|JACKSON|karen.jackson83@outlook.com|252-791-8030|2112 Sunset Blvd|Clinton|WA|32769|03-01-1976|6212|VA003827
KAREN|TORRES|karen.torres62@aol.com|+18328024865|9490 Oak Ave|Clinton|CA|14832|10/20/1993|5642|VA003828
BETTY|HILL||543.526.8251|2042 Lincoln Ave|Clinton|wi|12942-8480|1997-08-24|9001|VA003829
JENNIFER|SCOTT|jennifer.scott87@icloud.com|(276) 945-5096|8883 Lake Rd|Marion|Michigan|95050|19-Oct-1956|2209|VA003830
MARGARET|JACKSON|margaret.jackson25@aol.com|5903128286|7915 Cedar Ln|Clinton|ME|41287|12-09-1982|4073|VA003831
MARK|BAKER|mark.baker56@yahoo.com|589-836-2919|4719 Maple Dr|Burlington|HI|94598-5439|03/13/1992|3381|VA003832
DANIEL|SCOTT|daniel.scott57@aol.com|+15586914225|380 Maple Dr|Burlington|va|37525|1999-04-26|5766|VA003833
CHARLES|MARTIN|charles.martin2@outlook.com|831.803.2551|4658 Valley Ln|Fairview|New York|24086|09-Nov-1993|2527|VA003834
SANDRA|HALL|sandra.hall27@icloud.com|(613) 413-1650|3230 Washington St|Richmond|SC|26461-4024|11-01-1985|6650|VA003835
JAMES|HILL|james.hill89@hotmail.com|6975306765|3149 Maple Dr|Madison|DE|36405|10/08/1977|1664|VA003836
ASHLEY|MILLER||578-642-8612|7568 Jefferson Dr|Manchester|ma|34330|1950-05-02|7731|VA003837
JOHN|ANDERSON|john.anderson83@yahoo.com|+13038839944|215 Valley Ln|Arlington|NE|19154-5089|03-Jan-1954|6086|VA003838
KAREN|MILLER||840.836.4060|5910 Main St|Burlington|VA|87403|04-22-1985|1584|VA003839
JAMES|WRIGHT|james.wright8@yahoo.com|(765) 863-9845|1643 Washington St|Oxford|IN|68269|10/18/2004|8026|VA003840
JOHN|HARRIS|john.harris11@icloud.com|4375354374|8511 Sunset Blvd|Oxford|ri|17372-9660|1990-12-05|7372|VA003841
KAREN|WILLIAMS|karen.williams17@aol.com|980-414-1886|6898 Forest Ave|Oxford|KY|37174|01-Aug-1995|3922|VA003842
JAMES|WILLIAMS|james.williams5@gmail.com|+17634911749|7793 Lake Rd|Arlington|ND|77080|06-07-1954|3135|VA003843
BARBARA|WILSON|barbara.wilson87@yahoo.com|788.551.3454|6374 Maple Dr|Salem|NH|69541-1342|12/31/1991|8737|VA003844
RICHARD|WALKER|richard.walker54@hotmail.com|(377) 621-8845|7296 Forest Ave|Georgetown|in|29264|1945-06-08|3310|VA003845
LISA|GARCIA|lisa.garcia40@hotmail.com|8474782841|1747 River Dr|Manchester|NE|92959|18-Dec-1997|5219|VA003846
MICHAEL|NGUYEN|michael.nguyen37@gmail.com|492-410-3413|3288 Lake Rd|Fairview|MS|56222-5155|09-18-1996|8252|VA003847
THOMAS|WRIGHT|thomas.wright30@outlook.com|+17126434854|6871 Sunset Blvd|Richmond|MD|97694|12/25/1967|6069|VA003848
SARAH|WHITE|sarah.white82@aol.com|642.292.1037|253 Sunset Blvd|Richmond|nj|58177|1959-06-26|3527|VA003849
ROBERT|WHITE|robert.white8@icloud.com|(257) 705-7985|3467 Cedar Ln|Burlington|AK|33682-9260|17-Mar-1954|6717|VA003850
SARAH|THOMPSON||4409388287|9711 Valley Ln|Georgetown|NE|36050|09-21-2000|6336|VA003851
THOMAS|KING|thomas.king5@aol.com|311-662-8485|695 Cedar Ln|Marion|OH|61853|07/10/1943|7347|VA003852
WILLIAM|KING|william.king86@outlook.com|+16293655431|6054 Lake Rd|Dayton|id|47465-1660|1967-06-09|5555|VA003853
WILLIAM|NELSON||725.465.7666|1948 Cedar Ln|Manchester|North Carolina|54810|03-Mar-1959|4651|VA003854
KAREN|DAVIS|karen.davis5@icloud.com|(607) 974-6326|4262 Main St|Greenville|MN|90711|12-21-1994|6325|VA003855
DAVID|DAVIS|david.davis5@aol.com|7395818414|5620 Lincoln Ave|Arlington|NH|57979-2185|09/30/1947|2451|VA003856
BARBARA|DAVIS|barbara.davis48@gmail.com|224-230-7033|6578 Washington St|Arlington|wv|79905|1990-12-22|2140|VA003857
ANTHONY|BAKER||+12495046010|1051 Hill Rd|Richmond|MN|92873|09-Jan-1945|1158|VA003858
LINDA|BAKER|linda.baker23@hotmail.com|857.579.4450|919 Oak Ave|Arlington|ID|40255-7769|03-09-1992|5232|VA003859
JOHN|NGUYEN|john.nguyen10@outlook.com|(844) 234-6853|1472 Forest Ave|Burlington|KS|96168|12/07/1954|9818|VA003860
PATRICIA|WALKER|patricia.walker52@outlook.com|3847141732|2331 Sunset Blvd|Franklin|in|64676|1971-10-26|3289|VA003861
CHARLES|WILLIAMS|charles.williams26@gmail.com|629-698-1229|8210 Main St|Georgetown|MT|83030-7299|24-Jan-1973|7843|VA003862
LINDA|HILL||+17075917475|804 Maple Dr|Salem|CT|62041|04-30-1990|3950|VA003863
JOSEPH|KING|joseph.king78@gmail.com|955.737.8527|5369 Forest Ave|Salem|NY|93682|08/31/1981|5902|VA003864
SUSAN|DAVIS|susan.davis33@yahoo.com|(234) 224-2506|932 Valley Ln|Dayton|in|88562-7987|1997-03-30|2995|VA003865
BETTY|ADAMS|betty.adams2@yahoo.com|3765547584|6953 Main St|Fairview|MD|54084|19-Jun-1995|8644|VA003866
RICHARD|ADAMS|richard.adams45@outlook.com|410-395-2783|7537 Maple Dr|Burlington|Pen.|87153|07-28-1996|5924|VA003867
KAREN|HALL|karen.hall88@aol.com|+12857224453|5251 Main St|Salem|KS|91580-6389|11/20/1984|5970|VA003868
MARGARET|HILL|margaret.hill66@hotmail.com|335.574.2927|725 Washington St|Marion|co|66721|1970-06-16|9244|VA003869
SUSAN|ALLEN|susan.allen39@icloud.com|(829) 898-7599|9793 Park Blvd|Arlington|Florida|85782|08-Oct-1958|9335|VA003870
WILLIAM|TAYLOR|william.taylor18@outlook.com|9235459359|5527 Washington St|Arlington|Tex.|46649-3736|07-25-1988|6562|VA003871
MARY|HILL|mary.hill42@icloud.com|794-864-6103|6970 Forest Ave|Georgetown|PA|92226|10/31/1986|8811|VA003872
MARY|HARRIS|mary.harris15@outlook.com|+12233593192|7982 Sunset Blvd|Georgetown|ak|42702|1979-03-25|1463|VA003873
DANIEL|WRIGHT|daniel.wright75@icloud.com|845.661.4470|5910 Park Blvd|Manchester|ME|27237-9000|17-Feb-1972|3962|VA003874
LINDA|ADAMS|linda.adams13@icloud.com|(758) 571-4530|5666 Hill Rd|Madison|WA|95880|07-29-1944|5992|VA003875
THOMAS|WILLIAMS|thomas.williams30@gmail.com|3803093851|9704 Lincoln Ave|Franklin|OH|30832|03/23/1957|7669|VA003876
WILLIAM|THOMPSON|william.thompson95@hotmail.com|439-260-6465|3495 Park Blvd|Arlington|ky|93125-7622|1982-12-14|6515|VA003877
LINDA|KING|linda.king2@yahoo.com|+14827982960|6485 Lincoln Ave|Fairview|AL|15504|17-Feb-1992|8786|VA003878
JAMES|GARCIA|james.garcia62@yahoo.com|976.582.3773|3989 Main St|Dayton|AK|92445|09-02-1950|6620|VA003879
LINDA|NELSON|linda.nelson50@icloud.com|(444) 550-4643|1510 Valley Ln|Springfield|RI|51289-3233|07/14/1974|6311|VA003880
JAMES|YOUNG|james.young99@icloud.com|8923805960|4659 Cedar Ln|Georgetown|va|53222|2002-09-07|9213|VA003881
DANIEL|ALLEN||622-536-4578|8200 Jefferson Dr|Springfield|MN|55929|27-Aug-1987|4524|VA003882
CHRISTOPHER|SMITH|christopher.smith30@aol.com|+13872601889|139 Sunset Blvd|Springfield|IN|87017-5664|01-23-1941|2462|VA003883
JAMES|SMITH|james.smith94@outlook.com|825.402.2686|5526 Valley Ln|Manchester|NM|31534|06/28/1943|8475|VA003884
DAVID|NELSON|david.nelson64@aol.com|(844) 792-7511|3737 Maple Dr|Richmond|ar|65917|1981-01-04|8847|VA003885
DAVID|THOMAS|david.thomas90@hotmail.com|8516319195|402 Washington St|Burlington|OK|45197-6374|26-Jan-1978|1217|VA003886
DAVID|MARTIN|david.martin35@yahoo.com|500-475-1515|4145 Jefferson Dr|Burlington|Ohi.|83733|09-08-1942|3921|VA003887
SANDRA|JACKSON|sandra.jackson13@aol.com|+15027222161|7350 Forest Ave|Arlington|KY|53623|07/02/1968|9644|VA003888
RICHARD|THOMPSON|richard.thompson9@yahoo.com|685.937.8266|555 Oak Ave|Arlington|tn|75505-1598|1991-12-02|9895|VA003889
PATRICIA|WALKER|patricia.walker76@gmail.com|(488) 313-4044|6522 Hill Rd|Springfield|SD|77669|02-Mar-1958|5320|VA003890
RICHARD|ADAMS|richard.adams50@outlook.com|3882215612|4102 Maple Dr|Arlington|AR|66445|07-11-1944|4155|VA003891
DANIEL|WILSON||328-559-2148|3887 Park Blvd|Georgetown|NJ|86257-2086|09/07/1973|5560|VA003892
DANIEL|MARTIN|daniel.martin82@yahoo.com|+12067474425|6725 Oak Ave|Richmond|wa|59478|2003-01-17|4027|VA003893
JAMES|HALL|james.hall58@gmail.com|316.449.1144|3264 Forest Ave|Clinton|AL|45436|13-Feb-1993|2777|VA003894
ANTHONY|HILL|anthony.hill55@gmail.com|(527) 683-5043|9041 Lake Rd|Georgetown|WV|24570-2618|04-10-1952|9945|VA003895
WILLIAM|TAYLOR|william.taylor85@yahoo.com|6243684474|8798 Maple Dr|Marion|MI|99725|01/03/1944|1574|VA003896
DAVID|DAVIS|david.davis15@yahoo.com|675-526-2860|5695 Washington St|Clinton|va|26784|1983-05-26|9014|VA003897
JOHN|WALKER|john.walker37@yahoo.com|+19808736272|7314 Lake Rd|Dayton|Georgia|96192-9978|06-May-1995|3111|VA003898
JESSICA|WHITE|jessica.white38@aol.com|344.586.9753|9298 Valley Ln|Oxford|MT|30880|11-05-1974|8522|VA003899
LINDA|WILLIAMS|linda.williams99@gmail.com|(578) 803-9404|7993 Maple Dr|Madison|MT|32926|02/10/1967|3362|VA003900
ROBERT|WHITE|robert.white20@yahoo.com|7135519517|1809 Hill Rd|Fairview|ok|94646-2283|1965-02-28|5496|VA003901
ASHLEY|HARRIS|ashley.harris45@outlook.com|887-805-8144|5009 Oak Ave|Franklin|IN|55568|20-May-1941|8337|VA003902
MARK|ALLEN|mark.allen31@hotmail.com|+15705489215|27 Valley Ln|Oxford|WI|62190|12-06-1946|4769|VA003903
MICHAEL|ANDERSON|michael.anderson87@outlook.com|685.236.3224|7889 Maple Dr|Dayton|NJ|80381-2108|01/23/1970|8577|VA003904
KAREN|WALKER|karen.walker52@gmail.com|(537) 859-6700|1589 Sunset Blvd|Oxford|mi|83784|1990-03-05|9458|VA003905
BETTY|TAYLOR|betty.taylor62@gmail.com|8962959389|1405 Cedar Ln|Arlington|Florida|96291|05-May-1940|8429|VA003906
ANTHONY|SMITH|anthony.smith98@aol.com|933-833-4562|7915 Hill Rd|Madison|Ohi.|62719-6538|03-19-1968|3658|VA003907
WILLIAM|SCOTT|william.scott80@hotmail.com|+16976025221|1916 Maple Dr|Georgetown|KS|73846|03/06/1954|8028|VA003908
LINDA|ANDERSON|linda.anderson85@aol.com|762.698.6142|6617 Lincoln Ave|Marion|nv|66707|1997-02-08|4027|VA003909
KAREN|DAVIS|karen.davis24@yahoo.com|(674) 933-3037|1353 Cedar Ln|Dayton|CO|75599-8427|02-Jul-1944|1980|VA003910
ROBERT|MARTIN|robert.martin20@gmail.com|6087832687|9572 Lake Rd|Manchester|New.|56565|11-23-1990|5988|VA003911
CHARLES|WHITE|charles.white72@outlook.com|399-845-2467|2680 Lincoln Ave|Manchester|KY|17341|03/05/1980|1413|VA003912
DAVID|DAVIS|david.davis56@hotmail.com|+19497599725|9302 Sunset Blvd|Clinton|tx|64126-4142|2002-06-18|3494|VA003913
RICHARD|DAVIS|richard.davis42@icloud.com|503.281.9566|471 Maple Dr|Dayton|OK|99215|08-Nov-1986|3883|VA003914
MARY|HARRIS|mary.harris56@hotmail.com|(857) 751-3163|5060 Hill Rd|Burlington|NJ|60523|02-08-1989|6672|VA003915
MARGARET|BROWN||4445616836|1859 Sunset Blvd|Manchester|ME|70624-1817|01/05/1993|2123|VA003916
SARAH|WILLIAMS|sarah.williams83@gmail.com|939-406-3363|4853 Lincoln Ave|Springfield|ne|29632|1946-06-07|5669|VA003917
RICHARD|THOMAS|richard.thomas11@aol.com|+18215609816|7500 Sunset Blvd|Oxford|AR|20721|16-Apr-1958|4221|VA003918
SANDRA|JACKSON|sandra.jackson30@icloud.com|498.879.2941|9425 Oak Ave|Salem|Tex.|91936-4549|11-11-1957|6236|VA003919
PATRICIA|SCOTT|patricia.scott62@outlook.com|(859) 917-9876|2522 Forest Ave|Arlington|WI|99720|03/26/1995|9021|VA003920
CHRISTOPHER|ANDERSON|christopher.anderson87@aol.com|9946083666|6352 Maple Dr|Franklin|nd|23238|2001-03-08|8084|VA003921
DANIEL|MARTIN|daniel.martin24@hotmail.com|999-644-1202|4934 Oak Ave|Fairview|KY|78837-7227|28-Jun-1955|1800|VA003922
SARAH|WILSON||+19973193356|5958 Lake Rd|Fairview|DE|69382|01-16-1970|6344|VA003923
THOMAS|MILLER|thomas.miller1@hotmail.com|362.665.9254|3883 Cedar Ln|Marion|PA|66538|09/18/1982|9213|VA003924
ASHLEY|ANDERSON|ashley.anderson80@yahoo.com|(708) 631-7490|3707 Lincoln Ave|Dayton|ne|62844-6567|1954-12-23|9263|VA003925
JAMES|GARCIA|james.garcia31@hotmail.com|9706473101|5485 Cedar Ln|Marion|LA|47634|04-Oct-1959|8099|VA003926
JOSEPH|JACKSON|joseph.jackson46@yahoo.com|638-698-4934|6030 Sunset Blvd|Manchester|MN|79099|04-27-1993|7676|VA003927
ASHLEY|TORRES|ashley.torres71@yahoo.com|+17848626914|7527 Oak Ave|Clinton|MD|62757-1375|12/26/1999|9677|VA003928
NANCY|NGUYEN||479.357.8219|5867 Maple Dr|Fairview|va|14514|2000-07-23|9721|VA003929
MATTHEW|HALL|matthew.hall97@icloud.com|(655) 956-3580|7972 Oak Ave|Marion|WV|49068|03-Aug-1971|3550|VA003930
MICHAEL|WILSON|michael.wilson82@gmail.com|3262568616|4751 Valley Ln|Dayton|AR|29274-2047|09-14-1997|7103|VA003931
DANIEL|THOMPSON|daniel.thompson21@hotmail.com|338-913-8220|8724 Washington St|Franklin|WV|14473|02/24/1988|5035|VA003932
JAMES|GARCIA||+12893021534|6772 Jefferson Dr|Manchester|nc|83987|1946-12-03|6303|VA003933
MARGARET|THOMPSON|margaret.thompson8@yahoo.com|492.298.8082|2479 Sunset Blvd|Franklin|Illinois|12095-7213|01-May-1974|4546|VA003934
ASHLEY|NGUYEN|ashley.nguyen92@hotmail.com|(907) 999-7036|5482 Forest Ave|Oxford|LA|59640|03-07-1962|3817|VA003935
BETTY|DAVIS|betty.davis45@hotmail.com|3796977940|6281 Valley Ln|Salem|PA|37308|08/15/1985|1785|VA003936
MICHAEL|JONES|michael.jones5@outlook.com|555-313-7707|5567 Maple Dr|Georgetown|ar|48345-2187|1968-06-29|4959|VA003937
THOMAS|NGUYEN|thomas.nguyen49@yahoo.com|+16188007793|1303 River Dr|Burlington|Illinois|60967|06-Dec-1979|8782|VA003938
JESSICA|WALKER|jessica.walker97@gmail.com|763.924.9356|7463 Lake Rd|Manchester|LA|77423|12-08-1940|3319|VA003939
JAMES|WILSON|james.wilson6@aol.com|(401) 268-9286|7014 Valley Ln|Burlington|RI|67913-9704|12/11/1984|4237|VA003940
JENNIFER|THOMPSON|jennifer.thompson30@aol.com|5795384945|286 Washington St|Arlington|nv|96217|1974-05-06|6190|VA003941
SANDRA|DAVIS|sandra.davis94@hotmail.com|221-557-4657|5081 Valley Ln|Madison|WI|18962|22-Apr-1995|8707|VA003942
DAVID|WALKER|david.walker70@icloud.com|+14475998841|9587 Maple Dr|Arlington|AR|81376-4794|11-23-1995|5822|VA003943
CHARLES|THOMAS|charles.thomas72@hotmail.com|993.702.6383|9356 Lake Rd|Manchester|ND|26569|07/02/1986|2821|VA003944
THOMAS|WALKER|thomas.walker50@gmail.com|(676) 305-7974|5689 River Dr|Dayton|va|70499|1974-11-28|8015|VA003945
RICHARD|MARTIN|richard.martin95@aol.com|2903611987|6811 Cedar Ln|Madison|SC|88108-1102|25-Aug-1942|5907|VA003946
KAREN|DAVIS|karen.davis85@gmail.com|223-573-2884|716 Oak Ave|Georgetown|CO|94097|10-21-1948|1824|VA003947
SANDRA|KING|sandra.king84@gmail.com|+13616882257|6548 Valley Ln|Springfield|OH|75512|03/12/1945|4754|VA003948
MARY|HARRIS||801.331.6923|7920 Lake Rd|Franklin|ct|70009-2893|1946-12-14|5138|VA003949
NANCY|MARTIN|nancy.martin49@yahoo.com|(271) 287-2284|7823 Oak Ave|Richmond|Georgia|13266|25-Sep-1966|9618|VA003950
SUSAN|JONES|susan.jones39@gmail.com|4144516347|5040 Forest Ave|Oxford|KY|17420|08-31-2003|7150|VA003951
SANDRA|WILLIAMS|sandra.williams32@aol.com|244-804-4852|3360 Maple Dr|Richmond|ME|15845-3244|03/05/1971|1609|VA003952
JOHN|WALKER||+14895419780|2861 Valley Ln|Salem|ak|94327|1988-05-04|3763|VA003953
MARK|GARCIA|mark.garcia88@outlook.com|558.732.7541|6987 Forest Ave|Clinton|North Carolina|68458|30-Dec-1995|8982|VA003954
CHRISTOPHER|THOMPSON|christopher.thompson70@aol.com|(205) 668-8258|5544 Park Blvd|Franklin|ND|72410-3856|10-30-1940|1575|VA003955
DANIEL|JACKSON|daniel.jackson4@icloud.com|6673891078|3548 Maple Dr|Arlington|WA|46599|08/07/1986|4166|VA003956
JAMES|ADAMS|james.adams31@hotmail.com|364-956-6187|8436 Park Blvd|Richmond|or|76222|1944-12-18|4356|VA003957
DAVID|WILSON|david.wilson34@hotmail.com|+12822333803|7640 Lake Rd|Georgetown|MT|38165-7273|28-Jul-2000|8407|VA003958
WILLIAM|WILSON|william.wilson22@icloud.com|478.882.9116|3577 Hill Rd|Clinton|UT|40906|08-11-1949|6949|VA003959
NANCY|YOUNG|nancy.young6@icloud.com|(853) 864-3196|7376 Jefferson Dr|Greenville|SC|22263|01/25/1980|2667|VA003960
CHARLES|THOMAS||6317996563|9133 Park Blvd|Dayton|ms|89204-1370|1973-05-14|5269|VA003961
DANIEL|HILL|daniel.hill21@gmail.com|864-859-5471|133 Hill Rd|Richmond|Florida|89966|01-Feb-1972|5664|VA003962
BARBARA|TORRES|barbara.torres94@gmail.com|+16139989187|243 Oak Ave|Franklin|WI|78351|08-16-1975|5860|VA003963
PATRICIA|ADAMS|patricia.adams78@hotmail.com|528.828.2626|9511 Hill Rd|Manchester|MA|84185-8511|05/26/1982|1957|VA003964
CHARLES|THOMAS|charles.thomas95@gmail.com|(208) 826-4450|7298 Washington St|Salem|tx|28556|1981-01-13|7958|VA003965
JOHN|MARTIN|john.martin77@gmail.com|7985544605|9100 Main St|Marion|TN|81358|18-Sep-1966|3935|VA003966
CHRISTOPHER|TORRES|christopher.torres2@outlook.com|842-607-3954|5967 Jefferson Dr|Salem|IN|21328-5779|08-19-1974|7073|VA003967
CHRISTOPHER|ANDERSON|christopher.anderson36@hotmail.com|+15215968623|5650 Sunset Blvd|Oxford|NC|99337|09/01/1945|7613|VA003968
PATRICIA|ANDERSON|patricia.anderson73@yahoo.com|344.943.1043|9540 Park Blvd|Manchester|sc|17047|1983-09-05|7634|VA003969
MARK|WALKER|mark.walker44@aol.com|(640) 562-4839|1321 Park Blvd|Dayton|IN|45452-6883|25-Dec-1955|3940|VA003970
JAMES|ANDERSON|james.anderson23@gmail.com|8752853750|7667 Sunset Blvd|Greenville|MS|93892|06-21-1989|7522|VA003971
ANTHONY|WILLIAMS|anthony.williams6@hotmail.com|330-835-3893|5297 Hill Rd|Burlington|WI|29475|08/29/1982|7469|VA003972
LINDA|KING|linda.king98@yahoo.com|+19432787358|7701 Hill Rd|Fairview|fl|39127-2288|1998-05-13|4563|VA003973
DANIEL|HILL|daniel.hill48@gmail.com|587.864.6877|5160 Cedar Ln|Greenville|AR|33512|10-Dec-1945|7398|VA003974
SARAH|TAYLOR|sarah.taylor47@aol.com|(711) 281-2618|6758 Forest Ave|Franklin|MD|27047|03-30-1955|8339|VA003975
SANDRA|GARCIA|sandra.garcia7@gmail.com|8053545176|6151 Forest Ave|Georgetown|SC|51243-6342|06/06/1983|7273|VA003976
LINDA|BAKER|linda.baker62@yahoo.com|251-646-4930|4134 Lincoln Ave|Madison|ks|65884|1953-06-05|1698|VA003977
KAREN|TAYLOR|karen.taylor96@outlook.com|+15003948995|2073 River Dr|Franklin|WY|40647|04-Apr-1969|7722|VA003978
JOSEPH|NGUYEN|joseph.nguyen19@outlook.com|840.591.3571|9730 Forest Ave|Manchester|MA|24122-9204|07-16-1964|8470|VA003979
BETTY|HARRIS|betty.harris76@aol.com|(971) 752-9232|3874 Forest Ave|Madison|KS|44606|10/29/1971|1711|VA003980
ANTHONY|KING||8343227427|1991 Main St|Greenville|nc|20751|1949-09-18|2738|VA003981
MICHAEL|MARTIN|michael.martin97@icloud.com|559-230-6573|6378 Lincoln Ave|Manchester|NV|23575-7824|20-Dec-1985|7593|VA003982
JOHN|HILL|john.hill47@icloud.com|+16676931131|1627 Park Blvd|Arlington|CO|25099|02-01-1947|6834|VA003983
KAREN|WALKER|karen.walker42@yahoo.com|346.923.6728|6268 Oak Ave|Manchester|OH|15445|03/05/1997|8756|VA003984
MARY|NGUYEN|mary.nguyen54@outlook.com|(476) 630-3824|1848 Main St|Marion|az|42117-8889|1978-06-26|8648|VA003985
WILLIAM|BROWN||4872547398|3802 Cedar Ln|Franklin|LA|71129|22-May-1975|9141|VA003986
DAVID|ADAMS||829-540-9488|9231 Maple Dr|Franklin|SC|23264|08-14-1996|8775|VA003987
ASHLEY|HALL|ashley.hall48@icloud.com|+16028319083|7257 Sunset Blvd|Salem|AK|88544-3199|08/02/1961|3670|VA003988
LISA|TORRES|lisa.torres95@icloud.com|815.779.4674|1176 Oak Ave|Richmond|la|13160|2001-03-26|4351|VA003989
KAREN|WRIGHT|karen.wright82@icloud.com|(890) 903-2734|7242 River Dr|Franklin|LA|80274|24-Dec-1996|7203|VA003990
CHRISTOPHER|NGUYEN|christopher.nguyen78@hotmail.com|9137873049|6236 Sunset Blvd|Marion|SD|93480-1761|09-17-1977|8926|VA003991
DANIEL|TORRES|daniel.torres26@icloud.com|773-557-9618|6163 Jefferson Dr|Georgetown|TX|41929|10/11/1995|3513|VA003992
DAVID|SMITH|david.smith85@gmail.com|+19897912102|4583 Oak Ave|Arlington|oh|43602|1981-09-05|7579|VA003993
MICHAEL|WILSON|michael.wilson63@hotmail.com|545.648.6922|2609 Maple Dr|Georgetown|AK|24611-7123|10-Jan-1957|6087|VA003994
ROBERT|NELSON|robert.nelson1@yahoo.com|(267) 997-5424|2933 Oak Ave|Manchester|NH|54240|11-23-1950|9199|VA003995
BETTY|THOMAS|betty.thomas86@outlook.com|9794703362|6922 Hill Rd|Madison|WY|30488|10/29/1979|9393|VA003996
MARGARET|BROWN|margaret.brown88@outlook.com|545-442-2364|4112 Jefferson Dr|Manchester|ut|62161-7660|2002-06-04|2822|VA003997
SARAH|YOUNG|sarah.young19@aol.com|+17445768773|3699 River Dr|Madison|NV|74529|07-Oct-1999|8690|VA003998
JESSICA|ALLEN|jessica.allen5@gmail.com|863.251.4697|4571 Park Blvd|Fairview|IN|71843|05-06-1985|7772|VA003999
MARY|JACKSON|mary.jackson84@hotmail.com|(699) 403-1400|8668 Forest Ave|Georgetown|IL|54588-5813|11/10/1987|4338|VA004000
DAVID|THOMAS|david.thomas82@icloud.com|9902324404|6805 Jefferson Dr|Georgetown|in|55727|1978-06-27|6367|VA004001
DAVID|DAVIS|david.davis85@yahoo.com|973-391-4742|8946 Maple Dr|Burlington|OK|76887|17-Jul-1990|4034|VA004002
PATRICIA|GARCIA|patricia.garcia59@hotmail.com|+12617333977|6477 Forest Ave|Manchester|AZ|35574-1901|10-15-1990|1900|VA004003
ASHLEY|HALL|ashley.hall2@gmail.com|847.608.1558|227 Lake Rd|Springfield|AR|92051|08/23/1956|8079|VA004004
PATRICIA|THOMPSON|patricia.thompson32@yahoo.com|(590) 559-5538|2522 Jefferson Dr|Salem|nc|40835|1990-01-12|2283|VA004005
JAMES|WILLIAMS|james.williams80@aol.com|4716126480|8141 Lincoln Ave|Marion|KS|63483-6214|10-Dec-1975|9749|VA004006
CHARLES|ANDERSON|charles.anderson8@icloud.com|227-489-8838|9958 Park Blvd|Franklin|Flo.|95905|03-26-1961|3520|VA004007
DAVID|TAYLOR||+19299675330|2916 Lincoln Ave|Marion|NV|19450|04/24/1982|9799|VA004008
LISA|SMITH||270.316.7898|5248 Oak Ave|Madison|nv|51927-3177|1945-06-03|2636|VA004009
PATRICIA|KING|patricia.king58@gmail.com|(598) 871-7453|5682 Cedar Ln|Greenville|Pennsylvania|21829|17-Mar-1959|3449|VA004010
BETTY|HARRIS|betty.harris96@yahoo.com|6235165984|7329 Lincoln Ave|Manchester|OK|84844|05-02-1996|4239|VA004011
ASHLEY|NGUYEN|ashley.nguyen13@hotmail.com|452-777-7080|2022 Washington St|Salem|VT|48511-1929|08/28/1978|4520|VA004012
WILLIAM|MILLER|william.miller46@icloud.com|+15042046636|7137 Jefferson Dr|Marion|vt|61192|1965-08-08|3425|VA004013
JAMES|HARRIS||237.567.8867|9120 Cedar Ln|Clinton|AR|85965|19-Feb-1947|5529|VA004014
RICHARD|ANDERSON|richard.anderson72@aol.com|(584) 249-4659|2619 Valley Ln|Manchester|Mic.|18107-6254|04-30-1984|9378|VA004015
LINDA|ADAMS|linda.adams34@yahoo.com|3856884441|6594 Washington St|Richmond|FL|69695|07/03/1958|3953|VA004016
JOSEPH|NGUYEN|joseph.nguyen41@hotmail.com|574-992-1299|7939 Sunset Blvd|Burlington|ms|61841|1985-02-22|7999|VA004017
MARGARET|WHITE|margaret.white20@icloud.com|+16909872691|6810 Washington St|Springfield|Georgia|64658-2450|16-Jan-1997|7889|VA004018
JOSEPH|HARRIS|joseph.harris11@outlook.com|269.655.5589|3820 Lake Rd|Georgetown|NH|84029|04-26-1960|9012|VA004019
NANCY|ALLEN|nancy.allen54@outlook.com|(749) 646-3494|2856 Oak Ave|Manchester|OH|75916|01/15/1965|8123|VA004020
PATRICIA|JONES|patricia.jones70@outlook.com|9186156526|9811 Maple Dr|Manchester|ms|43237-3862|1940-04-15|8596|VA004021
NANCY|WHITE|nancy.white72@aol.com|268-383-4291|8953 Forest Ave|Franklin|Pennsylvania|69567|15-Oct-1956|8435|VA004022
DANIEL|DAVIS|daniel.davis16@hotmail.com|+18587461459|8801 Main St|Manchester|Ohi.|81074|07-23-1988|6922|VA004023
KAREN|DAVIS|karen.davis29@icloud.com|515.813.1670|6634 Cedar Ln|Fairview|SD|38286-5440|07/16/1977|1728|VA004024
RICHARD|NGUYEN|richard.nguyen71@yahoo.com|(481) 936-7333|778 Lake Rd|Greenville|az|49663|1989-01-21|9927|VA004025
RICHARD|MARTIN|richard.martin49@hotmail.com|2474685437|4747 Oak Ave|Arlington|MD|46568|29-Apr-1952|5269|VA004026
ANTHONY|TORRES|anthony.torres29@outlook.com|988-428-3147|4652 River Dr|Richmond|MD|84856-1602|04-03-1959|5003|VA004027
LINDA|JOHNSON|linda.johnson16@hotmail.com|+12112326817|8958 Washington St|Salem|OK|24896|03/07/1950|3848|VA004028
PATRICIA|MILLER|patricia.miller5@gmail.com|306.888.3059|7405 Cedar Ln|Marion|ia|21858|1999-08-18|9558|VA004029
ANTHONY|WALKER||(661) 488-5446|7987 Valley Ln|Arlington|KY|11836-5377|16-Mar-1987|1032|VA004030
SANDRA|JONES|sandra.jones9@icloud.com|6342774758|7627 Sunset Blvd|Springfield|KS|63473|02-12-1954|3511|VA004031
WILLIAM|HARRIS|william.harris82@aol.com|726-332-5999|4216 Hill Rd|Franklin|MA|66853|12/31/1964|3167|VA004032
RICHARD|BAKER|richard.baker92@aol.com|+12604684486|9339 Lake Rd|Manchester|ms|73378-9015|1949-06-23|4033|VA004033
BETTY|DAVIS|betty.davis88@hotmail.com|746.830.2075|4579 Washington St|Franklin|ME|17496|23-Mar-1983|7095|VA004034
SUSAN|WILLIAMS|susan.williams25@aol.com|(565) 491-2603|4764 Valley Ln|Richmond|DE|65736|07-12-1950|2457|VA004035
CHRISTOPHER|THOMAS|christopher.thomas8@aol.com|5442174492|4578 Washington St|Manchester|NV|18729-2247|12/31/1945|7458|VA004036
THOMAS|TORRES|thomas.torres52@yahoo.com|404-780-2263|3224 Valley Ln|Clinton|ny|68066|1967-07-25|4976|VA004037
JESSICA|HALL|jessica.hall2@hotmail.com|+19107171191|8017 Valley Ln|Franklin|WI|15881|03-May-1996|7626|VA004038
MARGARET|WHITE|margaret.white51@icloud.com|787.989.8328|6215 Hill Rd|Franklin|WV|98612-4213|10-18-1973|1078|VA004039
RICHARD|TORRES|richard.torres41@outlook.com|(795) 201-4189|8316 Oak Ave|Marion|NV|78132|02/10/1958|3646|VA004040
SUSAN|THOMAS|susan.thomas52@outlook.com|3152526449|8115 Lake Rd|Salem|al|86285|1955-01-06|4425|VA004041
JOHN|WHITE|john.white92@icloud.com|379-789-6963|870 Washington St|Clinton|ME|18562-1317|31-Mar-1941|4502|VA004042
MARK|SCOTT|mark.scott7@aol.com|+16939671932|7458 Valley Ln|Burlington|New.|75266|08-24-1967|9224|VA004043
SARAH|TORRES|sarah.torres61@outlook.com|712.575.1542|5034 Jefferson Dr|Clinton|NC|13850|12/24/1956|5497|VA004044
PATRICIA|HARRIS|patricia.harris39@hotmail.com|(276) 449-9635|8944 Jefferson Dr|Greenville|ma|80906-1837|1998-03-16|3965|VA004045
PATRICIA|DAVIS||9294346441|1306 Main St|Richmond|ME|57332|11-Aug-1987|5514|VA004046
LISA|NELSON|lisa.nelson68@hotmail.com|391-960-2750|3493 Maple Dr|Arlington|Geo.|24079|01-04-2002|4978|VA004047
PATRICIA|SCOTT|patricia.scott46@icloud.com|+18839724789|5999 Maple Dr|Madison|UT|63349-9248|03/21/1993|4115|VA004048
JOHN|WALKER|john.walker9@yahoo.com|465.783.4734|8571 Washington St|Manchester|la|35146|2000-10-28|1378|VA004049
BARBARA|TORRES|barbara.torres89@icloud.com|(681) 556-8401|9216 Hill Rd|Salem|KS|19156|12-Jan-1957|2775|VA004050
DANIEL|JACKSON|daniel.jackson79@gmail.com|4554315106|3025 Washington St|Dayton|MD|53073-1539|09-27-2003|8571|VA004051
LINDA|WALKER||958-242-8744|5703 Washington St|Dayton|NY|60010|09/29/1997|5552|VA004052
DAVID|NGUYEN|david.nguyen89@outlook.com|+19152327846|2224 Forest Ave|Greenville|oh|24110|1977-04-18|8465|VA004053
MARK|BAKER|mark.baker42@icloud.com|864.872.4563|9128 Cedar Ln|Richmond|AK|98287-3534|06-Aug-1984|8438|VA004054
SANDRA|THOMAS|sandra.thomas76@gmail.com|(519) 971-3307|2501 Lincoln Ave|Georgetown|LA|96935|11-10-1962|7330|VA004055
JOSEPH|JACKSON|joseph.jackson18@icloud.com|2015255113|2225 River Dr|Springfield|GA|46503|09/21/1964|3063|VA004056
LISA|BROWN|lisa.brown66@icloud.com|467-638-9150|2600 Forest Ave|Dayton|sd|64716-1016|1945-07-07|1649|VA004057
THOMAS|HALL|thomas.hall42@yahoo.com|+17153601875|2068 Cedar Ln|Marion|MA|79188|03-May-1946|7736|VA004058
BARBARA|JOHNSON|barbara.johnson53@outlook.com|512.308.7107|8598 River Dr|Salem|SC|51708|05-30-2000|3148|VA004059
LISA|HILL|lisa.hill32@gmail.com|(665) 570-9210|5621 River Dr|Oxford|TX|36484-8208|06/22/2002|7789|VA004060
JOHN|ADAMS|john.adams34@yahoo.com|9448215512|6599 Oak Ave|Greenville|sd|56256|1997-12-21|9002|VA004061
BETTY|YOUNG||670-883-4108|7211 Main St|Greenville|ME|72169|25-Oct-1955|9191|VA004062
DAVID|HILL|david.hill40@hotmail.com|+17417569919|365 Forest Ave|Manchester|NE|88455-4644|10-10-2003|8138|VA004063
MICHAEL|THOMAS||687.313.2323|1176 Washington St|Arlington|NE|60293|07/05/1971|8101|VA004064
KAREN|MILLER|karen.miller95@hotmail.com|(425) 654-5959|6012 Lincoln Ave|Marion|me|95674|1961-11-28|9631|VA004065
BARBARA|ALLEN|barbara.allen89@icloud.com|9192761043|7316 Oak Ave|Madison|ID|25190-2411|10-Dec-1981|2942|VA004066
ROBERT|ANDERSON|robert.anderson8@hotmail.com|401-844-7297|6022 Oak Ave|Franklin|TN|31563|06-01-1962|9227|VA004067
KAREN|MARTIN|karen.martin58@hotmail.com|+19996755357|9434 Maple Dr|Clinton|VT|69132|12/15/1949|4976|VA004068
MICHAEL|WILLIAMS|michael.williams23@icloud.com|756.308.3190|3120 Jefferson Dr|Franklin|fl|36238-2173|1994-06-02|3346|VA004069
MICHAEL|BROWN||(253) 949-3839|7996 Washington St|Franklin|IA|65333|26-Nov-1954|3982|VA004070
JOHN|HARRIS|john.harris32@gmail.com|3076511110|2171 Main St|Dayton|IN|50068|08-16-1963|1233|VA004071
DANIEL|YOUNG|daniel.young73@hotmail.com|358-232-6279|9808 Lake Rd|Springfield|AR|55370-6048|04/05/1957|7149|VA004072
ROBERT|BROWN|robert.brown3@gmail.com|+13757109656|6950 Park Blvd|Dayton|sc|83800|1972-01-03|9549|VA004073
THOMAS|NELSON|thomas.nelson30@hotmail.com|313.349.2647|1861 Washington St|Fairview|Pennsylvania|77099|01-Aug-1977|2570|VA004074
MICHAEL|THOMAS|michael.thomas77@hotmail.com|(906) 964-4116|3173 Hill Rd|Manchester|Tex.|46552-2636|08-29-1950|5938|VA004075
CHARLES|MILLER|charles.miller74@aol.com|8853112310|9378 Washington St|Clinton|WA|75757|02/14/2004|7853|VA004076
LISA|JACKSON|lisa.jackson73@hotmail.com|582-847-2052|7364 Maple Dr|Arlington|az|77024|1962-09-14|7714|VA004077
PATRICIA|WALKER||+15592175872|7184 Main St|Marion|Texas|47175-9021|24-Nov-1952|5615|VA004078
MATTHEW|WRIGHT|matthew.wright18@outlook.com|889.902.6834|998 Jefferson Dr|Georgetown|Ill.|47283|10-10-1984|9033|VA004079
MARK|WILLIAMS|mark.williams62@gmail.com|(911) 247-2074|7556 Park Blvd|Oxford|IL|22094|06/17/1980|6889|VA004080
KAREN|JOHNSON|karen.johnson52@icloud.com|7878723065|9204 Jefferson Dr|Georgetown|ak|38733-8015|1973-07-23|2675|VA004081
JAMES|WRIGHT|james.wright80@hotmail.com|436-355-1402|1955 Cedar Ln|Springfield|Georgia|26827|25-Aug-1957|5091|VA004082
ANTHONY|WHITE|anthony.white29@icloud.com|+13134104247|6724 Oak Ave|Springfield|TN|90900|03-27-1963|5638|VA004083
MARK|THOMPSON|mark.thompson69@aol.com|447.289.6053|4493 Sunset Blvd|Clinton|OH|34077-6819|08/13/2001|1967|VA004084
DAVID|BROWN|david.brown96@aol.com|(365) 599-8560|7753 Sunset Blvd|Georgetown|ak|46774|1975-12-30|2542|VA004085
PATRICIA|WILSON|patricia.wilson9@aol.com|5289291237|5396 Cedar Ln|Marion|MD|21339|04-Jul-1993|7933|VA004086
MATTHEW|DAVIS|matthew.davis72@hotmail.com|956-467-8451|2533 Hill Rd|Oxford|MS|90602-7871|09-04-1999|5126|VA004087
JAMES|WILLIAMS|james.williams77@gmail.com|+15722303928|4962 Main St|Clinton|MA|18416|12/07/1945|8685|VA004088
MARGARET|SMITH|margaret.smith92@icloud.com|223.267.3359|8827 Cedar Ln|Dayton|nh|15099|1953-06-20|6721|VA004089
KAREN|TAYLOR|karen.taylor54@yahoo.com|(386) 899-5105|5670 Park Blvd|Burlington|AL|57113-4461|19-Apr-1960|8079|VA004090
BARBARA|BAKER|barbara.baker17@yahoo.com|7266583431|4727 Washington St|Oxford|KS|73245|06-25-1993|8699|VA004091
MARK|JONES|mark.jones2@hotmail.com|310-676-8382|3995 Maple Dr|Oxford|IN|24653|01/17/2003|6125|VA004092
DAVID|WILLIAMS|david.williams24@icloud.com|+15058284835|8020 Maple Dr|Oxford|ri|51370-3089|2001-11-23|3222|VA004093
MARK|TAYLOR|mark.taylor50@outlook.com|889.868.6902|7739 Lincoln Ave|Richmond|HI|91506|03-Aug-1958|5627|VA004094
JESSICA|JONES|jessica.jones80@hotmail.com|(892) 437-7495|5119 Park Blvd|Franklin|LA|80620|06-30-1982|9028|VA004095
JOHN|TAYLOR|john.taylor91@hotmail.com|8229604126|3725 Valley Ln|Madison|HI|68318-4572|04/08/1955|9384|VA004096
DANIEL|BROWN||609-531-1427|6505 Oak Ave|Franklin|ga|95029|1965-05-20|7605|VA004097
ROBERT|ALLEN||+14072007092|6187 Forest Ave|Dayton|Michigan|23890|28-Feb-1963|8510|VA004098
JESSICA|WILLIAMS|jessica.williams81@icloud.com|923.520.7658|3986 Oak Ave|Clinton|Ill.|22336-5154|02-01-1955|8552|VA004099
PATRICIA|MILLER|patricia.miller29@gmail.com|(652) 371-4789|9552 Lake Rd|Richmond|NY|10536|02/12/1947|8071|VA004100
LISA|ADAMS|lisa.adams84@aol.com|7887632261|6062 Maple Dr|Greenville|az|64870|1963-08-28|1785|VA004101
RICHARD|BAKER|richard.baker25@outlook.com|724-746-7716|8921 Washington St|Arlington|MO|69147-5881|24-Jun-1949|8475|VA004102
PATRICIA|NELSON|patricia.nelson41@hotmail.com|+17596425153|6639 Washington St|Georgetown|NV|72245|04-02-1996|9112|VA004103
ANTHONY|JACKSON||224.375.7523|9613 Valley Ln|Georgetown|IN|52903|01/22/1972|1734|VA004104
BETTY|TAYLOR|betty.taylor24@hotmail.com|(882) 258-6974|8711 Cedar Ln|Fairview|ks|44175-7948|1958-02-24|1569|VA004105
SANDRA|KING|sandra.king89@yahoo.com|6656994574|1729 Maple Dr|Richmond|MN|30724|10-Dec-1967|6933|VA004106
BARBARA|WALKER||298-872-2712|3663 Sunset Blvd|Clinton|KY|65561|06-25-1988|1884|VA004107
MARGARET|JOHNSON|margaret.johnson13@icloud.com|+13846173885|386 Park Blvd|Georgetown|FL|72047-2632|02/23/1965|3644|VA004108
THOMAS|WILLIAMS|thomas.williams12@outlook.com|878.685.2409|8046 Forest Ave|Dayton|ct|25624|1940-08-09|4701|VA004109
SARAH|TAYLOR|sarah.taylor25@yahoo.com|(624) 600-4667|5602 Sunset Blvd|Salem|Florida|11210|13-Nov-1992|5914|VA004110
KAREN|BROWN||7018154819|5434 Washington St|Oxford|Pen.|36923-4667|08-29-1949|8970|VA004111
MATTHEW|SMITH|matthew.smith96@hotmail.com|738-815-3486|9223 Jefferson Dr|Marion|ND|16159|10/31/1987|6941|VA004112
JOSEPH|KING||+14288159064|525 Washington St|Clinton|sc|41648|1941-11-05|6257|VA004113
SANDRA|HARRIS|sandra.harris98@hotmail.com|583.721.5434|9399 River Dr|Greenville|Florida|17225-6190|03-Nov-1941|2117|VA004114
NANCY|KING|nancy.king43@gmail.com|(862) 655-1963|5251 Sunset Blvd|Franklin|Ohi.|30454|05-12-1971|2452|VA004115
LINDA|THOMAS|linda.thomas60@yahoo.com|3295308355|4708 Maple Dr|Fairview|MT|68241|09/26/1972|9299|VA004116
JAMES|JOHNSON|james.johnson71@icloud.com|510-858-5317|217 Lake Rd|Richmond|wv|84738-3089|2001-05-28|2686|VA004117
JENNIFER|TAYLOR|jennifer.taylor20@yahoo.com|+19073341913|248 Main St|Franklin|Illinois|26962|26-Feb-1980|9624|VA004118
DANIEL|ADAMS|daniel.adams22@outlook.com|377.266.3631|6051 Maple Dr|Salem|NJ|13212|09-11-1940|4630|VA004119
DAVID|JACKSON|david.jackson15@gmail.com|(754) 372-5675|2360 Maple Dr|Madison|WY|21747-8963|11/01/1953|6026|VA004120
RICHARD|ADAMS|richard.adams45@gmail.com|6613119913|9772 Forest Ave|Manchester|nd|87296|1955-04-23|8337|VA004121
JENNIFER|JONES|jennifer.jones14@aol.com|960-884-6558|8906 Washington St|Clinton|NE|46358|24-Jan-1960|3204|VA004122
RICHARD|WRIGHT|richard.wright6@gmail.com|+13929794555|7855 Cedar Ln|Richmond|Mic.|49739-6711|05-17-1941|4470|VA004123
SARAH|ANDERSON|sarah.anderson74@hotmail.com|387.964.4115|8176 Washington St|Fairview|KS|41726|10/23/1963|4387|VA004124
ASHLEY|JONES|ashley.jones8@yahoo.com|(417) 713-2879|4099 Main St|Manchester|tx|42781|1995-07-01|1772|VA004125
ROBERT|DAVIS|robert.davis63@yahoo.com|6796241041|7736 Forest Ave|Manchester|UT|67030-6962|29-Apr-1963|7231|VA004126
RICHARD|DAVIS|richard.davis39@gmail.com|863-657-9302|7807 Hill Rd|Madison|VT|78119|08-05-2000|7542|VA004127
MARK|ANDERSON|mark.anderson78@aol.com|+12379432240|6702 Main St|Georgetown|NE|22829|10/02/1994|6006|VA004128
CHARLES|WILSON|charles.wilson33@gmail.com|267.882.6468|9033 Sunset Blvd|Clinton|ne|78989-6597|1965-05-07|3813|VA004129
MATTHEW|TAYLOR|matthew.taylor70@gmail.com|(372) 935-4181|3785 Sunset Blvd|Richmond|MN|30970|09-Jul-1961|6227|VA004130
MARY|JOHNSON|mary.johnson72@aol.com|8735584526|8921 Oak Ave|Georgetown|NM|58820|10-07-1944|2516|VA004131
SANDRA|GARCIA|sandra.garcia91@outlook.com|257-955-9884|8733 Lake Rd|Richmond|WV|95912-5028|11/13/2003|9059|VA004132
MARK|HALL|mark.hall40@aol.com|+19214635446|8308 Valley Ln|Greenville|ct|36281|1941-02-04|8067|VA004133
JESSICA|THOMAS|jessica.thomas8@hotmail.com|245.588.6440|5783 Oak Ave|Marion|AR|36385|22-Sep-1960|7518|VA004134
MARY|DAVIS|mary.davis36@icloud.com|(925) 575-1437|5414 Cedar Ln|Franklin|ID|81972-6414|10-13-1987|4462|VA004135
LINDA|SCOTT|linda.scott61@hotmail.com|2169309243|7622 Park Blvd|Oxford|GA|38764|04/25/1965|4297|VA004136
ASHLEY|ADAMS|ashley.adams46@outlook.com|765-279-5039|788 Forest Ave|Fairview|ia|62402|1952-01-07|2726|VA004137
PATRICIA|GARCIA|patricia.garcia56@icloud.com|+14926839116|1121 Jefferson Dr|Oxford|OK|55030-7157|15-Sep-1987|3391|VA004138
JOHN|NELSON|john.nelson52@outlook.com|208.390.3035|1602 Cedar Ln|Springfield|DE|16940|04-03-1972|2080|VA004139
KAREN|KING|karen.king19@hotmail.com|(776) 622-4621|4921 Valley Ln|Arlington|WI|12057|11/28/1941|2498|VA004140
ANTHONY|TAYLOR|anthony.taylor85@gmail.com|9338368722|2988 Main St|Manchester|mt|78892-7613|1987-12-01|2028|VA004141
BETTY|NGUYEN|betty.nguyen74@aol.com|675-750-6473|5504 Park Blvd|Springfield|AK|21318|25-Feb-1966|8995|VA004142
JOHN|WHITE|john.white79@hotmail.com|+13783959342|1677 Park Blvd|Oxford|OK|68992|10-17-1946|5714|VA004143
JESSICA|MARTIN|jessica.martin60@gmail.com|224.304.8980|6668 River Dr|Burlington|DE|88396-8304|07/10/1946|4728|VA004144
BETTY|JOHNSON||(441) 711-4317|8941 Lake Rd|Salem|oh|97209|1941-02-03|3802|VA004145
CHRISTOPHER|SCOTT|christopher.scott80@icloud.com|5646768816|1398 Oak Ave|Madison|RI|21351|05-Feb-1981|5812|VA004146
SUSAN|ADAMS|susan.adams46@yahoo.com|483-656-1783|5317 Forest Ave|Burlington|SD|44494-2922|05-29-1954|4430|VA004147
JOHN|JOHNSON|john.johnson6@gmail.com|+14574621925|7969 Maple Dr|Madison|RI|21865|09/24/1964|7755|VA004148
MATTHEW|WALKER|matthew.walker47@outlook.com|662.501.6267|7978 Lake Rd|Madison|vt|76028|1999-08-18|5687|VA004149
MATTHEW|WRIGHT||(454) 604-8753|5255 Lincoln Ave|Greenville|Michigan|54724-2907|21-Jul-1949|9991|VA004150
MARY|HALL|mary.hall41@gmail.com|6963838993|1213 Hill Rd|Springfield|WI|87218|05-17-1987|5196|VA004151
MICHAEL|WALKER|michael.walker14@gmail.com|299-944-7665|2384 Park Blvd|Burlington|OR|69968|04/13/1994|6955|VA004152
LISA|YOUNG|lisa.young6@yahoo.com|+12559656846|2443 Lincoln Ave|Salem|ak|36529-3515|1962-08-24|5189|VA004153
JENNIFER|GARCIA|jennifer.garcia82@aol.com|445.701.6369|5360 Cedar Ln|Madison|Illinois|96574|14-Jul-2001|4573|VA004154
ANTHONY|WILSON|anthony.wilson55@icloud.com|(954) 917-1809|9786 Valley Ln|Clinton|VT|17105|02-22-1981|4117|VA004155
SARAH|JACKSON|sarah.jackson52@gmail.com|3716223614|937 Jefferson Dr|Burlington|IN|44477-3244|02/19/1959|9615|VA004156
SUSAN|YOUNG|susan.young61@hotmail.com|928-900-4643|8521 Maple Dr|Burlington|ut|69616|1964-02-29|5291|VA004157
LINDA|ALLEN|linda.allen98@outlook.com|+12003355811|3970 River Dr|Georgetown|Florida|50414|09-Oct-1943|6766|VA004158
CHRISTOPHER|SMITH|christopher.smith80@gmail.com|448.918.3138|236 Maple Dr|Dayton|AR|50283-8859|09-23-1948|8474|VA004159
WILLIAM|TAYLOR|william.taylor15@aol.com|(299) 991-9721|5614 Oak Ave|Fairview|MO|69001|10/29/1956|9375|VA004160
BETTY|YOUNG||5895873458|1314 Hill Rd|Salem|ks|30105|2004-08-12|2353|VA004161
DAVID|WRIGHT|david.wright71@hotmail.com|603-506-7007|1438 Lincoln Ave|Burlington|Pennsylvania|33525-9532|07-Nov-1964|3253|VA004162
THOMAS|WHITE|thomas.white65@hotmail.com|+13327259902|7833 Lincoln Ave|Franklin|MT|91372|11-17-1996|9827|VA004163
DAVID|HARRIS|david.harris78@icloud.com|865.407.1058|6431 Lake Rd|Salem|VA|65808|05/07/1993|3605|VA004164
MARGARET|MARTIN|margaret.martin95@hotmail.com|(700) 225-7026|3383 Cedar Ln|Arlington|az|25369-3482|1987-11-02|3636|VA004165
MARY|HARRIS|mary.harris24@outlook.com|4103598360|4115 Valley Ln|Arlington|Florida|55184|21-Oct-1973|2981|VA004166
SUSAN|KING|susan.king59@icloud.com|284-505-5128|3475 Maple Dr|Franklin|MN|29531|02-08-1960|7921|VA004167
SANDRA|JACKSON|sandra.jackson85@aol.com|+19172526879|8552 Main St|Fairview|MN|32412-6647|06/10/1976|4552|VA004168
MATTHEW|WILSON|matthew.wilson68@yahoo.com|753.468.4595|8412 River Dr|Manchester|ne|52469|1944-12-07|3778|VA004169
JENNIFER|JONES|jennifer.jones59@hotmail.com|(473) 340-6100|551 Valley Ln|Salem|AR|52996|10-Nov-1988|1994|VA004170
MATTHEW|MILLER|matthew.miller63@icloud.com|8195666191|6802 Cedar Ln|Fairview|CO|76441-9981|04-13-1972|8831|VA004171
KAREN|YOUNG|karen.young25@icloud.com|272-450-8561|3846 Forest Ave|Franklin|MD|58102|09/23/1943|4708|VA004172
SANDRA|JACKSON|sandra.jackson23@gmail.com|+12092501304|4233 Forest Ave|Burlington|ca|84878|1966-02-21|1730|VA004173
ROBERT|DAVIS|robert.davis18@aol.com|619.432.2006|2315 Lincoln Ave|Dayton|NM|87795-1464|26-Aug-1976|2929|VA004174
BARBARA|JACKSON|barbara.jackson93@outlook.com|(738) 620-7708|9420 Oak Ave|Greenville|MA|94192|08-27-1946|8372|VA004175
JOHN|NGUYEN|john.nguyen3@yahoo.com|7142039481|13 Forest Ave|Fairview|MT|93990|07/14/1999|6267|VA004176
ANTHONY|JACKSON|anthony.jackson63@aol.com|390-565-6680|1896 Oak Ave|Clinton|me|42256-2970|1975-04-01|1697|VA004177
SUSAN|ANDERSON|susan.anderson58@hotmail.com|+17534714206|9985 Oak Ave|Manchester|Texas|72739|19-Jan-1988|3614|VA004178
CHRISTOPHER|GARCIA|christopher.garcia34@icloud.com|257.899.2838|204 Park Blvd|Clinton|HI|36933|02-26-1988|9463|VA004179
SUSAN|BROWN|susan.brown73@outlook.com|(902) 328-2781|5970 Hill Rd|Manchester|MA|71464-4744|03/19/1940|3971|VA004180
LISA|ALLEN|lisa.allen56@outlook.com|3344356380|4692 Main St|Greenville|ri|51729|1941-10-11|1470|VA004181
ROBERT|JACKSON|robert.jackson31@icloud.com|500-321-6518|5516 Valley Ln|Oxford|SC|24125|15-Oct-2004|1741|VA004182
JESSICA|JACKSON|jessica.jackson45@icloud.com|+17764989587|1276 Valley Ln|Fairview|NH|99198-5985|07-31-1992|1914|VA004183
ANTHONY|TAYLOR|anthony.taylor40@icloud.com|615.462.8644|3886 Park Blvd|Salem|ME|12870|04/27/1950|9003|VA004184
CHARLES|TAYLOR|charles.taylor98@outlook.com|(951) 203-4220|2476 Main St|Springfield|wi|37744|1999-06-07|1353|VA004185
DANIEL|HILL|daniel.hill46@aol.com|9748285604|3268 Washington St|Marion|Ohio|13239-5537|29-Jul-1989|6736|VA004186
JESSICA|MARTIN|jessica.martin26@gmail.com|206-994-4956|8192 Hill Rd|Manchester|MT|79014|03-08-1963|2983|VA004187
RICHARD|JOHNSON||+16923012415|8119 Oak Ave|Fairview|FL|22813|04/19/1992|6069|VA004188
WILLIAM|JOHNSON|william.johnson2@yahoo.com|977.281.8015|2601 Hill Rd|Dayton|ct|51667-4590|1995-08-20|8711|VA004189
JOHN|HARRIS||(406) 786-8531|6182 Forest Ave|Greenville|WI|70803|21-Dec-1979|1234|VA004190
JOHN|WALKER|john.walker9@icloud.com|7549724143|9976 Sunset Blvd|Springfield|SC|40211|05-31-1967|3077|VA004191
MARY|ADAMS|mary.adams64@outlook.com|505-219-9249|7328 Lincoln Ave|Georgetown|CA|49385-4293|06/09/1996|1164|VA004192
CHRISTOPHER|WHITE|christopher.white72@aol.com|+15054809815|3606 Lake Rd|Richmond|ny|54033|1959-09-27|2079|VA004193
MATTHEW|BAKER|matthew.baker60@yahoo.com|567.562.1459|5764 Jefferson Dr|Franklin|WV|93905|27-Mar-1990|5303|VA004194
BARBARA|WILLIAMS|barbara.williams97@icloud.com|(426) 663-6708|1714 Park Blvd|Franklin|MO|46725-7277|05-05-1990|7690|VA004195
JOHN|GARCIA|john.garcia44@outlook.com|7409998084|352 River Dr|Oxford|ME|10832|12/15/1995|7388|VA004196
MICHAEL|WHITE|michael.white56@icloud.com|711-789-4585|9575 Forest Ave|Marion|il|85406|1981-10-03|1407|VA004197
SARAH|MARTIN|sarah.martin88@outlook.com|+19063145849|3646 Washington St|Oxford|CT|84370-1034|30-Oct-1972|3226|VA004198
LINDA|JOHNSON|linda.johnson83@yahoo.com|640.676.9966|4395 Lincoln Ave|Georgetown|MT|66917|10-15-1945|2784|VA004199
THOMAS|HARRIS|thomas.harris55@yahoo.com|(453) 987-6501|231 Hill Rd|Franklin|ME|65748|05/09/1995|7477|VA004200
LISA|WHITE|lisa.white4@hotmail.com|4747194524|6702 Main St|Marion|wy|52361-6884|1963-06-21|6203|VA004201
LISA|HALL|lisa.hall16@outlook.com|904-761-3448|8425 Jefferson Dr|Burlington|NH|51843|19-Mar-1972|4492|VA004202
PATRICIA|BROWN|patricia.brown16@hotmail.com|+13707493196|2622 Main St|Madison|CO|51567|08-08-1986|2495|VA004203
JAMES|BROWN|james.brown18@icloud.com|402.884.2347|1624 Jefferson Dr|Marion|NE|59598-6561|01/23/1963|9291|VA004204
MICHAEL|JONES|michael.jones54@gmail.com|(519) 485-4644|8571 Sunset Blvd|Springfield|mn|19283|1968-11-09|9267|VA004205
JESSICA|ALLEN|jessica.allen34@aol.com|7888386797|2126 Valley Ln|Oxford|New York|78118|07-Sep-1996|9154|VA004206
MARY|TAYLOR|mary.taylor84@icloud.com|621-251-3775|338 Lake Rd|Fairview|NE|22445-2179|07-14-1952|7257|VA004207
PATRICIA|JACKSON|patricia.jackson3@aol.com|+17085357020|6154 Cedar Ln|Madison|AK|12217|09/06/1941|4255|VA004208
DAVID|MARTIN|david.martin82@hotmail.com|575.605.4079|5928 Jefferson Dr|Dayton|ma|23898|1961-06-17|8885|VA004209
JOHN|ALLEN|john.allen36@outlook.com|(598) 865-4331|2885 Cedar Ln|Marion|MN|12727-5103|18-Mar-1993|7779|VA004210
MARY|SMITH|mary.smith8@gmail.com|7172558861|6254 Park Blvd|Dayton|Geo.|53120|04-22-1943|9683|VA004211
MICHAEL|MILLER||993-275-8907|5165 Jefferson Dr|Salem|MI|30450|08/10/1975|9144|VA004212
BETTY|JONES|betty.jones68@icloud.com|+13122677905|5897 Valley Ln|Oxford|va|35727-2313|2002-11-24|1167|VA004213
MATTHEW|NELSON|matthew.nelson87@outlook.com|479.315.8533|9627 Cedar Ln|Oxford|RI|61005|16-Dec-1994|8837|VA004214
JAMES|TORRES|james.torres80@yahoo.com|(432) 200-5680|5639 Washington St|Manchester|IN|27919|01-08-1961|2357|VA004215
JENNIFER|BAKER||8147618297|5999 Forest Ave|Greenville|CO|19266-2413|12/21/1986|5886|VA004216
WILLIAM|BROWN||311-384-1666|5680 Hill Rd|Marion|wa|75975|1966-02-19|2105|VA004217
BETTY|BROWN|betty.brown35@aol.com|+16849967456|6327 Valley Ln|Springfield|Illinois|10993|14-Aug-1962|2793|VA004218
SANDRA|JACKSON|sandra.jackson52@outlook.com|291.666.5679|3368 Washington St|Franklin|NJ|25279-3106|07-21-1970|2416|VA004219
ASHLEY|WILSON|ashley.wilson64@yahoo.com|(468) 327-2595|7028 Lake Rd|Dayton|AZ|35329|07/13/2002|5737|VA004220
DAVID|JACKSON|david.jackson35@outlook.com|5648199939|438 Hill Rd|Marion|ar|68741|1949-07-05|6624|VA004221
LINDA|JOHNSON|linda.johnson24@gmail.com|980-910-2104|3961 River Dr|Oxford|MS|67423-6849|21-Oct-1952|8242|VA004222
SANDRA|HARRIS|sandra.harris1@aol.com|+13952741045|6730 Washington St|Arlington|CT|73159|03-31-1960|6584|VA004223
MATTHEW|NGUYEN|matthew.nguyen62@yahoo.com|499.635.4430|1162 Hill Rd|Richmond|ME|21586|05/10/1987|1026|VA004224
KAREN|DAVIS|karen.davis46@yahoo.com|(639) 802-1275|2822 Cedar Ln|Georgetown|tx|51695-6292|1973-07-18|5291|VA004225
KAREN|WALKER|karen.walker19@hotmail.com|3106027143|6973 Lake Rd|Fairview|MD|42927|26-Jul-1963|1727|VA004226
JESSICA|JACKSON|jessica.jackson14@yahoo.com|474-829-5435|4380 Cedar Ln|Madison|Nor.|52284|09-17-1963|3410|VA004227
JESSICA|GARCIA|jessica.garcia3@yahoo.com|+19454405122|1312 Cedar Ln|Greenville|MT|23501-7840|07/28/1948|2045|VA004228
RICHARD|JOHNSON|richard.johnson98@gmail.com|686.458.9908|1509 Oak Ave|Fairview|wa|92745|1948-06-07|8449|VA004229
ANTHONY|HILL|anthony.hill80@aol.com|(376) 842-5169|7255 River Dr|Richmond|California|71290|05-Jan-1967|2136|VA004230
JESSICA|WILSON|jessica.wilson21@gmail.com|4677991209|1426 Main St|Richmond|WA|78757-6791|04-30-1975|2593|VA004231
CHARLES|WALKER|charles.walker13@aol.com|877-964-3676|4745 Cedar Ln|Greenville|MS|60360|06/08/1970|1248|VA004232
ANTHONY|SMITH|anthony.smith93@aol.com|+14458145114|5909 Oak Ave|Dayton|ms|13675|2002-09-02|4929|VA004233
SARAH|WHITE|sarah.white28@gmail.com|503.896.2809|1174 Lincoln Ave|Salem|NE|22682-3205|19-May-2001|5885|VA004234
THOMAS|HILL|thomas.hill60@icloud.com|(993) 799-7682|1038 River Dr|Dayton|Pen.|37949|01-02-1972|2757|VA004235
BARBARA|HALL|barbara.hall4@icloud.com|8563262067|7994 Jefferson Dr|Arlington|WI|80407|02/25/1942|5969|VA004236
RICHARD|BROWN|richard.brown63@aol.com|409-442-1328|204 River Dr|Clinton|va|63805-3582|1971-09-27|4509|VA004237
ASHLEY|THOMAS|ashley.thomas14@gmail.com|+12596983095|7076 Main St|Salem|MO|77174|17-Mar-2001|6761|VA004238
KAREN|JOHNSON|karen.johnson41@yahoo.com|782.291.9312|7271 Washington St|Salem|IN|44665|03-28-1954|3309|VA004239
WILLIAM|MILLER|william.miller62@outlook.com|(357) 805-7961|1593 Oak Ave|Arlington|WI|97340-9855|06/28/1979|2952|VA004240
PATRICIA|THOMAS|patricia.thomas39@gmail.com|8828196054|2622 Washington St|Clinton|ga|63156|1981-12-06|8968|VA004241
JENNIFER|WILLIAMS|jennifer.williams45@outlook.com|390-752-9151|97 Maple Dr|Richmond|LA|89753|14-Jun-1995|7002|VA004242
MICHAEL|JOHNSON|michael.johnson25@yahoo.com|+15279614242|4954 Oak Ave|Greenville|AZ|97234-7733|01-11-2004|8859|VA004243
DAVID|WHITE||201.828.3322|5180 Lake Rd|Burlington|CO|47546|12/11/1977|2945|VA004244
JENNIFER|WALKER|jennifer.walker95@yahoo.com|(380) 950-9246|5410 Washington St|Manchester|md|30167|1980-09-05|4377|VA004245
JENNIFER|WHITE||3249361771|7977 Jefferson Dr|Richmond|CT|31546-3227|15-Dec-1955|1568|VA004246
SARAH|MARTIN|sarah.martin32@aol.com|398-587-4075|8657 Sunset Blvd|Franklin|MT|45101|09-24-1961|3537|VA004247
DAVID|HILL|david.hill24@yahoo.com|+15833636861|5348 Washington St|Dayton|CT|37266|11/03/1989|8532|VA004248
JOSEPH|WHITE|joseph.white4@gmail.com|301.501.1243|9849 Forest Ave|Franklin|fl|73808-8980|1949-06-18|1694|VA004249
MATTHEW|SMITH|matthew.smith26@outlook.com|(356) 630-6321|5330 Jefferson Dr|Georgetown|WY|84006|10-Apr-1951|4806|VA004250
PATRICIA|ANDERSON|patricia.anderson85@outlook.com|3402488202|5796 Main St|Richmond|MO|59217|04-05-1995|2701|VA004251
ASHLEY|HALL|ashley.hall97@hotmail.com|212-205-1218|8709 Lincoln Ave|Arlington|MO|12451-2001|09/12/1970|1918|VA004252
LISA|HILL|lisa.hill57@hotmail.com|+13958438578|6642 Oak Ave|Fairview|in|30290|1962-06-06|9983|VA004253
CHRISTOPHER|SMITH||855.462.9419|3204 Oak Ave|Salem|California|73662|10-May-1977|1987|VA004254
LISA|WILSON|lisa.wilson40@yahoo.com|(652) 822-4356|6653 River Dr|Clinton|AR|47564-1027|10-09-1967|9826|VA004255
DAVID|HARRIS|david.harris26@yahoo.com|9268941667|1918 Oak Ave|Georgetown|VA|53537|10/08/1990|7628|VA004256
WILLIAM|HALL|william.hall3@gmail.com|476-726-5289|235 Maple Dr|Burlington|sd|95030|1987-08-11|2502|VA004257
NANCY|JOHNSON||+17448526797|7075 Valley Ln|Arlington|TN|45728-4757|19-Jan-1970|5429|VA004258
BARBARA|BROWN|barbara.brown23@hotmail.com|566.392.9495|14 River Dr|Salem|NM|30030|03-05-1954|5894|VA004259
JOSEPH|WILLIAMS|joseph.williams11@icloud.com|(859) 921-1771|3805 Lake Rd|Fairview|IA|62640|12/26/1959|6723|VA004260
MARY|TORRES|mary.torres15@gmail.com|8108489164|2628 Hill Rd|Arlington|ky|20500-1438|1984-05-01|4771|VA004261
ASHLEY|THOMAS|ashley.thomas4@yahoo.com|444-285-7510|2580 Hill Rd|Fairview|UT|34454|28-Oct-1995|9748|VA004262
MARGARET|JACKSON|margaret.jackson72@outlook.com|+12049671657|9543 Main St|Manchester|MD|31395|01-24-1962|3452|VA004263
JOSEPH|WILLIAMS|joseph.williams12@aol.com|569.342.8852|2671 Oak Ave|Burlington|ID|61467-1363|12/28/1950|2446|VA004264
THOMAS|GARCIA||(685) 856-9228|71 Valley Ln|Marion|nc|33914|1955-05-06|1589|VA004265
DANIEL|WILSON|daniel.wilson55@aol.com|8255073472|1989 Maple Dr|Fairview|Texas|64776|14-Mar-1950|6783|VA004266
SUSAN|NELSON|susan.nelson50@hotmail.com|552-759-2278|6042 Forest Ave|Springfield|MS|80343-9360|05-26-1942|3267|VA004267
JENNIFER|BROWN|jennifer.brown89@aol.com|+16386581207|8271 River Dr|Salem|IL|60112|04/04/1948|1335|VA004268
JOHN|NGUYEN|john.nguyen17@yahoo.com|675.493.7907|5644 Sunset Blvd|Burlington|ak|77591|1970-02-08|7317|VA004269
JOSEPH|WILSON|joseph.wilson33@outlook.com|(272) 601-7215|6971 Maple Dr|Burlington|Michigan|11920-3028|07-Oct-1983|9401|VA004270
JAMES|DAVIS|james.davis42@icloud.com|9842095604|4412 Lincoln Ave|Arlington|OK|59951|08-04-1998|1801|VA004271
MARK|WHITE|mark.white55@outlook.com|574-829-1058|4007 Washington St|Greenville|VT|82512|08/28/2004|9490|VA004272
NANCY|ANDERSON|nancy.anderson40@yahoo.com|+12302048605|4789 Lincoln Ave|Georgetown|ut|69077-2960|1983-11-03|8682|VA004273
MICHAEL|WILLIAMS|michael.williams64@yahoo.com|289.462.1944|2861 Park Blvd|Arlington|NH|80939|16-Feb-1952|8537|VA004274
THOMAS|WILLIAMS|thomas.williams14@yahoo.com|(413) 868-1434|6341 Jefferson Dr|Springfield|LA|11885|10-21-2001|7192|VA004275
MICHAEL|ALLEN|michael.allen18@gmail.com|6373242100|915 Park Blvd|Manchester|TX|82205-2516|05/19/1976|6278|VA004276
JOSEPH|WILSON|joseph.wilson22@icloud.com|405-804-3079|6357 Valley Ln|Clinton|ca|23033|1978-07-21|8659|VA004277
PATRICIA|ANDERSON|patricia.anderson10@outlook.com|+19267035009|4260 Lake Rd|Madison|VT|68284|31-Aug-1969|8378|VA004278
MARK|TORRES||741.767.5410|692 Lincoln Ave|Salem|MS|88082-8174|02-14-2002|2232|VA004279
NANCY|ALLEN|nancy.allen31@gmail.com|(353) 396-1453|4024 Lincoln Ave|Richmond|MD|70838|07/19/1983|8145|VA004280
JOHN|TAYLOR|john.taylor5@aol.com|2852061769|9787 Oak Ave|Clinton|mt|56611|1999-10-01|6293|VA004281
JOSEPH|WRIGHT|joseph.wright17@aol.com|855-801-3981|2115 River Dr|Marion|AR|26274-7710|25-Jun-1986|3507|VA004282
JESSICA|WILLIAMS|jessica.williams93@outlook.com|+19653711356|4443 Main St|Marion|MN|28446|01-04-1942|7518|VA004283
NANCY|YOUNG|nancy.young28@hotmail.com|244.286.3648|624 Forest Ave|Salem|VT|61283|08/12/1986|4444|VA004284
JOHN|WHITE|john.white38@icloud.com|(258) 856-7960|4718 Main St|Arlington|ar|54107-2048|1989-06-14|5716|VA004285
SARAH|NELSON|sarah.nelson40@icloud.com|8925672581|6644 Jefferson Dr|Oxford|ME|51016|03-Oct-1964|2907|VA004286
ASHLEY|HALL|ashley.hall15@yahoo.com|309-968-9132|1621 Valley Ln|Richmond|NJ|95489|10-08-1989|7798|VA004287
DANIEL|JONES|daniel.jones6@icloud.com|+12678426228|5492 Lincoln Ave|Clinton|KY|62752-2217|09/28/1947|5135|VA004288
WILLIAM|WHITE|william.white20@hotmail.com|578.781.3281|2236 Forest Ave|Franklin|sc|34022|1996-07-09|1154|VA004289
JOHN|YOUNG|john.young94@hotmail.com|(237) 503-6840|3555 Washington St|Richmond|ME|17350|01-Jun-1992|2037|VA004290
RICHARD|NGUYEN|richard.nguyen33@icloud.com|9846287140|8422 Lincoln Ave|Burlington|VA|46610-9367|04-07-1950|1974|VA004291
BETTY|MARTIN|betty.martin7@yahoo.com|721-566-1395|6077 Lake Rd|Richmond|WV|56657|03/19/1999|9309|VA004292
NANCY|WRIGHT|nancy.wright41@yahoo.com|+16743817312|4507 Forest Ave|Richmond|sc|34286|1944-01-22|5608|VA004293
LINDA|DAVIS|linda.davis62@icloud.com|476.943.3192|1600 Lincoln Ave|Marion|AK|12317-2232|05-Feb-1994|1548|VA004294
MARY|ADAMS|mary.adams58@gmail.com|(205) 733-9944|738 Cedar Ln|Georgetown|MD|64998|10-17-1995|5763|VA004295
JOHN|SMITH|john.smith35@outlook.com|3797698571|9305 Lincoln Ave|Arlington|FL|36117|09/08/1956|7254|VA004296
MATTHEW|ADAMS|matthew.adams27@gmail.com|427-364-3376|9189 Park Blvd|Madison|id|31846-4715|1949-08-17|4473|VA004297
WILLIAM|HALL|william.hall71@hotmail.com|+18975007108|7965 Jefferson Dr|Richmond|AZ|51806|13-Jan-1979|9286|VA004298
MATTHEW|ANDERSON|matthew.anderson51@gmail.com|501.750.6853|1416 Oak Ave|Oxford|Pen.|14111|04-18-1976|6246|VA004299
JOHN|WRIGHT|john.wright16@icloud.com|(748) 840-6999|521 Forest Ave|Salem|IL|50402-4440|04/01/1993|1853|VA004300
JESSICA|YOUNG||8417978288|3081 Lincoln Ave|Salem|nv|95707|1984-02-07|5356|VA004301
DAVID|BROWN|david.brown59@hotmail.com|923-292-3260|8000 Park Blvd|Clinton|RI|34232|11-Sep-1946|2582|VA004302
JOSEPH|WRIGHT|joseph.wright15@yahoo.com|+13814431516|5061 River Dr|Oxford|NM|19686-7982|05-30-1954|1245|VA004303
CHARLES|SCOTT|charles.scott81@gmail.com|972.323.9455|8543 Valley Ln|Richmond|ID|60466|01/18/1978|3975|VA004304
KAREN|HARRIS|karen.harris7@hotmail.com|(299) 976-6176|7760 Park Blvd|Greenville|sc|85494|1963-10-04|4361|VA004305
SANDRA|WRIGHT|sandra.wright65@outlook.com|7218324956|7912 Forest Ave|Salem|VT|16702-2279|27-Nov-1966|4061|VA004306
MICHAEL|DAVIS|michael.davis79@icloud.com|327-254-2678|6072 Forest Ave|Burlington|VT|12366|05-03-1994|1778|VA004307
ANTHONY|ALLEN|anthony.allen73@yahoo.com|+15615148260|5246 Maple Dr|Richmond|DE|19254|06/19/1954|8229|VA004308
DANIEL|SCOTT|daniel.scott55@icloud.com|538.326.8013|9905 Park Blvd|Manchester|oh|32746-1647|1968-01-28|2242|VA004309
CHRISTOPHER|WALKER|christopher.walker89@hotmail.com|(813) 339-7309|1334 Main St|Franklin|IN|79121|29-Apr-1950|6140|VA004310
BARBARA|TORRES|barbara.torres53@hotmail.com|6139237753|2978 Valley Ln|Franklin|ME|94106|05-29-1982|9225|VA004311
MARY|WILSON|mary.wilson57@gmail.com|248-963-4819|1854 Hill Rd|Clinton|NC|96078-6665|06/07/1988|6824|VA004312
ROBERT|JACKSON|robert.jackson21@aol.com|+17322964124|563 Forest Ave|Fairview|fl|18274|1999-07-04|5612|VA004313
JAMES|DAVIS|james.davis96@gmail.com|559.603.7844|7919 Main St|Georgetown|Illinois|42564|29-Jan-1998|1659|VA004314
JESSICA|DAVIS|jessica.davis93@gmail.com|(961) 387-9700|235 Lincoln Ave|Fairview|KY|23186-2920|10-22-2000|9329|VA004315
MICHAEL|JONES|michael.jones56@aol.com|5412548230|4467 Lake Rd|Franklin|AR|95016|04/26/1974|7923|VA004316
ANTHONY|NGUYEN|anthony.nguyen83@outlook.com|693-574-7888|8054 Forest Ave|Oxford|la|59268|1974-10-21|9934|VA004317
DAVID|SCOTT|david.scott20@aol.com|+14068554494|7920 Maple Dr|Dayton|Ohio|71849-7472|17-Dec-2003|6885|VA004318
PATRICIA|NGUYEN|patricia.nguyen36@outlook.com|513.945.3263|8625 Hill Rd|Manchester|DE|15181|12-01-2002|1652|VA004319
MARK|HILL|mark.hill34@hotmail.com|(696) 540-6385|4069 Lincoln Ave|Greenville|IN|45841|04/23/1992|7776|VA004320
ASHLEY|JACKSON|ashley.jackson81@icloud.com|7384327892|3043 Oak Ave|Richmond|pa|26488-4578|1952-03-26|6457|VA004321
MATTHEW|JONES||503-343-8660|3828 Lake Rd|Oxford|Pennsylvania|24306|16-Apr-1991|3093|VA004322
MATTHEW|DAVIS|matthew.davis46@outlook.com|+15525944669|3414 Forest Ave|Fairview|KY|35099|07-30-1967|9956|VA004323
DAVID|WILLIAMS|david.williams22@aol.com|353.942.9143|8740 Cedar Ln|Springfield|TN|48527-6173|12/08/1962|9194|VA004324
MARY|WILSON|mary.wilson86@yahoo.com|(801) 275-3596|9409 Lincoln Ave|Georgetown|al|38499|1965-11-28|4090|VA004325
JAMES|BROWN|james.brown4@gmail.com|3885016796|7630 Oak Ave|Marion|CO|59123|22-Feb-1990|1897|VA004326
DAVID|WALKER|david.walker15@gmail.com|988-734-8887|2146 Park Blvd|Burlington|ND|24910-5951|07-25-1987|8268|VA004327
LINDA|ALLEN|linda.allen83@hotmail.com|+13775845676|915 Main St|Marion|ND|72971|05/25/2001|2337|VA004328
JESSICA|JONES|jessica.jones95@aol.com|601.665.1381|4877 Hill Rd|Burlington|nd|27888|1997-10-06|7758|VA004329
JOSEPH|THOMPSON|joseph.thompson61@gmail.com|(259) 446-8624|5244 Sunset Blvd|Franklin|TN|98158-1369|15-Aug-1977|8095|VA004330
MARY|WILLIAMS||3675477522|9724 Hill Rd|Greenville|SC|87091|05-08-1979|7939|VA004331
SANDRA|ALLEN|sandra.allen36@aol.com|644-203-9986|1523 Jefferson Dr|Franklin|WY|42803|01/08/1966|9172|VA004332
BETTY|ADAMS|betty.adams65@outlook.com|+16473602759|6883 Park Blvd|Marion|ks|43420-2961|1999-04-17|3225|VA004333
PATRICIA|JONES||930.203.9070|4232 Sunset Blvd|Arlington|AZ|46024|10-Jul-1973|2109|VA004334
MARK|HALL|mark.hall23@gmail.com|(315) 288-4847|7459 Jefferson Dr|Arlington|Pen.|83065|07-03-1964|5424|VA004335
SARAH|TORRES|sarah.torres48@yahoo.com|2139974417|1579 Park Blvd|Salem|MS|50491-9915|10/23/2000|9475|VA004336
JOHN|SMITH|john.smith77@hotmail.com|948-365-3367|4895 Jefferson Dr|Oxford|ut|49696|1974-07-13|5871|VA004337
PATRICIA|NGUYEN|patricia.nguyen18@icloud.com|+16656044055|3319 Cedar Ln|Dayton|NM|88209|02-Jun-1991|6699|VA004338
MARGARET|WHITE|margaret.white86@icloud.com|927.483.9110|6724 Jefferson Dr|Marion|ME|31513-5292|12-19-1987|4513|VA004339
JOHN|MILLER|john.miller98@icloud.com|(475) 772-7313|8588 Hill Rd|Burlington|WV|29663|07/15/1995|5861|VA004340
LISA|ADAMS|lisa.adams47@icloud.com|7869487244|8745 River Dr|Dayton|ma|11090|1974-01-17|7839|VA004341
ANTHONY|BAKER|anthony.baker86@yahoo.com|886-522-5210|7659 Jefferson Dr|Burlington|MS|53322-4890|04-Jan-1984|6952|VA004342
JOHN|WILSON|john.wilson61@aol.com|+16773885168|1243 Cedar Ln|Springfield|VA|87982|10-02-1982|6451|VA004343
NANCY|WRIGHT|nancy.wright19@icloud.com|858.881.9224|5787 Park Blvd|Arlington|CO|86771|01/05/1975|5696|VA004344
ANTHONY|JONES|anthony.jones67@outlook.com|(499) 498-4612|3917 Sunset Blvd|Salem|in|24600-6441|1963-08-11|1185|VA004345
THOMAS|MILLER|thomas.miller85@outlook.com|7385856140|2838 Forest Ave|Arlington|Ohio|54869|03-Jan-1989|6804|VA004346
MATTHEW|JOHNSON|matthew.johnson29@icloud.com|942-362-8694|3414 Lake Rd|Manchester|New.|25441|08-24-1952|6967|VA004347
BETTY|ANDERSON|betty.anderson4@gmail.com|+14348901339|4416 Valley Ln|Springfield|WI|32962-5245|03/18/1982|9502|VA004348
DANIEL|ALLEN|daniel.allen35@aol.com|981.781.6779|1468 River Dr|Madison|pa|87398|1942-12-22|4321|VA004349
DAVID|TAYLOR|david.taylor61@icloud.com|(777) 559-3504|5594 Jefferson Dr|Dayton|TN|19910|01-Sep-1942|2042|VA004350
SANDRA|KING|sandra.king2@hotmail.com|4225513423|1362 Cedar Ln|Georgetown|MT|57168-4623|04-03-1957|7515|VA004351
JAMES|HALL|james.hall28@outlook.com|844-750-8467|4288 Forest Ave|Greenville|VA|63970|09/23/1979|4468|VA004352
MARGARET|JONES|margaret.jones35@gmail.com|+18639037252|5376 Washington St|Burlington|mn|90576|1976-05-08|9049|VA004353
WILLIAM|HALL|william.hall56@yahoo.com|242.234.3854|8416 Maple Dr|Oxford|Michigan|83311-9554|03-Feb-1949|4108|VA004354
JOSEPH|HARRIS||(502) 678-9490|2010 River Dr|Franklin|OR|97057|06-18-1971|8167|VA004355
ASHLEY|THOMPSON||8774308613|6418 Main St|Madison|OK|27229|05/17/1994|8111|VA004356
BARBARA|GARCIA|barbara.garcia68@aol.com|685-222-7007|7353 Cedar Ln|Madison|mo|57450-7062|1965-05-11|8326|VA004357
LISA|BROWN|lisa.brown6@outlook.com|+16805675961|1485 Hill Rd|Burlington|ND|70206|02-Feb-1971|5575|VA004358
DANIEL|MILLER|daniel.miller89@outlook.com|967.900.5451|3276 Park Blvd|Marion|NH|55396|08-19-2001|1646|VA004359
SARAH|WRIGHT|sarah.wright93@yahoo.com|(506) 607-9738|3915 Valley Ln|Franklin|OK|54772-3106|05/14/1952|2863|VA004360
THOMAS|ADAMS|thomas.adams75@yahoo.com|4752382409|5968 Cedar Ln|Clinton|md|21561|1969-03-06|5811|VA004361
MARK|BROWN|mark.brown54@gmail.com|880-889-8997|1871 Cedar Ln|Arlington|New York|72566|03-Feb-1983|4548|VA004362
JESSICA|HILL|jessica.hill66@yahoo.com|+18543362848|2829 Main St|Marion|MT|20478-1431|09-16-1963|9978|VA004363
CHRISTOPHER|HILL|christopher.hill38@gmail.com|257.934.3847|147 Cedar Ln|Dayton|OK|67534|12/16/2001|5596|VA004364
SARAH|WRIGHT|sarah.wright43@icloud.com|(270) 253-3736|8457 Washington St|Fairview|tx|38013|1978-09-21|8337|VA004365
BARBARA|HALL|barbara.hall68@yahoo.com|4019723876|3240 Sunset Blvd|Burlington|ND|44742-9855|08-Apr-1942|2939|VA004366
ANTHONY|GARCIA|anthony.garcia38@hotmail.com|893-520-7979|1899 Oak Ave|Richmond|WI|16014|11-12-1940|3267|VA004367
ASHLEY|JACKSON|ashley.jackson22@yahoo.com|+12127544367|4598 Lincoln Ave|Clinton|KY|98684|02/12/1964|3154|VA004368
RICHARD|MILLER|richard.miller67@aol.com|688.772.3046|5997 Oak Ave|Franklin|ok|39286-9792|1944-03-11|3692|VA004369
ANTHONY|NGUYEN|anthony.nguyen84@gmail.com|(760) 304-7974|3233 Jefferson Dr|Salem|LA|79186|11-Dec-1996|4009|VA004370
SANDRA|NGUYEN|sandra.nguyen57@outlook.com|8883125970|7352 Main St|Clinton|ME|41488|09-05-2001|5688|VA004371
SARAH|ANDERSON|sarah.anderson83@hotmail.com|775-688-2125|2445 Sunset Blvd|Dayton|IN|23531-6304|12/12/1988|9352|VA004372
DAVID|SMITH|david.smith42@yahoo.com|+16994176813|4233 Lake Rd|Madison|ri|46211|1989-11-11|1166|VA004373
JOSEPH|WRIGHT|joseph.wright74@outlook.com|793.290.1270|2509 Lake Rd|Franklin|Texas|10042|02-Apr-1973|7191|VA004374
ASHLEY|BROWN|ashley.brown75@icloud.com|(686) 310-7163|5977 Washington St|Oxford|NV|55857-2780|10-10-1975|7596|VA004375
SUSAN|WILSON|susan.wilson6@yahoo.com|9879939164|6881 Sunset Blvd|Salem|NC|29441|12/23/1959|5819|VA004376
CHARLES|BROWN|charles.brown37@hotmail.com|251-782-1370|1001 Jefferson Dr|Greenville|mi|52140|1986-04-14|8486|VA004377
ASHLEY|WRIGHT|ashley.wright8@aol.com|+18469012037|8465 Jefferson Dr|Dayton|Georgia|70841-7947|06-Feb-1964|2512|VA004378
JAMES|KING|james.king72@outlook.com|878.229.2344|6612 Lake Rd|Clinton|Cal.|28573|11-06-1967|8150|VA004379
LISA|HILL|lisa.hill25@outlook.com|(425) 249-2576|5654 Sunset Blvd|Greenville|NM|73351|01/08/1958|8669|VA004380
ANTHONY|WILSON|anthony.wilson88@outlook.com|7574787158|9443 Oak Ave|Fairview|nc|92567-7251|1945-03-05|5118|VA004381
PATRICIA|JACKSON|patricia.jackson76@yahoo.com|216-397-7865|5909 Hill Rd|Madison|DE|17391|04-Mar-1981|6847|VA004382
MATTHEW|THOMPSON|matthew.thompson99@outlook.com|+15499007108|1365 River Dr|Madison|WY|43807|02-13-1960|5411|VA004383
KAREN|WRIGHT|karen.wright83@aol.com|348.487.2505|9971 Washington St|Oxford|MT|28057-1762|02/03/1979|5362|VA004384
WILLIAM|BROWN|william.brown85@yahoo.com|(438) 204-5614|2131 Sunset Blvd|Clinton|wv|99718|1945-04-03|9658|VA004385
JOHN|SMITH|john.smith57@icloud.com|6303632435|1303 Forest Ave|Greenville|IA|76354|19-May-1998|9782|VA004386
WILLIAM|THOMAS|william.thomas34@icloud.com|590-631-8748|2647 Jefferson Dr|Oxford|Cal.|52148-9429|07-07-1972|5588|VA004387
SARAH|KING|sarah.king79@yahoo.com|+16426144686|5139 Forest Ave|Burlington|WY|84419|02/22/1977|8235|VA004388
SANDRA|MILLER|sandra.miller97@outlook.com|364.924.2917|9418 Sunset Blvd|Madison|nh|69920|1960-08-30|9029|VA004389
BARBARA|HALL||(579) 569-4054|316 River Dr|Dayton|AR|42504-4068|21-Sep-1993|9726|VA004390
SARAH|SMITH|sarah.smith11@hotmail.com|5276989855|1613 Cedar Ln|Dayton|WA|67620|12-19-1957|2275|VA004391
CHARLES|KING|charles.king55@outlook.com|344-740-4100|7988 Park Blvd|Springfield|AR|64994|03/05/1967|2346|VA004392
ASHLEY|THOMAS|ashley.thomas2@hotmail.com|+12849692557|7625 Washington St|Franklin|tn|35964-3792|1987-06-16|2300|VA004393
MARGARET|ALLEN|margaret.allen54@hotmail.com|467.983.9409|6005 Maple Dr|Greenville|KY|59295|20-May-1949|1509|VA004394
LINDA|THOMAS||(859) 543-7318|7464 Lincoln Ave|Arlington|ME|62765|11-22-1978|5244|VA004395
MARY|KING|mary.king62@yahoo.com|2998372637|9664 Washington St|Arlington|NH|55895-5729|04/02/1977|9619|VA004396
DAVID|WILSON|david.wilson31@yahoo.com|794-679-8321|6023 Main St|Madison|ut|49367|2002-06-16|5628|VA004397
SANDRA|HILL|sandra.hill93@hotmail.com|+17983452491|8691 Valley Ln|Georgetown|MO|80900|01-Jul-1985|7565|VA004398
CHARLES|NELSON||720.742.8588|3836 Lincoln Ave|Dayton|Mic.|96614-7364|09-18-1993|8719|VA004399
CHARLES|YOUNG|charles.young99@outlook.com|(909) 475-4799|7124 Washington St|Fairview|NH|71711|03/05/1988|5378|VA004400
MARK|BAKER|mark.baker56@yahoo.com|4545153494|9403 Lake Rd|Springfield|mi|23552|1965-04-10|8860|VA004401
RICHARD|TAYLOR|richard.taylor62@outlook.com|300-712-6414|6943 Hill Rd|Madison|TN|68329-2073|23-May-1966|7278|VA004402
DAVID|BROWN|david.brown67@yahoo.com|+18982702084|2313 Washington St|Richmond|NV|48782|05-09-1978|9876|VA004403
MARY|BROWN|mary.brown75@yahoo.com|921.531.4364|579 Lake Rd|Salem|IL|63393|04/17/1948|1825|VA004404
ROBERT|WHITE|robert.white16@outlook.com|(263) 291-4670|6884 Cedar Ln|Manchester|mn|39365-1732|1942-09-11|1029|VA004405
WILLIAM|SMITH|william.smith51@yahoo.com|7737507876|4627 Lake Rd|Greenville|DE|91233|16-Jan-1981|3411|VA004406
CHRISTOPHER|MARTIN|christopher.martin97@outlook.com|330-414-1466|5911 Forest Ave|Franklin|Geo.|25187|02-28-1976|8141|VA004407
NANCY|WALKER|nancy.walker77@outlook.com|+17255795667|3175 Maple Dr|Clinton|RI|99812-5350|08/09/1941|3223|VA004408
SARAH|BROWN|sarah.brown43@aol.com|981.519.5733|4023 Maple Dr|Richmond|il|86464|1987-12-27|1680|VA004409
THOMAS|ANDERSON|thomas.anderson14@yahoo.com|(731) 735-8715|584 Cedar Ln|Springfield|MA|99778|05-Sep-1959|4260|VA004410
CHRISTOPHER|WILLIAMS|christopher.williams4@icloud.com|7549941568|6969 Maple Dr|Burlington|NH|32331-6729|06-23-1991|8765|VA004411
MARY|TORRES|mary.torres49@gmail.com|998-257-6478|5701 Jefferson Dr|Clinton|NE|25799|05/04/1960|1187|VA004412
LINDA|TORRES|linda.torres87@icloud.com|+14819989297|6187 Park Blvd|Burlington|hi|12977|1955-03-27|1465|VA004413
THOMAS|HALL|thomas.hall12@hotmail.com|464.614.8378|9779 Jefferson Dr|Salem|Michigan|79421-8234|25-Sep-2002|3216|VA004414
WILLIAM|MARTIN||(229) 700-4602|5679 Maple Dr|Salem|Mic.|65089|11-23-1972|3214|VA004415
RICHARD|HALL|richard.hall26@yahoo.com|3179136636|6455 Maple Dr|Marion|NV|91348|12/07/1973|3408|VA004416
CHRISTOPHER|WALKER|christopher.walker56@aol.com|370-878-1601|6592 River Dr|Dayton|mt|14254-8037|1964-07-04|9897|VA004417
MARGARET|GARCIA||+15203519364|7330 Main St|Springfield|DE|85349|10-Apr-1944|7171|VA004418
ASHLEY|JONES|ashley.jones99@hotmail.com|863.623.8173|617 Sunset Blvd|Marion|TN|17701|09-16-1999|3742|VA004419
DANIEL|BAKER|daniel.baker86@outlook.com|(567) 388-8351|6620 Lake Rd|Fairview|TN|48542-9310|09/25/1970|3851|VA004420
MARGARET|JONES|margaret.jones44@gmail.com|6299281453|7325 Cedar Ln|Dayton|sd|60057|1978-01-31|3844|VA004421
LINDA|TAYLOR|linda.taylor66@outlook.com|399-471-2413|5993 Lincoln Ave|Arlington|HI|23279|25-Oct-1958|7900|VA004422
RICHARD|YOUNG|richard.young89@hotmail.com|+15146231481|7004 Hill Rd|Franklin|VT|88822-9978|05-16-1985|4526|VA004423
JOHN|NELSON|john.nelson41@gmail.com|709.963.1291|1682 River Dr|Clinton|AZ|83024|04/05/1989|1002|VA004424
MICHAEL|BAKER|michael.baker19@hotmail.com|(946) 256-4845|3815 Hill Rd|Georgetown|nd|64218|1945-07-31|2349|VA004425
MARY|YOUNG||3219032940|2271 Main St|Salem|Georgia|25379-7137|21-Feb-1980|2630|VA004426
WILLIAM|YOUNG|william.young90@aol.com|433-828-1673|7142 Maple Dr|Madison|MT|72852|07-30-1953|9637|VA004427
BETTY|HARRIS|betty.harris33@icloud.com|+12929486846|6860 Forest Ave|Fairview|OH|48213|03/31/1966|3915|VA004428
PATRICIA|ALLEN|patricia.allen12@yahoo.com|507.506.4461|5833 Oak Ave|Burlington|oh|39863-8432|1964-12-10|8880|VA004429
MARGARET|WILLIAMS|margaret.williams86@outlook.com|(592) 489-6500|126 Sunset Blvd|Marion|KY|86596|15-Feb-1946|1717|VA004430
LINDA|DAVIS|linda.davis75@outlook.com|9669398392|5462 Lincoln Ave|Salem|KY|54601|06-08-1950|1005|VA004431
MICHAEL|MILLER|michael.miller52@gmail.com|409-601-4482|7878 Washington St|Georgetown|AK|65257-9571|12/20/1941|6125|VA004432
CHARLES|WILLIAMS||+17357497173|1310 River Dr|Greenville|mt|81198|1963-12-29|3574|VA004433
CHRISTOPHER|TORRES||930.706.7476|6526 Lake Rd|Oxford|North Carolina|72046|03-Dec-1987|6004|VA004434
JAMES|HARRIS|james.harris17@hotmail.com|(302) 867-5700|7600 Hill Rd|Manchester|WA|47411-4732|05-27-1951|6149|VA004435
KAREN|WILLIAMS|karen.williams55@gmail.com|5127007726|1538 Park Blvd|Fairview|NJ|76216|11/17/1986|5291|VA004436
BETTY|TORRES|betty.torres81@hotmail.com|858-305-1354|9013 Valley Ln|Richmond|md|58488|1952-05-15|1515|VA004437
SUSAN|MARTIN|susan.martin33@aol.com|+15886191594|5963 Maple Dr|Arlington|IA|88761-1699|21-Dec-1944|9735|VA004438
CHARLES|GARCIA|charles.garcia24@icloud.com|427.338.9970|7507 Cedar Ln|Dayton|DE|46906|07-15-1991|9965|VA004439
JAMES|THOMAS|james.thomas93@yahoo.com|(512) 679-5176|9669 Forest Ave|Greenville|NV|19361|03/29/2002|7773|VA004440
WILLIAM|HILL|william.hill81@gmail.com|3035935625|6089 Maple Dr|Oxford|wv|92296-6103|1978-07-27|8207|VA004441
DAVID|HILL|david.hill4@hotmail.com|208-647-8987|6134 Hill Rd|Burlington|MA|29724|07-Apr-1971|9000|VA004442
JOSEPH|BROWN|joseph.brown25@aol.com|+13295857265|6974 Valley Ln|Georgetown|WY|99863|07-18-2004|9340|VA004443
ROBERT|WALKER|robert.walker51@hotmail.com|664.458.3740|9746 Hill Rd|Greenville|OH|23729-5419|04/29/1997|8106|VA004444
BARBARA|JONES|barbara.jones68@yahoo.com|(332) 375-3820|7667 Lincoln Ave|Madison|nj|95776|1981-05-19|3466|VA004445
JAMES|ANDERSON|james.anderson34@aol.com|9168052040|4371 Maple Dr|Dayton|AZ|48590|23-Feb-1978|6190|VA004446
BETTY|WALKER|betty.walker57@gmail.com|490-644-9466|9408 Hill Rd|Oxford|MT|92951-1391|08-20-1957|3128|VA004447
SUSAN|SMITH|susan.smith76@gmail.com|+19306169568|5684 River Dr|Madison|FL|44973|04/09/1959|7461|VA004448
JOHN|WILSON||649.473.5018|155 Lincoln Ave|Dayton|il|33803|1947-06-02|6571|VA004449
DANIEL|WRIGHT|daniel.wright43@gmail.com|(940) 454-6420|378 Main St|Salem|Ohio|71078-4249|24-Jun-1960|4558|VA004450
SARAH|WILSON|sarah.wilson78@hotmail.com|6209325411|7850 Hill Rd|Oxford|IA|49395|07-09-1992|2829|VA004451
JENNIFER|TORRES|jennifer.torres56@hotmail.com|692-484-3439|6768 Park Blvd|Madison|AK|43771|07/18/1981|4180|VA004452
DAVID|THOMAS|david.thomas49@icloud.com|+12469808567|2635 Cedar Ln|Burlington|mo|12472-2723|1953-10-09|5843|VA004453
KAREN|NELSON|karen.nelson80@yahoo.com|353.355.3064|857 Main St|Manchester|MO|55411|08-Sep-2004|8836|VA004454
MATTHEW|YOUNG|matthew.young48@yahoo.com|(488) 890-3204|7075 Lake Rd|Greenville|Geo.|57239|02-25-2001|6498|VA004455
BARBARA|TORRES|barbara.torres94@aol.com|2078309613|3591 Sunset Blvd|Clinton|WV|82333-3320|12/17/1999|3191|VA004456
DANIEL|THOMPSON|daniel.thompson60@icloud.com|260-743-7799|2158 Hill Rd|Manchester|co|22419|1991-04-02|6382|VA004457
THOMAS|MARTIN|thomas.martin68@aol.com|+13805008027|7908 Cedar Ln|Burlington|NH|56209|21-Jul-1976|8469|VA004458
MARY|WALKER|mary.walker30@gmail.com|337.792.6114|3621 Valley Ln|Dayton|AZ|63654-7703|04-03-1962|7558|VA004459
CHARLES|THOMPSON|charles.thompson3@aol.com|(662) 809-2023|7875 Lake Rd|Marion|VA|76935|04/17/1965|8271|VA004460
THOMAS|WILLIAMS|thomas.williams48@yahoo.com|5146544169|6132 Hill Rd|Arlington|il|98953|1961-07-07|3137|VA004461
NANCY|YOUNG|nancy.young7@icloud.com|683-922-5861|9862 Sunset Blvd|Franklin|CO|39602-2540|09-Mar-1994|3546|VA004462
SARAH|NGUYEN|sarah.nguyen82@yahoo.com|+17616277381|9002 Valley Ln|Burlington|New.|17250|11-23-1979|4410|VA004463
MATTHEW|JACKSON|matthew.jackson17@icloud.com|890.299.6428|6673 Washington St|Marion|CT|75821|06/22/1953|1388|VA004464
JESSICA|SCOTT|jessica.scott44@hotmail.com|(403) 824-3225|1407 Hill Rd|Franklin|vt|24153-2570|2000-12-08|3214|VA004465
LISA|GARCIA|lisa.garcia80@icloud.com|4607827200|5833 Forest Ave|Dayton|Michigan|66311|24-Sep-2003|6599|VA004466
BARBARA|JOHNSON|barbara.johnson10@icloud.com|973-494-4304|3004 Park Blvd|Burlington|SD|24152|06-30-1940|2615|VA004467
THOMAS|JACKSON|thomas.jackson43@icloud.com|+12175416807|8265 Oak Ave|Madison|TX|69865-5654|11/15/1991|2704|VA004468
MARK|WRIGHT|mark.wright2@outlook.com|854.573.2018|6942 Park Blvd|Richmond|hi|36694|1991-05-20|5600|VA004469
DANIEL|WILLIAMS|daniel.williams63@hotmail.com|(931) 210-1484|3284 Washington St|Madison|MN|61705|11-May-1987|9259|VA004470
ASHLEY|BAKER|ashley.baker7@yahoo.com|2454237076|6063 Cedar Ln|Greenville|WY|18116-2427|09-15-1985|9774|VA004471
MARK|NGUYEN|mark.nguyen14@outlook.com|424-380-9486|7612 Main St|Marion|KS|25906|12/13/1980|3184|VA004472
RICHARD|ANDERSON|richard.anderson96@gmail.com|+17426201630|9400 Jefferson Dr|Madison|vt|14791|1958-09-02|7489|VA004473
CHRISTOPHER|TAYLOR||324.212.8154|7677 Washington St|Burlington|MT|45856-6901|11-Jun-1996|6748|VA004474
NANCY|MILLER|nancy.miller55@gmail.com|(460) 983-2566|7081 Jefferson Dr|Manchester|IA|95538|12-09-1979|1292|VA004475
PATRICIA|WHITE||3172188939|4880 Sunset Blvd|Georgetown|HI|56469|04/20/1967|9940|VA004476
CHARLES|TORRES|charles.torres83@yahoo.com|325-329-5414|4428 Oak Ave|Greenville|pa|17540-1989|1979-11-11|6461|VA004477
WILLIAM|THOMPSON|william.thompson93@hotmail.com|+13923136968|5133 Washington St|Marion|MT|70970|04-May-1982|6887|VA004478
DANIEL|YOUNG||449.390.1992|2251 Maple Dr|Madison|AL|22984|09-03-1983|4643|VA004479
DANIEL|YOUNG|daniel.young9@outlook.com|(727) 551-6857|5580 Cedar Ln|Richmond|NH|74002-1385|10/08/1941|5932|VA004480
ROBERT|JACKSON|robert.jackson49@icloud.com|9448283822|3300 Hill Rd|Arlington|va|64099|1948-04-08|3556|VA004481
ROBERT|TAYLOR|robert.taylor78@gmail.com|236-314-4141|5053 River Dr|Arlington|VA|85554|04-Mar-1953|5937|VA004482
JESSICA|ADAMS|jessica.adams78@icloud.com|+16542855627|9856 Maple Dr|Springfield|NJ|53810-2846|03-22-1981|5959|VA004483
JESSICA|ALLEN||671.464.2306|6258 Washington St|Oxford|AL|88358|04/27/1979|4790|VA004484
PATRICIA|TAYLOR|patricia.taylor26@aol.com|(986) 504-8242|6503 Maple Dr|Georgetown|tn|46434|1952-12-06|3694|VA004485
KAREN|TAYLOR|karen.taylor20@outlook.com|7294047879|2161 Sunset Blvd|Clinton|OK|46165-9149|09-Jun-1995|5850|VA004486
MARK|MILLER||562-524-4124|436 Park Blvd|Franklin|WY|78283|06-15-1974|2481|VA004487
JESSICA|ALLEN|jessica.allen78@icloud.com|+15149329562|254 Lake Rd|Arlington|NY|18217|02/26/1986|2422|VA004488
PATRICIA|TAYLOR||880.475.2396|581 Washington St|Marion|ks|64232-5058|1954-06-13|9695|VA004489
CHARLES|YOUNG|charles.young90@aol.com|(566) 512-2889|1410 Lake Rd|Manchester|MT|91440|10-Jul-1946|8559|VA004490
JOHN|ANDERSON|john.anderson87@outlook.com|5798428166|9220 Sunset Blvd|Greenville|KY|21376|11-13-1993|9763|VA004491
SARAH|NGUYEN|sarah.nguyen74@outlook.com|352-334-4858|1903 Washington St|Arlington|ND|94928-3120|04/07/1979|1417|VA004492
MICHAEL|SMITH||+16795841658|8579 Hill Rd|Dayton|nh|98179|1978-07-28|9330|VA004493
BETTY|THOMAS|betty.thomas15@outlook.com|324.327.4605|7310 Oak Ave|Greenville|MT|78526|26-Aug-1944|5460|VA004494
JOSEPH|ANDERSON|joseph.anderson12@gmail.com|(852) 374-9637|6895 Washington St|Franklin|IA|25685-4708|10-18-1986|9451|VA004495
MATTHEW|JOHNSON|matthew.johnson34@yahoo.com|9012916642|7465 Lake Rd|Manchester|SC|46010|02/10/1971|2111|VA004496
JAMES|TORRES|james.torres74@yahoo.com|251-680-5717|6061 Cedar Ln|Fairview|ar|75898|1966-08-25|6230|VA004497
PATRICIA|JOHNSON|patricia.johnson58@outlook.com|+18239481159|4453 Jefferson Dr|Richmond|NE|10191-6378|12-Jul-1944|4191|VA004498
THOMAS|HILL|thomas.hill44@icloud.com|844.451.9715|8366 River Dr|Fairview|New.|43155|08-28-1969|6833|VA004499
JESSICA|TAYLOR|jessica.taylor64@gmail.com|(929) 749-3809|4128 Oak Ave|Oxford|MA|92689|06/20/2002|7366|VA004500
ROBERT|JACKSON|robert.jackson94@hotmail.com|7356941396|9897 Washington St|Dayton|id|86506-5765|1970-02-08|2707|VA004501
SUSAN|ADAMS|susan.adams38@aol.com|734-582-2741|751 Maple Dr|Salem|Florida|63636|05-Aug-1949|5166|VA004502
DAVID|ANDERSON|david.anderson68@yahoo.com|+17694438788|9370 Maple Dr|Richmond|RI|81365|10-04-1992|8525|VA004503
CHARLES|GARCIA|charles.garcia87@gmail.com|735.819.1694|1017 Sunset Blvd|Springfield|PA|18767-1823|12/23/1961|3120|VA004504
MARK|THOMAS|mark.thomas21@hotmail.com|(873) 968-6697|2720 Park Blvd|Clinton|in|79298|2002-02-22|2484|VA004505
JOSEPH|TAYLOR|joseph.taylor46@aol.com|4237313995|2957 Sunset Blvd|Marion|WY|77774|27-Oct-1940|4144|VA004506
NANCY|JOHNSON|nancy.johnson46@aol.com|565-995-7424|4437 Forest Ave|Franklin|Nor.|54831-4630|05-05-1979|4388|VA004507
BETTY|WHITE|betty.white16@aol.com|+12528218738|8593 Hill Rd|Salem|MA|45282|06/30/1957|5801|VA004508
JOHN|JOHNSON|john.johnson80@icloud.com|672.531.4354|5485 Hill Rd|Richmond|sd|49270|1976-09-29|5351|VA004509
SUSAN|SCOTT|susan.scott58@gmail.com|(645) 454-4746|1511 Maple Dr|Franklin|NE|23975-8451|15-Feb-1990|9265|VA004510
LINDA|KING|linda.king15@gmail.com|6708364882|1369 Hill Rd|Madison|DE|52211|03-08-1965|3726|VA004511
JOHN|HARRIS|john.harris21@icloud.com|335-499-1853|6117 Main St|Salem|WA|64209|03/26/1963|9953|VA004512
JAMES|HALL|james.hall76@gmail.com|+16254642262|3956 Sunset Blvd|Clinton|ny|94855-4291|1990-09-21|8858|VA004513
JENNIFER|WRIGHT|jennifer.wright4@gmail.com|814.280.8170|7903 Valley Ln|Arlington|North Carolina|67971|10-Aug-1990|6139|VA004514
JOSEPH|TAYLOR|joseph.taylor50@aol.com|(412) 226-5724|5562 Jefferson Dr|Franklin|AZ|57509|01-31-1988|4553|VA004515
MARY|WRIGHT|mary.wright70@hotmail.com|2268236508|4302 Lincoln Ave|Manchester|PA|38382-3016|06/15/1942|6586|VA004516
JENNIFER|ANDERSON|jennifer.anderson91@hotmail.com|518-322-6481|1980 Valley Ln|Springfield|or|36877|1981-02-01|7056|VA004517
RICHARD|JACKSON|richard.jackson60@hotmail.com|+17986022146|5812 Park Blvd|Springfield|WY|56245|10-Apr-1984|3049|VA004518
JAMES|SMITH|james.smith53@icloud.com|639.459.8578|4416 River Dr|Marion|HI|20054-8570|05-28-1952|3396|VA004519
JOSEPH|SMITH|joseph.smith3@outlook.com|(796) 443-4323|9499 Valley Ln|Oxford|TN|90656|02/22/1975|4522|VA004520
JAMES|THOMAS||5138031100|73 Main St|Greenville|ma|40568|1977-03-21|7973|VA004521
DANIEL|ALLEN|daniel.allen79@hotmail.com|781-759-7500|9098 Forest Ave|Marion|Illinois|52381-9050|30-Aug-1965|6619|VA004522
KAREN|JACKSON||+13842434746|9669 Maple Dr|Greenville|DE|42650|09-28-1946|8873|VA004523
ASHLEY|TORRES|ashley.torres87@gmail.com|320.744.6425|8257 Main St|Richmond|ID|10823|04/01/1956|4482|VA004524
CHRISTOPHER|GARCIA|christopher.garcia38@aol.com|(284) 261-5574|4829 Cedar Ln|Burlington|wv|11084-6045|1994-06-03|5851|VA004525
BARBARA|TAYLOR|barbara.taylor82@gmail.com|7188475636|6221 Lake Rd|Springfield|Illinois|20429|02-Jun-2003|9526|VA004526
JOHN|WHITE||939-504-9736|8067 Lincoln Ave|Salem|Ohi.|52805|08-08-1991|3659|VA004527
JENNIFER|YOUNG|jennifer.young66@gmail.com|+13215086285|5881 Hill Rd|Marion|SD|34529-1825|11/12/1989|7081|VA004528
MATTHEW|WILLIAMS|matthew.williams51@icloud.com|565.465.2994|352 Lincoln Ave|Madison|oh|69428|1986-06-02|4749|VA004529
ASHLEY|WILSON|ashley.wilson61@yahoo.com|(600) 762-3579|9322 Main St|Richmond|Florida|90807|03-Nov-1969|3885|VA004530
ANTHONY|MARTIN|anthony.martin42@outlook.com|2465537891|536 Forest Ave|Fairview|NJ|67586-7030|07-06-1947|2962|VA004531
JAMES|WALKER|james.walker29@aol.com|329-736-6946|8813 Sunset Blvd|Georgetown|SD|49950|09/10/2000|8187|VA004532
ANTHONY|BROWN|anthony.brown40@hotmail.com|+16955445784|980 Valley Ln|Madison|la|12415|1981-08-09|1500|VA004533
DAVID|NELSON|david.nelson85@gmail.com|904.393.5581|5099 Valley Ln|Madison|LA|25844-1727|02-Apr-1975|3807|VA004534
BETTY|WILSON|betty.wilson23@yahoo.com|(578) 264-5707|4755 Cedar Ln|Madison|IA|78227|06-28-1953|8613|VA004535
LINDA|WALKER|linda.walker91@aol.com|9495357380|9191 River Dr|Manchester|NM|49220|06/09/1998|9957|VA004536
ANTHONY|ADAMS|anthony.adams97@icloud.com|858-898-6789|8749 Park Blvd|Salem|in|88004-4191|2002-05-23|2197|VA004537
NANCY|ALLEN|nancy.allen59@aol.com|+16532084554|2021 Main St|Marion|AR|79621|12-Jan-1959|5331|VA004538
LISA|JACKSON|lisa.jackson51@aol.com|518.948.9266|1733 Lincoln Ave|Franklin|SD|82377|11-02-1960|6378|VA004539
RICHARD|WHITE|richard.white79@outlook.com|(861) 741-9636|5736 Hill Rd|Salem|MD|76317-9600|06/07/1993|6674|VA004540
MICHAEL|ALLEN|michael.allen41@icloud.com|5508505282|7418 Park Blvd|Fairview|tx|52157|1970-08-25|4450|VA004541
BETTY|MARTIN|betty.martin92@aol.com|922-227-3915|7441 Lincoln Ave|Greenville|KY|19833|02-Apr-1992|9601|VA004542
JENNIFER|DAVIS|jennifer.davis40@gmail.com|+17838266551|6071 Lake Rd|Springfield|NV|31146-8717|07-23-1983|3011|VA004543
LINDA|SMITH|linda.smith45@gmail.com|907.567.3236|3854 Oak Ave|Springfield|IA|25280|11/13/1983|4775|VA004544
WILLIAM|KING|william.king57@hotmail.com|(544) 456-3256|6736 Cedar Ln|Salem|oh|23903|1987-01-06|9827|VA004545
LINDA|SCOTT|linda.scott39@aol.com|7153999964|4975 Maple Dr|Georgetown|IA|60151-5380|29-Jul-1996|5881|VA004546
JOSEPH|SCOTT|joseph.scott3@outlook.com|616-725-1708|2574 Park Blvd|Greenville|LA|31770|12-27-1988|1745|VA004547
LINDA|JACKSON|linda.jackson5@yahoo.com|+16408866892|1219 Forest Ave|Manchester|CA|62919|02/26/1945|3603|VA004548
MARGARET|ADAMS|margaret.adams21@gmail.com|280.508.9655|7642 Lincoln Ave|Fairview|mn|48064-9689|1965-04-29|7282|VA004549
PATRICIA|ALLEN|patricia.allen76@aol.com|(818) 250-2313|1466 Lincoln Ave|Madison|AZ|11730|29-Oct-1958|5879|VA004550
ROBERT|YOUNG|robert.young55@icloud.com|7954759039|6662 Jefferson Dr|Georgetown|ID|49098|04-06-2000|1175|VA004551
SANDRA|THOMAS|sandra.thomas66@aol.com|265-491-4366|1049 Cedar Ln|Fairview|HI|81877-3215|12/23/1953|2438|VA004552
JENNIFER|TAYLOR|jennifer.taylor30@icloud.com|+14064778900|5421 Jefferson Dr|Fairview|il|33253|1949-02-14|2114|VA004553
MARY|WALKER|mary.walker35@aol.com|809.452.2251|4300 Cedar Ln|Franklin|ME|75812|28-Nov-1942|3151|VA004554
KAREN|ADAMS|karen.adams13@yahoo.com|(650) 296-4848|9759 Main St|Georgetown|Ill.|64133-1450|08-08-1951|8058|VA004555
CHARLES|YOUNG|charles.young87@aol.com|5898138226|2594 Hill Rd|Manchester|AL|89987|04/12/1993|7036|VA004556
ANTHONY|WALKER|anthony.walker57@gmail.com|818-201-8388|427 River Dr|Salem|nm|95610|1978-05-07|4234|VA004557
BARBARA|SMITH||+13685022230|4956 Maple Dr|Oxford|NH|98076-9932|18-Aug-2002|8539|VA004558
SUSAN|DAVIS|susan.davis26@icloud.com|746.580.7601|9509 Cedar Ln|Greenville|WA|89582|11-04-1950|5057|VA004559
ANTHONY|JOHNSON|anthony.johnson66@yahoo.com|(529) 535-1127|1380 Forest Ave|Arlington|HI|67916|12/25/1954|8447|VA004560
ANTHONY|HARRIS|anthony.harris59@gmail.com|3218214589|7269 Washington St|Clinton|oh|84201-5587|1940-03-30|8152|VA004561
WILLIAM|JOHNSON||613-254-2690|3203 Sunset Blvd|Franklin|Georgia|48971|24-Jul-1984|8468|VA004562
WILLIAM|MILLER||+16895773334|3681 Main St|Fairview|WA|58627|02-06-2000|3515|VA004563
JAMES|NGUYEN||435.545.2606|7920 Valley Ln|Richmond|OK|71703-1577|01/22/2000|8310|VA004564
SUSAN|WILSON|susan.wilson39@outlook.com|(431) 842-1883|4943 Oak Ave|Dayton|nm|46406|1991-02-26|8789|VA004565
SANDRA|JOHNSON||5636181726|5176 Jefferson Dr|Greenville|ND|57277|07-Jun-1970|3603|VA004566
WILLIAM|SCOTT|william.scott36@hotmail.com|808-557-6239|5018 Hill Rd|Arlington|Pen.|53392-3715|02-11-1978|9369|VA004567
MARGARET|BAKER|margaret.baker87@yahoo.com|+12813693102|8634 Cedar Ln|Greenville|NH|59029|08/15/1954|1278|VA004568
WILLIAM|HARRIS|william.harris71@aol.com|406.204.1616|9698 Lincoln Ave|Oxford|mi|45909|1952-03-26|9333|VA004569
SANDRA|BROWN||(806) 589-6722|5910 Park Blvd|Arlington|RI|99562-6347|06-Oct-1946|8511|VA004570
SUSAN|SCOTT|susan.scott99@hotmail.com|2218133321|6710 River Dr|Salem|IN|24846|04-12-1956|9112|VA004571
JAMES|ADAMS|james.adams72@icloud.com|301-714-1168|2550 Valley Ln|Springfield|CT|78933|03/17/1947|9732|VA004572
ROBERT|SCOTT|robert.scott41@icloud.com|+17945384777|6372 Lincoln Ave|Georgetown|az|91051-4486|1971-01-06|7562|VA004573
JOHN|HILL|john.hill1@aol.com|517.222.9248|7557 Sunset Blvd|Dayton|MD|77137|22-Apr-1999|2572|VA004574
SUSAN|HILL|susan.hill37@hotmail.com|(638) 733-4748|5001 Sunset Blvd|Richmond|CO|50063|06-20-1976|6123|VA004575
MATTHEW|DAVIS|matthew.davis40@aol.com|2486251765|2087 Washington St|Springfield|SC|43376-9012|07/30/1979|3890|VA004576
JOHN|WILSON|john.wilson92@hotmail.com|344-738-4846|2191 Washington St|Madison|tx|76645|1957-10-04|6414|VA004577
MARK|THOMAS|mark.thomas48@yahoo.com|+12638655805|5332 Cedar Ln|Salem|AR|75286|12-Apr-1964|9151|VA004578
MICHAEL|THOMAS|michael.thomas22@outlook.com|540.558.1521|8138 Lake Rd|Franklin|Tex.|64835-6643|01-07-1988|6509|VA004579
WILLIAM|MARTIN|william.martin59@icloud.com|(641) 606-3834|3294 Jefferson Dr|Franklin|SD|18510|07/01/1975|1701|VA004580
ROBERT|WILLIAMS||8932959008|1580 Park Blvd|Clinton|or|60492|1977-06-18|7600|VA004581
ROBERT|HILL|robert.hill79@gmail.com|632-823-9890|6084 Washington St|Fairview|North Carolina|27372-1832|20-Nov-1982|2434|VA004582
MICHAEL|BROWN||+14043025800|9369 Valley Ln|Arlington|ID|59963|04-12-1956|9282|VA004583
LISA|HARRIS|lisa.harris40@gmail.com|241.683.2420|7514 Jefferson Dr|Arlington|SD|28075|11/10/2003|6424|VA004584
WILLIAM|SMITH|william.smith75@yahoo.com|(902) 991-8729|480 Maple Dr|Oxford|az|73513-3516|1973-06-06|5188|VA004585
KAREN|WILLIAMS|karen.williams13@gmail.com|8319587672|5908 Valley Ln|Marion|MD|96985|25-Jan-1968|6239|VA004586
JOHN|MILLER|john.miller24@outlook.com|710-556-5624|2523 Lake Rd|Greenville|WA|80752|01-02-1940|4108|VA004587
ROBERT|ALLEN|robert.allen64@hotmail.com|+14349217699|408 Maple Dr|Oxford|NC|68134-9536|07/24/1986|9000|VA004588
JAMES|BROWN|james.brown1@yahoo.com|763.559.3965|9065 Valley Ln|Fairview|ct|99433|1975-12-23|6933|VA004589
CHRISTOPHER|THOMPSON|christopher.thompson63@hotmail.com|(242) 930-3565|5969 Washington St|Georgetown|ID|79772|03-May-1964|1519|VA004590
LISA|WALKER|lisa.walker37@gmail.com|3339562206|9088 Oak Ave|Madison|UT|44850-7993|10-02-1993|2599|VA004591
SARAH|MILLER|sarah.miller80@icloud.com|361-224-3997|2767 Main St|Arlington|MN|77987|01/13/1968|8135|VA004592
JOHN|NELSON|john.nelson37@yahoo.com|+16765413895|3038 Forest Ave|Salem|de|25283|2003-01-17|4171|VA004593
MARK|ADAMS||770.436.7488|2788 Cedar Ln|Marion|MD|49589-9037|16-Feb-1984|6708|VA004594
JAMES|YOUNG|james.young44@hotmail.com|(756) 284-9972|6968 Forest Ave|Madison|MO|42105|08-24-1943|1830|VA004595
MARGARET|TORRES|margaret.torres15@outlook.com|9925103667|9912 Main St|Burlington|MO|27023|06/07/1992|9752|VA004596
BETTY|YOUNG|betty.young26@outlook.com|800-473-5476|9036 Jefferson Dr|Georgetown|ga|88041-3814|1943-09-10|1310|VA004597
CHARLES|HARRIS||+16196621419|6746 Sunset Blvd|Arlington|OK|39385|07-Aug-1959|6384|VA004598
SANDRA|WILLIAMS|sandra.williams27@icloud.com|388.497.1793|6019 River Dr|Burlington|CO|14198|09-03-1963|4714|VA004599
JOHN|ANDERSON|john.anderson86@aol.com|(638) 463-5523|8697 Jefferson Dr|Manchester|HI|83872-1928|11/12/1978|2299|VA004600
NANCY|ANDERSON|nancy.anderson83@yahoo.com|9137562288|95 Oak Ave|Arlington|co|45861|1962-08-08|4241|VA004601
RICHARD|MARTIN|richard.martin34@gmail.com|671-994-9028|6416 River Dr|Marion|WA|71863|18-Dec-1954|3890|VA004602
SARAH|SMITH|sarah.smith28@icloud.com|+15539398890|9352 Forest Ave|Greenville|IN|10755-8915|03-05-1968|1094|VA004603
JAMES|WRIGHT|james.wright25@yahoo.com|906.658.1031|723 Jefferson Dr|Oxford|NV|83261|01/24/2003|9004|VA004604
NANCY|DAVIS|nancy.davis33@hotmail.com|(731) 758-6141|80 Lincoln Ave|Fairview|ut|26936|1995-10-01|5790|VA004605
MARK|HALL|mark.hall3@yahoo.com|2628133383|3822 Cedar Ln|Madison|WA|64173-3615|02-Dec-1989|5443|VA004606
SANDRA|HALL|sandra.hall94@icloud.com|366-904-4753|1987 Jefferson Dr|Springfield|NJ|76140|10-30-1965|7687|VA004607
JENNIFER|WRIGHT|jennifer.wright72@gmail.com|+17482776079|4439 Hill Rd|Salem|AR|40775|10/17/1957|9444|VA004608
WILLIAM|JOHNSON|william.johnson31@aol.com|918.922.3494|4002 Maple Dr|Fairview|md|21983-6375|1967-11-18|2549|VA004609
ANTHONY|ALLEN|anthony.allen24@yahoo.com|(669) 206-9668|6084 Oak Ave|Manchester|DE|86564|22-Mar-1947|5338|VA004610
BARBARA|YOUNG|barbara.young70@hotmail.com|2899484096|9247 Cedar Ln|Springfield|UT|92925|04-15-1999|4046|VA004611
THOMAS|WILLIAMS|thomas.williams37@icloud.com|357-479-5267|1904 River Dr|Georgetown|NC|60162-1840|02/14/1962|6017|VA004612
MARGARET|WILLIAMS|margaret.williams85@outlook.com|+18168109976|8049 Main St|Clinton|hi|87410|1940-12-30|8125|VA004613
BETTY|TAYLOR|betty.taylor5@aol.com|615.228.2908|1990 Oak Ave|Fairview|SD|18856|03-Aug-1969|3990|VA004614
BARBARA|ALLEN|barbara.allen84@outlook.com|(641) 383-6180|3122 Sunset Blvd|Manchester|SD|79947-7703|10-21-1965|8440|VA004615
BARBARA|WRIGHT|barbara.wright94@icloud.com|5822113316|2020 Main St|Springfield|OR|88204|05/10/1975|9800|VA004616
JENNIFER|MILLER|jennifer.miller10@outlook.com|720-972-6887|8061 Main St|Manchester|mi|63743|1961-01-23|2093|VA004617
JOHN|THOMPSON|john.thompson29@gmail.com|+16232997186|3582 Main St|Salem|RI|60325-4395|27-Jul-1995|7443|VA004618
MICHAEL|WRIGHT|michael.wright32@gmail.com|593.639.1325|6359 Maple Dr|Georgetown|New.|76973|06-24-1988|7475|VA004619
JESSICA|WALKER|jessica.walker36@aol.com|(560) 230-7618|190 Valley Ln|Dayton|WV|53570|12/28/1984|1569|VA004620
MATTHEW|WILLIAMS|matthew.williams11@yahoo.com|4507228317|254 Lincoln Ave|Oxford|oh|77530-5116|1981-02-05|1137|VA004621
MARGARET|HARRIS|margaret.harris24@icloud.com|288-484-3372|7325 Main St|Dayton|Texas|70570|23-Oct-1996|5135|VA004622
MARY|BROWN|mary.brown62@aol.com|+17466831718|6578 River Dr|Georgetown|Mic.|97407|01-12-1955|9994|VA004623
DAVID|JONES|david.jones94@gmail.com|709.845.3192|1731 Oak Ave|Richmond|OK|32848-6992|12/16/1987|2137|VA004624
MICHAEL|NGUYEN||(530) 603-5031|9823 Jefferson Dr|Greenville|il|85278|1990-12-12|6946|VA004625
MATTHEW|TAYLOR|matthew.taylor62@icloud.com|9158931688|7709 Oak Ave|Burlington|New York|41531|19-Aug-1941|3994|VA004626
JOHN|SMITH|john.smith94@aol.com|675-859-3747|6160 Valley Ln|Dayton|AK|56017-9023|05-24-1995|6037|VA004627
PATRICIA|WRIGHT|patricia.wright65@hotmail.com|+15186024144|3928 Oak Ave|Richmond|AK|87231|03/10/1988|8974|VA004628
DAVID|WRIGHT|david.wright90@icloud.com|597.616.1369|43 River Dr|Madison|id|98488|1992-01-18|3806|VA004629
JENNIFER|JACKSON|jennifer.jackson73@icloud.com|(770) 312-1889|4431 Valley Ln|Dayton|NV|44649-2522|06-May-1978|9219|VA004630
MATTHEW|WHITE|matthew.white97@outlook.com|6429558710|2546 Sunset Blvd|Fairview|Ill.|38339|06-07-2001|8116|VA004631
RICHARD|YOUNG|richard.young12@outlook.com|956-514-5294|8064 Washington St|Springfield|NM|42964|11/03/1993|6441|VA004632
BARBARA|NGUYEN|barbara.nguyen74@hotmail.com|+13332555600|148 Hill Rd|Dayton|wy|54179-2510|1958-09-09|8365|VA004633
JOHN|ADAMS|john.adams90@aol.com|526.729.2845|2324 Cedar Ln|Burlington|SD|76929|16-Nov-2000|7419|VA004634
SARAH|GARCIA|sarah.garcia16@gmail.com|(581) 796-2303|5732 Washington St|Salem|OR|76707|07-18-1947|7113|VA004635
MARY|HILL|mary.hill96@outlook.com|8317116098|2417 Hill Rd|Oxford|AK|61163-1964|08/23/1975|1535|VA004636
LINDA|ALLEN|linda.allen96@gmail.com|952-300-4651|8690 Oak Ave|Richmond|ar|52302|1946-07-15|5067|VA004637
LINDA|WRIGHT|linda.wright44@yahoo.com|+14842357428|529 River Dr|Clinton|SC|31050|04-Oct-1959|8153|VA004638
THOMAS|WILLIAMS|thomas.williams26@gmail.com|931.895.2065|8681 Cedar Ln|Dayton|Flo.|74146-9126|03-24-1966|6648|VA004639
MATTHEW|HARRIS|matthew.harris22@icloud.com|(692) 748-5339|3102 Forest Ave|Marion|UT|83198|03/15/1982|3622|VA004640
DANIEL|HALL|daniel.hall88@gmail.com|5304852712|355 Hill Rd|Dayton|or|34003|1986-05-27|4080|VA004641
NANCY|WILSON|nancy.wilson32@outlook.com|804-308-4635|683 River Dr|Oxford|TN|91443-4821|06-Mar-1993|5084|VA004642
SANDRA|WRIGHT|sandra.wright13@hotmail.com|+15277373663|8448 Maple Dr|Oxford|Geo.|89245|10-15-1951|9240|VA004643
THOMAS|BROWN||567.357.5883|5255 Main St|Fairview|MA|69460|09/18/1997|9768|VA004644
NANCY|HILL|nancy.hill85@gmail.com|(582) 783-7689|3864 Forest Ave|Marion|co|39191-4240|1950-08-07|2027|VA004645
WILLIAM|THOMAS|william.thomas60@icloud.com|4889338395|5376 Main St|Greenville|MT|26063|02-Mar-1999|6869|VA004646
DAVID|KING|david.king62@gmail.com|301-332-5230|2770 Sunset Blvd|Madison|Tex.|43697|04-13-1977|3651|VA004647
MARGARET|WHITE|margaret.white22@yahoo.com|+12397567162|1032 Sunset Blvd|Springfield|FL|23169-2972|04/26/1961|1342|VA004648
LISA|SCOTT|lisa.scott73@icloud.com|355.869.4036|2483 Washington St|Springfield|hi|50469|1946-03-13|9188|VA004649
WILLIAM|WALKER|william.walker98@hotmail.com|(414) 776-8671|3111 Lincoln Ave|Madison|MS|22654|21-Jun-1957|6680|VA004650
JENNIFER|KING|jennifer.king68@gmail.com|6656954190|6009 Hill Rd|Madison|WA|64423-5734|10-28-1996|8736|VA004651
JOSEPH|DAVIS|joseph.davis56@aol.com|993-868-4067|8213 Jefferson Dr|Salem|MO|55117|04/23/1980|6896|VA004652
JENNIFER|GARCIA|jennifer.garcia62@hotmail.com|+17248012219|7361 Main St|Manchester|va|44646|2004-09-06|7003|VA004653
ANTHONY|WILLIAMS|anthony.williams26@yahoo.com|422.231.4018|1418 Lake Rd|Richmond|New York|93693-7032|27-Jan-1958|7214|VA004654
MARK|WILLIAMS|mark.williams96@outlook.com|(534) 746-8336|3604 Jefferson Dr|Madison|RI|62283|02-05-1964|7223|VA004655
MATTHEW|MILLER|matthew.miller69@icloud.com|9464921069|9618 Sunset Blvd|Burlington|LA|35099|10/03/1943|9296|VA004656
CHARLES|ALLEN|charles.allen96@icloud.com|562-714-5798|8502 Cedar Ln|Springfield|al|46045-2778|1941-09-10|4744|VA004657
PATRICIA|DAVIS|patricia.davis25@hotmail.com|+14949649096|6260 Maple Dr|Clinton|IN|88654|04-May-1959|5636|VA004658
CHRISTOPHER|BAKER|christopher.baker71@yahoo.com|355.723.5987|6128 Cedar Ln|Madison|WI|38128|10-24-1993|9571|VA004659
DANIEL|JACKSON|daniel.jackson30@aol.com|(605) 928-9752|8015 Hill Rd|Richmond|NC|49024-7274|10/27/1955|1259|VA004660
MARGARET|TAYLOR|margaret.taylor16@hotmail.com|8094011997|5247 Valley Ln|Manchester|co|20913|1976-08-03|1261|VA004661
CHARLES|NELSON|charles.nelson41@hotmail.com|220-234-6145|4207 Cedar Ln|Georgetown|HI|73747|17-Jan-2002|3385|VA004662
ASHLEY|YOUNG|ashley.young20@aol.com|+16019353770|3814 Park Blvd|Georgetown|NM|64758-1662|06-09-1961|3386|VA004663
JAMES|TAYLOR|james.taylor80@icloud.com|402.867.9769|8086 Sunset Blvd|Burlington|NV|61791|02/22/1982|5954|VA004664
SUSAN|WILSON||(647) 363-2436|8157 Park Blvd|Manchester|oh|78770|1948-02-21|1347|VA004665
BETTY|WILLIAMS||2338987657|8516 Forest Ave|Richmond|MO|19222-5497|02-Jun-1977|5260|VA004666
BARBARA|JONES|barbara.jones92@icloud.com|369-888-4606|5672 Sunset Blvd|Georgetown|WA|64852|06-09-1966|7625|VA004667
NANCY|THOMPSON|nancy.thompson50@aol.com|+16955393540|7577 Jefferson Dr|Marion|NY|19272|09/06/1983|2483|VA004668
LISA|TORRES|lisa.torres36@yahoo.com|527.333.4021|5775 River Dr|Oxford|ks|58551-1619|1948-05-31|8195|VA004669
ASHLEY|SCOTT|ashley.scott79@outlook.com|(690) 322-2355|9412 River Dr|Franklin|ME|15070|08-Dec-2003|1801|VA004670
BARBARA|NELSON|barbara.nelson34@aol.com|6514159794|6395 River Dr|Clinton|Cal.|64364|10-02-1942|2243|VA004671
KAREN|BROWN|karen.brown17@hotmail.com|678-221-7759|7382 Main St|Salem|NY|91235-3744|02/10/2003|4054|VA004672
BARBARA|WRIGHT|barbara.wright89@gmail.com|+18054096605|4914 Washington St|Franklin|mn|92621|1983-03-22|8293|VA004673
MICHAEL|BAKER|michael.baker8@yahoo.com|233.667.1828|5905 Washington St|Fairview|LA|58280|24-Aug-1981|9275|VA004674
JESSICA|WILLIAMS|jessica.williams69@hotmail.com|(864) 536-6237|2039 River Dr|Clinton|VT|63483-7168|06-14-1991|4538|VA004675
ANTHONY|KING|anthony.king57@aol.com|4813454115|2192 Forest Ave|Salem|CT|48716|03/09/1942|5726|VA004676
JESSICA|NELSON|jessica.nelson46@yahoo.com|680-608-8128|1794 Park Blvd|Franklin|ok|17176|1947-12-19|4910|VA004677
LISA|ANDERSON|lisa.anderson20@hotmail.com|+12629339573|9295 Forest Ave|Georgetown|NH|42082-1949|20-Jul-1989|9763|VA004678
SARAH|WHITE|sarah.white18@aol.com|304.469.5246|4434 Forest Ave|Franklin|ND|85892|08-16-1960|6193|VA004679
JESSICA|YOUNG|jessica.young81@icloud.com|(495) 909-9181|8729 Washington St|Salem|MN|81677|04/09/1986|6624|VA004680
MARGARET|HALL|margaret.hall84@aol.com|5325606197|14 Maple Dr|Clinton|ri|47374-6093|1972-12-16|1225|VA004681
SUSAN|KING||598-448-8844|4009 Oak Ave|Richmond|TN|25039|09-Sep-1987|1908|VA004682
DAVID|HILL|david.hill5@hotmail.com|+17158394042|3904 Sunset Blvd|Richmond|AL|37422|06-20-1977|1212|VA004683
SANDRA|YOUNG|sandra.young3@outlook.com|967.758.2867|2267 Lake Rd|Dayton|FL|76243-3216|10/06/1981|7242|VA004684
SANDRA|ANDERSON|sandra.anderson87@aol.com|(891) 942-8147|9158 Maple Dr|Greenville|wa|22426|1947-01-04|1459|VA004685
MARK|KING||3725998773|9766 Valley Ln|Fairview|MA|70692|23-Oct-1942|2815|VA004686
PATRICIA|MILLER|patricia.miller76@gmail.com|623-911-9807|5275 Cedar Ln|Marion|Ohi.|29099-4190|12-12-1984|1699|VA004687
BETTY|GARCIA|betty.garcia8@aol.com|+19063037582|5089 Forest Ave|Marion|MO|12170|05/17/1964|6890|VA004688
THOMAS|WILSON|thomas.wilson78@aol.com|278.352.1227|8078 River Dr|Clinton|mi|83656|1995-12-12|6022|VA004689
DANIEL|THOMAS||(322) 528-6109|4237 Park Blvd|Oxford|Michigan|34434-1828|25-Dec-1993|4778|VA004690
JESSICA|ALLEN|jessica.allen23@gmail.com|3988924168|1563 Cedar Ln|Burlington|KY|95531|01-04-1976|3239|VA004691
ANTHONY|HARRIS|anthony.harris71@aol.com|396-622-4048|8497 Valley Ln|Clinton|SD|85426|09/23/1974|5284|VA004692
SUSAN|TORRES||+17923942869|4021 Oak Ave|Marion|tx|45214-6436|1949-08-31|8472|VA004693
RICHARD|TORRES|richard.torres86@outlook.com|514.894.6036|6772 Valley Ln|Salem|AZ|73928|09-Apr-1950|2835|VA004694
BARBARA|JACKSON|barbara.jackson80@gmail.com|(618) 342-8316|3712 Sunset Blvd|Springfield|OK|36482|04-19-2001|2453|VA004695
THOMAS|HARRIS|thomas.harris92@icloud.com|2565079215|1772 Oak Ave|Fairview|WV|95725-7342|08/25/1972|4201|VA004696
NANCY|WALKER|nancy.walker13@icloud.com|952-943-1804|9197 River Dr|Richmond|nm|50099|1992-06-22|2683|VA004697
MICHAEL|YOUNG|michael.young51@icloud.com|+16124683582|7486 River Dr|Richmond|AL|63966|04-Jun-1955|1449|VA004698
JESSICA|MILLER|jessica.miller17@hotmail.com|511.992.2574|1458 Maple Dr|Arlington|MA|96563-2594|08-20-1971|4146|VA004699
MICHAEL|JONES|michael.jones95@yahoo.com|(684) 209-3893|6907 Forest Ave|Greenville|SD|77765|11/27/1987|6172|VA004700
CHRISTOPHER|TAYLOR|christopher.taylor92@aol.com|4216641947|3994 Park Blvd|Madison|wa|72970|1961-06-04|7634|VA004701
MARGARET|HALL|margaret.hall42@hotmail.com|877-448-6817|1410 Lake Rd|Springfield|DE|24889-2881|27-May-2003|4288|VA004702
ROBERT|WILLIAMS|robert.williams25@gmail.com|+18564413569|8677 Valley Ln|Madison|AL|22494|07-05-1954|2663|VA004703
PATRICIA|ALLEN|patricia.allen89@outlook.com|937.976.8853|7586 Oak Ave|Manchester|AK|78726|07/30/1975|7463|VA004704
CHRISTOPHER|WILLIAMS|christopher.williams20@hotmail.com|(291) 927-4862|364 Cedar Ln|Marion|pa|72617-1316|1979-11-08|4702|VA004705
LINDA|BROWN|linda.brown10@icloud.com|8887938430|4162 Main St|Salem|NJ|94262|03-Mar-1998|9131|VA004706
MATTHEW|MARTIN|matthew.martin78@icloud.com|742-969-7967|3941 Cedar Ln|Marion|MO|10971|08-31-1990|5253|VA004707
JOSEPH|THOMAS|joseph.thomas86@yahoo.com|+15297107732|121 Lake Rd|Madison|AR|21374-2579|05/25/1973|1351|VA004708
LISA|WILLIAMS|lisa.williams88@icloud.com|275.680.5891|6196 Jefferson Dr|Oxford|az|30856|1992-03-20|9698|VA004709
RICHARD|KING|richard.king59@outlook.com|(911) 511-8560|6065 River Dr|Richmond|TN|61748|17-Jul-1972|8503|VA004710
PATRICIA|TAYLOR|patricia.taylor18@aol.com|9966969871|4590 Forest Ave|Georgetown|SC|10973-3107|11-23-1964|5229|VA004711
PATRICIA|DAVIS|patricia.davis23@hotmail.com|671-579-1312|4239 Oak Ave|Greenville|HI|65255|04/12/1975|6012|VA004712
MARK|DAVIS|mark.davis80@hotmail.com|+18936023096|7297 Maple Dr|Marion|nv|54448|1949-05-13|9850|VA004713
THOMAS|NELSON|thomas.nelson55@hotmail.com|506.650.9008|8076 Forest Ave|Clinton|AR|37292-9192|09-Aug-2004|6676|VA004714
DAVID|YOUNG|david.young47@icloud.com|(448) 482-2270|1585 Valley Ln|Manchester|DE|63104|01-23-1943|3336|VA004715
MARGARET|BROWN|margaret.brown82@hotmail.com|9203172721|1659 Washington St|Clinton|AR|69808|08/21/1975|3926|VA004716
RICHARD|NELSON|richard.nelson49@yahoo.com|384-263-6582|6878 Jefferson Dr|Richmond|wi|24621-4307|1971-10-19|9224|VA004717
LISA|WRIGHT|lisa.wright26@outlook.com|+16946103189|824 Hill Rd|Salem|ID|61422|02-Oct-1985|5784|VA004718
BETTY|DAVIS|betty.davis59@aol.com|504.424.8464|646 Lincoln Ave|Franklin|UT|19640|07-10-1985|1751|VA004719
DANIEL|ADAMS|daniel.adams84@gmail.com|(653) 509-3845|4363 Lake Rd|Madison|OK|39680-4390|03/05/1965|2219|VA004720
BETTY|JOHNSON|betty.johnson90@icloud.com|4024406247|6895 Jefferson Dr|Dayton|in|59989|1993-09-03|4289|VA004721
PATRICIA|JONES|patricia.jones59@icloud.com|506-524-3239|7940 Washington St|Franklin|WY|89635|13-Feb-1959|8145|VA004722
SARAH|MARTIN|sarah.martin71@icloud.com|+19795482962|533 Lincoln Ave|Richmond|SD|51558-2826|01-27-1962|6112|VA004723
WILLIAM|YOUNG|william.young87@hotmail.com|337.342.1964|6993 Maple Dr|Manchester|AK|48367|11/28/1979|8353|VA004724
DANIEL|SMITH|daniel.smith60@outlook.com|(649) 253-8023|4217 Park Blvd|Richmond|al|88318|1958-10-26|1487|VA004725
SUSAN|MARTIN|susan.martin34@outlook.com|2054871346|3838 Hill Rd|Clinton|Florida|15328-4707|03-Aug-1947|3335|VA004726
SUSAN|BAKER|susan.baker94@hotmail.com|615-265-6298|7706 Maple Dr|Franklin|WI|73216|08-02-1986|5368|VA004727
JOSEPH|WRIGHT|joseph.wright82@icloud.com|+16806538057|3322 Oak Ave|Oxford|OR|47367|12/30/1976|8260|VA004728
THOMAS|WALKER|thomas.walker16@icloud.com|544.305.8082|233 Main St|Marion|al|43384-1437|1965-06-29|4336|VA004729
ANTHONY|HARRIS|anthony.harris86@yahoo.com|(840) 811-5988|4944 Hill Rd|Salem|AK|25664|16-Nov-1951|9833|VA004730
CHARLES|ADAMS|charles.adams20@yahoo.com|6819613295|8642 Washington St|Madison|NM|63939|10-27-2004|6526|VA004731
JOHN|MILLER|john.miller7@outlook.com|862-331-3261|9693 Main St|Arlington|CO|22804-1136|05/12/1957|7261|VA004732
MARGARET|ALLEN||+17333635277|5299 Main St|Dayton|nd|25260|1963-09-11|8055|VA004733
ASHLEY|DAVIS|ashley.davis7@hotmail.com|870.725.6441|5636 Jefferson Dr|Clinton|New York|42282|28-Sep-1993|6921|VA004734
MARGARET|BROWN||(707) 681-4448|935 Main St|Clinton|WY|29832-3637|10-17-2000|7957|VA004735
LISA|WALKER|lisa.walker71@gmail.com|7657793106|3655 Lincoln Ave|Richmond|NM|19366|05/15/1945|5224|VA004736
JENNIFER|NELSON||528-674-7210|542 Main St|Dayton|nm|88506|1969-06-19|1327|VA004737
MARY|SCOTT|mary.scott51@gmail.com|+13942505535|8589 Maple Dr|Franklin|AL|28173-2607|27-Aug-1959|7258|VA004738
MICHAEL|SMITH|michael.smith27@yahoo.com|427.908.9489|8605 Sunset Blvd|Manchester|KS|23584|05-04-1999|7333|VA004739
MARK|ALLEN||(906) 642-6918|622 Park Blvd|Dayton|SD|91337|07/28/1957|9615|VA004740
SUSAN|THOMPSON|susan.thompson94@outlook.com|2556733604|2438 Hill Rd|Marion|me|85789-5254|1991-09-24|4265|VA004741
DAVID|WALKER||616-806-3505|2836 Hill Rd|Richmond|Illinois|88661|18-Jun-1959|9411|VA004742
LISA|GARCIA|lisa.garcia66@outlook.com|+14833124597|5638 Sunset Blvd|Clinton|NM|88999|03-15-1976|6086|VA004743
JAMES|WILSON||719.800.4281|9982 Washington St|Madison|HI|44881-8078|09/09/1950|9582|VA004744
NANCY|KING|nancy.king21@aol.com|(982) 563-5216|3556 Washington St|Springfield|in|64512|1945-08-29|2221|VA004745
KAREN|SCOTT|karen.scott62@hotmail.com|4866052060|6084 Jefferson Dr|Madison|Ohio|99265|16-Jun-1978|7075|VA004746
JAMES|THOMPSON|james.thompson67@yahoo.com|418-212-6236|467 Park Blvd|Clinton|IN|61621-6389|02-04-1944|6802|VA004747
JOSEPH|ADAMS|joseph.adams1@yahoo.com|+14275459058|1350 Forest Ave|Salem|GA|64067|11/04/1973|2589|VA004748
KAREN|WALKER|karen.walker83@hotmail.com|922.733.1990|4952 Park Blvd|Oxford|wy|54534|1956-04-26|7731|VA004749
CHRISTOPHER|MARTIN|christopher.martin74@gmail.com|(872) 498-1447|4700 Forest Ave|Franklin|Florida|76269-2552|23-Nov-1946|5552|VA004750
JOSEPH|BROWN|joseph.brown42@yahoo.com|3094213842|5999 Valley Ln|Arlington|IN|64982|09-09-1982|9593|VA004751
SUSAN|GARCIA|susan.garcia91@hotmail.com|488-649-8624|9065 Jefferson Dr|Madison|AR|37552|10/23/1950|8691|VA004752
DANIEL|THOMPSON|daniel.thompson69@gmail.com|+17149343015|700 Park Blvd|Georgetown|ar|27777-5926|1966-11-08|4476|VA004753
JESSICA|ADAMS|jessica.adams55@aol.com|594.771.8720|5007 Main St|Fairview|IN|10188|22-Oct-1962|7124|VA004754
MARY|BROWN||(358) 304-2436|6834 Main St|Georgetown|CO|22516|12-02-1994|1022|VA004755
BETTY|WILSON|betty.wilson1@yahoo.com|9488662624|117 Hill Rd|Salem|ND|67627-3604|03/04/1940|5655|VA004756
WILLIAM|ADAMS|william.adams89@yahoo.com|265-916-5802|8237 Washington St|Marion|ma|21457|1964-04-01|6561|VA004757
DAVID|BROWN|david.brown36@yahoo.com|+18708281273|5451 Jefferson Dr|Dayton|MA|32179|24-Aug-1992|7000|VA004758
BETTY|MARTIN|betty.martin26@aol.com|938.357.1717|2095 Cedar Ln|Clinton|OK|43099-7295|04-09-1990|6690|VA004759
DAVID|WILLIAMS|david.williams96@gmail.com|(761) 608-5301|1394 River Dr|Marion|NV|27088|02/06/1952|8879|VA004760
MATTHEW|WILLIAMS|matthew.williams14@hotmail.com|2618466451|6955 Main St|Oxford|ms|23915|1946-11-29|6152|VA004761
ROBERT|TAYLOR||822-400-4551|3435 Lake Rd|Dayton|SC|89878-1987|16-Mar-1959|6106|VA004762
SANDRA|YOUNG|sandra.young30@icloud.com|+17789818504|8199 Forest Ave|Georgetown|WA|71267|12-08-1983|3355|VA004763
LISA|GARCIA||394.717.3768|9486 River Dr|Fairview|MS|50984|01/08/2003|4796|VA004764
WILLIAM|WILSON|william.wilson65@hotmail.com|(746) 423-4698|2730 River Dr|Oxford|in|93545-4460|1959-08-29|2193|VA004765
JENNIFER|BROWN|jennifer.brown9@outlook.com|4793828248|2504 Jefferson Dr|Franklin|CO|47944|29-Mar-1990|3755|VA004766
CHRISTOPHER|WILLIAMS|christopher.williams86@icloud.com|577-874-3798|5952 Park Blvd|Greenville|Cal.|93635|10-30-1978|2476|VA004767
SANDRA|HARRIS|sandra.harris15@aol.com|+18562484224|6395 Cedar Ln|Salem|NV|20930-7369|04/30/1958|4277|VA004768
PATRICIA|GARCIA|patricia.garcia76@yahoo.com|939.912.9680|610 Oak Ave|Fairview|nv|73865|1967-10-26|1962|VA004769
JESSICA|MILLER|jessica.miller51@aol.com|(912) 832-3553|5117 Lincoln Ave|Dayton|IN|58767|24-Jul-1991|2416|VA004770
MICHAEL|BAKER||9907156921|8244 Maple Dr|Burlington|MN|85700-3433|11-19-1952|9546|VA004771
PATRICIA|SMITH|patricia.smith91@gmail.com|505-961-5942|3636 Sunset Blvd|Clinton|AR|54756|11/30/1941|6779|VA004772
THOMAS|MARTIN|thomas.martin98@icloud.com|+19172207652|7902 Forest Ave|Clinton|ct|95281|1943-11-24|7922|VA004773
THOMAS|HILL||875.524.9688|1543 Park Blvd|Franklin|AK|80632-7454|12-May-2002|9984|VA004774
ANTHONY|WALKER|anthony.walker71@outlook.com|(913) 432-6478|5195 Jefferson Dr|Richmond|OR|94862|10-08-2000|7862|VA004775
DANIEL|MILLER|daniel.miller25@hotmail.com|4875647148|5753 Sunset Blvd|Arlington|WI|62897|10/30/2004|6616|VA004776
JOHN|WILSON|john.wilson88@hotmail.com|357-247-3485|209 Forest Ave|Clinton|mn|73883-1416|1991-06-18|8054|VA004777
JOSEPH|HALL|joseph.hall23@gmail.com|+13384724256|2287 Washington St|Madison|RI|26170|08-Jun-1995|4892|VA004778
SARAH|MILLER||499.352.2433|2147 Lake Rd|Marion|Ohi.|71203|07-31-1944|7643|VA004779
JOHN|SCOTT|john.scott12@outlook.com|(985) 545-1324|8034 Sunset Blvd|Oxford|NE|40925-3797|03/12/1947|4684|VA004780
PATRICIA|YOUNG|patricia.young51@icloud.com|2302616052|7999 Lake Rd|Oxford|wi|35174|1946-11-26|7359|VA004781
MARK|WILSON|mark.wilson61@gmail.com|977-235-5766|2314 Sunset Blvd|Richmond|Michigan|91547|14-Jan-1993|1279|VA004782
MARK|HALL|mark.hall40@yahoo.com|+17383478012|8145 Hill Rd|Greenville|OK|30845-9046|07-20-1979|6779|VA004783
CHRISTOPHER|ADAMS||298.201.9573|7424 Park Blvd|Marion|MA|41901|03/12/1947|6563|VA004784
MICHAEL|YOUNG|michael.young94@hotmail.com|(421) 771-4837|2556 Washington St|Richmond|mt|31140|1951-06-09|6526|VA004785
BETTY|NGUYEN|betty.nguyen95@gmail.com|6076424746|5208 Park Blvd|Marion|RI|23990-9833|18-Mar-2003|1379|VA004786
LINDA|THOMPSON||540-663-4675|3061 Oak Ave|Fairview|MO|68141|01-19-1990|7305|VA004787
CHARLES|NGUYEN|charles.nguyen9@yahoo.com|+16663492870|3452 Maple Dr|Greenville|PA|69667|12/16/2003|3673|VA004788
CHRISTOPHER|BAKER|christopher.baker91@yahoo.com|645.380.9548|4426 Valley Ln|Manchester|oh|73372-7059|1981-09-14|8136|VA004789
WILLIAM|WHITE|william.white18@gmail.com|(536) 695-3399|4728 Hill Rd|Oxford|Michigan|59924|13-May-2004|7445|VA004790
JAMES|TAYLOR|james.taylor95@aol.com|6559873866|3930 Park Blvd|Arlington|CO|13689|01-24-2000|3499|VA004791
THOMAS|HARRIS|thomas.harris95@aol.com|794-463-8715|8038 Cedar Ln|Madison|DE|32188-3521|04/21/2003|7330|VA004792
MARGARET|JONES|margaret.jones91@icloud.com|+16953834037|2420 Oak Ave|Manchester|ma|55653|1961-05-12|3392|VA004793
JAMES|MILLER|james.miller20@icloud.com|714.260.8885|1152 Main St|Springfield|Georgia|43432|11-May-1968|9611|VA004794
JESSICA|BROWN|jessica.brown90@outlook.com|(941) 712-6945|2326 Valley Ln|Clinton|NV|43321-7206|10-23-1958|7731|VA004795
MARK|ALLEN|mark.allen32@outlook.com|2985071032|6427 Lincoln Ave|Springfield|ME|49440|05/24/1971|6703|VA004796
MARGARET|SMITH|margaret.smith83@icloud.com|567-334-6732|6282 Park Blvd|Madison|ma|64147|1969-05-12|3522|VA004797
ROBERT|HILL||+17104999568|6379 Main St|Greenville|MN|63319-9312|02-Nov-1960|8783|VA004798
CHARLES|HALL||248.997.1483|2874 Park Blvd|Franklin|UT|69134|11-14-1942|4521|VA004799
JOSEPH|ALLEN|joseph.allen34@aol.com|(264) 977-1126|2125 Park Blvd|Fairview|PA|20916|02/04/1955|2914|VA004800
JOSEPH|HARRIS|joseph.harris64@gmail.com|2864848604|2198 Washington St|Clinton|nc|26966-3515|1949-01-08|2723|VA004801
LINDA|WHITE|linda.white82@icloud.com|684-840-4973|4534 Sunset Blvd|Oxford|OK|93489|29-Jan-1996|6906|VA004802
CHRISTOPHER|BROWN|christopher.brown76@hotmail.com|+13139404724|6542 Park Blvd|Madison|UT|68382|03-25-1982|3634|VA004803
MARGARET|GARCIA|margaret.garcia2@yahoo.com|875.780.1515|1921 Lake Rd|Georgetown|NM|90478-9503|10/29/1993|9953|VA004804
WILLIAM|ALLEN|william.allen2@hotmail.com|(598) 439-6948|7132 Oak Ave|Oxford|ne|95426|1972-03-08|3074|VA004805
JOHN|HALL|john.hall59@aol.com|8232566067|2878 Oak Ave|Springfield|VA|27984|07-Dec-2002|1185|VA004806
WILLIAM|WILSON|william.wilson96@icloud.com|325-282-8102|6646 River Dr|Springfield|New.|76323-5734|09-25-1943|7844|VA004807
DAVID|SCOTT|david.scott8@hotmail.com|+14139478114|6446 Park Blvd|Greenville|NH|74295|07/16/1964|3645|VA004808
ASHLEY|GARCIA|ashley.garcia99@aol.com|615.698.2046|4320 Lake Rd|Greenville|nh|39873|1951-09-21|7833|VA004809
ANTHONY|WILSON|anthony.wilson82@yahoo.com|(705) 679-3210|3061 Oak Ave|Madison|LA|50895-5084|22-Apr-2001|4346|VA004810
JAMES|ANDERSON|james.anderson53@yahoo.com|2492301724|8288 Valley Ln|Oxford|CT|32750|09-09-1997|6638|VA004811
ROBERT|ALLEN|robert.allen5@aol.com|329-296-9348|4583 Valley Ln|Georgetown|TN|80065|10/21/1998|1609|VA004812
LINDA|NELSON|linda.nelson43@aol.com|+16648533640|3489 Hill Rd|Manchester|tn|98926-1310|1947-11-28|5848|VA004813
CHRISTOPHER|YOUNG|christopher.young2@icloud.com|273.425.7313|2860 River Dr|Dayton|AR|76678|24-Sep-1965|7542|VA004814
PATRICIA|HALL|patricia.hall7@gmail.com|(282) 420-7772|5141 Oak Ave|Greenville|ID|11096|09-09-1945|7900|VA004815
MATTHEW|ANDERSON|matthew.anderson71@aol.com|5072779672|2594 Lincoln Ave|Greenville|NJ|81255-9556|09/04/1953|5362|VA004816
JENNIFER|SMITH|jennifer.smith72@icloud.com|258-555-8809|2423 Oak Ave|Dayton|mn|18573|2004-06-28|5523|VA004817
SUSAN|WHITE|susan.white64@gmail.com|+12854923494|9934 Park Blvd|Fairview|AK|15248|05-Aug-1942|5011|VA004818
LISA|ALLEN|lisa.allen7@hotmail.com|688.328.6997|2954 Maple Dr|Franklin|Mic.|85167-9462|04-19-1982|7539|VA004819
BETTY|WRIGHT|betty.wright13@icloud.com|(783) 223-8788|6705 Hill Rd|Greenville|LA|31251|12/04/1980|4772|VA004820
CHARLES|NELSON|charles.nelson26@hotmail.com|9635773002|7407 Cedar Ln|Oxford|hi|26716|1952-04-30|4621|VA004821
SARAH|JONES|sarah.jones85@icloud.com|806-583-9732|7684 River Dr|Springfield|UT|19051-5706|16-Sep-2002|3625|VA004822
MATTHEW|SCOTT|matthew.scott73@icloud.com|+17943957103|3241 Hill Rd|Madison|OR|65032|06-24-1947|3853|VA004823
ROBERT|ALLEN|robert.allen51@hotmail.com|743.552.5052|3308 Washington St|Madison|MD|95555|07/05/1948|3974|VA004824
LINDA|JONES|linda.jones97@aol.com|(930) 655-6216|1529 Washington St|Springfield|sd|64118-3407|1952-04-29|6331|VA004825
BARBARA|JOHNSON|barbara.johnson79@outlook.com|2633731292|6798 Cedar Ln|Arlington|LA|77768|26-Mar-1958|3768|VA004826
CHARLES|THOMPSON|charles.thompson36@hotmail.com|977-217-6490|6701 River Dr|Richmond|VA|85577|07-28-1960|8937|VA004827
THOMAS|KING|thomas.king61@icloud.com|+16019106353|4835 River Dr|Richmond|MI|60213-5414|12/18/1967|7721|VA004828
LISA|HARRIS|lisa.harris33@hotmail.com|850.739.2201|9617 Lincoln Ave|Salem|oh|72180|1999-02-21|6655|VA004829
ROBERT|JACKSON||(426) 971-5385|4125 Washington St|Manchester|AZ|39641|26-Aug-1947|2324|VA004830
DAVID|JONES|david.jones58@hotmail.com|7123837791|6349 Oak Ave|Richmond|NE|26560-8221|12-06-1955|7037|VA004831
NANCY|MILLER|nancy.miller14@aol.com|559-571-6191|6518 Lincoln Ave|Burlington|AR|56725|08/17/1969|9681|VA004832
ANTHONY|MARTIN|anthony.martin42@outlook.com|+12956973565|6195 Oak Ave|Richmond|in|45218|1984-12-07|7816|VA004833
DAVID|JACKSON|david.jackson95@aol.com|244.452.2210|2150 River Dr|Salem|California|44036-8433|22-Apr-1952|2771|VA004834
JESSICA|JACKSON|jessica.jackson37@icloud.com|(204) 532-4838|2929 Park Blvd|Greenville|SD|95449|03-21-1950|7748|VA004835
JENNIFER|TORRES||4306813517|5696 Maple Dr|Oxford|VA|78800|09/02/1994|2222|VA004836
LISA|WHITE|lisa.white31@icloud.com|574-857-3693|6206 Jefferson Dr|Manchester|ms|68083-8393|1949-11-15|5139|VA004837
CHRISTOPHER|WILSON|christopher.wilson56@yahoo.com|+18704695845|6469 Hill Rd|Springfield|HI|41230|04-Feb-1966|1410|VA004838
CHRISTOPHER|ANDERSON||740.777.3709|6965 Cedar Ln|Manchester|Tex.|85377|10-24-1976|6346|VA004839
JESSICA|SMITH|jessica.smith86@aol.com|(835) 959-2945|4451 Maple Dr|Georgetown|NE|50320-4017|05/12/1972|6040|VA004840
BARBARA|KING|barbara.king79@hotmail.com|2103567207|9558 Lincoln Ave|Springfield|ok|84101|1973-08-24|5395|VA004841
THOMAS|HILL|thomas.hill18@yahoo.com|766-231-2276|9924 Sunset Blvd|Clinton|Michigan|65276|30-May-2003|2638|VA004842
CHRISTOPHER|ADAMS|christopher.adams86@outlook.com|+16835864414|9696 Washington St|Georgetown|WI|39217-2396|09-08-1995|9325|VA004843
PATRICIA|JACKSON|patricia.jackson25@hotmail.com|245.925.8144|28 Hill Rd|Arlington|OH|97900|09/04/1957|6967|VA004844
MARGARET|SMITH|margaret.smith30@hotmail.com|(688) 551-4927|4954 Jefferson Dr|Clinton|ct|57266|1970-01-06|7432|VA004845
PATRICIA|HARRIS||4345797388|2252 Park Blvd|Manchester|HI|23343-3427|01-Mar-1960|3420|VA004846
SARAH|KING||394-866-5412|9358 Oak Ave|Madison|CT|12164|08-16-2000|6672|VA004847
LISA|ADAMS|lisa.adams52@hotmail.com|+12394343891|4522 Park Blvd|Burlington|NY|56566|02/05/2002|2920|VA004848
LISA|SMITH||619.367.8060|8525 Hill Rd|Burlington|tx|96777-9507|1985-07-14|8077|VA004849
BARBARA|WALKER|barbara.walker64@outlook.com|(554) 503-5947|1126 Forest Ave|Salem|NH|58414|01-Apr-1988|3282|VA004850
ASHLEY|HILL|ashley.hill47@gmail.com|6616708740|8453 Sunset Blvd|Franklin|NE|99088|12-27-1952|4908|VA004851
DANIEL|ADAMS|daniel.adams31@outlook.com|530-784-3539|3862 Washington St|Oxford|OH|24569-4856|10/25/1986|3746|VA004852
CHRISTOPHER|ANDERSON|christopher.anderson19@hotmail.com|+16828823420|3095 River Dr|Oxford|me|92176|1969-11-14|9469|VA004853
WILLIAM|WHITE|william.white74@hotmail.com|234.238.8917|6039 Oak Ave|Oxford|NM|20494|29-Sep-1952|9624|VA004854
MARGARET|YOUNG|margaret.young68@hotmail.com|(997) 768-9307|4190 Forest Ave|Salem|OR|85037-9772|07-04-1961|1320|VA004855
SARAH|WHITE|sarah.white81@yahoo.com|6944309906|7629 Maple Dr|Madison|OK|81090|06/18/1976|4122|VA004856
MATTHEW|MARTIN|matthew.martin65@yahoo.com|807-305-6630|8775 Sunset Blvd|Arlington|ms|52298|1951-03-16|2266|VA004857
LINDA|NGUYEN|linda.nguyen17@outlook.com|+12625195285|3917 Maple Dr|Salem|VT|48338-6067|20-Jul-1942|3621|VA004858
LISA|HARRIS|lisa.harris89@yahoo.com|563.575.5393|800 Lincoln Ave|Springfield|HI|36062|02-01-1985|2993|VA004859
JOHN|ANDERSON|john.anderson49@aol.com|(635) 714-4714|9140 Jefferson Dr|Richmond|MA|89255|10/11/1942|2289|VA004860
THOMAS|WILLIAMS|thomas.williams23@aol.com|7638956113|5242 Jefferson Dr|Clinton|nj|35576-5376|1963-03-03|6976|VA004861
KAREN|JACKSON|karen.jackson31@aol.com|810-813-4667|8186 Jefferson Dr|Madison|WY|59956|04-Feb-1940|8640|VA004862
DANIEL|NELSON|daniel.nelson79@icloud.com|+18488679207|4570 River Dr|Salem|NE|18932|10-01-1981|1314|VA004863
SARAH|NGUYEN||891.702.9837|9376 Forest Ave|Salem|OK|30487-3560|06/16/1985|1913|VA004864
ANTHONY|HILL|anthony.hill34@aol.com|(401) 209-1867|3753 Hill Rd|Dayton|hi|90840|2004-07-17|7044|VA004865
THOMAS|THOMAS|thomas.thomas65@aol.com|4943812806|8807 Park Blvd|Burlington|CO|60069|21-Oct-1993|9122|VA004866
LISA|ADAMS||548-702-2482|395 River Dr|Springfield|MN|61622-5353|03-19-1961|8075|VA004867
SUSAN|HILL|susan.hill4@icloud.com|+15495892594|7015 Lake Rd|Georgetown|NE|56041|01/23/1945|5001|VA004868
WILLIAM|JOHNSON|william.johnson73@icloud.com|420.389.5768|2431 Park Blvd|Manchester|il|92135|1942-11-12|1400|VA004869
LISA|BROWN|lisa.brown31@hotmail.com|(837) 430-7535|8900 Jefferson Dr|Clinton|AL|31219-8074|09-Feb-1989|4151|VA004870
CHARLES|WHITE|charles.white50@yahoo.com|7806829820|5083 Oak Ave|Clinton|SD|94337|05-12-1976|1057|VA004871
ROBERT|WILSON|robert.wilson94@icloud.com|614-857-4614|4301 Hill Rd|Georgetown|ME|87698|11/20/1980|6585|VA004872
LISA|BROWN|lisa.brown74@hotmail.com|+12505741830|7298 Oak Ave|Franklin|de|76631-8585|1974-11-29|5540|VA004873
SANDRA|ALLEN|sandra.allen7@aol.com|858.596.5749|9961 Hill Rd|Georgetown|AR|12655|24-Apr-1995|4998|VA004874
BARBARA|JOHNSON|barbara.johnson32@aol.com|(979) 795-8819|7607 Oak Ave|Marion|AR|51793|11-13-1996|2196|VA004875
ANTHONY|WALKER||3462738227|9566 Forest Ave|Burlington|OH|89849-5772|03/29/1999|2212|VA004876
PATRICIA|WILLIAMS|patricia.williams25@hotmail.com|706-215-2936|6534 Lincoln Ave|Manchester|ms|42924|1950-10-18|9584|VA004877
ANTHONY|HALL|anthony.hall14@yahoo.com|+17993639814|4664 River Dr|Dayton|NJ|23055|28-Jun-1958|3896|VA004878
JOSEPH|TAYLOR|joseph.taylor35@gmail.com|987.708.3756|3589 Park Blvd|Georgetown|NV|53940-2209|08-13-1957|9208|VA004879
RICHARD|ALLEN|richard.allen2@gmail.com|(451) 848-5085|781 Sunset Blvd|Fairview|GA|41310|05/05/1952|5971|VA004880
JAMES|NGUYEN|james.nguyen30@aol.com|2574426586|7105 Washington St|Springfield|fl|79565|1971-11-25|7714|VA004881
SANDRA|NELSON|sandra.nelson53@yahoo.com|606-567-9814|5451 Valley Ln|Richmond|MO|29340-5936|24-Mar-1999|6405|VA004882
MICHAEL|NGUYEN|michael.nguyen38@yahoo.com|+17568101001|8041 Washington St|Marion|Cal.|93223|06-27-1977|3440|VA004883
BARBARA|YOUNG|barbara.young61@aol.com|644.907.4144|8299 Jefferson Dr|Manchester|ID|22777|09/15/1948|1765|VA004884
WILLIAM|ADAMS|william.adams75@yahoo.com|(468) 590-6797|4290 Oak Ave|Georgetown|ca|76111-2531|1946-12-20|3368|VA004885
LISA|HALL|lisa.hall76@outlook.com|2445077111|6579 Washington St|Oxford|California|61612|20-Apr-1977|6463|VA004886
WILLIAM|NGUYEN|william.nguyen73@icloud.com|368-455-8502|6508 Lincoln Ave|Springfield|CO|75208|02-04-1995|6010|VA004887
JOSEPH|ANDERSON|joseph.anderson84@aol.com|+17647154094|6641 Valley Ln|Arlington|MN|48028-6386|05/14/2000|3417|VA004888
KAREN|HARRIS|karen.harris86@icloud.com|868.399.1349|8652 Oak Ave|Marion|il|63407|1961-06-04|3639|VA004889
CHARLES|WRIGHT|charles.wright54@icloud.com|(627) 773-8673|8106 Cedar Ln|Georgetown|New York|46035|21-Mar-1969|5074|VA004890
NANCY|HARRIS|nancy.harris48@outlook.com|9812783255|8675 Lake Rd|Clinton|MA|95139-9273|01-01-1965|5089|VA004891
ASHLEY|NELSON|ashley.nelson42@yahoo.com|647-326-9171|2103 Sunset Blvd|Burlington|HI|57915|06/08/1992|6556|VA004892
PATRICIA|MILLER||+18965359439|2762 Lake Rd|Springfield|oh|48217|1959-02-04|5565|VA004893
ANTHONY|WILSON|anthony.wilson63@outlook.com|800.453.3791|920 Hill Rd|Richmond|Florida|81177-9326|29-Dec-2001|5990|VA004894
MARK|TAYLOR||(662) 821-7052|5930 Valley Ln|Marion|SD|89419|06-03-1990|4922|VA004895
PATRICIA|ANDERSON|patricia.anderson55@gmail.com|2027425390|3287 Lincoln Ave|Richmond|HI|42044|04/06/1999|2821|VA004896
MATTHEW|GARCIA|matthew.garcia8@yahoo.com|785-848-1685|1149 River Dr|Burlington|wi|62495-6967|1973-01-17|2728|VA004897
JOSEPH|SMITH||+19043268485|5036 Oak Ave|Franklin|WY|79365|13-Jun-1950|3214|VA004898
CHRISTOPHER|SCOTT|christopher.scott85@outlook.com|864.560.4523|3399 Lincoln Ave|Salem|Ill.|76170|02-25-2004|4779|VA004899
SUSAN|ALLEN|susan.allen60@outlook.com|(679) 754-2979|670 River Dr|Springfield|TN|50606-2309|09/14/1955|8152|VA004900
NANCY|WILSON||9157518079|5168 Forest Ave|Greenville|ia|66570|1966-04-20|1055|VA004901
ASHLEY|BAKER|ashley.baker38@outlook.com|381-519-8778|8732 River Dr|Dayton|WA|35692|03-Feb-1972|8209|VA004902
LINDA|WRIGHT|linda.wright56@outlook.com|+14836835890|2357 Maple Dr|Georgetown|WY|44474-7374|12-18-1959|4860|VA004903
SUSAN|NELSON|susan.nelson84@hotmail.com|479.327.7029|7160 River Dr|Burlington|NH|60678|06/01/1970|4060|VA004904
PATRICIA|NGUYEN|patricia.nguyen45@aol.com|(692) 598-9528|6551 Lincoln Ave|Oxford|wa|43683|1974-01-31|2073|VA004905
BETTY|NGUYEN|betty.nguyen80@outlook.com|3815427700|3361 Valley Ln|Salem|WA|53426-4892|08-Nov-1980|7938|VA004906
CHRISTOPHER|YOUNG|christopher.young87@yahoo.com|868-383-4554|7952 Valley Ln|Clinton|HI|71672|01-05-1965|3452|VA004907
RICHARD|SMITH|richard.smith97@icloud.com|+15247942881|9937 Hill Rd|Franklin|NH|49064|06/26/1983|4798|VA004908
CHARLES|HALL||835.509.5152|8486 Lake Rd|Salem|nc|25253-8442|1973-03-30|8223|VA004909
SUSAN|SCOTT|susan.scott14@gmail.com|(451) 631-4123|205 Lake Rd|Clinton|RI|53654|08-Jun-1998|7802|VA004910
WILLIAM|NELSON|william.nelson12@aol.com|4033169961|7559 Cedar Ln|Greenville|IA|35180|04-22-1969|2668|VA004911
RICHARD|BROWN|richard.brown2@yahoo.com|990-488-5075|8621 Cedar Ln|Manchester|TX|17790-8972|06/20/1942|1490|VA004912
PATRICIA|NGUYEN|patricia.nguyen61@outlook.com|+17395295583|6091 Cedar Ln|Oxford|wv|95053|1942-10-24|6675|VA004913
DAVID|MILLER|david.miller61@gmail.com|333.716.7583|6692 River Dr|Marion|NV|79866|06-Feb-1973|9836|VA004914
MICHAEL|HARRIS|michael.harris40@aol.com|(219) 880-1312|3277 Sunset Blvd|Georgetown|MD|55756-2220|02-23-1966|8348|VA004915
RICHARD|NELSON|richard.nelson46@icloud.com|7903867374|6794 Hill Rd|Clinton|MO|94469|06/10/1986|1386|VA004916
SANDRA|YOUNG|sandra.young18@yahoo.com|302-575-7410|3779 Lincoln Ave|Madison|il|89294|2003-12-01|8965|VA004917
DANIEL|JOHNSON||+18306714874|5054 Maple Dr|Manchester|California|41206-6484|02-Nov-1955|1941|VA004918
MICHAEL|NELSON|michael.nelson48@hotmail.com|302.438.2535|386 Lincoln Ave|Fairview|SD|84512|04-25-1988|8018|VA004919
WILLIAM|BROWN||(571) 817-6496|460 Cedar Ln|Madison|HI|80984|07/20/1949|2070|VA004920
ASHLEY|GARCIA|ashley.garcia79@outlook.com|9794635229|4937 Sunset Blvd|Marion|la|42546-8352|1996-07-02|8032|VA004921
JOHN|THOMAS|john.thomas67@outlook.com|510-329-4309|2270 Hill Rd|Franklin|Florida|78560|23-Dec-1956|2708|VA004922
SARAH|HALL|sarah.hall98@yahoo.com|+17613864684|4530 Valley Ln|Marion|Nor.|60055|03-25-1949|9023|VA004923
JENNIFER|MARTIN||693.994.3926|5671 Main St|Salem|MO|29983-8663|08/03/1957|4738|VA004924
SARAH|WRIGHT|sarah.wright16@outlook.com|(700) 763-9119|2088 Lake Rd|Manchester|wi|62412|1985-01-08|7370|VA004925
SARAH|MARTIN|sarah.martin24@hotmail.com|9909633887|4210 Maple Dr|Salem|North Carolina|50880|24-Jan-2002|2181|VA004926
DANIEL|JOHNSON|daniel.johnson94@yahoo.com|599-824-1516|4193 Lake Rd|Arlington|Ohi.|12426-3091|07-04-2003|2347|VA004927
JENNIFER|TAYLOR|jennifer.taylor78@icloud.com|+19525605920|7160 Washington St|Springfield|NH|20891|02/04/1945|7809|VA004928
ROBERT|HILL|robert.hill34@aol.com|845.893.8909|6035 Maple Dr|Richmond|md|37404|1977-08-26|2555|VA004929
CHRISTOPHER|NGUYEN|christopher.nguyen5@outlook.com|(518) 710-1758|8727 Hill Rd|Salem|AZ|43412-5849|05-Feb-1966|2337|VA004930
PATRICIA|ALLEN|patricia.allen3@yahoo.com|5365028293|6375 Main St|Dayton|VT|33219|02-02-1955|1389|VA004931
BARBARA|WALKER|barbara.walker62@gmail.com|414-880-3103|338 Park Blvd|Fairview|TN|50814|08/06/1999|9119|VA004932
JOSEPH|WILLIAMS||+12747015195|1952 Cedar Ln|Georgetown|vt|94929-3848|1953-11-26|8335|VA004933
JESSICA|WRIGHT|jessica.wright53@outlook.com|605.981.3183|6417 Main St|Marion|SC|54234|23-Mar-2002|6404|VA004934
DANIEL|HALL|daniel.hall98@icloud.com|(990) 444-5250|1640 Sunset Blvd|Georgetown|DE|50601|01-26-1950|2040|VA004935
MARGARET|JONES||2794326940|9627 Washington St|Marion|AL|47060-9010|04/23/1957|4432|VA004936
CHRISTOPHER|WHITE|christopher.white37@aol.com|815-677-4293|3305 Washington St|Fairview|ar|50168|1966-08-28|5692|VA004937
JESSICA|ALLEN|jessica.allen56@outlook.com|+14964888961|1354 Lincoln Ave|Clinton|KS|90951|05-Sep-1953|9376|VA004938
JESSICA|MARTIN||515.846.3598|5548 Sunset Blvd|Madison|UT|91065-8442|06-27-1978|2996|VA004939
PATRICIA|JOHNSON|patricia.johnson17@gmail.com|(695) 424-4411|4737 Forest Ave|Franklin|CO|50031|08/17/1950|9064|VA004940
DAVID|NGUYEN|david.nguyen99@icloud.com|4423073850|6293 Lincoln Ave|Clinton|ca|18116|1994-11-23|5103|VA004941
LISA|JONES|lisa.jones2@hotmail.com|622-268-3639|1645 Valley Ln|Dayton|SD|83785-6747|14-Nov-1991|8873|VA004942
NANCY|GARCIA|nancy.garcia37@gmail.com|+12266019290|6572 Jefferson Dr|Clinton|CO|78783|10-30-1965|9207|VA004943
SARAH|THOMPSON||722.982.1414|7862 Maple Dr|Fairview|KY|53065|01/19/1996|8971|VA004944
ROBERT|MILLER|robert.miller14@aol.com|(581) 787-3461|1217 Sunset Blvd|Greenville|wa|87715-6671|1952-06-12|9576|VA004945
CHRISTOPHER|HILL||2906524312|5906 Maple Dr|Georgetown|Georgia|69610|23-Sep-1964|9401|VA004946
SARAH|JONES|sarah.jones44@aol.com|479-962-1101|3163 Forest Ave|Clinton|KY|86598|10-25-1966|2304|VA004947
MATTHEW|JOHNSON|matthew.johnson69@gmail.com|+17916365271|1524 Hill Rd|Clinton|KS|62318-1694|05/21/1980|4335|VA004948
MARY|NELSON|mary.nelson4@aol.com|770.860.5624|2908 Jefferson Dr|Richmond|nm|93312|1967-05-03|6305|VA004949
ANTHONY|NELSON|anthony.nelson2@icloud.com|(837) 638-7798|1166 River Dr|Clinton|ND|96334|13-Mar-1983|1523|VA004950
LISA|DAVIS|lisa.davis19@icloud.com|5978962351|7956 Lincoln Ave|Madison|UT|44050-5166|08-31-1951|9232|VA004951
ANTHONY|BAKER|anthony.baker57@outlook.com|545-975-7221|8927 Hill Rd|Burlington|UT|65237|12/23/1958|8988|VA004952
LISA|JOHNSON||+17917668908|3530 Hill Rd|Salem|mn|26948|1964-11-23|4687|VA004953
JESSICA|THOMAS|jessica.thomas96@icloud.com|276.246.3334|3804 Sunset Blvd|Salem|MT|21011-9365|05-Dec-1992|1116|VA004954
LISA|HALL|lisa.hall45@icloud.com|(244) 733-1625|7109 River Dr|Springfield|IA|64471|11-23-1960|5352|VA004955
ROBERT|MILLER|robert.miller49@aol.com|2453257312|333 River Dr|Springfield|IA|54437|08/27/1974|6336|VA004956
ANTHONY|GARCIA|anthony.garcia91@aol.com|294-217-9983|5789 Main St|Richmond|az|14176-2740|1993-10-17|2601|VA004957
JESSICA|WILSON|jessica.wilson55@outlook.com|+15866068228|4188 Valley Ln|Burlington|CO|38801|27-Feb-1967|9362|VA004958
MARK|WALKER||641.814.5634|7927 Cedar Ln|Madison|OK|86446|12-29-1958|1274|VA004959
MARGARET|WRIGHT||(857) 955-4039|8803 Park Blvd|Marion|AK|82139-2097|01/25/1982|5148|VA004960
THOMAS|WILLIAMS|thomas.williams74@outlook.com|4652723054|811 Hill Rd|Georgetown|de|48583|1943-10-15|8224|VA004961
LISA|WALKER|lisa.walker45@gmail.com|964-447-9753|2379 Main St|Manchester|AL|34012|09-Feb-1987|6105|VA004962
JAMES|ADAMS||+19255913390|451 Valley Ln|Dayton|TN|22356-2395|12-25-2002|6280|VA004963
LISA|YOUNG|lisa.young51@yahoo.com|826.452.9073|9472 River Dr|Burlington|LA|57501|04/01/1976|6030|VA004964
JESSICA|NELSON|jessica.nelson49@icloud.com|(837) 511-2161|9925 Valley Ln|Salem|oh|52085|2002-03-29|2871|VA004965
CHRISTOPHER|SMITH|christopher.smith96@icloud.com|4463749380|8957 Cedar Ln|Salem|NM|48015-4329|19-Dec-1965|2638|VA004966
RICHARD|TORRES|richard.torres27@outlook.com|468-287-8972|8012 Oak Ave|Madison|ND|38384|05-03-1998|1435|VA004967
DANIEL|MARTIN|daniel.martin16@yahoo.com|+12165918877|6025 Park Blvd|Springfield|MN|42805|12/19/1986|6983|VA004968
ASHLEY|JONES||398.354.3601|8496 Jefferson Dr|Burlington|wv|13380-1900|1947-02-06|3742|VA004969
BARBARA|WRIGHT|barbara.wright90@aol.com|(910) 832-9252|7891 River Dr|Springfield|WV|51276|17-Mar-1997|6286|VA004970
KAREN|WHITE|karen.white4@hotmail.com|4982014608|6377 Park Blvd|Greenville|OR|97612|12-05-1963|3133|VA004971
ASHLEY|MARTIN||338-285-3736|5994 Forest Ave|Oxford|OH|87077-7548|09/23/1978|2279|VA004972
SANDRA|ADAMS|sandra.adams14@gmail.com|+13884849301|7416 Oak Ave|Georgetown|mi|59997|1961-10-27|9527|VA004973
JENNIFER|ALLEN|jennifer.allen88@yahoo.com|450.373.1613|4681 Oak Ave|Madison|Michigan|89801|08-Oct-1948|1354|VA004974
ASHLEY|HILL|ashley.hill52@gmail.com|(975) 667-2139|9495 Cedar Ln|Arlington|MD|10367-2727|12-18-1941|3818|VA004975
LINDA|MARTIN|linda.martin43@hotmail.com|2595193236|3984 Washington St|Salem|OR|63632|01/16/1996|6226|VA004976
LINDA|YOUNG|linda.young39@hotmail.com|276-260-9109|2927 Forest Ave|Georgetown|wy|13386|1986-09-29|3404|VA004977
SANDRA|NGUYEN|sandra.nguyen43@gmail.com|+18596519519|2834 Forest Ave|Springfield|NJ|56202-4993|07-May-1966|5239|VA004978
JAMES|ANDERSON|james.anderson47@icloud.com|629.343.2519|8956 Cedar Ln|Richmond|NM|85268|04-13-1963|8287|VA004979
JESSICA|WILLIAMS|jessica.williams98@gmail.com|(519) 700-5716|662 Park Blvd|Burlington|HI|65174|07/15/1950|1611|VA004980
CHARLES|BROWN|charles.brown95@hotmail.com|6246392264|6688 Lincoln Ave|Clinton|wa|70177-1602|2001-07-27|7167|VA004981
ASHLEY|MILLER|ashley.miller41@hotmail.com|261-421-5801|2893 Jefferson Dr|Richmond|KY|78883|02-Feb-2001|9410|VA004982
JENNIFER|DAVIS|jennifer.davis17@aol.com|+13632815724|935 Lake Rd|Arlington|VT|10868|02-14-1986|5733|VA004983
JOSEPH|JONES|joseph.jones40@gmail.com|868.613.1944|5550 Lincoln Ave|Springfield|OK|46941-1772|03/12/1953|8429|VA004984
MARGARET|JONES|margaret.jones79@icloud.com|(932) 291-6220|5749 Hill Rd|Dayton|nd|38795|1960-11-25|1773|VA004985
MARY|WALKER|mary.walker48@gmail.com|3335835356|9197 Maple Dr|Manchester|OR|95477|09-Feb-1982|5773|VA004986
BETTY|WHITE|betty.white49@aol.com|248-477-2251|51 Main St|Manchester|RI|21660-4437|07-14-1948|2784|VA004987
WILLIAM|JOHNSON|william.johnson28@gmail.com|+16227825456|8930 Maple Dr|Manchester|NM|26964|09/15/1999|2336|VA004988
LISA|THOMAS|lisa.thomas37@aol.com|762.782.6837|4655 Jefferson Dr|Richmond|az|93331|1997-09-04|7826|VA004989
DANIEL|THOMAS|daniel.thomas83@aol.com|(344) 703-5708|1802 River Dr|Manchester|CO|26358-5842|01-Nov-1945|8509|VA004990
LISA|TAYLOR|lisa.taylor92@hotmail.com|4485082264|5455 Jefferson Dr|Manchester|Flo.|76917|07-29-1948|5303|VA004991
MICHAEL|DAVIS|michael.davis72@hotmail.com|318-974-8430|6615 Forest Ave|Salem|TX|67092|06/10/1945|1153|VA004992
LINDA|WHITE|linda.white97@outlook.com|+19819979808|4910 Lake Rd|Oxford|ak|84393-2949|1942-11-21|3279|VA004993
CHARLES|GARCIA|charles.garcia12@icloud.com|252.254.1841|2863 Main St|Greenville|WV|59818|19-Jun-1947|7207|VA004994
SANDRA|ALLEN||(517) 445-1212|6651 Lincoln Ave|Dayton|SC|21605|03-20-1993|1982|VA004995
SUSAN|YOUNG|susan.young47@icloud.com|6958194774|7356 Lincoln Ave|Clinton|IA|84624-6287|03/29/1951|9808|VA004996
THOMAS|WALKER|thomas.walker17@yahoo.com|342-805-3890|9897 Sunset Blvd|Oxford|or|93038|1988-10-05|7788|VA004997
BARBARA|ADAMS|barbara.adams27@gmail.com|+19842852427|5241 River Dr|Manchester|SD|81031|02-Jul-1968|6114|VA004998
BARBARA|MILLER|barbara.miller28@yahoo.com|610.272.5713|6003 Lake Rd|Springfield|RI|32507-7148|02-09-1968|5530|VA004999
JOHN|DAVIS|john.davis27@icloud.com|(972) 678-8315|1529 Jefferson Dr|Georgetown|KY|23338|10/18/1945|1480|VA005000
MARK|ADAMS|mark.adams92@hotmail.com|5265192920|8841 Park Blvd|Springfield|wi|42590|1994-03-16|9944|VA005001
LISA|NELSON|lisa.nelson12@yahoo.com|860-520-9768|1139 Valley Ln|Fairview|NV|61035-5260|28-Nov-1991|5704|VA005002
RICHARD|GARCIA||+14433271166|1567 River Dr|Clinton|NV|87577|08-27-1973|7092|VA005003
BARBARA|BROWN|barbara.brown64@yahoo.com|823.404.5308|8572 Cedar Ln|Georgetown|VA|63707|07/01/1966|3627|VA005004
LISA|HILL|lisa.hill23@yahoo.com|(788) 664-3861|5374 Park Blvd|Springfield|de|48891-7937|1993-03-03|5076|VA005005
SUSAN|HALL|susan.hall63@icloud.com|5089546035|5836 Cedar Ln|Franklin|CT|13760|13-Nov-1953|1085|VA005006
BETTY|WALKER|betty.walker16@yahoo.com|675-336-9525|4058 Washington St|Fairview|MT|23690|08-26-1968|7956|VA005007
JESSICA|KING|jessica.king48@hotmail.com|+18584824665|6867 Sunset Blvd|Richmond|WY|73715-4344|11/20/1949|1813|VA005008
CHRISTOPHER|JONES||658.413.4199|6513 Oak Ave|Georgetown|ar|38869|1943-06-27|7807|VA005009
MATTHEW|SCOTT|matthew.scott23@hotmail.com|(963) 422-4825|981 Forest Ave|Fairview|LA|96594|13-May-1970|3450|VA005010
LISA|SMITH|lisa.smith28@icloud.com|9662109427|6458 Hill Rd|Arlington|MO|61415-4593|05-21-1945|6099|VA005011
MARY|TORRES|mary.torres40@aol.com|954-376-9516|1031 Oak Ave|Burlington|UT|80081|06/13/1954|8945|VA005012
CHRISTOPHER|JONES|christopher.jones23@hotmail.com|+12973602417|9092 Jefferson Dr|Springfield|ok|31420|1954-11-22|7654|VA005013
MICHAEL|THOMAS|michael.thomas99@hotmail.com|396.482.2522|7693 River Dr|Manchester|Michigan|18150-6308|07-Jan-1962|8044|VA005014
SUSAN|TORRES|susan.torres14@icloud.com|(351) 585-7997|2757 Main St|Franklin|MN|72111|02-12-1956|1859|VA005015
MARK|ALLEN|mark.allen72@gmail.com|8872103756|1989 Main St|Greenville|MN|21587|10/25/1986|6215|VA005016
MARY|DAVIS|mary.davis92@aol.com|489-909-2743|6234 Park Blvd|Burlington|wa|45673-5573|1963-04-27|4196|VA005017
MATTHEW|ALLEN||+13345217495|1421 Maple Dr|Marion|Florida|89768|08-Jan-1972|6353|VA005018
ROBERT|NELSON|robert.nelson57@hotmail.com|656.817.4159|1590 Park Blvd|Richmond|TN|49293|07-11-1962|5385|VA005019
JOSEPH|WILLIAMS||(537) 562-2636|2414 Main St|Madison|PA|93626-2900|11/28/1993|7046|VA005020
SUSAN|KING|susan.king45@icloud.com|7574929413|9273 Cedar Ln|Manchester|in|46796|1992-09-24|8392|VA005021
NANCY|BAKER|nancy.baker75@yahoo.com|368-441-2040|8036 Washington St|Marion|Pennsylvania|54950|15-Jan-2004|9562|VA005022
JENNIFER|SCOTT|jennifer.scott69@aol.com|+19273724499|9475 Forest Ave|Oxford|New.|10354-7323|05-17-1990|8214|VA005023
DAVID|DAVIS||990.237.3796|5310 Valley Ln|Springfield|ME|68809|05/18/1973|5813|VA005024
BETTY|DAVIS|betty.davis5@yahoo.com|(608) 222-7477|477 Cedar Ln|Fairview|ny|46163|1990-07-16|7563|VA005025
MICHAEL|YOUNG|michael.young13@gmail.com|4442712652|1191 Lake Rd|Georgetown|New York|93578-7500|28-Feb-1983|1888|VA005026
ROBERT|ADAMS|robert.adams35@outlook.com|279-260-6495|6356 Lincoln Ave|Salem|MS|55027|09-16-1958|4697|VA005027
THOMAS|HALL|thomas.hall78@icloud.com|+12445154710|5560 Main St|Burlington|KS|71656|10/15/1994|9209|VA005028
MARY|DAVIS|mary.davis96@aol.com|762.390.1502|4952 Sunset Blvd|Marion|nh|83769-4753|2004-04-10|4521|VA005029
MARGARET|NELSON|margaret.nelson3@gmail.com|(763) 935-3020|381 Lincoln Ave|Springfield|CT|43491|17-Dec-1955|9267|VA005030
JAMES|GARCIA|james.garcia33@gmail.com|3978201484|8782 Main St|Marion|Nor.|29968|05-28-1959|6978|VA005031
LISA|BAKER|lisa.baker83@gmail.com|419-359-5020|6058 Forest Ave|Georgetown|IN|79293-2253|07/07/1967|9237|VA005032
CHRISTOPHER|WHITE|christopher.white33@aol.com|+14704197786|3674 Maple Dr|Salem|az|58187|1976-11-17|2759|VA005033
LISA|NGUYEN|lisa.nguyen8@outlook.com|486.542.8581|882 Main St|Arlington|Georgia|46434|03-Aug-1975|3508|VA005034
RICHARD|ADAMS|richard.adams33@icloud.com|(357) 569-6362|4242 Cedar Ln|Oxford|UT|47078-7984|06-14-1946|8997|VA005035
ASHLEY|MARTIN||7372958977|819 Park Blvd|Dayton|NE|88708|03/09/1959|6710|VA005036
PATRICIA|MARTIN|patricia.martin1@aol.com|589-585-7941|3005 Maple Dr|Fairview|la|64452|1951-05-08|8389|VA005037
JENNIFER|ADAMS|jennifer.adams67@gmail.com|+14396262075|5518 Sunset Blvd|Burlington|SC|39123-8433|16-Oct-1975|6054|VA005038
WILLIAM|WILSON|william.wilson36@aol.com|920.911.9588|7252 Lincoln Ave|Oxford|MO|21708|10-19-1997|5111|VA005039
MARGARET|ADAMS|margaret.adams16@yahoo.com|(897) 494-6048|9350 Jefferson Dr|Greenville|RI|51017|01/30/1948|2034|VA005040
MARY|MARTIN|mary.martin21@icloud.com|3986675468|2209 Forest Ave|Manchester|md|29607-7062|1965-10-19|9191|VA005041
PATRICIA|WRIGHT|patricia.wright86@gmail.com|480-211-1916|2363 Hill Rd|Franklin|IN|26904|26-Jun-1957|5350|VA005042
LISA|THOMPSON|lisa.thompson35@outlook.com|+15133673587|9425 Hill Rd|Dayton|KS|94853|12-24-1968|7836|VA005043
MARY|BAKER|mary.baker44@aol.com|962.573.1020|3343 Sunset Blvd|Clinton|IN|99414-5638|03/14/1953|8044|VA005044
MARK|JACKSON|mark.jackson24@aol.com|(896) 907-8198|9054 Sunset Blvd|Georgetown|in|27960|1976-12-01|2832|VA005045
JAMES|WILSON|james.wilson46@aol.com|7192078715|1929 Jefferson Dr|Marion|NV|18835|07-Oct-1967|3150|VA005046
LISA|JACKSON|lisa.jackson41@outlook.com|958-284-4464|9962 Lake Rd|Arlington|OR|29376-1031|12-08-1950|2425|VA005047
RICHARD|BAKER|richard.baker29@aol.com|+15492176562|7530 Park Blvd|Burlington|GA|75822|12/25/1971|5075|VA005048
ROBERT|JACKSON|robert.jackson71@icloud.com|215.207.2989|1407 Cedar Ln|Salem|ar|83406|1943-08-12|9039|VA005049
LINDA|GARCIA|linda.garcia14@gmail.com|(839) 258-9392|2986 Valley Ln|Dayton|LA|23185-4831|24-Nov-1953|7244|VA005050
MARY|JONES|mary.jones62@outlook.com|4608527661|1732 Valley Ln|Dayton|Pen.|28060|12-15-1963|8993|VA005051
THOMAS|THOMPSON|thomas.thompson47@aol.com|941-305-7217|982 Washington St|Burlington|OH|33813|01/21/1982|4480|VA005052
KAREN|MILLER|karen.miller98@icloud.com|+14154664832|3037 Main St|Madison|ca|60537-2233|1961-05-26|3940|VA005053
MARGARET|SCOTT|margaret.scott70@gmail.com|855.625.6063|2620 Washington St|Franklin|AR|15508|18-Nov-2002|1867|VA005054
ROBERT|TAYLOR|robert.taylor9@yahoo.com|(860) 646-2089|772 Lincoln Ave|Greenville|CT|50863|09-11-1975|2710|VA005055
NANCY|WILSON|nancy.wilson70@icloud.com|9968321381|5603 Jefferson Dr|Burlington|NH|36508-9942|06/29/1998|2018|VA005056
ASHLEY|THOMPSON|ashley.thompson9@aol.com|320-461-7587|7337 River Dr|Dayton|ky|73660|1974-08-26|6492|VA005057
MARY|KING|mary.king88@aol.com|+15697125881|6144 Lincoln Ave|Oxford|AK|64448|22-Dec-1969|1855|VA005058
BARBARA|HALL||687.704.9841|6937 Lake Rd|Dayton|IN|82624-2491|01-07-1975|4856|VA005059
JOSEPH|WRIGHT|joseph.wright25@gmail.com|(635) 227-5933|3715 Valley Ln|Burlington|DE|38523|09/15/1975|9668|VA005060
SANDRA|ADAMS|sandra.adams69@outlook.com|6392078323|6609 Park Blvd|Madison|tn|97741|1951-05-23|1057|VA005061
ROBERT|BAKER|robert.baker39@aol.com|493-556-2702|4442 Forest Ave|Dayton|MS|44786-7609|25-Oct-2003|2251|VA005062
MATTHEW|JACKSON|matthew.jackson26@hotmail.com|+14728127467|2986 Maple Dr|Salem|Ohi.|71742|10-06-1974|2344|VA005063
MICHAEL|SCOTT|michael.scott28@outlook.com|969.726.1916|4258 Jefferson Dr|Salem|RI|95218|07/03/1985|3339|VA005064
JAMES|BAKER|james.baker86@hotmail.com|(877) 494-1150|7070 Washington St|Madison|wv|92414-8321|2000-03-07|7254|VA005065
KAREN|NELSON|karen.nelson87@icloud.com|6144203938|8409 River Dr|Greenville|VA|71739|02-Jul-1992|9413|VA005066
JOHN|TORRES|john.torres66@gmail.com|527-876-2711|8762 Hill Rd|Georgetown|NJ|55158|05-02-1980|8145|VA005067
ROBERT|WRIGHT|robert.wright54@yahoo.com|+17049534311|7642 Main St|Clinton|ND|57552-7883|08/21/1965|1342|VA005068
BETTY|HILL|betty.hill76@aol.com|819.580.4903|4522 Cedar Ln|Oxford|mo|21433|1949-07-17|3137|VA005069
BETTY|NELSON|betty.nelson27@yahoo.com|(221) 550-9666|7703 Jefferson Dr|Burlington|MS|65363|09-Nov-1956|9353|VA005070
NANCY|BAKER|nancy.baker56@icloud.com|6943923113|7941 Oak Ave|Arlington|ME|58831-7391|09-15-2000|1523|VA005071
ANTHONY|JOHNSON|anthony.johnson59@gmail.com|989-605-4765|5924 Sunset Blvd|Clinton|AL|83771|03/20/1982|1180|VA005072
ASHLEY|MILLER|ashley.miller50@outlook.com|+19264607369|2895 Washington St|Franklin|mn|92862|1991-05-06|6844|VA005073
SARAH|THOMAS|sarah.thomas68@yahoo.com|612.413.2948|7274 Jefferson Dr|Springfield|CT|37751-5329|20-Jan-1986|9933|VA005074
SARAH|YOUNG|sarah.young15@hotmail.com|(758) 633-8780|4037 Park Blvd|Arlington|Geo.|57578|08-20-1982|7025|VA005075
SANDRA|WILSON|sandra.wilson80@yahoo.com|5056215773|7282 Oak Ave|Greenville|CT|28728|10/20/1958|5051|VA005076
WILLIAM|HARRIS|william.harris79@icloud.com|203-403-8457|8972 Park Blvd|Manchester|la|20579-3968|1949-04-12|7889|VA005077
RICHARD|NGUYEN|richard.nguyen89@icloud.com|+12186615789|5595 Jefferson Dr|Clinton|HI|97728|26-Aug-1968|7179|VA005078
JENNIFER|WILLIAMS|jennifer.williams70@aol.com|475.845.5843|107 Cedar Ln|Dayton|UT|79233|07-06-1942|2744|VA005079
SANDRA|ALLEN|sandra.allen61@hotmail.com|(864) 375-8280|7782 Valley Ln|Salem|WI|51289-5100|02/13/1987|9453|VA005080
MATTHEW|TORRES|matthew.torres64@icloud.com|5162882840|9808 Sunset Blvd|Marion|mo|99663|1975-09-21|5468|VA005081
LISA|JOHNSON||263-927-5669|5423 Lake Rd|Oxford|ME|81751|10-Nov-1967|7816|VA005082
JOSEPH|WILLIAMS|joseph.williams77@hotmail.com|+17558777830|8304 River Dr|Franklin|KY|10500-2228|02-06-1995|7325|VA005083
MARY|BAKER|mary.baker93@hotmail.com|442.246.7645|1260 Oak Ave|Fairview|SC|12228|05/19/1940|5363|VA005084
JENNIFER|JACKSON|jennifer.jackson19@icloud.com|(570) 656-6872|6935 Valley Ln|Springfield|nh|82097|2000-05-22|3797|VA005085
SARAH|HALL|sarah.hall14@gmail.com|4937398326|6565 Jefferson Dr|Georgetown|NM|15357-6486|28-Dec-1968|5075|VA005086
MARK|THOMPSON|mark.thompson59@hotmail.com|274-315-4927|4915 Hill Rd|Manchester|NV|54497|06-09-1980|7861|VA005087
SARAH|TORRES|sarah.torres34@yahoo.com|+12509775633|7854 Cedar Ln|Richmond|AK|78644|06/23/1979|9897|VA005088
ANTHONY|HILL|anthony.hill56@icloud.com|975.860.4001|8682 Maple Dr|Greenville|ky|25846-3256|1988-01-18|5550|VA005089
MATTHEW|SCOTT|matthew.scott67@yahoo.com|(256) 508-9656|2039 Lincoln Ave|Burlington|AZ|84267|22-Apr-1961|1916|VA005090
THOMAS|JONES|thomas.jones63@gmail.com|2285827861|185 Maple Dr|Fairview|IA|89574|09-19-1985|1332|VA005091
JENNIFER|MARTIN|jennifer.martin33@aol.com|758-685-7868|1217 Main St|Richmond|AR|96206-9829|05/06/1968|5099|VA005092
CHARLES|HARRIS|charles.harris61@gmail.com|+18044241384|9549 Park Blvd|Arlington|oh|64091|1968-03-11|9868|VA005093
CHRISTOPHER|SMITH|christopher.smith35@icloud.com|645.766.4090|7218 Valley Ln|Greenville|Texas|55958|15-Mar-1992|5364|VA005094
PATRICIA|THOMAS|patricia.thomas63@aol.com|(730) 282-2967|9954 Cedar Ln|Springfield|WV|30773-7087|10-14-1993|9906|VA005095
BARBARA|MILLER|barbara.miller43@outlook.com|4717376305|5985 Maple Dr|Georgetown|NC|23680|02/18/1956|9256|VA005096
NANCY|JONES|nancy.jones43@hotmail.com|657-986-8405|8138 Forest Ave|Madison|ms|85290|1956-02-21|7061|VA005097
MARGARET|JOHNSON||+15627963255|7073 Forest Ave|Georgetown|VA|69421-9610|14-Mar-1961|2279|VA005098
JAMES|WILLIAMS|james.williams83@hotmail.com|271.545.6988|1080 Washington St|Springfield|WI|55594|11-26-1949|8224|VA005099
MARGARET|THOMAS|margaret.thomas21@gmail.com|(778) 387-4598|4357 River Dr|Georgetown|SD|46409|03/09/1946|4074|VA005100
JOHN|WALKER|john.walker92@outlook.com|2512513901|2261 Maple Dr|Clinton|ut|53373-5456|2003-11-13|7913|VA005101
MATTHEW|HARRIS|matthew.harris93@gmail.com|317-801-1308|363 Washington St|Clinton|Florida|50743|25-Jul-1960|7798|VA005102
MARY|THOMAS|mary.thomas60@aol.com|+17923993778|2289 Park Blvd|Franklin|Cal.|73773|03-11-1994|5553|VA005103
BETTY|ANDERSON|betty.anderson49@icloud.com|685.303.8406|5972 Jefferson Dr|Burlington|FL|49350-6263|05/19/2000|1747|VA005104
MARK|WILSON|mark.wilson95@aol.com|(400) 522-9453|7004 Hill Rd|Madison|nm|33760|1975-01-30|5000|VA005105
MICHAEL|GARCIA|michael.garcia97@yahoo.com|3666045861|9856 River Dr|Marion|SD|47408|31-Jul-1959|7988|VA005106
MARGARET|MARTIN||394-650-1786|7207 Main St|Franklin|AR|84183-6257|08-13-1973|6981|VA005107
MARGARET|WILLIAMS|margaret.williams40@aol.com|+13246055007|9953 Cedar Ln|Richmond|VA|43879|09/28/1964|8387|VA005108
MATTHEW|GARCIA||398.843.5118|8552 River Dr|Arlington|or|97357|1974-04-30|6624|VA005109
ANTHONY|DAVIS||(585) 379-3943|4310 Lake Rd|Oxford|NE|37034-1514|26-May-1979|3776|VA005110
PATRICIA|WHITE|patricia.white87@gmail.com|6976965246|3998 Cedar Ln|Manchester|VT|67733|06-09-1962|9361|VA005111
DANIEL|JONES|daniel.jones63@icloud.com|508-798-7216|6917 Park Blvd|Marion|CA|66765|07/26/1940|4569|VA005112
JOSEPH|TORRES|joseph.torres85@yahoo.com|+19118086050|2535 Sunset Blvd|Marion|ne|38398-6494|1969-10-18|9813|VA005113
SANDRA|GARCIA|sandra.garcia12@gmail.com|471.950.1466|9663 Oak Ave|Georgetown|MA|80005|09-Apr-1949|7570|VA005114
ANTHONY|TORRES|anthony.torres46@icloud.com|(303) 450-8449|9761 Forest Ave|Richmond|TN|92658|10-23-1975|8796|VA005115
RICHARD|GARCIA|richard.garcia33@hotmail.com|9315919037|8385 Washington St|Richmond|VT|22800-4689|12/09/1998|1407|VA005116
LINDA|SCOTT|linda.scott23@outlook.com|331-541-6344|1546 Main St|Oxford|ia|52424|1958-07-14|2616|VA005117
CHARLES|HARRIS|charles.harris56@icloud.com|+17217809576|5063 Lincoln Ave|Franklin|MD|74291|10-Oct-1965|8212|VA005118
ROBERT|NELSON|robert.nelson38@yahoo.com|840.956.1445|2302 Cedar Ln|Georgetown|KY|18971-1557|11-12-1974|8466|VA005119
DAVID|WALKER||(700) 302-4373|5505 Forest Ave|Marion|WI|97475|06/18/1970|3730|VA005120
ASHLEY|NGUYEN|ashley.nguyen48@aol.com|4718212571|2056 Sunset Blvd|Marion|id|60317|1967-10-26|4006|VA005121
CHARLES|KING|charles.king11@icloud.com|229-385-9243|2910 Valley Ln|Clinton|Illinois|76968-3305|24-Aug-2001|1074|VA005122
ROBERT|JOHNSON|robert.johnson86@aol.com|+15474751623|7171 Main St|Springfield|OK|44370|01-17-1948|6611|VA005123
MARK|ADAMS|mark.adams21@icloud.com|313.271.5270|6738 Cedar Ln|Richmond|UT|23026|11/16/1952|4714|VA005124
THOMAS|WILSON|thomas.wilson39@gmail.com|(993) 601-5338|8261 Sunset Blvd|Richmond|ks|80039-4766|1956-03-17|8101|VA005125
ROBERT|JOHNSON|robert.johnson1@gmail.com|3184641986|4471 Main St|Dayton|VT|48427|12-Oct-1945|8628|VA005126
ROBERT|SCOTT|robert.scott41@outlook.com|358-632-2152|6474 Main St|Madison|MT|48914|02-03-1962|1436|VA005127
SANDRA|WALKER|sandra.walker3@aol.com|+19185557770|5062 Oak Ave|Salem|MN|13069-3510|09/21/1965|8065|VA005128
THOMAS|DAVIS|thomas.davis15@yahoo.com|677.316.3473|3370 Maple Dr|Richmond|ut|66763|2002-12-18|9547|VA005129
PATRICIA|HALL|patricia.hall52@outlook.com|(545) 967-2317|7988 Forest Ave|Fairview|California|37030|27-Jun-1947|8551|VA005130
CHARLES|TAYLOR|charles.taylor53@gmail.com|9952484099|990 Cedar Ln|Salem|UT|12193-4857|06-02-1976|4452|VA005131
MARY|WALKER|mary.walker53@outlook.com|276-421-8574|265 Maple Dr|Manchester|WY|77022|11/26/1963|4552|VA005132
BETTY|TORRES|betty.torres8@gmail.com|+12263305009|2931 Cedar Ln|Arlington|wv|30719|2004-09-14|2983|VA005133
BARBARA|NGUYEN|barbara.nguyen29@outlook.com|552.231.4751|6008 Cedar Ln|Manchester|AZ|20220-2913|27-Aug-1945|4363|VA005134
JESSICA|JOHNSON|jessica.johnson39@gmail.com|(586) 528-6093|2783 Oak Ave|Oxford|MO|29711|11-05-1943|6809|VA005135
BARBARA|BAKER|barbara.baker64@outlook.com|7767678325|3851 Cedar Ln|Franklin|WY|20826|07/01/1991|8210|VA005136
MARGARET|HILL|margaret.hill2@icloud.com|574-992-3864|5121 Jefferson Dr|Salem|ok|76755-1204|1984-04-04|7176|VA005137
ANTHONY|SMITH|anthony.smith16@aol.com|+12643047614|7711 Hill Rd|Greenville|NH|27209|13-Jun-1961|9334|VA005138
DANIEL|JACKSON|daniel.jackson7@hotmail.com|723.800.2343|4634 Hill Rd|Madison|NV|61534|08-18-1987|7044|VA005139
BETTY|WALKER||(858) 673-4534|2936 Lake Rd|Burlington|UT|69572-5827|07/12/1956|7274|VA005140
RICHARD|WILSON|richard.wilson3@hotmail.com|3003031716|2978 Oak Ave|Greenville|ms|50763|1957-08-03|5570|VA005141
MICHAEL|BROWN|michael.brown68@yahoo.com|254-750-3136|7650 Lincoln Ave|Salem|Florida|29049|29-Nov-1958|4959|VA005142
LINDA|WRIGHT|linda.wright67@outlook.com|+14034217376|4117 Oak Ave|Dayton|NJ|51003-4541|07-26-2003|3203|VA005143
MARY|JOHNSON|mary.johnson62@hotmail.com|446.694.2434|4650 Maple Dr|Greenville|NM|62528|04/29/1993|1752|VA005144
JOHN|MILLER|john.miller15@hotmail.com|(703) 310-2395|8920 Lake Rd|Clinton|ks|11960|1977-08-14|1816|VA005145
MARY|WILSON|mary.wilson13@outlook.com|2584953281|6788 Jefferson Dr|Fairview|WV|74793-8648|18-Mar-1973|8859|VA005146
JOHN|THOMPSON|john.thompson54@gmail.com|948-862-7992|1596 River Dr|Dayton|NV|30188|03-03-1985|3203|VA005147
MARY|JONES||+15227413147|7247 Valley Ln|Fairview|LA|64293|03/17/1968|8142|VA005148
MICHAEL|NELSON|michael.nelson98@gmail.com|617.357.6508|5270 River Dr|Marion|mn|85365-7824|1969-07-21|6215|VA005149
PATRICIA|TAYLOR|patricia.taylor46@aol.com|(454) 849-9573|2220 Lake Rd|Clinton|MA|63664|27-Oct-1997|4069|VA005150
JAMES|MILLER|james.miller80@outlook.com|5324244907|9913 Washington St|Manchester|CO|71164|09-25-1996|1259|VA005151
WILLIAM|HARRIS|william.harris32@yahoo.com|702-387-3111|4468 Cedar Ln|Burlington|WI|74151-9353|04/25/1968|9853|VA005152
LINDA|HARRIS|linda.harris13@outlook.com|+16949645294|100 Hill Rd|Oxford|ok|78743|1967-12-11|8756|VA005153
ASHLEY|JOHNSON|ashley.johnson88@hotmail.com|258.794.3563|8466 Sunset Blvd|Georgetown|MS|50908|12-Jul-1997|3168|VA005154
JOSEPH|WHITE||(701) 739-5336|3038 Oak Ave|Springfield|HI|18669-6771|06-29-1969|5848|VA005155
BARBARA|WILSON|barbara.wilson12@aol.com|8738086588|4138 Oak Ave|Salem|CO|14657|05/02/1940|7662|VA005156
PATRICIA|WALKER|patricia.walker98@aol.com|210-462-3731|5933 Lake Rd|Madison|ga|79390|1940-07-30|6308|VA005157
JESSICA|TAYLOR|jessica.taylor45@hotmail.com|+16596025203|458 Sunset Blvd|Franklin|SD|18963-2035|26-Feb-1979|4473|VA005158
BETTY|NELSON|betty.nelson61@icloud.com|404.530.3173|4801 Oak Ave|Arlington|AK|37132|10-26-1991|8555|VA005159
CHARLES|THOMAS|charles.thomas6@icloud.com|(217) 973-9663|1236 Park Blvd|Dayton|MT|37059|10/22/1975|7135|VA005160
MATTHEW|NGUYEN|matthew.nguyen51@aol.com|8907465305|1101 Cedar Ln|Fairview|il|69489-5122|1960-10-27|2461|VA005161
WILLIAM|THOMAS|william.thomas10@yahoo.com|803-882-1432|7691 Sunset Blvd|Greenville|MO|69601|16-Dec-1966|6281|VA005162
NANCY|HILL||+15568089424|1736 Forest Ave|Manchester|TN|38583|10-03-1946|2614|VA005163
KAREN|HARRIS||229.682.1826|1736 River Dr|Springfield|CO|65897-7485|02/28/1975|3932|VA005164
NANCY|HARRIS|nancy.harris84@icloud.com|(534) 349-9255|4202 River Dr|Burlington|co|52621|1992-04-16|7481|VA005165
RICHARD|JONES|richard.jones40@hotmail.com|2757623714|5361 Lincoln Ave|Burlington|MN|37402|20-Sep-1962|7806|VA005166
MARY|JACKSON|mary.jackson10@icloud.com|309-521-9002|3710 Cedar Ln|Greenville|DE|23801-4193|02-09-1977|7111|VA005167
ROBERT|BROWN|robert.brown45@yahoo.com|+14004759618|4993 Oak Ave|Salem|VA|24285|10/19/1990|4866|VA005168
THOMAS|NGUYEN|thomas.nguyen91@yahoo.com|428.521.1278|5116 Maple Dr|Georgetown|nd|99622|1972-01-11|4403|VA005169
MARGARET|TORRES|margaret.torres97@outlook.com|(202) 651-3623|212 Forest Ave|Dayton|Michigan|49881-5425|28-Sep-1973|8048|VA005170
DAVID|DAVIS|david.davis36@gmail.com|7194287203|6608 Jefferson Dr|Fairview|CO|70174|11-07-1979|8341|VA005171
CHARLES|GARCIA|charles.garcia37@hotmail.com|964-942-5336|2057 Forest Ave|Burlington|NH|13381|01/05/1956|9856|VA005172
ASHLEY|BROWN|ashley.brown14@yahoo.com|+17048063148|517 Forest Ave|Franklin|mt|90139-1616|1945-11-01|9297|VA005173
KAREN|WALKER|karen.walker19@gmail.com|614.246.9674|7790 Lincoln Ave|Georgetown|ID|38769|05-May-1960|2910|VA005174
JESSICA|ADAMS|jessica.adams86@hotmail.com|(339) 970-9409|384 Cedar Ln|Oxford|KY|70677|09-14-1962|4204|VA005175
DAVID|SMITH|david.smith26@outlook.com|6122894852|8210 Forest Ave|Madison|MO|93793-1132|06/02/1971|5721|VA005176
LINDA|THOMAS|linda.thomas10@gmail.com|293-487-2459|5272 Maple Dr|Springfield|ia|77022|1985-03-26|3446|VA005177
MICHAEL|HILL|michael.hill67@aol.com|+18194354901|4217 Cedar Ln|Salem|MS|23438|06-Apr-1987|7246|VA005178
SUSAN|WHITE|susan.white76@hotmail.com|273.553.5714|100 Valley Ln|Madison|NE|22520-5186|11-13-1979|5536|VA005179
ANTHONY|THOMAS|anthony.thomas15@aol.com|(299) 926-3307|1220 Sunset Blvd|Marion|ID|18842|09/07/1973|1264|VA005180
ROBERT|ALLEN|robert.allen55@outlook.com|4649216415|2502 Jefferson Dr|Burlington|ar|78091|1951-12-13|7930|VA005181
NANCY|GARCIA|nancy.garcia20@icloud.com|719-666-1894|383 Washington St|Arlington|NH|18512-7010|27-Aug-1949|1423|VA005182
MARK|JOHNSON||+18428653135|3290 Cedar Ln|Greenville|IA|89850|10-16-2000|1681|VA005183
MICHAEL|KING|michael.king38@icloud.com|838.929.3241|7200 Oak Ave|Richmond|MN|27127|07/21/1961|4174|VA005184
KAREN|GARCIA|karen.garcia27@yahoo.com|(882) 698-3259|4225 Hill Rd|Manchester|wy|67837-9433|1998-07-06|6543|VA005185
KAREN|NGUYEN|karen.nguyen51@outlook.com|2795265895|5681 Valley Ln|Richmond|North Carolina|53427|28-Jan-1986|7575|VA005186
MICHAEL|ADAMS|michael.adams55@aol.com|921-372-4156|8973 Lake Rd|Oxford|Pen.|20380|10-29-1976|8652|VA005187
ANTHONY|JONES|anthony.jones97@aol.com|+13294641036|8640 Hill Rd|Oxford|KY|73141-3403|09/16/2003|8755|VA005188
MARK|ANDERSON|mark.anderson39@outlook.com|398.733.9004|875 Hill Rd|Richmond|nc|26518|1978-10-01|2132|VA005189
JAMES|HALL||(364) 909-9288|4961 Valley Ln|Marion|Ohio|89478|25-Jan-1983|9553|VA005190
JENNIFER|WHITE|jennifer.white40@icloud.com|6187267500|6411 Cedar Ln|Georgetown|MS|35033-6827|02-21-1971|5682|VA005191
BETTY|BROWN|betty.brown94@aol.com|818-973-8850|9459 Jefferson Dr|Richmond|RI|26599|11/08/1981|2722|VA005192
MARK|HILL|mark.hill60@yahoo.com|+18444841526|9215 Washington St|Oxford|ri|33047|2003-01-13|2763|VA005193
LISA|JACKSON||269.677.8003|658 Maple Dr|Richmond|OK|84758-7796|28-Oct-1978|3444|VA005194
MARGARET|HILL||(677) 878-8086|2649 Forest Ave|Greenville|Nor.|64489|11-21-1979|4852|VA005195
PATRICIA|JOHNSON|patricia.johnson10@outlook.com|9815831482|2852 Lake Rd|Franklin|VT|68918|11/17/1973|3182|VA005196
ROBERT|HALL|robert.hall78@hotmail.com|613-695-8704|5648 Jefferson Dr|Springfield|md|15307-3404|1993-02-04|3268|VA005197
SUSAN|WRIGHT|susan.wright73@outlook.com|+16799884725|7461 Lincoln Ave|Oxford|Illinois|88858|16-Mar-1972|9009|VA005198
JENNIFER|WHITE|jennifer.white10@yahoo.com|625.359.1975|8209 Maple Dr|Marion|WV|64711|02-21-1941|6542|VA005199
ROBERT|THOMPSON|robert.thompson8@aol.com|(547) 700-5134|4570 Cedar Ln|Springfield|ME|85277-3428|11/26/1947|6894|VA005200
NANCY|BAKER|nancy.baker63@yahoo.com|9574013646|785 Valley Ln|Georgetown|ct|28607|1995-11-23|3185|VA005201
BARBARA|SMITH||388-823-9041|2073 Forest Ave|Salem|VA|85895|26-Dec-1995|1821|VA005202
MARGARET|MILLER|margaret.miller12@hotmail.com|+15709762272|8222 Sunset Blvd|Oxford|CO|65849-4244|07-30-1988|7902|VA005203
BETTY|THOMPSON|betty.thompson40@icloud.com|697.638.8899|3018 Main St|Springfield|AK|56345|08/11/1951|2323|VA005204
CHARLES|JACKSON|charles.jackson75@outlook.com|(425) 580-3252|2515 Lake Rd|Richmond|mi|96416|1987-01-22|4626|VA005205
MARGARET|YOUNG|margaret.young1@hotmail.com|8628268695|7901 River Dr|Fairview|North Carolina|16869-2852|06-Jan-1951|4707|VA005206
ANTHONY|SMITH|anthony.smith1@aol.com|430-804-9437|7262 Oak Ave|Greenville|AK|90640|12-06-1995|7944|VA005207
JOHN|ANDERSON|john.anderson68@gmail.com|+12242362267|6045 Park Blvd|Madison|NJ|57156|09/11/1945|3942|VA005208
SARAH|GARCIA|sarah.garcia60@gmail.com|314.559.8297|9010 Forest Ave|Fairview|nm|80387-9739|1947-08-19|6593|VA005209
ROBERT|THOMPSON|robert.thompson5@hotmail.com|(343) 290-5982|255 Hill Rd|Manchester|Texas|45798|12-Apr-1984|5371|VA005210
NANCY|DAVIS|nancy.davis64@outlook.com|9955409858|5328 Main St|Dayton|IA|42236|09-13-1973|7914|VA005211
ASHLEY|TORRES|ashley.torres17@icloud.com|365-850-8985|9149 Oak Ave|Marion|CA|57681-4882|12/25/1970|4400|VA005212
NANCY|HARRIS|nancy.harris75@aol.com|+19583919084|8807 Sunset Blvd|Arlington|il|60936|1997-04-05|1525|VA005213
WILLIAM|HALL|william.hall79@outlook.com|857.484.8934|176 Washington St|Georgetown|KS|95409|09-Dec-1956|3902|VA005214
MATTHEW|MILLER|matthew.miller11@icloud.com|(494) 202-8672|7763 River Dr|Madison|Tex.|88434-1159|11-05-1982|8437|VA005215
MARK|WRIGHT|mark.wright46@yahoo.com|2262261483|5903 Valley Ln|Arlington|PA|14350|01/17/1944|7240|VA005216
LINDA|YOUNG|linda.young21@aol.com|424-756-4001|7039 Hill Rd|Springfield|nc|19789|1980-10-08|5361|VA005217
MARK|TORRES||+15448502868|8886 Lincoln Ave|Manchester|WY|62755-9293|19-Nov-1955|7515|VA005218
PATRICIA|MILLER|patricia.miller56@hotmail.com|279.331.6258|4403 Oak Ave|Marion|Pen.|54756|08-15-1941|9560|VA005219
MATTHEW|THOMPSON|matthew.thompson50@hotmail.com|(202) 729-8040|3404 Oak Ave|Fairview|AZ|10670|10/01/1984|7752|VA005220
THOMAS|TORRES|thomas.torres11@gmail.com|8692391396|3251 Main St|Arlington|ar|42164-1600|1970-08-03|3189|VA005221
CHARLES|HARRIS|charles.harris49@outlook.com|563-287-3684|4373 Sunset Blvd|Springfield|SC|34817|29-Nov-1967|3053|VA005222
MARGARET|DAVIS|margaret.davis40@gmail.com|+12702467126|8999 Hill Rd|Marion|Ohi.|33290|09-23-1985|8751|VA005223
DANIEL|WILSON|daniel.wilson57@hotmail.com|589.552.3829|3411 Main St|Springfield|FL|34237-4984|03/31/1966|3920|VA005224
PATRICIA|GARCIA||(711) 428-1368|8912 Oak Ave|Clinton|il|47870|1984-12-04|2874|VA005225
ANTHONY|TORRES|anthony.torres36@gmail.com|5835546459|5000 Lincoln Ave|Dayton|NM|17306|20-May-1965|4953|VA005226
DAVID|DAVIS|david.davis18@aol.com|485-233-4625|9865 Washington St|Madison|Geo.|41896-6316|08-13-1972|1481|VA005227
LINDA|ANDERSON|linda.anderson1@outlook.com|+16462746122|681 Park Blvd|Greenville|AR|51208|06/19/1994|7314|VA005228
LINDA|JOHNSON|linda.johnson52@gmail.com|911.847.2629|5774 Maple Dr|Salem|ga|73784|1980-07-12|4450|VA005229
MARY|ANDERSON|mary.anderson65@hotmail.com|(548) 983-5525|6278 Hill Rd|Salem|DE|50449-7776|19-Jun-1958|9390|VA005230
CHRISTOPHER|THOMAS|christopher.thomas36@icloud.com|5516425631|5475 Jefferson Dr|Georgetown|CO|10049|07-02-2000|4914|VA005231
JAMES|HARRIS|james.harris39@aol.com|733-212-1685|4844 Cedar Ln|Franklin|AR|58760|06/04/1951|7539|VA005232
MARK|JACKSON|mark.jackson19@aol.com|+19144151127|7917 River Dr|Dayton|il|70929-5026|1972-04-02|2173|VA005233
SARAH|WALKER|sarah.walker8@outlook.com|327.718.4979|4738 Park Blvd|Greenville|Michigan|26295|29-Sep-1947|9290|VA005234
SUSAN|BROWN|susan.brown46@yahoo.com|(643) 357-9741|6858 Lake Rd|Franklin|MO|31432|07-17-1999|4501|VA005235
SANDRA|YOUNG|sandra.young9@aol.com|6728288788|5552 Main St|Salem|WY|51809-2812|05/02/1989|1315|VA005236
PATRICIA|THOMAS|patricia.thomas25@aol.com|959-620-1740|6700 River Dr|Clinton|ct|27627|1977-09-03|5843|VA005237
ROBERT|TAYLOR||+17453482194|9058 Oak Ave|Fairview|DE|52369|20-Dec-1947|6994|VA005238
JAMES|NELSON|james.nelson71@outlook.com|702.208.6242|6806 Sunset Blvd|Arlington|ME|97631-4229|02-18-1973|3263|VA005239
SARAH|HILL|sarah.hill42@icloud.com|(353) 345-5113|2828 Valley Ln|Georgetown|HI|57395|04/29/1991|1806|VA005240
CHRISTOPHER|DAVIS||9667016559|9918 Maple Dr|Franklin|ny|13355|1994-03-14|8144|VA005241
JESSICA|DAVIS|jessica.davis31@aol.com|369-664-7314|6405 Washington St|Georgetown|NE|43087-8210|12-Jun-1951|4908|VA005242
LINDA|ADAMS|linda.adams64@outlook.com|+19326075127|3083 Oak Ave|Franklin|HI|47621|09-24-1996|1755|VA005243
JOHN|HILL||832.361.5984|6021 Lincoln Ave|Salem|MS|62881|02/05/1941|2648|VA005244
JOSEPH|MILLER|joseph.miller62@gmail.com|(714) 460-9084|446 Forest Ave|Richmond|fl|30502-6730|2000-06-07|6994|VA005245
WILLIAM|ANDERSON|william.anderson11@hotmail.com|4816949309|4890 Park Blvd|Burlington|VA|23276|16-Nov-1988|6702|VA005246
THOMAS|NGUYEN|thomas.nguyen47@yahoo.com|278-881-8924|5240 Main St|Madison|AL|83860|03-23-1959|8762|VA005247
SARAH|JONES|sarah.jones20@gmail.com|+12892104088|2840 Hill Rd|Arlington|IA|21237-8264|05/24/1947|2086|VA005248
RICHARD|JOHNSON|richard.johnson82@hotmail.com|519.698.5107|6903 Oak Ave|Manchester|ak|82365|1953-08-08|9698|VA005249
JAMES|HALL|james.hall76@aol.com|(483) 900-4590|4081 River Dr|Franklin|CT|42023|25-Dec-1979|2351|VA005250
MATTHEW|BAKER|matthew.baker89@aol.com|4497501634|5230 Oak Ave|Madison|MN|41499-8805|09-16-1989|7182|VA005251
JENNIFER|NGUYEN|jennifer.nguyen10@gmail.com|663-913-5667|9563 Park Blvd|Arlington|LA|27219|06/25/1956|9415|VA005252
JESSICA|HARRIS|jessica.harris72@outlook.com|+18885151356|6488 Park Blvd|Richmond|al|38560|1991-11-19|2196|VA005253
ASHLEY|GARCIA|ashley.garcia95@gmail.com|860.845.7928|1670 Valley Ln|Arlington|ME|38821-8845|19-Aug-1963|9494|VA005254
CHRISTOPHER|TAYLOR|christopher.taylor99@outlook.com|(641) 729-8198|4716 Forest Ave|Richmond|MN|59968|04-15-1984|3269|VA005255
ROBERT|ADAMS|robert.adams41@gmail.com|8832418113|6179 Lincoln Ave|Franklin|FL|19744|09/30/1951|1822|VA005256
PATRICIA|JOHNSON|patricia.johnson34@icloud.com|980-846-9759|4264 Cedar Ln|Greenville|ks|19931-9776|1960-12-06|4780|VA005257
CHARLES|MARTIN|charles.martin30@aol.com|+15942961513|3287 Lincoln Ave|Dayton|KY|12783|13-Oct-1970|8702|VA005258
THOMAS|HALL|thomas.hall64@aol.com|766.243.9191|4870 Lake Rd|Clinton|KS|46026|01-25-1982|4905|VA005259
PATRICIA|ALLEN|patricia.allen37@aol.com|(385) 444-1409|6233 Washington St|Clinton|CA|90842-4642|03/24/1941|2877|VA005260
CHARLES|BROWN|charles.brown37@hotmail.com|6949919997|2266 River Dr|Marion|ne|63973|1992-07-13|4907|VA005261
MARK|WILSON||269-309-9886|2551 Hill Rd|Salem|RI|22377|11-Aug-1963|8121|VA005262
DANIEL|GARCIA|daniel.garcia78@aol.com|+15645338335|5797 Lake Rd|Fairview|ND|40033-5962|07-03-1972|1511|VA005263
SUSAN|YOUNG|susan.young21@aol.com|398.273.3106|5944 River Dr|Salem|AZ|70587|01/14/1954|2131|VA005264
MARGARET|NELSON||(476) 858-2404|6136 Maple Dr|Georgetown|nd|77154|1946-05-31|2856|VA005265
MICHAEL|BAKER|michael.baker62@gmail.com|8207191421|8160 Forest Ave|Manchester|LA|78881-5610|26-Nov-1972|5374|VA005266
PATRICIA|HILL|patricia.hill49@aol.com|535-351-5811|6247 Main St|Marion|Nor.|83667|07-12-1992|7048|VA005267
JESSICA|BROWN|jessica.brown71@icloud.com|+16547858182|9295 Valley Ln|Madison|IL|38584|04/10/1988|6912|VA005268
CHARLES|ANDERSON|charles.anderson79@yahoo.com|475.818.4013|3491 Main St|Clinton|nm|88690-9649|1965-12-28|7819|VA005269
KAREN|JONES|karen.jones6@aol.com|(754) 436-1339|7167 Valley Ln|Franklin|AL|59348|07-Feb-1981|8699|VA005270
ROBERT|ADAMS|robert.adams49@yahoo.com|3595969159|9503 Valley Ln|Franklin|CT|93693|07-28-1975|7820|VA005271
JAMES|BAKER|james.baker61@aol.com|609-733-6532|756 Sunset Blvd|Oxford|NV|96717-7893|06/10/1967|6936|VA005272
LISA|NELSON|lisa.nelson63@hotmail.com|+13728557531|123 Hill Rd|Georgetown|mn|15825|1952-02-27|7443|VA005273
JOSEPH|THOMPSON|joseph.thompson5@hotmail.com|372.832.1609|8885 Park Blvd|Arlington|DE|77208|30-Oct-1962|4462|VA005274
WILLIAM|MILLER|william.miller51@hotmail.com|(729) 854-2179|9994 Washington St|Fairview|HI|10153-4130|03-22-1994|7384|VA005275
CHRISTOPHER|JONES|christopher.jones14@yahoo.com|4245727317|7413 Jefferson Dr|Oxford|NC|36610|11/26/1975|4079|VA005276
RICHARD|TORRES|richard.torres93@gmail.com|596-371-4494|9592 Maple Dr|Clinton|mn|94451|1984-01-02|4027|VA005277
CHARLES|HARRIS|charles.harris50@aol.com|+17207526439|2994 Cedar Ln|Manchester|AZ|63661-6429|19-Aug-1948|3645|VA005278
KAREN|JOHNSON|karen.johnson74@gmail.com|938.543.4533|8801 Lincoln Ave|Oxford|OR|24309|03-18-1990|1197|VA005279
JAMES|JACKSON|james.jackson87@outlook.com|(941) 369-8657|2092 Valley Ln|Marion|AK|61645|02/06/1993|1444|VA005280
JOHN|HARRIS||7693053055|4651 Sunset Blvd|Dayton|mi|68782-8080|1976-05-03|2227|VA005281
KAREN|HARRIS|karen.harris96@yahoo.com|477-491-7258|1826 Washington St|Fairview|NV|34975|12-Sep-1995|3967|VA005282
MICHAEL|THOMPSON|michael.thompson45@outlook.com|+14423414042|7745 River Dr|Greenville|WI|58996|05-27-1978|1944|VA005283
THOMAS|YOUNG|thomas.young44@hotmail.com|795.233.9913|6720 Forest Ave|Dayton|ND|22366-5692|10/17/1958|9249|VA005284
BETTY|JOHNSON|betty.johnson71@icloud.com|(982) 680-9146|351 Lincoln Ave|Clinton|nj|22619|1966-03-07|1174|VA005285
JENNIFER|MARTIN||6634879474|7213 Hill Rd|Burlington|VA|57179|28-May-1998|4251|VA005286
ANTHONY|MARTIN|anthony.martin25@yahoo.com|822-773-2799|4471 Oak Ave|Dayton|NV|23819-2135|07-03-1949|9685|VA005287
KAREN|JOHNSON|karen.johnson93@hotmail.com|+19072698419|2979 Sunset Blvd|Oxford|LA|81572|02/10/1989|5049|VA005288
SANDRA|ADAMS|sandra.adams30@yahoo.com|991.576.9933|3782 Lincoln Ave|Marion|md|35182|2001-03-23|2354|VA005289
JENNIFER|MILLER|jennifer.miller82@icloud.com|(768) 795-2248|7765 Hill Rd|Salem|WI|36811-6447|07-Aug-1999|6979|VA005290
BETTY|TORRES|betty.torres38@aol.com|6374163891|3173 Washington St|Fairview|MO|35073|09-30-1966|6572|VA005291
DAVID|THOMAS|david.thomas55@outlook.com|924-550-3168|5673 Washington St|Madison|OK|35284|11/08/1983|5614|VA005292
SARAH|MARTIN|sarah.martin39@gmail.com|+18507083924|4169 Park Blvd|Marion|nc|10932-5462|1953-06-02|8648|VA005293
CHARLES|BAKER|charles.baker35@icloud.com|431.768.9040|8175 Cedar Ln|Springfield|Michigan|52941|25-Dec-1987|3705|VA005294
BETTY|TORRES|betty.torres62@gmail.com|(813) 912-7267|4388 Forest Ave|Greenville|Tex.|96172|03-25-1993|6509|VA005295
SANDRA|ALLEN|sandra.allen44@gmail.com|4887914650|4603 Lake Rd|Springfield|NE|51414-1028|10/03/1941|3312|VA005296
JENNIFER|THOMAS|jennifer.thomas43@icloud.com|317-765-1259|856 Oak Ave|Greenville|vt|93903|1974-07-07|3474|VA005297
LINDA|SCOTT|linda.scott12@gmail.com|+15506431515|1948 Lincoln Ave|Salem|CT|62295|03-Dec-1963|7058|VA005298
ROBERT|THOMAS|robert.thomas8@yahoo.com|313.309.7745|8895 Washington St|Clinton|MT|97078-6055|11-20-1943|3633|VA005299
NANCY|NELSON||(382) 295-6714|1708 Maple Dr|Manchester|NY|28995|01/30/1973|3308|VA005300
ROBERT|NGUYEN|robert.nguyen98@gmail.com|4743547087|1752 Park Blvd|Oxford|ny|44781|1976-09-07|4405|VA005301
NANCY|DAVIS|nancy.davis12@icloud.com|917-792-4263|7387 Oak Ave|Salem|MN|91647-4534|26-Apr-2004|3529|VA005302
JOHN|WHITE|john.white87@gmail.com|+13723122931|9083 River Dr|Springfield|TN|18319|08-17-1988|2341|VA005303
THOMAS|WRIGHT||264.236.9059|3363 Park Blvd|Marion|UT|34322|07/26/1995|1777|VA005304
CHRISTOPHER|WILSON|christopher.wilson94@yahoo.com|(843) 865-8531|8774 Park Blvd|Burlington|ct|64252-2675|1959-05-28|1053|VA005305
JOSEPH|HARRIS|joseph.harris66@outlook.com|4979401351|9474 Cedar Ln|Richmond|Georgia|31221|20-Feb-1961|6053|VA005306
ANTHONY|SCOTT|anthony.scott70@gmail.com|641-312-8231|3098 Cedar Ln|Springfield|NJ|30047|07-12-1945|7699|VA005307
BETTY|WALKER|betty.walker47@hotmail.com|+19298285719|2913 Hill Rd|Greenville|MD|90528-1335|08/24/1950|2359|VA005308
SUSAN|HARRIS|susan.harris51@outlook.com|274.451.1027|3689 Main St|Richmond|ne|95408|1940-07-10|2738|VA005309
MARK|SCOTT|mark.scott30@aol.com|(326) 512-5409|5941 River Dr|Richmond|MN|20916|25-Aug-2003|5399|VA005310
KAREN|WRIGHT|karen.wright15@hotmail.com|7555655034|5435 Main St|Fairview|SD|23647-4070|01-13-2003|8015|VA005311
ROBERT|KING|robert.king10@gmail.com|220-581-4280|7847 Cedar Ln|Arlington|NH|73716|03/23/1969|9984|VA005312
ROBERT|KING|robert.king70@gmail.com|+15888513074|349 Valley Ln|Manchester|ga|31525|1979-07-12|6517|VA005313
JAMES|TORRES|james.torres81@icloud.com|298.616.7801|5865 Hill Rd|Richmond|UT|23339-6284|26-Feb-1960|7912|VA005314
KAREN|WILSON|karen.wilson72@outlook.com|(441) 569-9225|8174 Maple Dr|Salem|HI|91185|07-08-1994|4115|VA005315
JESSICA|TAYLOR|jessica.taylor82@icloud.com|4803554079|1750 Maple Dr|Greenville|AK|90213|05/08/1995|5372|VA005316
ASHLEY|TORRES|ashley.torres31@gmail.com|604-497-4282|535 Washington St|Springfield|mo|43208-1264|1986-09-19|7752|VA005317
MARK|KING|mark.king80@hotmail.com|+19615879903|8253 Hill Rd|Georgetown|OK|94042|10-Mar-1975|4573|VA005318
MARY|NELSON||856.943.9441|7747 Oak Ave|Salem|MS|95669|08-04-1993|1838|VA005319
DAVID|BAKER||(702) 366-2105|9394 Cedar Ln|Springfield|MD|22041-4388|10/26/1989|1279|VA005320
ROBERT|THOMAS|robert.thomas21@icloud.com|8893296335|2928 Hill Rd|Greenville|sd|25865|1969-06-08|2852|VA005321
NANCY|SCOTT|nancy.scott57@outlook.com|943-438-6560|5859 Lincoln Ave|Franklin|KY|92846|16-Sep-1952|5597|VA005322
BARBARA|BROWN|barbara.brown64@gmail.com|+14662069392|8491 Forest Ave|Salem|OR|55779-8363|12-15-1946|6296|VA005323
JAMES|HALL|james.hall14@icloud.com|811.688.7423|1978 Forest Ave|Richmond|KY|36268|06/02/1952|7896|VA005324
ROBERT|BROWN|robert.brown85@icloud.com|(635) 494-5589|551 Main St|Richmond|nj|97102|1987-07-15|1819|VA005325
LINDA|THOMPSON|linda.thompson70@icloud.com|5455268952|9202 Jefferson Dr|Clinton|NM|90849-2733|01-Oct-1974|4286|VA005326
KAREN|NGUYEN|karen.nguyen2@icloud.com|626-594-8042|8346 Sunset Blvd|Marion|MD|36205|08-09-1957|2448|VA005327
JENNIFER|ALLEN|jennifer.allen73@icloud.com|+15349458104|1499 Cedar Ln|Clinton|CO|52500|03/05/1949|1138|VA005328
MARY|JONES|mary.jones72@hotmail.com|768.651.4935|396 Forest Ave|Madison|oh|38024-8420|1982-10-13|8436|VA005329
LINDA|WHITE|linda.white87@outlook.com|(896) 695-9154|7280 Cedar Ln|Madison|WA|27049|23-Oct-1974|6485|VA005330
MARK|TAYLOR|mark.taylor38@gmail.com|2022766588|3452 Valley Ln|Franklin|CO|70758|04-22-1948|4249|VA005331
SUSAN|SMITH|susan.smith73@gmail.com|570-765-1415|5492 Valley Ln|Richmond|MT|13619-9424|03/09/2000|2110|VA005332
KAREN|WHITE|karen.white95@icloud.com|+16685726980|3407 Forest Ave|Salem|pa|39867|1990-06-18|6761|VA005333
ANTHONY|WALKER|anthony.walker86@aol.com|916.945.6692|581 Forest Ave|Manchester|AL|13413|07-Feb-1983|8437|VA005334
LINDA|ALLEN|linda.allen57@hotmail.com|(618) 283-9829|9255 Park Blvd|Franklin|DE|22244-5831|03-07-1992|8451|VA005335
LINDA|ANDERSON|linda.anderson89@icloud.com|8834564468|2767 River Dr|Manchester|AZ|40412|12/27/1955|3797|VA005336
BARBARA|TAYLOR|barbara.taylor53@hotmail.com|481-398-3236|8395 Oak Ave|Burlington|sd|85879|1979-01-23|9953|VA005337
LINDA|TAYLOR|linda.taylor60@gmail.com|+12359067761|4849 Lake Rd|Oxford|Illinois|44222-6660|21-Mar-1940|1851|VA005338
DAVID|ALLEN|david.allen73@yahoo.com|456.622.6335|8668 Park Blvd|Springfield|IN|53482|10-10-1952|7698|VA005339
JOHN|HILL|john.hill24@hotmail.com|(936) 692-2432|5388 River Dr|Greenville|NV|43342|08/23/1958|4596|VA005340
MATTHEW|DAVIS|matthew.davis57@gmail.com|4646042974|8475 Main St|Franklin|ks|55067-8292|1996-06-16|7867|VA005341
MICHAEL|SMITH|michael.smith7@outlook.com|256-412-6621|3240 River Dr|Franklin|VT|80065|26-Sep-1972|7701|VA005342
ASHLEY|NGUYEN|ashley.nguyen5@hotmail.com|+18843619806|8482 Forest Ave|Fairview|NE|88212|01-27-1953|8864|VA005343
CHRISTOPHER|HILL|christopher.hill51@aol.com|532.956.5771|4762 River Dr|Richmond|AL|92638-8682|09/14/1998|7606|VA005344
MARK|KING|mark.king66@gmail.com|(298) 371-9814|8737 Main St|Dayton|ca|37627|2000-02-20|4492|VA005345
SARAH|TORRES|sarah.torres10@yahoo.com|2305788924|3177 Forest Ave|Richmond|Pennsylvania|15285|04-Mar-1994|1610|VA005346
THOMAS|BAKER|thomas.baker22@icloud.com|965-885-4560|6325 River Dr|Manchester|MD|25430-9037|03-03-1998|6331|VA005347
SUSAN|JONES|susan.jones93@outlook.com|+17632268114|5307 River Dr|Greenville|MA|90357|02/05/1943|5635|VA005348
PATRICIA|NELSON|patricia.nelson45@gmail.com|932.817.2361|7886 Jefferson Dr|Franklin|ky|74254|1994-01-29|9183|VA005349
MARGARET|TORRES|margaret.torres63@outlook.com|(589) 692-9645|4997 Lake Rd|Fairview|Illinois|48043-6653|25-Mar-1997|4132|VA005350
CHRISTOPHER|ANDERSON|christopher.anderson59@aol.com|7354481498|2909 Sunset Blvd|Fairview|ME|93338|03-25-1999|9562|VA005351
CHRISTOPHER|BROWN|christopher.brown15@hotmail.com|910-740-7026|2956 Valley Ln|Salem|WA|90861|02/28/1973|2314|VA005352
DAVID|THOMAS|david.thomas75@hotmail.com|+12654273087|2658 Sunset Blvd|Greenville|ne|66698-3301|1969-11-18|1700|VA005353
MARGARET|TORRES|margaret.torres34@outlook.com|587.694.8020|6541 Hill Rd|Greenville|SC|37228|19-Nov-1944|1431|VA005354
CHRISTOPHER|DAVIS|christopher.davis25@outlook.com|(220) 634-1028|3871 River Dr|Greenville|Tex.|20353|07-09-1989|9461|VA005355
ANTHONY|BROWN||7453073717|3151 Park Blvd|Arlington|OH|88929-1987|03/20/1962|4048|VA005356
CHRISTOPHER|NGUYEN||414-358-6693|2107 River Dr|Springfield|fl|35467|1957-08-16|6168|VA005357
ASHLEY|WALKER|ashley.walker16@aol.com|+17257615472|2322 Forest Ave|Richmond|DE|59273|12-Jan-1996|7970|VA005358
ANTHONY|JACKSON|anthony.jackson58@aol.com|979.211.3711|5881 Jefferson Dr|Madison|WY|80263-3938|03-03-1973|4692|VA005359
MARK|WRIGHT|mark.wright6@yahoo.com|(634) 987-6790|2531 Hill Rd|Richmond|NM|85005|03/01/1943|6256|VA005360
MICHAEL|ADAMS||3368275032|1978 Lincoln Ave|Burlington|mn|33371|1961-12-13|1146|VA005361
NANCY|WALKER|nancy.walker57@aol.com|624-339-8309|9773 Maple Dr|Arlington|HI|18196-2119|03-Feb-1957|1508|VA005362
LISA|HILL|lisa.hill77@hotmail.com|+15673854641|1353 Lake Rd|Dayton|Ohi.|28258|02-18-1987|7338|VA005363
RICHARD|BROWN|richard.brown50@hotmail.com|700.565.8186|3968 Lake Rd|Salem|GA|71678|01/26/1997|1418|VA005364
JESSICA|ALLEN||(450) 715-2309|1767 Park Blvd|Dayton|nc|29278-4661|1946-04-10|2837|VA005365
MICHAEL|WILSON|michael.wilson40@yahoo.com|5817637264|2916 Oak Ave|Arlington|RI|71288|30-Sep-1983|6261|VA005366
MARK|NGUYEN|mark.nguyen25@yahoo.com|914-392-4747|4388 Valley Ln|Franklin|LA|90667|02-05-1989|3595|VA005367
THOMAS|DAVIS|thomas.davis32@hotmail.com|+17704039547|3439 Park Blvd|Burlington|VA|78880-8476|06/06/1959|1012|VA005368
MATTHEW|SMITH|matthew.smith26@gmail.com|836.356.4908|2069 Forest Ave|Dayton|de|83920|1959-07-22|8619|VA005369
ASHLEY|WHITE|ashley.white12@yahoo.com|(746) 801-4721|3995 Oak Ave|Fairview|ND|66427|04-Nov-1957|5734|VA005370
MARY|MARTIN|mary.martin71@gmail.com|4548191002|6472 Forest Ave|Greenville|Ohi.|82315-6351|01-07-1999|3566|VA005371
LINDA|WILLIAMS|linda.williams14@aol.com|935-801-2622|7462 Park Blvd|Madison|AL|74877|10/19/1970|8128|VA005372
SANDRA|WRIGHT|sandra.wright85@gmail.com|+18038716739|6975 Valley Ln|Salem|hi|72840|2004-02-24|1936|VA005373
NANCY|ANDERSON|nancy.anderson21@outlook.com|773.424.3488|5443 Forest Ave|Manchester|California|55874-9407|15-Feb-1958|2239|VA005374
DANIEL|TAYLOR|daniel.taylor51@outlook.com|(642) 282-6032|6643 Lincoln Ave|Burlington|DE|22836|10-12-1980|8570|VA005375
THOMAS|THOMPSON|thomas.thompson65@aol.com|8234443384|1153 Valley Ln|Franklin|TX|40073|12/02/1956|1517|VA005376
JAMES|GARCIA|james.garcia89@outlook.com|916-684-3979|7248 River Dr|Clinton|tn|23794-2019|1946-07-26|5613|VA005377
SUSAN|DAVIS|susan.davis15@hotmail.com|+19857418442|700 Forest Ave|Oxford|CO|96821|26-Apr-2000|5298|VA005378
KAREN|JACKSON|karen.jackson29@gmail.com|924.646.8107|3884 Lake Rd|Burlington|VA|91504|12-17-1941|8731|VA005379
ANTHONY|JONES|anthony.jones43@yahoo.com|(411) 585-6445|6940 Park Blvd|Fairview|NV|84244-8599|07/05/1962|3921|VA005380
DAVID|WILLIAMS|david.williams17@hotmail.com|8853611749|9615 Valley Ln|Burlington|in|30843|1942-10-26|3332|VA005381
DANIEL|SMITH|daniel.smith78@hotmail.com|839-224-1240|470 River Dr|Salem|NV|70474|22-Sep-1998|5542|VA005382
LISA|HARRIS|lisa.harris67@outlook.com|+13104524769|4483 Forest Ave|Madison|Tex.|97134-2654|02-05-1992|6964|VA005383
SUSAN|GARCIA|susan.garcia26@outlook.com|269.332.3695|2918 Sunset Blvd|Clinton|NJ|65930|01/19/1996|6687|VA005384
LISA|HILL|lisa.hill39@yahoo.com|(652) 221-5602|376 Sunset Blvd|Richmond|wy|83376|1967-03-26|3148|VA005385
THOMAS|YOUNG|thomas.young12@icloud.com|6029773502|4060 Main St|Richmond|CO|26103-1615|04-Dec-2003|1705|VA005386
SUSAN|NGUYEN|susan.nguyen69@icloud.com|766-789-5927|118 Hill Rd|Richmond|WA|12809|02-06-1992|3929|VA005387
BARBARA|TAYLOR|barbara.taylor90@yahoo.com|+15607967022|4060 River Dr|Arlington|VT|69059|02/04/1999|7620|VA005388
NANCY|WRIGHT|nancy.wright2@aol.com|419.429.5958|1977 Hill Rd|Salem|de|51962-7190|2003-06-01|6127|VA005389
ASHLEY|WHITE|ashley.white79@yahoo.com|(875) 997-2023|978 Forest Ave|Clinton|Ohio|66648|18-Sep-1954|8493|VA005390
MARGARET|GARCIA|margaret.garcia10@outlook.com|9385403054|1360 Lake Rd|Dayton|SC|30080|07-18-1952|9920|VA005391
NANCY|TORRES|nancy.torres85@hotmail.com|820-221-2869|1543 Washington St|Salem|NM|73305-7449|10/13/1941|3943|VA005392
MICHAEL|WHITE||+12876552115|3837 Jefferson Dr|Clinton|me|46268|1970-04-02|3914|VA005393
NANCY|ANDERSON|nancy.anderson80@gmail.com|695.758.5757|2261 Park Blvd|Marion|NH|51973|30-Aug-1993|6669|VA005394
BETTY|TORRES|betty.torres19@yahoo.com|(980) 401-2526|6290 Park Blvd|Clinton|IA|15490-7815|12-13-1943|5962|VA005395
THOMAS|HARRIS||3787345520|7551 Forest Ave|Salem|DE|73047|02/09/1986|3710|VA005396
SUSAN|HILL|susan.hill51@hotmail.com|546-822-8726|860 Park Blvd|Franklin|al|11014|2002-01-16|9488|VA005397
SARAH|HILL|sarah.hill31@aol.com|+15132607228|1439 River Dr|Madison|ND|24671-1041|06-Dec-1985|9353|VA005398
MICHAEL|WRIGHT|michael.wright74@outlook.com|586.356.4202|5170 Park Blvd|Clinton|NH|90308|12-23-1971|4587|VA005399
RICHARD|HARRIS|richard.harris82@gmail.com|(641) 967-2075|9295 Washington St|Richmond|WV|74784|02/13/1972|1134|VA005400
JESSICA|YOUNG|jessica.young90@aol.com|2743218270|1032 Forest Ave|Arlington|fl|14453-4544|1955-12-15|3176|VA005401
MATTHEW|WALKER|matthew.walker98@hotmail.com|810-211-1810|6985 Lake Rd|Burlington|NH|87379|14-Nov-1949|3672|VA005402
JOHN|THOMPSON|john.thompson98@icloud.com|+16252201241|8876 Valley Ln|Arlington|Geo.|22524|10-07-1992|7408|VA005403
JOHN|KING|john.king44@gmail.com|854.498.6749|6001 Park Blvd|Marion|KY|45698-6004|11/02/1983|7209|VA005404
MICHAEL|ANDERSON|michael.anderson30@icloud.com|(701) 460-3947|1659 Sunset Blvd|Arlington|md|29799|1941-01-23|5139|VA005405
DAVID|NGUYEN||6646426188|8084 Hill Rd|Burlington|ME|92961|07-Mar-1994|7343|VA005406
CHRISTOPHER|SMITH|christopher.smith13@hotmail.com|886-935-8079|1581 Lincoln Ave|Springfield|Mic.|35525-4585|02-24-1999|3375|VA005407
CHARLES|HILL|charles.hill3@yahoo.com|+14072076286|7967 Cedar Ln|Dayton|CO|64862|08/30/1969|9145|VA005408
RICHARD|JONES|richard.jones7@hotmail.com|418.896.3326|4954 Cedar Ln|Marion|az|16740|1966-01-29|7625|VA005409
THOMAS|THOMAS|thomas.thomas93@aol.com|(717) 443-9317|8238 Maple Dr|Arlington|AL|19677-8922|05-Jun-1969|2979|VA005410
LISA|TORRES|lisa.torres46@gmail.com|7113855049|5896 Cedar Ln|Dayton|New.|12275|05-03-1995|5121|VA005411
PATRICIA|THOMAS|patricia.thomas37@icloud.com|468-794-3424|3037 River Dr|Manchester|OK|43918|05/19/1987|2801|VA005412
PATRICIA|HILL|patricia.hill77@icloud.com|+16169133941|1540 Jefferson Dr|Fairview|ar|63589-7881|1975-04-03|5742|VA005413
JENNIFER|ANDERSON|jennifer.anderson52@yahoo.com|433.935.8259|6504 Maple Dr|Oxford|UT|59342|19-Dec-1968|6189|VA005414
WILLIAM|BAKER|william.baker41@icloud.com|(667) 534-9421|4373 Washington St|Manchester|Geo.|70577|12-17-1977|9474|VA005415
LINDA|TAYLOR||3059043149|4615 Lincoln Ave|Oxford|MT|86651-8355|06/19/1970|9184|VA005416
ANTHONY|WILSON|anthony.wilson61@yahoo.com|548-255-6465|8515 Lincoln Ave|Fairview|ca|88638|1995-08-01|8184|VA005417
CHRISTOPHER|HARRIS|christopher.harris93@gmail.com|+14543239982|7788 Washington St|Clinton|IA|96527|29-Jul-1999|6541|VA005418
CHRISTOPHER|JOHNSON|christopher.johnson24@gmail.com|346.849.1558|3897 Maple Dr|Clinton|MA|11535-5835|04-29-1991|8877|VA005419
SARAH|WRIGHT|sarah.wright55@yahoo.com|(567) 622-2290|9876 Lincoln Ave|Dayton|AZ|66482|11/06/1952|9859|VA005420
CHARLES|GARCIA|charles.garcia19@outlook.com|5454313583|3091 Cedar Ln|Oxford|oh|51139|1964-12-28|4206|VA005421
SANDRA|SCOTT|sandra.scott91@icloud.com|236-287-5356|4848 Washington St|Franklin|MO|66772-5930|05-Sep-1957|6363|VA005422
MARGARET|HARRIS||+14729531431|9126 Forest Ave|Arlington|AL|78481|03-29-1948|2580|VA005423
JAMES|NELSON|james.nelson6@aol.com|321.368.1961|3888 Sunset Blvd|Springfield|GA|57819|02/19/1952|1381|VA005424
JAMES|WHITE|james.white95@aol.com|(774) 382-6084|7701 Sunset Blvd|Oxford|fl|95631-7993|1952-08-30|3692|VA005425
MICHAEL|HILL||8443474103|4293 Maple Dr|Arlington|MN|80682|28-Dec-1978|1393|VA005426
LINDA|TAYLOR|linda.taylor60@aol.com|964-493-4929|2634 River Dr|Salem|KY|79722|10-10-1967|7917|VA005427
JESSICA|SCOTT||+19014606999|7102 Valley Ln|Greenville|NJ|63274-6033|11/04/1963|1841|VA005428
MARY|ANDERSON|mary.anderson80@hotmail.com|462.569.2642|4257 Lake Rd|Greenville|wy|19216|1940-05-28|3241|VA005429
JAMES|ADAMS|james.adams26@gmail.com|(355) 727-6586|3351 Maple Dr|Arlington|NJ|33431|21-Dec-1982|7295|VA005430
JAMES|JACKSON|james.jackson76@icloud.com|7247153583|4107 Forest Ave|Burlington|NV|89840-5481|04-05-1942|3778|VA005431
SARAH|DAVIS|sarah.davis4@outlook.com|317-579-7120|9018 Lincoln Ave|Manchester|KS|67137|10/24/1980|8981|VA005432
SARAH|WILLIAMS|sarah.williams12@icloud.com|+13043056133|6023 Park Blvd|Greenville|mo|27451|1997-07-23|3340|VA005433
MICHAEL|WRIGHT|michael.wright41@gmail.com|567.634.5978|7954 Lake Rd|Burlington|NJ|73021-8477|16-Jul-1961|8415|VA005434
MARGARET|SMITH|margaret.smith70@outlook.com|(771) 768-9520|9270 Oak Ave|Salem|ND|99407|04-01-1999|8951|VA005435
MATTHEW|NGUYEN|matthew.nguyen23@icloud.com|7056758354|9249 Sunset Blvd|Dayton|SC|52363|04/08/1996|6179|VA005436
DANIEL|TORRES||694-332-3839|3269 Maple Dr|Oxford|ny|23225-6812|1977-04-26|9089|VA005437
LINDA|JONES|linda.jones14@hotmail.com|+13368521554|4327 Lincoln Ave|Franklin|New York|87109|13-Jan-1959|6374|VA005438
JOSEPH|HALL|joseph.hall43@gmail.com|410.529.7775|2759 Cedar Ln|Salem|ID|45943|08-13-1975|5399|VA005439
MARY|BAKER|mary.baker27@gmail.com|(238) 440-9928|113 Hill Rd|Dayton|MO|89097-2696|01/16/1946|4222|VA005440
SARAH|JONES|sarah.jones41@outlook.com|2443899309|4207 Oak Ave|Georgetown|wy|10721|1991-03-07|2633|VA005441
KAREN|BROWN|karen.brown93@yahoo.com|980-341-1867|52 Washington St|Georgetown|MD|29705|18-Jul-1986|9666|VA005442
DAVID|NGUYEN|david.nguyen81@hotmail.com|+16492524526|1321 Valley Ln|Georgetown|New.|84397-8120|09-27-1999|8027|VA005443
SUSAN|ADAMS||237.706.4220|1857 Hill Rd|Franklin|MD|45142|09/05/2004|3668|VA005444
JENNIFER|WRIGHT||(491) 782-6917|4488 Cedar Ln|Arlington|ut|31720|1992-05-05|1403|VA005445
LINDA|NGUYEN|linda.nguyen25@aol.com|3782548867|2542 Forest Ave|Georgetown|MT|55773-3948|01-May-1956|3395|VA005446
SARAH|ADAMS|sarah.adams57@gmail.com|513-387-3930|655 Maple Dr|Madison|LA|53841|06-26-1999|9560|VA005447
MATTHEW|ADAMS|matthew.adams15@icloud.com|+13735757764|5568 Maple Dr|Arlington|KS|73254|11/06/1958|5333|VA005448
BARBARA|ALLEN|barbara.allen85@outlook.com|325.791.5690|2775 Cedar Ln|Dayton|ga|25593-3533|1971-04-02|5652|VA005449
BETTY|ANDERSON|betty.anderson91@aol.com|(866) 803-9337|2220 Sunset Blvd|Oxford|Michigan|75832|24-Jan-1954|1482|VA005450
BETTY|HILL|betty.hill72@gmail.com|3583075762|6158 Maple Dr|Oxford|MT|19565|01-04-1960|7360|VA005451
MARK|MILLER|mark.miller53@yahoo.com|901-823-8194|9367 Jefferson Dr|Franklin|VT|55029-6800|10/14/1980|6331|VA005452
DANIEL|JOHNSON|daniel.johnson71@gmail.com|+14325507382|3343 Sunset Blvd|Burlington|mo|29178|1952-10-24|5428|VA005453
JOSEPH|WALKER|joseph.walker10@yahoo.com|828.545.5250|8237 Forest Ave|Fairview|AR|37615|29-Sep-1997|7622|VA005454
ROBERT|JACKSON|robert.jackson15@aol.com|(291) 782-7885|9590 Valley Ln|Fairview|IN|58439-9931|06-09-1961|1615|VA005455
MARY|SMITH|mary.smith8@yahoo.com|7744854340|5624 Hill Rd|Franklin|HI|52141|07/17/1973|9363|VA005456
DANIEL|BROWN|daniel.brown42@gmail.com|978-412-3675|1714 Forest Ave|Clinton|nh|35620|1966-06-08|3090|VA005457
MARGARET|MARTIN|margaret.martin99@outlook.com|+13026163811|6758 Lake Rd|Burlington|NJ|73134-5982|26-May-1946|3536|VA005458
NANCY|WRIGHT|nancy.wright17@yahoo.com|522.911.8292|1594 River Dr|Burlington|ME|16496|07-15-1942|5590|VA005459
MARK|JACKSON|mark.jackson47@hotmail.com|(527) 686-5936|8544 River Dr|Fairview|SD|29459|10/24/1989|2167|VA005460
RICHARD|TORRES|richard.torres16@icloud.com|5604807000|8750 Oak Ave|Fairview|nh|96343-9417|1958-10-11|5220|VA005461
MARY|WALKER|mary.walker20@icloud.com|816-354-4439|4971 Valley Ln|Salem|VT|50170|18-Sep-1991|2412|VA005462
JENNIFER|THOMAS|jennifer.thomas65@aol.com|+15198068585|867 Lincoln Ave|Manchester|AR|82123|12-30-1948|1761|VA005463
MARY|JOHNSON|mary.johnson12@outlook.com|768.243.9794|717 River Dr|Manchester|OK|33759-4345|03/21/1964|3310|VA005464
WILLIAM|YOUNG|william.young72@outlook.com|(908) 847-9921|9506 Valley Ln|Georgetown|nc|97577|1986-10-08|7828|VA005465
MARK|TORRES|mark.torres47@icloud.com|2127196899|8551 Main St|Madison|Texas|28353|12-Nov-1973|8397|VA005466
MICHAEL|ADAMS|michael.adams47@yahoo.com|409-279-4621|7281 Forest Ave|Greenville|HI|64040-4901|09-13-1959|1086|VA005467
DAVID|BROWN||+18158464211|3025 Washington St|Marion|HI|23637|11/16/1955|6818|VA005468
LINDA|ADAMS||291.957.4663|9668 Valley Ln|Manchester|va|33630|1955-07-20|6495|VA005469
RICHARD|HARRIS|richard.harris7@aol.com|(208) 644-2951|2422 Maple Dr|Franklin|OK|90423-3429|01-Feb-1987|1315|VA005470
SANDRA|YOUNG|sandra.young90@gmail.com|6276712251|1910 Jefferson Dr|Greenville|AK|72851|03-29-1971|6104|VA005471
LISA|NELSON|lisa.nelson57@icloud.com|400-276-5442|2212 Washington St|Georgetown|DE|43348|02/28/1969|3926|VA005472
DAVID|SMITH|david.smith47@gmail.com|+18288206471|2469 Jefferson Dr|Dayton|me|94806-9765|1989-09-02|6026|VA005473
WILLIAM|HILL|william.hill98@outlook.com|478.522.8762|2051 Lincoln Ave|Greenville|NJ|53007|03-May-1999|8739|VA005474
CHARLES|THOMAS|charles.thomas24@hotmail.com|(290) 724-1277|6275 Lake Rd|Marion|VT|47785|10-03-1948|9832|VA005475
ROBERT|MARTIN|robert.martin46@aol.com|2293306238|5009 Oak Ave|Richmond|OR|53541-2805|04/27/1982|3676|VA005476
SANDRA|HILL||483-280-2286|2342 Cedar Ln|Clinton|il|43083|1986-03-23|4441|VA005477
SANDRA|ALLEN|sandra.allen73@icloud.com|+15847636500|5675 Main St|Dayton|RI|44607|13-Mar-1978|1388|VA005478
ASHLEY|ANDERSON|ashley.anderson25@outlook.com|511.902.4243|3568 Lincoln Ave|Fairview|OK|13888-2885|02-23-1962|1999|VA005479
RICHARD|DAVIS|richard.davis65@aol.com|(241) 629-8910|4340 Forest Ave|Burlington|UT|83769|10/07/1960|4833|VA005480
JOSEPH|WILLIAMS|joseph.williams71@outlook.com|5297519921|350 Forest Ave|Madison|mt|25236|2001-12-04|3401|VA005481
JESSICA|THOMPSON|jessica.thompson32@outlook.com|553-956-1950|3495 Lincoln Ave|Manchester|Michigan|66885-7552|04-Mar-1981|3553|VA005482
LISA|JOHNSON|lisa.johnson41@aol.com|+19308183530|7810 Hill Rd|Oxford|KS|98635|06-01-1999|9857|VA005483
BETTY|BROWN|betty.brown74@yahoo.com|789.907.9781|7315 Lake Rd|Richmond|KS|70852|02/28/1952|5041|VA005484
SANDRA|YOUNG|sandra.young11@icloud.com|(766) 485-3551|3836 Park Blvd|Greenville|mn|98767-1355|1945-08-27|8584|VA005485
BETTY|SCOTT|betty.scott96@aol.com|8552592202|7792 River Dr|Fairview|WV|53841|28-Dec-1972|6567|VA005486
JESSICA|YOUNG|jessica.young6@outlook.com|673-550-6630|8402 Forest Ave|Fairview|LA|28071|06-16-1952|5250|VA005487
JENNIFER|DAVIS|jennifer.davis50@outlook.com|+12418141705|289 Washington St|Richmond|SD|25515-5350|06/19/1990|2452|VA005488
JOSEPH|ADAMS|joseph.adams22@hotmail.com|532.957.4220|1249 Main St|Burlington|nc|22031|1952-08-02|5112|VA005489
ROBERT|BAKER|robert.baker43@outlook.com|(292) 649-8423|9830 Oak Ave|Marion|MN|15592|13-Nov-1975|6017|VA005490
ANTHONY|TAYLOR|anthony.taylor13@yahoo.com|6649171664|1740 Lake Rd|Georgetown|MA|24336-3698|01-16-2003|6846|VA005491
SANDRA|ALLEN|sandra.allen46@gmail.com|758-545-3904|8018 Hill Rd|Salem|MS|18190|01/09/1965|4129|VA005492
DAVID|TORRES|david.torres35@hotmail.com|+14732426168|9628 Cedar Ln|Springfield|il|34404|1996-02-16|1551|VA005493
BETTY|HILL|betty.hill45@aol.com|596.573.7035|9755 Hill Rd|Salem|NV|92754-6265|20-Nov-2000|5100|VA005494
LISA|DAVIS|lisa.davis5@outlook.com|(546) 880-3667|7745 Lincoln Ave|Salem|MN|76699|06-28-1967|5811|VA005495
SANDRA|HALL|sandra.hall61@icloud.com|8468865036|9902 River Dr|Georgetown|HI|73272|05/24/1996|3673|VA005496
SANDRA|HILL||982-202-7162|8858 Maple Dr|Franklin|tx|32405-5605|1956-03-09|4668|VA005497
SARAH|TORRES||+16105343343|764 Forest Ave|Springfield|NV|85390|09-Sep-1974|8175|VA005498
KAREN|BROWN|karen.brown46@gmail.com|865.781.5689|3489 Jefferson Dr|Arlington|WV|95755|08-29-1957|4470|VA005499
BETTY|HALL||(896) 725-2803|2584 Park Blvd|Madison|PA|64350-3476|04/26/1959|8836|VA005500
MATTHEW|ANDERSON|matthew.anderson52@gmail.com|3205801074|3893 Sunset Blvd|Marion|mi|76790|1967-06-22|7314|VA005501
MICHAEL|ALLEN||211-289-9977|3031 Lincoln Ave|Fairview|AK|91187|25-Jul-1974|3306|VA005502
ASHLEY|THOMAS|ashley.thomas20@aol.com|+14357897190|9032 Sunset Blvd|Springfield|Ohi.|41142-7022|10-17-1972|5554|VA005503
MICHAEL|NGUYEN||645.993.3411|7372 Jefferson Dr|Oxford|WI|28329|03/25/1998|5947|VA005504
SUSAN|HILL|susan.hill32@hotmail.com|(459) 487-5433|1690 Maple Dr|Greenville|tn|94177|1996-03-06|1313|VA005505
PATRICIA|GARCIA|patricia.garcia43@icloud.com|7086571015|7982 Cedar Ln|Fairview|AL|19841-1159|22-Oct-1996|3998|VA005506
LINDA|WILLIAMS||244-797-2936|5361 Washington St|Salem|DE|14160|07-23-1958|1642|VA005507
NANCY|GARCIA||+19503203622|1553 Washington St|Marion|WA|33983|04/01/1988|9602|VA005508
JESSICA|JACKSON|jessica.jackson40@icloud.com|775.427.8068|80 Sunset Blvd|Oxford|sd|50540-2618|1958-11-15|9487|VA005509
MARGARET|SMITH|margaret.smith71@gmail.com|(761) 667-2594|743 Valley Ln|Dayton|MT|92688|20-Jan-1987|6244|VA005510
JOHN|DAVIS|john.davis46@gmail.com|5906434243|1819 Hill Rd|Madison|OR|82729|08-11-1960|5680|VA005511
CHARLES|JOHNSON|charles.johnson61@aol.com|958-752-6415|8262 Maple Dr|Arlington|ME|68518-1555|06/13/1982|4095|VA005512
KAREN|HALL|karen.hall76@icloud.com|+19602885940|1079 Valley Ln|Madison|ny|77475|1977-09-13|5267|VA005513
SARAH|ALLEN|sarah.allen74@hotmail.com|383.764.1373|7039 Cedar Ln|Manchester|NE|36417|11-Dec-1969|3946|VA005514
CHRISTOPHER|NGUYEN|christopher.nguyen23@icloud.com|(448) 917-2286|9785 Washington St|Dayton|NH|17689-7781|12-05-1999|4462|VA005515
KAREN|ANDERSON|karen.anderson12@gmail.com|3257063753|900 Forest Ave|Salem|AZ|56033|11/11/1983|8834|VA005516
CHRISTOPHER|WHITE|christopher.white62@icloud.com|395-217-3466|7853 Washington St|Arlington|ms|94157|1987-10-21|9141|VA005517
RICHARD|SCOTT|richard.scott11@aol.com|+13936333716|6994 Park Blvd|Burlington|MD|75620-5491|01-Nov-1987|7271|VA005518
DAVID|HARRIS|david.harris94@yahoo.com|749.558.3431|5387 Lake Rd|Oxford|Flo.|80149|03-22-2003|7874|VA005519
BETTY|TAYLOR|betty.taylor80@outlook.com|(533) 818-5298|8651 Hill Rd|Burlington|ID|19328|12/14/1963|1825|VA005520
BARBARA|JOHNSON|barbara.johnson87@yahoo.com|6938577438|5813 Park Blvd|Fairview|ri|86550-7803|1993-02-05|5358|VA005521
CHRISTOPHER|ALLEN|christopher.allen98@yahoo.com|958-392-2201|3844 River Dr|Burlington|VA|33937|10-Apr-1999|9536|VA005522
JESSICA|NGUYEN|jessica.nguyen30@yahoo.com|+18795732813|6438 Lincoln Ave|Clinton|NJ|60017|12-04-1989|3364|VA005523
CHARLES|WILSON|charles.wilson88@icloud.com|335.611.6793|8608 Sunset Blvd|Arlington|FL|19287-2963|06/23/1976|6594|VA005524
MARY|TAYLOR|mary.taylor76@gmail.com|(308) 823-4464|5130 Hill Rd|Burlington|wy|76608|1992-03-02|6636|VA005525
PATRICIA|GARCIA|patricia.garcia38@gmail.com|9036331505|4395 Jefferson Dr|Greenville|MT|40261|07-Jan-1966|4188|VA005526
BETTY|DAVIS|betty.davis51@hotmail.com|480-427-4761|2120 Jefferson Dr|Salem|Ohi.|78404-9560|10-29-1970|6850|VA005527
MARY|JACKSON|mary.jackson49@outlook.com|+19705099998|4370 Lake Rd|Springfield|AZ|68083|08/25/1945|4733|VA005528
CHARLES|NGUYEN|charles.nguyen81@aol.com|487.869.9938|9482 Sunset Blvd|Richmond|nm|97900|1943-09-14|7816|VA005529
MARGARET|HILL|margaret.hill7@yahoo.com|(365) 772-5592|6917 River Dr|Georgetown|ID|68779-6386|19-Mar-1970|3612|VA005530
ASHLEY|BAKER|ashley.baker64@hotmail.com|9723287842|5859 Oak Ave|Burlington|CT|82332|02-11-1981|5327|VA005531
SUSAN|ANDERSON|susan.anderson71@icloud.com|996-607-9883|997 River Dr|Dayton|MT|65652|09/29/1964|4221|VA005532
ASHLEY|NGUYEN|ashley.nguyen73@yahoo.com|+15252699732|1940 Maple Dr|Georgetown|ga|13864-6949|1968-08-03|7783|VA005533
THOMAS|THOMAS|thomas.thomas52@outlook.com|780.539.5900|1330 Cedar Ln|Greenville|SC|73068|21-Jun-1999|2086|VA005534
DAVID|WALKER|david.walker15@yahoo.com|(438) 344-2679|3193 Lincoln Ave|Springfield|Nor.|21871|03-05-1956|2548|VA005535
CHRISTOPHER|NGUYEN|christopher.nguyen45@aol.com|4832685890|4348 Forest Ave|Salem|WV|33369-7300|03/01/1942|5588|VA005536
CHARLES|WILLIAMS|charles.williams40@icloud.com|438-321-8050|9850 Oak Ave|Burlington|nm|38489|1957-02-02|9766|VA005537
ASHLEY|NELSON|ashley.nelson44@aol.com|+17059523110|4163 Lincoln Ave|Fairview|OK|70696|14-Dec-1950|3371|VA005538
RICHARD|WALKER||583.651.2145|2704 Sunset Blvd|Manchester|NH|50917-3760|08-01-1964|2468|VA005539
MARK|JACKSON|mark.jackson92@hotmail.com|(982) 832-3064|8707 Lake Rd|Greenville|CA|13767|04/22/1977|6880|VA005540
BARBARA|GARCIA|barbara.garcia29@hotmail.com|6652171137|4828 Oak Ave|Greenville|sc|22412|1990-03-29|3285|VA005541
WILLIAM|SCOTT||942-309-7447|6835 Maple Dr|Marion|SC|29742-7911|08-Sep-1979|4962|VA005542
ASHLEY|HALL|ashley.hall85@icloud.com|+19728052618|8518 Oak Ave|Dayton|TN|52015|04-23-1987|9715|VA005543
PATRICIA|WRIGHT|patricia.wright20@hotmail.com|390.984.2383|9481 Maple Dr|Burlington|MI|67813|07/20/1993|5190|VA005544
SARAH|HILL|sarah.hill99@icloud.com|(877) 596-4091|1664 Sunset Blvd|Springfield|vt|39976-7885|1954-01-08|5055|VA005545
JOHN|GARCIA|john.garcia40@hotmail.com|3166532047|5772 Park Blvd|Madison|WI|34696|26-Jul-1992|7181|VA005546
MARGARET|WHITE||409-513-8206|4232 River Dr|Madison|SC|93468|09-16-1956|1110|VA005547
MICHAEL|DAVIS|michael.davis13@yahoo.com|+14424834272|1492 Lincoln Ave|Burlington|MN|26403-6816|11/07/1947|4823|VA005548
CHRISTOPHER|TORRES|christopher.torres38@yahoo.com|900.957.8180|4062 Washington St|Fairview|nh|57996|1971-10-04|1575|VA005549
BARBARA|SMITH||(283) 972-6371|2188 Maple Dr|Oxford|AK|48501|10-Apr-1942|2466|VA005550
ANTHONY|WILLIAMS|anthony.williams17@hotmail.com|3508083230|17 Park Blvd|Clinton|MA|36764-6753|09-24-1985|9465|VA005551
JOSEPH|DAVIS|joseph.davis97@hotmail.com|921-519-8198|1383 Valley Ln|Manchester|LA|56576|06/30/1977|3595|VA005552
NANCY|ADAMS|nancy.adams96@icloud.com|+19505241232|2466 Forest Ave|Arlington|ga|75463|1968-05-21|2861|VA005553
ANTHONY|HALL|anthony.hall53@gmail.com|609.510.3014|4513 River Dr|Burlington|WV|38137-1772|02-Apr-2003|6772|VA005554
MARK|HARRIS||(791) 794-9185|3164 Park Blvd|Richmond|CT|40928|02-08-1972|1350|VA005555
WILLIAM|THOMAS|william.thomas84@outlook.com|9642201034|8611 Oak Ave|Greenville|WA|85793|02/21/1948|9810|VA005556
SARAH|WRIGHT|sarah.wright15@hotmail.com|420-692-1179|6164 Lincoln Ave|Manchester|va|28043-3736|1993-07-20|6233|VA005557
DANIEL|GARCIA||+19797479208|8914 Maple Dr|Franklin|TN|35784|20-Jan-1997|3868|VA005558
ROBERT|WILLIAMS|robert.williams27@outlook.com|231.459.6274|681 Cedar Ln|Dayton|Nor.|63694|06-10-1941|9130|VA005559
SARAH|TORRES|sarah.torres37@outlook.com|(262) 835-6659|6639 Washington St|Salem|IN|68511-8092|06/05/1955|8226|VA005560
NANCY|BAKER|nancy.baker12@yahoo.com|5634286031|6890 Lincoln Ave|Arlington|mi|58717|1963-05-18|5817|VA005561
KAREN|MARTIN|karen.martin94@aol.com|226-234-8309|8184 Lincoln Ave|Marion|RI|77701|09-Jun-1948|7601|VA005562
KAREN|WRIGHT|karen.wright4@outlook.com|+18222685662|1680 Hill Rd|Franklin|Cal.|34238-4122|11-16-1947|1101|VA005563
DANIEL|BROWN|daniel.brown41@aol.com|590.978.7210|5848 Sunset Blvd|Oxford|CT|15796|05/09/1943|4147|VA005564
MARK|ADAMS||(584) 318-7694|2201 Lake Rd|Richmond|al|32055|1949-05-03|8556|VA005565
PATRICIA|DAVIS|patricia.davis6@icloud.com|4482564076|5780 Hill Rd|Fairview|Illinois|81072-3036|18-Jun-1940|9843|VA005566
SUSAN|BAKER|susan.baker21@yahoo.com|497-866-2314|1094 Cedar Ln|Arlington|KY|20344|05-02-1966|2703|VA005567
ROBERT|WRIGHT|robert.wright36@outlook.com|+12808215860|217 Oak Ave|Oxford|OR|63478|01/08/1962|1759|VA005568
JOSEPH|KING|joseph.king66@outlook.com|517.672.2221|9061 Park Blvd|Greenville|ca|95657-1629|2000-08-19|9374|VA005569
MARY|YOUNG||(588) 510-4780|9297 Lake Rd|Oxford|Michigan|23593|27-Oct-1951|4766|VA005570
RICHARD|SMITH|richard.smith2@aol.com|4807868067|5198 Oak Ave|Arlington|WA|93204|07-08-1978|5327|VA005571
LINDA|WILSON|linda.wilson66@hotmail.com|573-570-1386|2938 Jefferson Dr|Madison|IA|67065-4307|12/24/1942|6044|VA005572
MARK|THOMAS|mark.thomas66@gmail.com|+12523015374|5058 Washington St|Dayton|nj|66173|1954-10-04|3868|VA005573
MARK|TORRES||740.542.4034|5086 Maple Dr|Richmond|NM|59955|25-Feb-1955|3501|VA005574
MARY|HILL|mary.hill12@yahoo.com|(917) 283-6026|5434 River Dr|Salem|NJ|58285-8325|10-28-1948|1142|VA005575
ROBERT|WRIGHT||5264797651|1437 Maple Dr|Marion|AL|57099|06/09/1996|6005|VA005576
WILLIAM|THOMPSON||667-216-1118|6227 Lincoln Ave|Clinton|mt|23115|1971-10-27|6904|VA005577
THOMAS|MARTIN|thomas.martin17@icloud.com|+17437554551|6704 Cedar Ln|Clinton|Ohio|78939-8808|23-Aug-1999|6857|VA005578
DAVID|ALLEN|david.allen49@aol.com|435.468.6214|1905 Oak Ave|Clinton|VT|20119|06-18-2002|1911|VA005579
JESSICA|WHITE|jessica.white14@gmail.com|(392) 211-6329|4620 Lincoln Ave|Richmond|CT|71683|10/04/1981|5270|VA005580
KAREN|GARCIA|karen.garcia14@icloud.com|5146128975|432 Park Blvd|Georgetown|ky|93406-1113|2000-04-09|6022|VA005581
ASHLEY|GARCIA|ashley.garcia39@icloud.com|262-484-3468|6802 Washington St|Richmond|MS|40099|31-Jan-1982|1198|VA005582
CHARLES|MILLER||+18335045738|6371 Sunset Blvd|Richmond|ME|12121|07-05-1942|4099|VA005583
ANTHONY|ANDERSON|anthony.anderson20@aol.com|653.258.4832|5622 Maple Dr|Burlington|MI|46622-4847|07/14/1981|2678|VA005584
DAVID|YOUNG|david.young74@hotmail.com|(260) 720-4033|5659 Lincoln Ave|Arlington|nm|26922|1960-03-08|3980|VA005585
SUSAN|THOMPSON|susan.thompson26@icloud.com|6266809880|1434 Sunset Blvd|Salem|North Carolina|35335|22-Aug-1980|4104|VA005586
DANIEL|TORRES|daniel.torres68@gmail.com|259-883-8996|7435 Forest Ave|Salem|Nor.|34620-7894|06-24-1996|5696|VA005587
BARBARA|ALLEN|barbara.allen74@icloud.com|+17837313650|3263 Cedar Ln|Richmond|WA|28396|11/16/1947|6725|VA005588
PATRICIA|TAYLOR|patricia.taylor81@aol.com|225.973.2111|1909 Main St|Salem|pa|73655|1999-10-19|8657|VA005589
MARY|THOMAS|mary.thomas56@outlook.com|(808) 934-4396|8086 Washington St|Oxford|NV|51863-7979|20-Mar-1961|3572|VA005590
LINDA|DAVIS|linda.davis57@yahoo.com|6012935418|6492 Valley Ln|Richmond|WY|71772|07-01-1989|2573|VA005591
JESSICA|YOUNG|jessica.young40@hotmail.com|860-417-3131|5025 Jefferson Dr|Franklin|IL|36579|10/26/1983|4337|VA005592
SUSAN|GARCIA|susan.garcia69@gmail.com|+14125167322|3554 Lincoln Ave|Fairview|wv|33681-6675|1986-03-14|8257|VA005593
DANIEL|THOMPSON|daniel.thompson68@outlook.com|480.861.3512|5158 Valley Ln|Madison|Illinois|72918|09-Jan-1962|7060|VA005594
LINDA|THOMAS|linda.thomas5@icloud.com|(527) 492-5516|9747 Lincoln Ave|Clinton|WI|93249|01-28-1960|5748|VA005595
BETTY|HALL|betty.hall24@hotmail.com|8184561883|33 Washington St|Dayton|SD|87342-3980|05/01/1949|4448|VA005596
NANCY|ALLEN|nancy.allen37@icloud.com|482-548-8481|6103 Jefferson Dr|Arlington|mi|71571|1953-12-29|3873|VA005597
JOSEPH|JACKSON|joseph.jackson70@icloud.com|+13912268405|4504 River Dr|Manchester|California|90481|11-Sep-1945|8559|VA005598
JOHN|JONES|john.jones28@yahoo.com|306.316.8268|9530 Sunset Blvd|Manchester|NV|51011-1348|09-15-1964|6835|VA005599
CHRISTOPHER|BAKER|christopher.baker91@yahoo.com|(921) 292-2363|4598 Sunset Blvd|Franklin|AR|11443|06/07/1975|4496|VA005600
CHARLES|JACKSON|charles.jackson44@icloud.com|8999402380|4042 Sunset Blvd|Georgetown|or|19363|1995-12-08|3542|VA005601
JENNIFER|JOHNSON|jennifer.johnson83@gmail.com|492-286-5559|4419 Maple Dr|Madison|MT|11814-8357|25-Jul-1997|8793|VA005602
WILLIAM|WHITE|william.white94@aol.com|+19347795324|4473 Valley Ln|Fairview|OR|51689|02-10-1946|6948|VA005603
BARBARA|DAVIS||437.932.7826|4024 Valley Ln|Arlington|TX|42538|08/25/1970|9289|VA005604
BARBARA|HALL|barbara.hall21@hotmail.com|(847) 718-9039|1206 Oak Ave|Greenville|ma|22789-6503|2000-05-27|2873|VA005605
CHARLES|ADAMS|charles.adams25@aol.com|6529894997|4699 Cedar Ln|Georgetown|NM|20160|10-Jun-2002|2520|VA005606
JOSEPH|JONES|joseph.jones19@icloud.com|639-514-7207|1386 Lincoln Ave|Georgetown|KS|41056|01-23-1943|1171|VA005607
MICHAEL|SMITH|michael.smith6@icloud.com|+16295943742|3251 Washington St|Manchester|PA|60985-1168|07/13/1959|4067|VA005608
PATRICIA|ANDERSON||550.249.8713|750 Main St|Manchester|ok|61527|1961-07-08|9811|VA005609
JOHN|HILL|john.hill70@icloud.com|(814) 752-2594|3589 Forest Ave|Marion|AR|24750|10-Dec-1949|1720|VA005610
DANIEL|GARCIA||5659624346|8392 Lake Rd|Fairview|CO|16390-3947|03-30-1981|5482|VA005611
ASHLEY|WHITE|ashley.white72@icloud.com|478-890-3744|9412 Forest Ave|Richmond|MT|13222|04/13/1944|7686|VA005612
JOSEPH|JOHNSON|joseph.johnson65@aol.com|+16747116554|5641 Park Blvd|Greenville|nv|20089|1992-08-19|1452|VA005613
JENNIFER|JACKSON|jennifer.jackson15@hotmail.com|311.811.3614|8182 Oak Ave|Marion|AR|51490-2363|20-Dec-1984|3620|VA005614
MICHAEL|MARTIN|michael.martin65@yahoo.com|(656) 864-7939|2259 Cedar Ln|Franklin|WA|46052|04-26-1982|1067|VA005615
DANIEL|DAVIS|daniel.davis45@gmail.com|5098627175|2741 Forest Ave|Fairview|FL|32143|07/27/1974|3206|VA005616
MARK|KING|mark.king85@icloud.com|754-536-8491|7589 Oak Ave|Madison|ca|20372-6048|1942-10-29|3221|VA005617
ROBERT|WILSON|robert.wilson59@hotmail.com|+18366129700|6418 Hill Rd|Dayton|NV|33195|07-Feb-1980|5155|VA005618
KAREN|ANDERSON|karen.anderson78@gmail.com|458.327.7169|9023 River Dr|Springfield|Cal.|34763|11-10-1962|9110|VA005619
SUSAN|MILLER|susan.miller14@hotmail.com|(730) 711-5668|2406 Forest Ave|Springfield|SD|59600-1010|03/23/1970|6296|VA005620
SARAH|DAVIS|sarah.davis71@outlook.com|9396726581|1407 Lake Rd|Richmond|il|66202|2002-08-13|7843|VA005621
MARY|HALL|mary.hall14@aol.com|905-872-1289|5532 Sunset Blvd|Marion|WY|84280|15-Mar-1957|7016|VA005622
SANDRA|THOMPSON|sandra.thompson43@yahoo.com|+14898975707|194 Forest Ave|Greenville|HI|58770-8127|03-04-2003|6139|VA005623
JOSEPH|THOMPSON|joseph.thompson98@icloud.com|404.610.8200|709 Forest Ave|Greenville|MD|25439|12/30/1956|4091|VA005624
JOSEPH|KING|joseph.king37@outlook.com|(660) 217-1502|8317 Maple Dr|Marion|wa|63510|1959-04-01|1194|VA005625
DAVID|WHITE|david.white46@hotmail.com|9514233659|8536 Park Blvd|Springfield|IN|44909-3145|08-Sep-1983|8087|VA005626
MARK|NGUYEN|mark.nguyen58@icloud.com|496-302-2319|9270 Cedar Ln|Georgetown|Ill.|84292|10-21-1948|1024|VA005627
MICHAEL|JONES|michael.jones99@outlook.com|+14176677701|9174 Maple Dr|Dayton|FL|98219|05/22/1984|7246|VA005628
JAMES|WILSON||339.534.8606|7943 Forest Ave|Franklin|co|81883-8032|1998-12-11|4969|VA005629
PATRICIA|ADAMS|patricia.adams35@outlook.com|(720) 720-9165|7652 Hill Rd|Marion|North Carolina|49919|15-May-1971|9201|VA005630
DAVID|TAYLOR|david.taylor84@gmail.com|3312177680|1735 Maple Dr|Burlington|MO|77158|09-21-1982|5078|VA005631
NANCY|WHITE|nancy.white75@gmail.com|590-846-8837|7687 Valley Ln|Richmond|RI|43661-9068|01/09/1997|7959|VA005632
DAVID|ALLEN|david.allen38@outlook.com|+17583508745|3025 Main St|Franklin|ga|57268|1966-09-25|3134|VA005633
SARAH|BAKER|sarah.baker55@icloud.com|570.409.3961|1055 Forest Ave|Dayton|AL|87277|18-Apr-1950|2773|VA005634
WILLIAM|KING|william.king47@outlook.com|(527) 613-7433|6782 Lincoln Ave|Marion|AZ|96297-4003|12-07-1969|1667|VA005635
WILLIAM|WILLIAMS|william.williams93@icloud.com|5182136447|6042 Oak Ave|Clinton|TX|26864|04/11/1994|8673|VA005636
THOMAS|THOMAS|thomas.thomas47@icloud.com|645-986-5804|5108 Maple Dr|Oxford|id|74783|1984-04-16|6591|VA005637
SANDRA|TAYLOR|sandra.taylor76@icloud.com|+13069606808|9548 Valley Ln|Richmond|AZ|25178-8115|01-Jan-1976|7309|VA005638
DANIEL|ADAMS|daniel.adams39@hotmail.com|409.347.5851|415 Main St|Dayton|TN|65236|01-23-1947|7039|VA005639
SUSAN|WILSON|susan.wilson15@hotmail.com|(527) 596-9944|5303 Main St|Manchester|VT|93329|02/15/1951|3568|VA005640
MATTHEW|TAYLOR||5868568649|6033 Maple Dr|Arlington|nh|21202-7181|1956-06-05|9876|VA005641
ROBERT|MILLER|robert.miller32@hotmail.com|872-661-7536|1280 Sunset Blvd|Richmond|ID|32650|27-Apr-1982|6975|VA005642
MATTHEW|YOUNG|matthew.young23@aol.com|+17027226441|8518 Jefferson Dr|Salem|OR|55434|08-14-1991|9158|VA005643
SARAH|MARTIN|sarah.martin76@outlook.com|453.948.1111|9656 River Dr|Madison|LA|91551-8715|10/13/1949|8582|VA005644
MARGARET|BAKER|margaret.baker13@aol.com|(739) 729-7930|3441 River Dr|Springfield|id|92566|1996-10-29|1574|VA005645
DAVID|MILLER|david.miller44@aol.com|5744421123|1376 Lincoln Ave|Oxford|MO|57814|13-May-1964|8995|VA005646
SANDRA|MARTIN|sandra.martin55@yahoo.com|388-385-3046|9978 Main St|Georgetown|KS|38240-7242|12-26-1996|5831|VA005647
CHARLES|DAVIS|charles.davis77@hotmail.com|+16498683059|3945 Jefferson Dr|Georgetown|HI|43668|02/04/1987|9660|VA005648
ASHLEY|DAVIS||441.700.7993|3303 Park Blvd|Greenville|nh|19095|1983-10-21|3111|VA005649
RICHARD|NELSON|richard.nelson43@outlook.com|(462) 829-8035|7656 Park Blvd|Franklin|Pennsylvania|90330-5841|23-Jun-1947|7574|VA005650
NANCY|BROWN|nancy.brown24@gmail.com|3984677148|8831 Sunset Blvd|Madison|IA|78575|01-03-2000|6536|VA005651
MATTHEW|NELSON|matthew.nelson78@yahoo.com|441-565-3354|8900 Jefferson Dr|Salem|ND|90277|08/30/1984|2701|VA005652
CHARLES|ANDERSON||+14894894916|2799 Forest Ave|Franklin|pa|31769-7715|1991-03-04|1097|VA005653
JESSICA|HILL|jessica.hill43@hotmail.com|267.469.8059|5915 Valley Ln|Oxford|North Carolina|40066|05-Nov-1945|5400|VA005654
DANIEL|THOMAS|daniel.thomas51@outlook.com|(862) 803-9039|1081 Maple Dr|Salem|NE|44417|09-11-1973|9901|VA005655
RICHARD|JACKSON|richard.jackson18@gmail.com|3887967520|1517 Forest Ave|Oxford|HI|71569-5612|08/28/1957|8658|VA005656
JENNIFER|MARTIN|jennifer.martin92@yahoo.com|925-206-8800|9999 Cedar Ln|Springfield|ri|43215|1961-05-10|1451|VA005657
CHARLES|HALL|charles.hall4@outlook.com|+19057085543|4385 Maple Dr|Dayton|AK|81566|03-Sep-1964|5433|VA005658
DANIEL|WALKER||899.858.2467|5993 Hill Rd|Marion|HI|93829-2455|08-24-1981|2364|VA005659
ANTHONY|JACKSON|anthony.jackson8@outlook.com|(259) 391-6514|381 Forest Ave|Burlington|MO|66057|04/14/1978|1730|VA005660
WILLIAM|THOMAS|william.thomas62@icloud.com|7839139863|4395 Hill Rd|Richmond|az|17473|1953-02-27|1067|VA005661
PATRICIA|TORRES|patricia.torres64@yahoo.com|402-857-9172|1297 Hill Rd|Fairview|IN|51238-6515|03-Sep-1956|9616|VA005662
KAREN|YOUNG||+15165123188|16 Main St|Manchester|MO|33286|02-20-1991|9232|VA005663
DAVID|WILSON|david.wilson94@aol.com|655.346.3729|6704 Hill Rd|Clinton|ID|60735|10/15/1946|9905|VA005664
BETTY|TORRES||(904) 427-1822|5554 Forest Ave|Dayton|co|57212-9945|1949-07-22|6922|VA005665
CHRISTOPHER|SCOTT||9302227371|9367 Lake Rd|Georgetown|MO|12686|17-Jan-1984|8148|VA005666
ROBERT|THOMAS|robert.thomas47@aol.com|713-828-9514|3203 Washington St|Oxford|HI|37001|11-17-1941|8818|VA005667
MARY|TAYLOR|mary.taylor46@aol.com|+14354156761|8162 River Dr|Oxford|WA|37658-9859|05/06/1981|5444|VA005668
LISA|GARCIA|lisa.garcia9@gmail.com|316.709.4613|1034 Lincoln Ave|Fairview|nv|54216|2000-11-10|7586|VA005669
JESSICA|JACKSON|jessica.jackson70@aol.com|(494) 527-8710|3619 Jefferson Dr|Richmond|Georgia|19981|18-Aug-1978|6720|VA005670
ROBERT|MILLER|robert.miller95@gmail.com|3078582814|2330 Sunset Blvd|Oxford|Flo.|51433-7456|01-25-1960|1336|VA005671
THOMAS|WRIGHT|thomas.wright74@gmail.com|581-770-3071|1975 Park Blvd|Madison|VT|99122|04/02/1973|2986|VA005672
SANDRA|DAVIS|sandra.davis59@hotmail.com|+13874717661|3407 Sunset Blvd|Franklin|ak|49486|1960-10-23|8385|VA005673
SUSAN|HARRIS|susan.harris28@gmail.com|759.807.9886|3356 Valley Ln|Manchester|RI|22168-7760|21-Nov-1981|6861|VA005674
CHARLES|TAYLOR|charles.taylor4@gmail.com|(964) 360-9945|9315 Lincoln Ave|Richmond|Pen.|66087|08-06-1990|7046|VA005675
JOHN|WRIGHT|john.wright54@gmail.com|8647013761|4365 Lincoln Ave|Springfield|MA|42018|10/09/1991|5125|VA005676
NANCY|HILL|nancy.hill9@outlook.com|838-481-6249|2353 Jefferson Dr|Marion|nc|29299-1308|2003-08-08|2227|VA005677
SANDRA|TORRES|sandra.torres3@aol.com|+17005867161|1521 River Dr|Clinton|Georgia|99563|23-Feb-1997|6190|VA005678
CHARLES|ADAMS|charles.adams10@yahoo.com|840.713.1521|9983 River Dr|Salem|Ill.|83001|05-06-1996|4899|VA005679
MARK|TORRES|mark.torres44@aol.com|(827) 629-9937|2434 Maple Dr|Madison|IN|22212-9520|03/20/1952|2309|VA005680
PATRICIA|WRIGHT|patricia.wright85@icloud.com|9003006457|9831 Lake Rd|Manchester|sc|42468|1946-06-13|7087|VA005681
RICHARD|WHITE|richard.white88@gmail.com|718-491-2787|8835 Park Blvd|Dayton|IA|60397|06-Apr-2003|1762|VA005682
CHARLES|MARTIN|charles.martin36@outlook.com|+15959142758|7602 River Dr|Richmond|NV|29420-6366|07-05-1942|5643|VA005683
LINDA|TORRES|linda.torres98@gmail.com|753.685.4626|791 Valley Ln|Clinton|VA|56912|01/01/2002|1036|VA005684
MATTHEW|MILLER|matthew.miller87@aol.com|(796) 915-9948|9656 River Dr|Dayton|id|51676|1990-05-11|7506|VA005685
DAVID|NELSON|david.nelson83@yahoo.com|4757229058|4678 Park Blvd|Georgetown|MO|29730-1565|19-Oct-1940|7651|VA005686
NANCY|DAVIS|nancy.davis41@gmail.com|507-928-1229|1167 Washington St|Burlington|IA|13990|08-25-1970|1035|VA005687
JESSICA|THOMAS||+16448715028|8424 Maple Dr|Burlington|ND|33301|08/05/1960|3761|VA005688
MARK|THOMAS||234.469.2916|7259 Oak Ave|Greenville|az|23985-7779|1965-05-01|2561|VA005689
SANDRA|TORRES|sandra.torres68@gmail.com|(269) 594-7798|5444 Lincoln Ave|Arlington|NJ|91120|06-Jul-1955|8944|VA005690
KAREN|BAKER|karen.baker68@outlook.com|4102646250|3574 Lake Rd|Arlington|MD|39856|05-02-1980|7397|VA005691
SUSAN|MILLER|susan.miller31@gmail.com|364-467-4364|2745 Park Blvd|Greenville|PA|51798-9802|02/29/1988|2401|VA005692
ROBERT|HALL|robert.hall99@hotmail.com|+18639445090|5921 River Dr|Greenville|ak|24177|1981-05-15|7929|VA005693
SARAH|MARTIN|sarah.martin97@gmail.com|543.465.3556|5226 Lincoln Ave|Fairview|CO|72411|21-Jan-1997|1385|VA005694
MARGARET|NELSON|margaret.nelson90@gmail.com|(396) 868-3244|7848 Sunset Blvd|Burlington|MD|84342-7178|01-25-1990|5582|VA005695
ROBERT|MILLER|robert.miller94@hotmail.com|9758792021|3861 Forest Ave|Franklin|OR|89954|01/28/2003|1579|VA005696
CHRISTOPHER|WILSON|christopher.wilson23@aol.com|707-597-8661|5555 River Dr|Salem|ma|39819|1986-09-19|7706|VA005697
THOMAS|WALKER|thomas.walker43@aol.com|+16647198984|8279 River Dr|Arlington|Georgia|28469-5617|04-Apr-1969|9287|VA005698
BETTY|NELSON||479.469.7301|8789 Oak Ave|Oxford|Pen.|98975|03-13-1950|7317|VA005699
NANCY|WILSON|nancy.wilson2@hotmail.com|(340) 527-4992|7871 Lincoln Ave|Fairview|IL|97036|08/04/1982|8836|VA005700
CHRISTOPHER|MARTIN|christopher.martin74@icloud.com|9675288419|6157 Main St|Franklin|ok|79060-7804|1960-05-27|1224|VA005701
DANIEL|BROWN|daniel.brown1@icloud.com|670-505-2600|853 Main St|Burlington|HI|16996|04-May-1991|5358|VA005702
JENNIFER|WHITE|jennifer.white33@yahoo.com|+14209132803|9426 Lincoln Ave|Clinton|NV|99044|11-06-1943|1757|VA005703
JAMES|NGUYEN|james.nguyen65@yahoo.com|395.384.3412|5327 Jefferson Dr|Burlington|TX|99799-1998|08/22/1988|4653|VA005704
DAVID|BAKER|david.baker11@outlook.com|(507) 798-7507|9649 Sunset Blvd|Franklin|fl|47474|1993-01-23|8757|VA005705
JAMES|DAVIS|james.davis12@aol.com|2008931810|757 Washington St|Clinton|ME|82431|11-Apr-1958|4467|VA005706
DANIEL|MARTIN|daniel.martin50@aol.com|988-300-7925|9620 Valley Ln|Arlington|MN|99764-9274|12-27-1983|1447|VA005707
KAREN|HILL|karen.hill41@outlook.com|+19847359751|809 Park Blvd|Madison|ID|38554|08/16/1970|1695|VA005708
ROBERT|WALKER|robert.walker36@aol.com|970.544.2324|7361 Oak Ave|Franklin|nc|70424|2001-09-07|5226|VA005709
ASHLEY|KING|ashley.king20@gmail.com|(766) 696-4940|7892 River Dr|Fairview|Michigan|11198-8916|09-Aug-1951|5085|VA005710
KAREN|KING|karen.king52@icloud.com|4685751137|2514 Oak Ave|Madison|Geo.|92227|08-14-1963|2999|VA005711
CHRISTOPHER|DAVIS|christopher.davis64@aol.com|343-714-1795|8342 Lincoln Ave|Arlington|PA|24901|06/14/1946|2204|VA005712
CHARLES|WILSON||+12457903855|6896 Maple Dr|Marion|wy|77732-3752|1975-09-10|6678|VA005713
BETTY|WALKER|betty.walker27@yahoo.com|929.568.1707|8146 Forest Ave|Clinton|VA|61340|30-Apr-1981|7127|VA005714
BETTY|WILSON|betty.wilson28@icloud.com|(926) 970-7530|4104 Park Blvd|Georgetown|CO|70968|08-18-1956|1835|VA005715
SUSAN|DAVIS|susan.davis13@gmail.com|9983806107|492 Valley Ln|Salem|MA|34067-2234|10/08/2004|7471|VA005716
SARAH|NELSON|sarah.nelson1@aol.com|705-443-4553|9648 Sunset Blvd|Salem|nj|63759|1979-08-23|2300|VA005717
ASHLEY|HARRIS||+17752644159|8987 Jefferson Dr|Fairview|Michigan|78881|21-Apr-1949|9064|VA005718
JOHN|DAVIS|john.davis76@aol.com|750.683.1129|8602 Main St|Richmond|VT|53616-1819|04-07-1962|9288|VA005719
BETTY|ANDERSON|betty.anderson56@outlook.com|(777) 518-3342|7040 Lincoln Ave|Manchester|NV|46963|01/22/1996|9690|VA005720
MATTHEW|KING|matthew.king68@yahoo.com|4863881117|8760 Lincoln Ave|Fairview|ks|72932|2003-05-29|4475|VA005721
MATTHEW|TORRES|matthew.torres41@icloud.com|602-367-6726|3715 River Dr|Madison|SD|28620-8360|09-Jan-1961|1829|VA005722
SANDRA|BROWN|sandra.brown72@outlook.com|+14554532135|2673 Cedar Ln|Marion|RI|46034|08-31-1988|3039|VA005723
NANCY|MARTIN|nancy.martin42@hotmail.com|415.437.3780|5444 Lake Rd|Madison|MI|69064|01/08/1987|4752|VA005724
SARAH|NELSON|sarah.nelson82@hotmail.com|(555) 743-5701|9619 Hill Rd|Madison|wy|59063-4213|1966-06-22|8426|VA005725
BETTY|THOMAS|betty.thomas5@outlook.com|9685774105|3334 Washington St|Greenville|TN|47778|11-Aug-1948|1452|VA005726
JENNIFER|TORRES|jennifer.torres22@aol.com|242-597-8099|6638 Lake Rd|Manchester|AR|10091|12-27-1964|6531|VA005727
SARAH|SCOTT|sarah.scott91@yahoo.com|+19153821126|3433 Washington St|Oxford|GA|31871-9350|12/02/1973|7597|VA005728
MATTHEW|GARCIA|matthew.garcia48@yahoo.com|441.737.9954|2579 Jefferson Dr|Dayton|md|89691|2003-03-13|8130|VA005729
LINDA|BROWN|linda.brown84@aol.com|(252) 805-5113|6938 Sunset Blvd|Salem|OR|75912|26-Jul-2000|1041|VA005730
PATRICIA|JOHNSON|patricia.johnson36@yahoo.com|6715332081|5057 Park Blvd|Clinton|UT|87320-6740|05-21-1963|2054|VA005731
MARY|THOMAS|mary.thomas10@gmail.com|493-256-1070|9395 Main St|Georgetown|CA|92156|09/18/1983|8574|VA005732
LISA|ADAMS|lisa.adams99@icloud.com|+19615218065|4912 River Dr|Marion|ne|59662|1981-11-17|7497|VA005733
MARGARET|WILLIAMS||957.386.6983|4049 Hill Rd|Manchester|Ohio|39865-8410|16-Dec-1978|1858|VA005734
MARGARET|NELSON||(327) 261-5464|4854 Sunset Blvd|Dayton|VT|42022|09-10-1949|4004|VA005735
THOMAS|YOUNG|thomas.young10@gmail.com|5685346080|634 Hill Rd|Manchester|NJ|65555|11/19/1983|5540|VA005736
SUSAN|JONES|susan.jones77@outlook.com|513-560-8558|5110 Park Blvd|Arlington|in|37988-7782|1946-03-15|8845|VA005737
MICHAEL|WALKER|michael.walker63@yahoo.com|+14029803131|9071 Hill Rd|Greenville|TN|39498|06-Jul-1995|3999|VA005738
PATRICIA|TORRES|patricia.torres2@aol.com|868.348.4799|3039 Washington St|Clinton|New.|72078|07-31-1955|3648|VA005739
BARBARA|ADAMS|barbara.adams55@aol.com|(779) 828-8911|4201 Valley Ln|Manchester|UT|17843-3647|03/07/1959|1934|VA005740
RICHARD|KING|richard.king78@hotmail.com|4342541150|6972 Maple Dr|Richmond|id|25520|1955-09-10|3492|VA005741
JAMES|WALKER|james.walker91@outlook.com|280-626-4575|2021 Cedar Ln|Arlington|Illinois|42560|19-Nov-1973|4288|VA005742
BARBARA|MILLER|barbara.miller95@gmail.com|+14238532314|4475 River Dr|Franklin|TN|44122-4129|10-20-2004|8845|VA005743
CHRISTOPHER|TAYLOR|christopher.taylor12@aol.com|856.372.3526|2805 Sunset Blvd|Oxford|WA|89316|04/16/1970|1674|VA005744
MARGARET|WILSON|margaret.wilson76@hotmail.com|(370) 922-3498|2153 Park Blvd|Dayton|wv|85146|1989-06-06|7358|VA005745
JOHN|BROWN|john.brown34@hotmail.com|6985699652|7523 Cedar Ln|Arlington|Ohio|63562-8143|16-Dec-1988|9617|VA005746
JESSICA|ADAMS|jessica.adams14@outlook.com|353-720-5935|7751 Jefferson Dr|Franklin|Geo.|69260|01-05-1950|3487|VA005747
JAMES|ALLEN|james.allen20@yahoo.com|+14883417223|5973 Cedar Ln|Manchester|NJ|91807|12/20/1957|3986|VA005748
MARY|HARRIS|mary.harris27@gmail.com|367.707.6458|5258 Lake Rd|Franklin|ct|49549-1466|1957-04-24|5583|VA005749
JESSICA|NGUYEN|jessica.nguyen77@gmail.com|(846) 862-6482|1080 Lake Rd|Franklin|OK|98916|05-Sep-1974|5655|VA005750
JOHN|THOMAS||8187691980|9323 Cedar Ln|Georgetown|MN|26708|07-23-1983|8859|VA005751
BARBARA|YOUNG||280-331-1879|5864 Valley Ln|Fairview|AR|82571-2309|06/28/1991|9526|VA005752
JENNIFER|MARTIN|jennifer.martin84@gmail.com|+14482878436|5543 Main St|Dayton|pa|99597|1998-07-19|1111|VA005753
MARY|TAYLOR|mary.taylor8@hotmail.com|444.409.4541|3424 Lincoln Ave|Richmond|MN|35471|17-Mar-1987|5222|VA005754
ANTHONY|WALKER|anthony.walker22@hotmail.com|(909) 455-6323|2249 Jefferson Dr|Georgetown|KS|68955-3284|03-25-1941|5925|VA005755
MICHAEL|ADAMS|michael.adams24@aol.com|6085632903|6096 Maple Dr|Madison|FL|30714|05/23/1952|3794|VA005756
JOSEPH|MILLER|joseph.miller9@yahoo.com|794-640-4489|1377 River Dr|Richmond|wi|74661|1956-11-12|8747|VA005757
WILLIAM|WHITE|william.white35@hotmail.com|+19046584244|8481 Main St|Salem|WA|10836-9875|12-Oct-1983|2697|VA005758
LINDA|THOMAS|linda.thomas36@yahoo.com|891.854.8763|8438 Hill Rd|Georgetown|OR|81529|09-30-1985|3047|VA005759
ROBERT|HARRIS|robert.harris3@icloud.com|(374) 669-6621|9741 Hill Rd|Greenville|NH|56334|09/22/1997|1204|VA005760
CHARLES|HALL|charles.hall36@outlook.com|6919124427|9105 Jefferson Dr|Arlington|tn|98096-8202|1970-08-03|4042|VA005761
MICHAEL|KING|michael.king90@outlook.com|900-842-1260|2678 Washington St|Arlington|KY|13933|10-Dec-1994|4976|VA005762
BETTY|ALLEN|betty.allen99@yahoo.com|+12844302710|8642 Sunset Blvd|Fairview|KY|37261|09-26-1966|2632|VA005763
LINDA|ANDERSON|linda.anderson72@aol.com|516.840.8209|1827 Lincoln Ave|Greenville|NY|10854-8874|08/20/1968|9348|VA005764
BETTY|YOUNG|betty.young73@hotmail.com|(658) 385-7722|1510 Main St|Springfield|ky|22363|2002-08-11|4535|VA005765
ROBERT|THOMPSON||8838413329|9738 Washington St|Manchester|SC|99837|26-Mar-1967|5608|VA005766
ASHLEY|WALKER|ashley.walker37@hotmail.com|621-896-9034|548 Oak Ave|Burlington|MS|60558-4552|12-27-1964|1916|VA005767
MARK|WRIGHT|mark.wright79@hotmail.com|+17796283180|7760 Park Blvd|Greenville|IN|40374|12/17/1966|3001|VA005768
MARK|THOMAS|mark.thomas50@hotmail.com|442.807.3760|1599 Oak Ave|Oxford|id|23312|1958-07-26|4635|VA005769
SANDRA|WILLIAMS|sandra.williams61@yahoo.com|(240) 615-4600|4124 Park Blvd|Clinton|WY|39375-7294|18-Sep-1977|4347|VA005770
JOSEPH|WALKER|joseph.walker1@yahoo.com|9146326574|4553 Maple Dr|Fairview|WI|54118|03-03-1949|2519|VA005771
MARY|JONES|mary.jones97@aol.com|272-703-3827|7178 Hill Rd|Marion|CT|45887|06/13/1949|1538|VA005772
MATTHEW|HARRIS|matthew.harris32@icloud.com|+14793381129|8908 Cedar Ln|Madison|nc|22151-7680|1956-08-25|5816|VA005773
MARGARET|HILL|margaret.hill24@icloud.com|674.413.3676|422 Oak Ave|Greenville|SD|89856|20-Jan-1972|4522|VA005774
MARGARET|DAVIS|margaret.davis25@hotmail.com|(464) 334-2558|1734 Sunset Blvd|Fairview|MS|28520|03-31-1999|5221|VA005775
SUSAN|HILL|susan.hill84@icloud.com|6787944262|742 Washington St|Richmond|RI|99990-6789|03/14/1966|9386|VA005776
NANCY|MILLER||769-635-9979|8349 Forest Ave|Marion|nv|25182|1991-07-12|3997|VA005777
JESSICA|ALLEN|jessica.allen23@yahoo.com|+14879337842|376 Jefferson Dr|Richmond|DE|96234|27-Jan-1993|5074|VA005778
BARBARA|JACKSON|barbara.jackson10@icloud.com|679.723.2598|8051 Forest Ave|Franklin|AR|98986-8751|11-08-1997|3572|VA005779
MATTHEW|NGUYEN|matthew.nguyen73@aol.com|(562) 297-5112|433 Forest Ave|Marion|OH|82579|04/19/1975|9818|VA005780
MATTHEW|THOMPSON|matthew.thompson51@aol.com|5414703727|8161 Sunset Blvd|Greenville|me|10342|1943-07-14|1563|VA005781
CHARLES|ANDERSON|charles.anderson28@outlook.com|761-258-8523|4614 Lincoln Ave|Georgetown|California|55162-2700|29-Aug-1996|7548|VA005782
JAMES|SMITH|james.smith74@icloud.com|+13733379402|8585 Forest Ave|Marion|Ill.|61957|10-27-1945|2697|VA005783
RICHARD|GARCIA|richard.garcia57@gmail.com|337.619.7529|5 Park Blvd|Arlington|MI|16896|02/05/1992|6919|VA005784
NANCY|NGUYEN|nancy.nguyen83@yahoo.com|(472) 592-9038|2251 Maple Dr|Arlington|ar|39695-1395|1981-12-16|4404|VA005785
SUSAN|GARCIA|susan.garcia91@gmail.com|7749264354|2268 Lake Rd|Fairview|Ohio|24884|24-Mar-1998|8839|VA005786
JOHN|NGUYEN|john.nguyen32@icloud.com|275-284-5390|2527 River Dr|Burlington|SD|30221|12-15-1974|6188|VA005787
MARY|SCOTT|mary.scott71@outlook.com|+16812842883|257 Oak Ave|Marion|NJ|71105-9802|03/27/1941|4783|VA005788
JOSEPH|WILLIAMS|joseph.williams69@hotmail.com|983.558.2090|3670 Oak Ave|Greenville|ny|92992|2001-01-04|8684|VA005789
MICHAEL|ADAMS|michael.adams17@hotmail.com|(767) 704-6892|7806 Jefferson Dr|Oxford|VA|29970|27-Apr-1942|5535|VA005790
DAVID|JOHNSON|david.johnson58@aol.com|8566418884|2971 Lincoln Ave|Georgetown|IA|17435-5961|11-23-1985|2752|VA005791
SANDRA|SCOTT|sandra.scott49@yahoo.com|995-356-6561|7144 Forest Ave|Richmond|KS|50064|06/02/1952|2316|VA005792
ROBERT|TAYLOR||+15443159100|5356 Hill Rd|Manchester|mt|38540|1980-08-24|4452|VA005793
SUSAN|GARCIA|susan.garcia48@outlook.com|428.447.1165|541 Forest Ave|Manchester|WY|43804-2385|09-Jul-1943|7243|VA005794
JOHN|HILL|john.hill50@gmail.com|(451) 407-4791|1002 Hill Rd|Richmond|MS|48256|03-29-1965|2422|VA005795
JESSICA|MARTIN|jessica.martin78@gmail.com|2922043148|8102 Jefferson Dr|Franklin|RI|17618|12/22/2000|6125|VA005796
CHARLES|BROWN|charles.brown24@yahoo.com|377-860-9994|4996 Oak Ave|Greenville|nd|13440-5434|1998-08-27|2875|VA005797
KAREN|THOMAS|karen.thomas53@gmail.com|+18934104719|3686 Sunset Blvd|Richmond|LA|54709|09-Jun-1987|8840|VA005798
JOHN|TORRES|john.torres88@aol.com|994.583.1081|7821 Maple Dr|Georgetown|CT|71708|04-29-1989|7456|VA005799
MICHAEL|ANDERSON|michael.anderson6@gmail.com|(556) 605-5838|209 Forest Ave|Dayton|SD|57861-6746|07/24/1969|7608|VA005800
BARBARA|WHITE|barbara.white78@yahoo.com|3375652783|6170 Park Blvd|Manchester|pa|90380|1985-11-12|8917|VA005801
ANTHONY|ANDERSON|anthony.anderson43@outlook.com|594-501-1100|8684 River Dr|Dayton|AK|64843|09-Oct-1960|5063|VA005802
SUSAN|THOMAS|susan.thomas99@hotmail.com|+13156881760|8946 Main St|Richmond|New.|45354-5622|10-30-1949|5993|VA005803
BARBARA|WALKER|barbara.walker84@hotmail.com|518.797.9866|2386 Maple Dr|Salem|MD|89079|10/06/1970|5768|VA005804
JAMES|KING||(891) 396-4183|504 Sunset Blvd|Greenville|wy|73609|1959-09-01|5309|VA005805
MARGARET|NGUYEN|margaret.nguyen8@hotmail.com|6027449244|6512 Sunset Blvd|Richmond|ND|73367-4429|20-Oct-1978|8888|VA005806
RICHARD|THOMPSON|richard.thompson65@icloud.com|760-294-1130|2201 Jefferson Dr|Georgetown|ME|47430|03-11-1989|4534|VA005807
MARY|JONES|mary.jones54@yahoo.com|+18858328455|6461 Forest Ave|Arlington|CA|63309|10/16/1995|8472|VA005808
JOHN|WALKER||884.298.4334|545 Lincoln Ave|Greenville|al|57128-9648|1976-08-09|9955|VA005809
SANDRA|MARTIN|sandra.martin58@icloud.com|(701) 854-7041|6549 Valley Ln|Dayton|WY|23094|15-Apr-1958|4205|VA005810
MARGARET|HILL|margaret.hill94@icloud.com|6363138146|1517 Lake Rd|Springfield|IN|25175|02-21-1999|7127|VA005811
THOMAS|NELSON|thomas.nelson34@outlook.com|799-630-8739|4690 Lincoln Ave|Franklin|ME|52340-5702|10/23/1984|2723|VA005812
BETTY|NGUYEN|betty.nguyen15@hotmail.com|+14697009357|7248 Lake Rd|Salem|ct|16477|1993-12-20|6104|VA005813
JOSEPH|NGUYEN|joseph.nguyen79@icloud.com|792.417.1910|6909 Lincoln Ave|Salem|NV|92647|10-Jan-1963|3059|VA005814
MARGARET|WHITE|margaret.white16@yahoo.com|(414) 975-5346|4292 River Dr|Greenville|IA|39513-1614|02-14-2001|1323|VA005815
JOSEPH|GARCIA|joseph.garcia5@yahoo.com|2864775169|4663 Park Blvd|Fairview|NY|61367|08/06/1983|8730|VA005816
JAMES|YOUNG|james.young72@outlook.com|471-788-2918|7986 Washington St|Georgetown|al|69738|1989-02-15|4312|VA005817
BARBARA|NELSON|barbara.nelson25@hotmail.com|+13827498475|5230 Jefferson Dr|Dayton|MT|67951-6065|25-Jan-1958|2855|VA005818
PATRICIA|NELSON|patricia.nelson39@yahoo.com|861.310.8857|3143 Hill Rd|Franklin|Tex.|99453|09-15-1991|1462|VA005819
LISA|HARRIS|lisa.harris39@yahoo.com|(884) 323-8310|2373 Cedar Ln|Fairview|AK|73119|02/11/1954|5764|VA005820
LINDA|KING|linda.king65@aol.com|4426256579|9438 Park Blvd|Georgetown|sd|97664-2756|1971-04-20|8705|VA005821
JOHN|TORRES|john.torres79@gmail.com|423-773-3988|4162 Main St|Fairview|AR|86582|23-Sep-1954|3263|VA005822
JESSICA|THOMPSON|jessica.thompson9@icloud.com|+18445621024|7499 Jefferson Dr|Madison|LA|33289|03-21-1945|2498|VA005823
JESSICA|HILL|jessica.hill55@hotmail.com|777.514.2436|8856 River Dr|Marion|TN|49849-3260|12/03/1993|9375|VA005824
MARY|BAKER|mary.baker50@aol.com|(389) 302-9488|3222 Jefferson Dr|Arlington|wv|69472|1978-05-22|3304|VA005825
LINDA|WALKER|linda.walker24@hotmail.com|6744893443|5331 Hill Rd|Oxford|CT|91827|19-Feb-1992|6175|VA005826
PATRICIA|WRIGHT|patricia.wright87@hotmail.com|755-864-2556|5451 Oak Ave|Georgetown|Nor.|45802-1552|05-28-2003|7875|VA005827
NANCY|NELSON|nancy.nelson81@hotmail.com|+13736281980|7741 Hill Rd|Greenville|ME|15504|02/14/1949|2634|VA005828
BARBARA|TORRES||716.465.5295|2001 Hill Rd|Manchester|al|68478|1941-01-20|2091|VA005829
JOHN|TAYLOR|john.taylor53@outlook.com|(557) 823-7431|5396 Main St|Manchester|AK|98342-1894|01-Feb-1999|1309|VA005830
SARAH|MARTIN|sarah.martin56@gmail.com|4582038099|7596 Maple Dr|Springfield|AR|70128|01-13-1987|5736|VA005831
THOMAS|MILLER|thomas.miller84@aol.com|374-474-6964|1900 River Dr|Salem|OR|21702|04/11/1984|8375|VA005832
SARAH|BAKER|sarah.baker12@icloud.com|+17575964029|6079 River Dr|Georgetown|id|68428-1452|1944-01-02|5313|VA005833
BARBARA|DAVIS|barbara.davis7@aol.com|652.696.8552|2289 Park Blvd|Salem|RI|26626|02-Aug-1973|5117|VA005834
JAMES|ADAMS|james.adams46@aol.com|(407) 335-5408|7731 Lake Rd|Arlington|VA|35406|05-01-1995|8524|VA005835
MICHAEL|BROWN|michael.brown1@outlook.com|7268195825|6754 Park Blvd|Burlington|WY|86891-8960|08/14/1947|8945|VA005836
MARY|ADAMS|mary.adams20@aol.com|841-567-5252|9332 Valley Ln|Burlington|sd|69974|1956-01-12|7559|VA005837
MATTHEW|NELSON|matthew.nelson99@hotmail.com|+14049628309|8749 Park Blvd|Franklin|MT|64886|24-Jun-1957|6665|VA005838
SARAH|WRIGHT|sarah.wright18@yahoo.com|424.852.7079|9544 Hill Rd|Manchester|Tex.|74209-5245|01-29-1978|5304|VA005839
SANDRA|HALL||(546) 982-9605|7704 Cedar Ln|Marion|OH|87550|05/25/1994|7381|VA005840
JAMES|BROWN|james.brown20@icloud.com|9196558947|7725 Main St|Richmond|nh|86706|1961-10-07|4298|VA005841
ASHLEY|JONES|ashley.jones9@aol.com|480-468-9043|7017 Cedar Ln|Greenville|HI|95546-7541|22-May-1988|1443|VA005842
LISA|NELSON||+14574654270|8800 Hill Rd|Clinton|TN|42793|03-08-1971|8571|VA005843
MARGARET|ADAMS|margaret.adams59@aol.com|951.569.1996|6822 Main St|Oxford|WA|39988|10/05/1957|9183|VA005844
JOSEPH|WILSON|joseph.wilson86@aol.com|(662) 634-8188|7756 River Dr|Manchester|nc|23705-1003|1996-05-11|6038|VA005845
SUSAN|YOUNG|susan.young34@aol.com|9847722386|9696 Sunset Blvd|Arlington|VA|87262|05-Dec-1966|6869|VA005846
SUSAN|JOHNSON|susan.johnson71@aol.com|992-342-1320|815 Forest Ave|Springfield|NV|28244|05-02-1964|5561|VA005847
LISA|HILL|lisa.hill44@yahoo.com|+18637087143|4025 River Dr|Salem|VA|45486-5894|12/22/1990|8521|VA005848
MATTHEW|SCOTT|matthew.scott35@icloud.com|864.996.5366|3682 Main St|Greenville|pa|91248|2001-10-29|8637|VA005849
KAREN|NELSON|karen.nelson7@yahoo.com|(881) 271-1148|4908 Washington St|Dayton|Pennsylvania|67357|05-Oct-1993|2509|VA005850
LISA|THOMAS|lisa.thomas31@icloud.com|7125626359|5460 Lake Rd|Clinton|NH|40405-5380|09-11-1946|2325|VA005851
BETTY|JOHNSON|betty.johnson30@hotmail.com|791-731-9569|6509 Main St|Springfield|AR|10687|09/23/1941|5588|VA005852
SARAH|TAYLOR||+15716389173|7097 Cedar Ln|Oxford|pa|17688|1984-06-29|4984|VA005853
DANIEL|TORRES|daniel.torres92@yahoo.com|525.945.6367|7891 Oak Ave|Madison|ID|71196-6981|31-Oct-1942|4570|VA005854
JESSICA|MARTIN|jessica.martin56@hotmail.com|(497) 223-4449|1415 Park Blvd|Marion|ID|34048|09-21-1950|2213|VA005855
WILLIAM|SCOTT|william.scott35@hotmail.com|5109906469|3377 Forest Ave|Clinton|AR|96818|06/13/1945|7733|VA005856
LISA|NELSON|lisa.nelson86@yahoo.com|228-832-3115|5741 Oak Ave|Oxford|fl|16058-6814|1950-09-09|3535|VA005857
ANTHONY|WRIGHT||+13607464602|2235 Washington St|Clinton|Ohio|48663|18-Nov-1996|3360|VA005858
RICHARD|ANDERSON|richard.anderson62@hotmail.com|769.345.5223|466 Hill Rd|Fairview|KY|22728|11-18-1971|9383|VA005859
ASHLEY|MILLER|ashley.miller49@aol.com|(237) 474-5217|5344 Main St|Marion|MI|94771-8595|08/29/1996|4023|VA005860
DANIEL|TORRES|daniel.torres19@gmail.com|5292562891|6662 Park Blvd|Richmond|ga|60907|1946-07-10|1072|VA005861
SUSAN|THOMAS|susan.thomas24@yahoo.com|577-333-3500|8610 Oak Ave|Arlington|California|51268|21-Aug-1993|1969|VA005862
KAREN|ADAMS|karen.adams11@gmail.com|+12115647110|3611 River Dr|Greenville|IA|60676-8504|03-13-1985|7169|VA005863
MICHAEL|BAKER|michael.baker45@hotmail.com|525.451.3040|5598 Forest Ave|Madison|KS|49406|01/10/1982|8860|VA005864
MATTHEW|ALLEN|matthew.allen70@yahoo.com|(911) 920-7380|9393 Park Blvd|Salem|il|16985|1961-10-05|8281|VA005865
ANTHONY|WILLIAMS|anthony.williams46@gmail.com|5375604241|2588 River Dr|Salem|SC|89472-1684|25-Jan-1953|5553|VA005866
MICHAEL|MILLER|michael.miller49@hotmail.com|948-721-4356|4432 Lincoln Ave|Salem|WV|61559|02-18-1972|8735|VA005867
MATTHEW|HARRIS|matthew.harris21@yahoo.com|+16158357336|4662 Main St|Salem|MO|41769|11/22/1988|7382|VA005868
SANDRA|MARTIN|sandra.martin33@hotmail.com|345.714.9397|8009 Cedar Ln|Franklin|fl|60909-6734|1972-03-21|5446|VA005869
SANDRA|WHITE||(378) 681-9492|7766 Main St|Fairview|KS|27464|12-Mar-1950|6549|VA005870
MARK|DAVIS|mark.davis54@icloud.com|5119552522|6802 Lake Rd|Springfield|NM|61087|10-19-1972|7422|VA005871
MARY|HALL|mary.hall1@gmail.com|892-680-1835|1739 Forest Ave|Marion|WV|57463-5343|07/09/1942|3893|VA005872
SARAH|ADAMS||+12223305382|2744 Sunset Blvd|Madison|ma|88624|1984-11-12|5851|VA005873
JOSEPH|SCOTT|joseph.scott49@outlook.com|331.961.8063|9742 Maple Dr|Richmond|IN|41052|28-Oct-1990|6544|VA005874
CHRISTOPHER|TORRES|christopher.torres73@outlook.com|(422) 210-2827|4994 Sunset Blvd|Franklin|CT|22515-2287|01-25-1944|5827|VA005875
ANTHONY|THOMPSON|anthony.thompson74@gmail.com|2613528418|7789 Washington St|Greenville|OR|24417|12/29/1940|9470|VA005876
DAVID|ALLEN|david.allen36@outlook.com|648-476-6172|1070 River Dr|Richmond|nd|40121|1999-04-19|6797|VA005877
NANCY|YOUNG|nancy.young13@aol.com|+15014664190|3925 Cedar Ln|Manchester|AL|19015-6240|16-Jun-1992|6217|VA005878
MATTHEW|SMITH|matthew.smith38@gmail.com|360.283.3707|2621 Cedar Ln|Arlington|NJ|76369|03-10-1992|5923|VA005879
LINDA|TAYLOR|linda.taylor37@aol.com|(387) 855-4475|682 Sunset Blvd|Marion|CA|16579|04/07/1982|4806|VA005880
PATRICIA|KING|patricia.king5@yahoo.com|8532745676|912 Valley Ln|Oxford|ct|46984-9736|1992-09-24|3502|VA005881
THOMAS|JONES|thomas.jones95@aol.com|306-907-5422|8064 Sunset Blvd|Dayton|MS|59252|14-Feb-1987|8065|VA005882
WILLIAM|WRIGHT|william.wright16@outlook.com|+18926775014|6762 Jefferson Dr|Arlington|MS|51551|08-03-1977|2150|VA005883
MARK|WILSON|mark.wilson57@yahoo.com|403.509.3713|9819 Oak Ave|Burlington|IA|76777-2683|02/05/1995|5868|VA005884
LISA|HILL|lisa.hill93@hotmail.com|(666) 536-5461|8020 Cedar Ln|Dayton|tn|68920|1981-07-22|1605|VA005885
ASHLEY|KING|ashley.king27@aol.com|3502161530|2207 Lake Rd|Marion|MN|66167|20-Sep-1969|4504|VA005886
LINDA|JONES|linda.jones52@yahoo.com|959-719-7479|522 Sunset Blvd|Madison|Geo.|37766-7136|08-20-2000|7720|VA005887
JOSEPH|TAYLOR|joseph.taylor1@outlook.com|+15743836349|6146 Washington St|Manchester|KS|61758|11/05/1957|9681|VA005888
MICHAEL|BAKER||222.424.4232|4156 River Dr|Salem|nh|18876|2002-02-07|3012|VA005889
JENNIFER|MARTIN|jennifer.martin83@hotmail.com|(396) 289-7666|5640 Cedar Ln|Greenville|NE|25384-8497|07-May-1959|1491|VA005890
WILLIAM|HARRIS|william.harris42@yahoo.com|5929594593|1698 Oak Ave|Springfield|MO|18259|07-09-1947|4754|VA005891
MATTHEW|GARCIA||466-659-2924|7063 Main St|Arlington|OK|44623|01/25/1973|3308|VA005892
ROBERT|NELSON||+15463116429|8764 Lake Rd|Fairview|in|18383-9155|2000-09-16|6200|VA005893
LISA|HALL|lisa.hall39@icloud.com|820.708.9222|9686 Lake Rd|Manchester|ID|48447|23-Jan-1986|1101|VA005894
SARAH|SMITH|sarah.smith61@icloud.com|(492) 741-7729|5890 Cedar Ln|Arlington|CT|32847|04-21-2002|7044|VA005895
DANIEL|THOMAS|daniel.thomas53@hotmail.com|3445472651|4463 Sunset Blvd|Manchester|CT|23038-7800|02/04/1984|6918|VA005896
THOMAS|GARCIA||568-742-7926|2784 Sunset Blvd|Georgetown|ct|17897|1950-09-01|4765|VA005897
JENNIFER|THOMPSON|jennifer.thompson79@outlook.com|+18959402882|665 Lake Rd|Salem|MA|44788|12-Dec-2001|9940|VA005898
SUSAN|MARTIN|susan.martin72@aol.com|480.515.1292|6672 Jefferson Dr|Franklin|RI|18801-2158|06-10-1980|9922|VA005899
THOMAS|ANDERSON|thomas.anderson64@outlook.com|(871) 718-5268|7604 River Dr|Salem|MA|14309|12/12/2001|7360|VA005900
MICHAEL|ANDERSON|michael.anderson22@yahoo.com|6206489242|3020 Park Blvd|Burlington|ky|34844|1966-12-07|8346|VA005901
SUSAN|HALL||942-208-6747|2842 Hill Rd|Manchester|MA|15087-7761|20-Apr-1993|5746|VA005902
RICHARD|YOUNG||+15063059208|6389 Jefferson Dr|Oxford|IA|15861|04-16-1960|3651|VA005903
MARK|MARTIN|mark.martin85@hotmail.com|795.668.3671|8862 Lincoln Ave|Springfield|MD|61685|09/17/1976|8267|VA005904
LINDA|KING|linda.king96@hotmail.com|(828) 473-1605|1823 Jefferson Dr|Richmond|sd|33492-1579|1958-12-03|7830|VA005905
ROBERT|TAYLOR|robert.taylor48@icloud.com|6879691582|5727 Main St|Arlington|Florida|21853|13-Jul-1948|3240|VA005906
JOSEPH|HILL|joseph.hill83@icloud.com|805-536-4246|9888 Main St|Arlington|Ohi.|71320|04-23-1988|4480|VA005907
SUSAN|HILL|susan.hill50@gmail.com|+12415176683|1444 Cedar Ln|Salem|NC|95159-2867|11/24/1973|1529|VA005908
SANDRA|HARRIS|sandra.harris14@aol.com|944.504.6743|5496 River Dr|Salem|ga|80730|2002-09-10|7783|VA005909
MATTHEW|KING|matthew.king48@hotmail.com|(723) 933-5758|6366 Jefferson Dr|Burlington|ME|94257|22-Jun-1954|1960|VA005910
LINDA|GARCIA|linda.garcia75@aol.com|6476329925|4835 Jefferson Dr|Manchester|NH|69950-8001|04-19-2001|8763|VA005911
SANDRA|SMITH|sandra.smith13@aol.com|390-367-1418|9888 Lake Rd|Clinton|NY|41705|06/21/1959|4107|VA005912
RICHARD|MARTIN||+14772658103|8941 Maple Dr|Clinton|tx|57655|1992-02-01|9077|VA005913
LINDA|ADAMS|linda.adams59@gmail.com|715.377.3720|1480 Main St|Madison|WY|45127-4321|01-Feb-1965|4758|VA005914
MARY|GARCIA|mary.garcia1@outlook.com|(568) 901-9860|6193 Forest Ave|Salem|WV|75598|06-04-1958|9954|VA005915
PATRICIA|SMITH|patricia.smith82@gmail.com|7469685444|2442 Lake Rd|Dayton|ID|65578|12/16/1964|1318|VA005916
NANCY|BROWN|nancy.brown17@icloud.com|386-483-3504|8497 Oak Ave|Manchester|co|83916-5341|1996-04-02|5440|VA005917
ANTHONY|YOUNG|anthony.young18@outlook.com|+19965102359|5044 Oak Ave|Greenville|KY|66697|12-Jan-1980|7180|VA005918
ROBERT|SMITH|robert.smith50@hotmail.com|838.799.6309|4593 Park Blvd|Springfield|OK|11576|07-11-1992|6193|VA005919
MARK|WHITE|mark.white54@outlook.com|(455) 693-3572|9643 River Dr|Marion|NE|21250-3211|07/02/1954|8583|VA005920
LINDA|HALL|linda.hall93@icloud.com|2928363045|7373 Forest Ave|Arlington|ks|71174|1978-08-29|7644|VA005921
MARY|KING||381-331-6653|9628 Washington St|Franklin|NE|39434|13-Dec-1958|5260|VA005922
SARAH|WALKER|sarah.walker13@aol.com|+14975342118|2513 Main St|Marion|WA|45627-8083|10-06-1995|7988|VA005923
SUSAN|YOUNG|susan.young28@aol.com|285.753.8560|3805 Maple Dr|Manchester|MA|19384|02/27/1964|6254|VA005924
WILLIAM|SCOTT|william.scott48@hotmail.com|(841) 586-4530|8154 Washington St|Springfield|hi|70270|1984-10-16|1658|VA005925
BARBARA|BAKER|barbara.baker80@yahoo.com|6922852101|733 Sunset Blvd|Marion|Illinois|73159-3763|12-Oct-1990|2021|VA005926
CHARLES|THOMAS||560-592-4155|4191 Main St|Oxford|Cal.|83183|10-05-1971|9337|VA005927
CHRISTOPHER|SMITH|christopher.smith86@gmail.com|+12492097433|4717 Sunset Blvd|Oxford|IN|49854|09/18/2004|1199|VA005928
JESSICA|WALKER|jessica.walker96@hotmail.com|648.919.7500|2364 Hill Rd|Oxford|md|82964-8222|1942-08-23|7521|VA005929
DAVID|HARRIS|david.harris54@icloud.com|(703) 735-5762|7802 Jefferson Dr|Dayton|Florida|89879|08-Dec-1956|2533|VA005930
MARK|ADAMS|mark.adams95@yahoo.com|4957046705|4000 Sunset Blvd|Salem|HI|45739|01-30-1992|3216|VA005931
SUSAN|WALKER|susan.walker50@yahoo.com|507-792-3908|9738 Lincoln Ave|Marion|SC|65230-3322|01/30/1999|2731|VA005932
DANIEL|WHITE|daniel.white89@outlook.com|+16756497817|1167 Valley Ln|Richmond|mi|26940|1964-01-15|7538|VA005933
DAVID|YOUNG|david.young5@icloud.com|675.348.5936|6362 River Dr|Fairview|KS|78556|01-Jan-1992|4325|VA005934
CHARLES|WRIGHT|charles.wright33@aol.com|(229) 645-1341|8581 Sunset Blvd|Greenville|New.|65668-3625|02-28-1951|1318|VA005935
BETTY|WRIGHT|betty.wright7@gmail.com|5319408624|7055 Lincoln Ave|Madison|AR|86198|01/24/1991|8618|VA005936
WILLIAM|YOUNG|william.young99@hotmail.com|741-205-1054|165 Main St|Salem|tx|85267|1978-10-10|3386|VA005937
RICHARD|SMITH|richard.smith31@aol.com|+18884223479|2471 Cedar Ln|Madison|OR|69233-6639|25-Mar-2003|3749|VA005938
MATTHEW|WILSON|matthew.wilson5@outlook.com|734.942.5468|861 Main St|Manchester|UT|10615|01-10-1975|8764|VA005939
THOMAS|HALL|thomas.hall64@hotmail.com|(836) 724-2291|1539 Lake Rd|Arlington|TN|91625|04/08/1949|7961|VA005940
SANDRA|JACKSON|sandra.jackson68@gmail.com|7697411081|4287 Sunset Blvd|Burlington|ky|94381-2655|1955-12-02|9969|VA005941
PATRICIA|BAKER||775-960-7830|8702 Valley Ln|Arlington|AK|65873|29-Nov-1959|8489|VA005942
BETTY|THOMPSON|betty.thompson22@yahoo.com|+15893815675|3815 Cedar Ln|Dayton|KS|37770|07-11-2002|6117|VA005943
JENNIFER|MILLER|jennifer.miller6@aol.com|827.866.7632|6847 Maple Dr|Salem|FL|54571-5507|01/03/1943|8977|VA005944
BARBARA|ANDERSON|barbara.anderson88@gmail.com|(431) 614-9262|9084 Lincoln Ave|Marion|me|37282|1995-12-18|4172|VA005945
LISA|HALL|lisa.hall56@aol.com|3362247069|6870 Park Blvd|Oxford|VA|16815|15-Mar-1950|4076|VA005946
ASHLEY|NGUYEN|ashley.nguyen76@hotmail.com|830-374-1409|9850 Jefferson Dr|Arlington|OR|62777-7277|09-23-2000|8188|VA005947
MARY|HILL|mary.hill34@hotmail.com|+17437696510|4707 Hill Rd|Salem|WY|54648|01/06/1962|2747|VA005948
LINDA|HILL|linda.hill53@aol.com|730.480.2458|9086 Lincoln Ave|Arlington|mi|58207|1957-08-10|9661|VA005949
PATRICIA|ADAMS|patricia.adams76@aol.com|(929) 463-1762|9388 Main St|Madison|LA|86440-8590|04-Jan-1953|2781|VA005950
SUSAN|ADAMS||8975443584|3952 Lincoln Ave|Marion|UT|54738|04-25-1990|8198|VA005951
THOMAS|NELSON|thomas.nelson51@aol.com|857-884-1567|3547 River Dr|Springfield|WY|15379|07/18/1950|9223|VA005952
JENNIFER|THOMAS|jennifer.thomas42@yahoo.com|+18768742315|3084 Park Blvd|Burlington|co|68996-2806|1977-10-16|4055|VA005953
MARY|NGUYEN||403.375.1033|5988 Forest Ave|Manchester|WV|36656|02-Jan-1982|2732|VA005954
BETTY|JONES|betty.jones99@gmail.com|(419) 698-3996|3694 Jefferson Dr|Arlington|ID|23628|10-30-1943|4476|VA005955
LINDA|HALL|linda.hall40@aol.com|8176857643|5152 Hill Rd|Franklin|HI|20050-3141|05/14/1957|1274|VA005956
CHRISTOPHER|WHITE|christopher.white30@gmail.com|720-690-7995|3434 Maple Dr|Salem|ca|15696|1999-02-27|1058|VA005957
PATRICIA|MILLER|patricia.miller11@yahoo.com|+16972652656|8528 Cedar Ln|Manchester|ND|79476|06-Aug-1972|3439|VA005958
SARAH|ANDERSON|sarah.anderson71@outlook.com|257.457.6781|9095 Jefferson Dr|Dayton|Ohi.|76866-3937|09-30-2001|7345|VA005959
NANCY|ALLEN|nancy.allen41@yahoo.com|(724) 890-1223|5616 Washington St|Oxford|MS|10971|02/25/1995|5429|VA005960
CHARLES|ANDERSON|charles.anderson10@icloud.com|6556309133|5144 Lake Rd|Fairview|pa|78790|1946-12-11|9923|VA005961
LINDA|DAVIS|linda.davis23@icloud.com|336-556-5601|9936 Lincoln Ave|Greenville|Georgia|31209-7072|03-Jan-1990|6698|VA005962
JOSEPH|MILLER|joseph.miller32@outlook.com|+17135682818|5464 Oak Ave|Clinton|ME|88125|03-23-2000|3322|VA005963
WILLIAM|SMITH|william.smith62@outlook.com|940.622.8894|8567 River Dr|Burlington|CT|90464|09/14/1987|7371|VA005964
RICHARD|MILLER||(513) 933-4354|3136 Washington St|Greenville|tn|77828-1698|1946-07-18|6730|VA005965
JESSICA|MILLER|jessica.miller55@outlook.com|6176336686|7440 Main St|Fairview|CO|10426|08-Jan-1947|3746|VA005966
DAVID|NGUYEN|david.nguyen14@icloud.com|903-848-6206|8230 Hill Rd|Marion|MT|39504|03-29-1976|9107|VA005967
JOHN|WHITE|john.white41@gmail.com|+15696492081|4891 Cedar Ln|Richmond|NM|44150-8524|03/29/1986|4117|VA005968
WILLIAM|SCOTT|william.scott7@outlook.com|209.667.2870|7106 Cedar Ln|Madison|ok|57865|1942-06-22|9734|VA005969
WILLIAM|TAYLOR|william.taylor51@gmail.com|(340) 819-7626|5419 Cedar Ln|Greenville|UT|82862|01-Sep-2003|4652|VA005970
THOMAS|JONES|thomas.jones10@aol.com|8692272387|5040 Maple Dr|Richmond|CT|67143-6315|07-02-1948|2004|VA005971
MARY|SCOTT|mary.scott48@yahoo.com|465-206-6682|417 Sunset Blvd|Marion|RI|28977|07/19/1982|4277|VA005972
SANDRA|MARTIN||+12666109056|1214 Valley Ln|Dayton|ut|17026|1953-08-11|3444|VA005973
ANTHONY|WRIGHT|anthony.wright25@icloud.com|333.250.6047|5054 Cedar Ln|Springfield|ME|39761-4693|07-Oct-1958|1951|VA005974
JENNIFER|GARCIA|jennifer.garcia75@hotmail.com|(966) 704-9744|590 Jefferson Dr|Manchester|AZ|16474|08-14-1971|1494|VA005975
ASHLEY|JACKSON|ashley.jackson4@hotmail.com|4525703215|9797 Cedar Ln|Richmond|ID|27679|07/01/1981|7646|VA005976
MARY|SMITH|mary.smith29@yahoo.com|811-904-8770|2041 Forest Ave|Fairview|mt|37334-8880|1948-06-07|7954|VA005977
CHARLES|KING|charles.king82@gmail.com|+15789443321|1679 Park Blvd|Marion|VA|94844|02-Jun-1949|7137|VA005978
MATTHEW|WRIGHT||350.485.7420|1312 Forest Ave|Marion|UT|77797|05-28-1954|7638|VA005979
MARGARET|SCOTT|margaret.scott43@gmail.com|(339) 206-1645|703 Maple Dr|Manchester|MD|58824-8660|05/05/1997|4761|VA005980
ROBERT|ANDERSON|robert.anderson48@yahoo.com|4555155671|7251 Lincoln Ave|Dayton|ct|29208|1963-05-23|5944|VA005981
ROBERT|WHITE|robert.white76@yahoo.com|861-392-4525|1751 Forest Ave|Fairview|MT|26004|30-Jul-1956|4475|VA005982
MARK|TAYLOR|mark.taylor56@aol.com|+19174162251|7745 Jefferson Dr|Arlington|AZ|68870-1542|10-16-1974|3220|VA005983
BARBARA|BAKER|barbara.baker66@hotmail.com|973.448.7547|8630 Washington St|Marion|NM|56376|08/23/1974|4991|VA005984
SUSAN|GARCIA|susan.garcia75@aol.com|(802) 896-2369|4174 Cedar Ln|Springfield|wy|17924|1964-03-03|1506|VA005985
JAMES|TORRES|james.torres12@aol.com|4919436703|5694 Jefferson Dr|Madison|IA|89477-8831|14-Jun-1957|8450|VA005986
LISA|DAVIS|lisa.davis25@hotmail.com|840-824-2083|6781 Jefferson Dr|Salem|NV|45902|05-04-1941|4994|VA005987
DANIEL|ADAMS||+12347662840|791 Lake Rd|Clinton|VA|39013|08/13/1970|9490|VA005988
LINDA|ADAMS|linda.adams76@yahoo.com|408.600.6450|4368 Oak Ave|Dayton|oh|27502-2559|1988-06-07|9889|VA005989
NANCY|WALKER|nancy.walker87@hotmail.com|(794) 219-1993|1220 Washington St|Springfield|IA|78730|31-Mar-1941|2639|VA005990
MATTHEW|WRIGHT|matthew.wright91@outlook.com|4554867144|972 Oak Ave|Springfield|SD|54917|10-06-1964|9812|VA005991
DANIEL|JOHNSON|daniel.johnson88@outlook.com|281-441-5498|121 River Dr|Marion|TN|69785-4582|06/04/1963|4750|VA005992
DANIEL|BAKER||+12807281366|2456 Maple Dr|Franklin|ks|23714|1989-10-24|7514|VA005993
MARY|JONES|mary.jones2@hotmail.com|679.230.9454|1447 Valley Ln|Madison|WI|12281|20-Dec-1971|2385|VA005994
ROBERT|THOMPSON|robert.thompson93@yahoo.com|(362) 865-3647|1128 River Dr|Richmond|WV|31907-8794|10-20-1994|2704|VA005995
LISA|THOMPSON||8847646564|1591 Cedar Ln|Fairview|WA|24020|01/04/1960|9819|VA005996
PATRICIA|SCOTT||470-851-4866|5608 Main St|Springfield|ok|81138|1994-11-14|3773|VA005997
JOSEPH|HALL|joseph.hall44@aol.com|+19497795515|1990 Hill Rd|Marion|IA|59685-7751|28-Mar-1986|1086|VA005998
JAMES|ALLEN|james.allen29@outlook.com|203.801.2114|9660 Park Blvd|Richmond|OR|10457|11-09-1989|2101|VA005999
ANTHONY|ALLEN|anthony.allen22@gmail.com|(239) 717-4367|6600 Lincoln Ave|Manchester|NJ|34805|05/03/2002|5383|VA006000
MATTHEW|ANDERSON|matthew.anderson91@hotmail.com|7723793008|3854 Lake Rd|Arlington|tx|47079-7107|2001-07-05|8792|VA006001
CHARLES|SMITH|charles.smith36@outlook.com|814-949-5899|9514 Lincoln Ave|Dayton|AZ|56530|27-Oct-1947|7107|VA006002
MARGARET|HALL||+18613059898|3839 Valley Ln|Madison|WA|91780|10-30-1984|6251|VA006003
CHRISTOPHER|NELSON||785.202.1556|4621 Sunset Blvd|Fairview|NV|85199-5688|12/21/1975|6444|VA006004
ANTHONY|JOHNSON|anthony.johnson92@icloud.com|(399) 233-7334|9976 Lincoln Ave|Fairview|ma|81476|1985-02-16|3372|VA006005
WILLIAM|YOUNG|william.young85@yahoo.com|5004481647|9422 Sunset Blvd|Fairview|AK|58329|18-Feb-1998|3340|VA006006
DANIEL|HARRIS|daniel.harris65@hotmail.com|750-351-6419|7814 River Dr|Franklin|AZ|53197-9472|10-22-2004|9776|VA006007
MARGARET|SMITH|margaret.smith25@yahoo.com|+16583183335|5765 Lincoln Ave|Clinton|NY|30027|05/13/1969|7545|VA006008
CHRISTOPHER|GARCIA|christopher.garcia31@aol.com|380.632.6228|1626 Maple Dr|Manchester|pa|43458|1980-06-13|4039|VA006009
BARBARA|MILLER|barbara.miller60@aol.com|(552) 254-9002|374 Forest Ave|Clinton|RI|60216-2061|12-Mar-1990|6937|VA006010
JESSICA|JACKSON|jessica.jackson93@aol.com|4487859537|2779 Sunset Blvd|Clinton|HI|28198|02-15-1964|5933|VA006011
JESSICA|TORRES||368-958-3930|9546 Lake Rd|Manchester|VA|74327|03/26/1942|4657|VA006012
LISA|DAVIS|lisa.davis6@gmail.com|+18955743717|6411 River Dr|Burlington|or|14956-2858|1959-03-02|1377|VA006013
MARY|WALKER|mary.walker58@yahoo.com|361.235.6115|4660 Maple Dr|Georgetown|AR|53001|18-Jun-1941|4775|VA006014
ANTHONY|TAYLOR|anthony.taylor76@yahoo.com|(611) 293-7750|7648 Oak Ave|Manchester|Tex.|64800|12-02-1944|5631|VA006015
BARBARA|BROWN|barbara.brown7@outlook.com|3108238149|934 Main St|Richmond|IA|65701-5304|05/10/1951|4300|VA006016
PATRICIA|WALKER|patricia.walker99@yahoo.com|804-537-9304|6327 Oak Ave|Clinton|nh|29117|1949-09-26|2030|VA006017
JOHN|JACKSON|john.jackson57@outlook.com|+12954287852|9178 Oak Ave|Madison|Pennsylvania|82330|03-Apr-1945|3293|VA006018
MICHAEL|JOHNSON|michael.johnson90@outlook.com|622.496.1071|6145 River Dr|Arlington|MO|52006-5764|04-02-1959|7665|VA006019
DANIEL|ADAMS|daniel.adams56@hotmail.com|(385) 313-5941|9592 Maple Dr|Richmond|OH|76916|08/22/1966|2190|VA006020
JOSEPH|SMITH|joseph.smith34@icloud.com|3429543731|2990 Main St|Franklin|id|32975|1959-07-18|5020|VA006021
JENNIFER|TORRES|jennifer.torres36@hotmail.com|323-371-4947|5385 Valley Ln|Springfield|SD|60841-7588|17-Dec-1979|9810|VA006022
THOMAS|JONES|thomas.jones21@yahoo.com|+17442647416|3067 Lincoln Ave|Clinton|WA|36574|08-14-1998|4726|VA006023
BETTY|ANDERSON|betty.anderson6@icloud.com|366.925.5524|7134 Park Blvd|Springfield|NV|25322|02/24/1955|5380|VA006024
KAREN|NELSON|karen.nelson63@aol.com|(640) 352-7709|4497 River Dr|Manchester|co|61933-2038|1950-09-06|6437|VA006025
JENNIFER|HILL|jennifer.hill42@gmail.com|6498429104|5949 River Dr|Georgetown|MT|53448|01-Apr-1988|9472|VA006026
SUSAN|HALL|susan.hall73@aol.com|753-761-7514|5469 Lincoln Ave|Greenville|WA|70445|09-27-2001|2972|VA006027
RICHARD|JACKSON|richard.jackson42@yahoo.com|+13016091263|8525 Cedar Ln|Madison|AZ|31887-9365|07/15/1985|8472|VA006028
SARAH|NELSON|sarah.nelson70@yahoo.com|347.590.5111|447 Lake Rd|Burlington|mi|62051|1957-12-19|8990|VA006029
SUSAN|ADAMS|susan.adams49@outlook.com|(288) 920-5773|5012 Sunset Blvd|Clinton|MO|58910|07-Aug-1986|5392|VA006030
LINDA|HILL|linda.hill31@gmail.com|6159806505|1152 Valley Ln|Richmond|ME|86839-2559|08-27-1958|4987|VA006031
JAMES|TAYLOR|james.taylor58@hotmail.com|483-629-7784|7746 Forest Ave|Burlington|NV|10938|03/11/1992|4449|VA006032
JESSICA|HARRIS|jessica.harris26@outlook.com|+13578748038|1627 Forest Ave|Franklin|sd|85347|1957-03-20|2241|VA006033
KAREN|HILL||210.819.5390|2541 Jefferson Dr|Dayton|OR|87581-7636|03-May-1949|7509|VA006034
JAMES|MARTIN|james.martin79@icloud.com|(555) 553-2180|6481 Lincoln Ave|Clinton|WI|89078|01-06-2003|8438|VA006035
JESSICA|THOMPSON|jessica.thompson25@icloud.com|2272977891|6184 Hill Rd|Springfield|AL|40245|05/12/1974|6410|VA006036
DANIEL|BROWN|daniel.brown62@hotmail.com|698-854-7792|7364 Washington St|Clinton|hi|93244-7805|1984-04-01|9151|VA006037
JOSEPH|BROWN|joseph.brown39@icloud.com|+16124789199|8848 Forest Ave|Salem|CO|88385|30-Jul-1943|8078|VA006038
CHARLES|HILL|charles.hill54@gmail.com|580.489.9970|7873 Sunset Blvd|Greenville|AL|23565|11-17-1952|5302|VA006039
JOSEPH|WILSON|joseph.wilson1@yahoo.com|(744) 863-3676|6851 Jefferson Dr|Georgetown|TN|66562-4547|09/01/1970|3962|VA006040
JOSEPH|NELSON||8535181674|6038 Main St|Arlington|ga|64519|1965-01-10|2253|VA006041
DANIEL|WHITE|daniel.white80@yahoo.com|836-815-7899|8036 Valley Ln|Oxford|TN|14454|25-Sep-1949|4959|VA006042
MARGARET|HILL|margaret.hill8@aol.com|+18569713159|2155 Valley Ln|Marion|Ill.|15875-8148|12-21-1992|3484|VA006043
MICHAEL|SCOTT|michael.scott66@icloud.com|796.573.2305|9985 Main St|Georgetown|KS|14229|12/21/1991|5390|VA006044
ASHLEY|DAVIS||(265) 611-7991|2464 Forest Ave|Richmond|sd|24004|1977-06-16|1340|VA006045
ANTHONY|WRIGHT|anthony.wright40@icloud.com|7563548271|4011 Sunset Blvd|Oxford|MS|43881-2798|16-Apr-1989|2617|VA006046
PATRICIA|WILSON|patricia.wilson33@yahoo.com|605-937-6969|6497 Sunset Blvd|Springfield|OK|12716|05-31-1944|2464|VA006047
SARAH|TAYLOR|sarah.taylor11@yahoo.com|+12213503608|60 Oak Ave|Burlington|NY|57297|09/11/1966|7005|VA006048
BARBARA|WALKER|barbara.walker51@gmail.com|541.208.2682|7075 River Dr|Richmond|ny|85846-4072|1993-06-15|5764|VA006049
NANCY|ANDERSON|nancy.anderson12@outlook.com|(432) 276-1694|3647 Main St|Franklin|AZ|37832|01-Jun-1957|8998|VA006050
SUSAN|ANDERSON|susan.anderson74@aol.com|6758082967|310 Valley Ln|Springfield|Flo.|14367|09-21-1959|4516|VA006051
DANIEL|BAKER|daniel.baker30@icloud.com|647-608-4481|3227 Park Blvd|Clinton|NC|75776-4036|05/13/1999|4441|VA006052
BARBARA|ANDERSON|barbara.anderson9@icloud.com|+19566495639|1299 Oak Ave|Burlington|va|71566|1961-07-27|2555|VA006053
MATTHEW|DAVIS|matthew.davis25@yahoo.com|924.820.7870|6148 Valley Ln|Springfield|MS|64335|14-Mar-1975|9582|VA006054
MARGARET|THOMPSON|margaret.thompson94@outlook.com|(547) 796-7769|8219 Main St|Arlington|ME|36266-9302|05-13-1988|2007|VA006055
SANDRA|ADAMS|sandra.adams13@hotmail.com|5314161075|4463 Valley Ln|Richmond|AZ|31157|05/01/1952|4685|VA006056
JAMES|BROWN|james.brown9@gmail.com|657-446-8648|9527 Valley Ln|Clinton|la|86810|1946-04-21|3570|VA006057
JAMES|WALKER|james.walker43@outlook.com|+12572244180|3413 Main St|Marion|SC|71052-9050|08-May-1954|1520|VA006058
MARK|DAVIS|mark.davis33@aol.com|295.787.9827|7632 Forest Ave|Marion|Tex.|42965|05-17-2000|2969|VA006059
DAVID|YOUNG|david.young31@gmail.com|(467) 984-1058|839 Cedar Ln|Georgetown|MT|39446|07/06/1942|4326|VA006060
LISA|GARCIA|lisa.garcia90@hotmail.com|7837048904|8440 Forest Ave|Madison|me|63545-1375|2004-12-02|2200|VA006061
LISA|WRIGHT|lisa.wright70@icloud.com|596-887-1095|4114 Cedar Ln|Clinton|NE|79502|14-Jul-1993|6310|VA006062
JAMES|THOMAS|james.thomas47@hotmail.com|+12884256109|3156 Washington St|Fairview|SC|36622|07-30-2004|3029|VA006063
WILLIAM|THOMAS|william.thomas78@hotmail.com|412.658.1190|8642 River Dr|Franklin|AZ|56033-5730|06/14/1944|4979|VA006064
MARGARET|BAKER||(327) 413-9412|6080 Lincoln Ave|Arlington|va|68878|1982-01-10|5345|VA006065
MARK|BROWN|mark.brown47@yahoo.com|9726994188|3697 River Dr|Marion|MO|16401|27-Feb-1954|1566|VA006066
ROBERT|WALKER|robert.walker77@gmail.com|549-636-7011|9476 Washington St|Georgetown|NH|58114-2038|12-08-1974|2908|VA006067
JOSEPH|WHITE|joseph.white56@gmail.com|+16362995672|5679 Forest Ave|Fairview|OH|12805|01/05/1974|6611|VA006068
ASHLEY|THOMAS|ashley.thomas81@hotmail.com|418.984.9272|4943 River Dr|Richmond|pa|86312|1971-12-31|6517|VA006069
ANTHONY|SCOTT|anthony.scott6@yahoo.com|(535) 351-2494|4067 Lake Rd|Clinton|North Carolina|16416-9653|01-Oct-2000|5896|VA006070
DAVID|WILSON|david.wilson3@hotmail.com|4507993527|6439 Main St|Oxford|NV|73511|12-25-1963|7601|VA006071
MARK|HALL|mark.hall6@outlook.com|597-890-4828|8057 Cedar Ln|Franklin|WI|71282|04/27/1975|7635|VA006072
SUSAN|GARCIA|susan.garcia71@gmail.com|+16332495878|2041 Hill Rd|Marion|la|80008-1139|1961-05-21|9209|VA006073
MARGARET|BROWN|margaret.brown11@icloud.com|381.782.2670|1338 Washington St|Madison|California|86540|17-Apr-1953|3111|VA006074
CHARLES|ALLEN|charles.allen64@aol.com|(582) 422-3142|2030 Washington St|Burlington|AL|18460|11-15-2003|4939|VA006075
WILLIAM|JACKSON|william.jackson67@gmail.com|9843537429|9090 Forest Ave|Madison|WV|83318-4397|01/01/1971|2817|VA006076
WILLIAM|JACKSON|william.jackson1@yahoo.com|234-394-3414|1683 Oak Ave|Fairview|oh|39880|1944-10-27|4469|VA006077
SUSAN|BAKER||+16733827541|9885 Main St|Madison|North Carolina|38742|18-Feb-1970|9247|VA006078
LINDA|HALL||201.282.2295|415 Jefferson Dr|Salem|TN|42681-7771|03-30-1986|2688|VA006079
PATRICIA|NGUYEN|patricia.nguyen22@icloud.com|(995) 331-3866|7168 Oak Ave|Clinton|NH|41089|11/22/1961|7500|VA006080
WILLIAM|MARTIN|william.martin22@yahoo.com|2382057304|7934 Washington St|Clinton|nc|99791|1977-02-16|2986|VA006081
JAMES|HILL|james.hill57@hotmail.com|889-841-9573|7176 Lake Rd|Fairview|NE|84715-7380|12-Oct-1990|9043|VA006082
CHRISTOPHER|MARTIN||+17642561432|6860 Sunset Blvd|Madison|Geo.|25184|07-22-1952|1357|VA006083
ROBERT|WHITE||942.346.4308|9911 Park Blvd|Manchester|WV|18639|03/24/1997|5427|VA006084
SARAH|WILLIAMS|sarah.williams91@hotmail.com|(518) 866-6344|5900 Main St|Dayton|ms|62425-7172|1950-11-16|8748|VA006085
MICHAEL|KING|michael.king37@gmail.com|3686347791|6606 Washington St|Greenville|Texas|15937|12-Mar-1978|6349|VA006086
PATRICIA|WRIGHT|patricia.wright16@gmail.com|550-337-1569|8070 Maple Dr|Fairview|IA|12428|01-25-1975|6329|VA006087
WILLIAM|BAKER|william.baker63@aol.com|+17955786700|802 Main St|Madison|NM|91589-4522|01/20/1977|3480|VA006088
MARGARET|WHITE|margaret.white56@aol.com|924.816.7377|1908 Forest Ave|Manchester|tx|16123|1978-01-02|2834|VA006089
JESSICA|HARRIS|jessica.harris6@yahoo.com|(456) 895-1147|8483 River Dr|Franklin|MO|25131|10-Nov-1981|3500|VA006090
WILLIAM|HALL|william.hall84@gmail.com|9207328833|175 Jefferson Dr|Marion|SD|71125-6799|09-13-1995|3800|VA006091
MARGARET|WRIGHT|margaret.wright36@hotmail.com|502-362-9700|5552 Jefferson Dr|Springfield|RI|52350|09/01/1995|7285|VA006092
JAMES|WHITE|james.white46@outlook.com|+17699123691|441 Washington St|Franklin|sd|84934|1941-11-30|5509|VA006093
SUSAN|SMITH|susan.smith23@yahoo.com|426.900.5845|6988 Washington St|Georgetown|SD|91798-2258|10-Sep-1965|8724|VA006094
CHRISTOPHER|MARTIN||(753) 987-8065|3579 Valley Ln|Dayton|CT|67878|03-07-2004|5243|VA006095
CHARLES|JONES|charles.jones71@yahoo.com|9178005134|6532 Valley Ln|Arlington|FL|45828|12/05/1949|8807|VA006096
LINDA|MARTIN|linda.martin70@yahoo.com|712-460-1459|1628 Jefferson Dr|Greenville|mn|27386-8524|1945-03-27|1706|VA006097
SARAH|HILL|sarah.hill78@icloud.com|+18468304860|7864 Hill Rd|Salem|IA|92811|15-Apr-1972|3180|VA006098
KAREN|JOHNSON|karen.johnson19@hotmail.com|336.964.7401|184 Lake Rd|Springfield|Nor.|11594|02-11-1950|9594|VA006099
JENNIFER|HARRIS|jennifer.harris16@aol.com|(954) 796-4897|7069 Valley Ln|Georgetown|NC|47572-9110|12/13/1948|7936|VA006100
BARBARA|NGUYEN||3766975509|2906 Maple Dr|Franklin|fl|98045|1950-01-20|2446|VA006101
DANIEL|WILLIAMS|daniel.williams4@outlook.com|956-790-3405|8582 Valley Ln|Marion|MN|83654|30-Jul-1959|5308|VA006102
NANCY|TORRES|nancy.torres33@icloud.com|+13179415985|7602 River Dr|Greenville|UT|41089-1669|09-10-1985|1603|VA006103
SARAH|ADAMS|sarah.adams9@outlook.com|864.372.1774|6525 Washington St|Fairview|NJ|18161|04/26/1960|7089|VA006104
JENNIFER|MARTIN|jennifer.martin35@outlook.com|(361) 485-7213|5866 Jefferson Dr|Georgetown|md|88242|1996-06-27|4976|VA006105
ANTHONY|GARCIA|anthony.garcia46@aol.com|2228722704|7432 Park Blvd|Dayton|OK|63677-8658|12-Aug-1958|9483|VA006106
SUSAN|SCOTT|susan.scott21@hotmail.com|869-945-1416|4933 River Dr|Manchester|NH|92856|06-11-1983|2312|VA006107
CHARLES|THOMPSON|charles.thompson36@yahoo.com|+13055208723|7448 Sunset Blvd|Dayton|HI|36600|07/29/1989|6878|VA006108
MICHAEL|SMITH|michael.smith98@aol.com|509.796.6517|2190 Park Blvd|Arlington|va|37835-6615|1960-05-12|4005|VA006109
JAMES|ALLEN||(350) 792-5437|4230 Washington St|Fairview|WA|24287|12-Nov-1964|2230|VA006110
ANTHONY|ANDERSON|anthony.anderson70@gmail.com|4967065960|5219 Jefferson Dr|Salem|KS|73358|01-12-1963|5653|VA006111
JAMES|BROWN|james.brown11@icloud.com|542-544-9017|4307 Lincoln Ave|Richmond|UT|21483-8329|01/03/1952|7024|VA006112
RICHARD|THOMAS|richard.thomas46@aol.com|+13855685071|2537 Jefferson Dr|Madison|hi|51593|1964-01-01|8282|VA006113
DANIEL|MARTIN|daniel.martin51@hotmail.com|372.962.6026|3315 Washington St|Greenville|MO|52196|23-Nov-1963|4450|VA006114
JESSICA|THOMAS|jessica.thomas97@outlook.com|(938) 252-5712|9838 Park Blvd|Georgetown|CT|85748-5831|07-09-1985|4485|VA006115
ASHLEY|WILSON|ashley.wilson19@yahoo.com|3459537568|603 Park Blvd|Springfield|NV|51312|03/20/1996|9022|VA006116
JAMES|ALLEN|james.allen4@hotmail.com|775-711-8846|1396 Jefferson Dr|Georgetown|ma|55576|1993-04-10|1914|VA006117
MARGARET|BROWN|margaret.brown14@gmail.com|+17347729492|6889 Hill Rd|Dayton|NM|27574-2092|30-Apr-1958|1388|VA006118
LISA|DAVIS||739.766.5678|5544 Jefferson Dr|Fairview|WV|16885|07-07-1989|5875|VA006119
PATRICIA|JACKSON||(489) 792-2360|409 Main St|Richmond|MD|96003|06/29/1954|1633|VA006120
JENNIFER|TORRES|jennifer.torres14@icloud.com|2652873573|4420 Washington St|Burlington|mi|43281-7062|1959-10-08|9451|VA006121
ROBERT|NELSON|robert.nelson26@icloud.com|699-794-5486|4391 Main St|Springfield|AL|18494|30-Apr-1940|6389|VA006122
LISA|BAKER|lisa.baker97@hotmail.com|+16385332468|9410 Hill Rd|Madison|NV|99295|08-01-1973|7204|VA006123
JOSEPH|WRIGHT|joseph.wright78@outlook.com|624.479.4531|8395 Oak Ave|Georgetown|NV|24534-2217|05/30/1965|8972|VA006124
ROBERT|WILLIAMS||(608) 407-1622|1423 Forest Ave|Fairview|wv|32911|1965-05-15|3326|VA006125
LISA|THOMPSON|lisa.thompson98@hotmail.com|7984796515|7024 Washington St|Springfield|MT|84986|15-Dec-1996|6557|VA006126
JAMES|BROWN||834-893-2863|2339 Oak Ave|Springfield|LA|45666-9790|09-09-1984|7241|VA006127
CHRISTOPHER|KING|christopher.king7@icloud.com|+12992812007|4838 Main St|Marion|IA|76754|06/16/1962|5045|VA006128
MICHAEL|DAVIS|michael.davis76@aol.com|460.949.6232|5915 Maple Dr|Burlington|fl|59083|1969-01-16|5757|VA006129
RICHARD|SMITH|richard.smith86@hotmail.com|(662) 600-6011|7031 Lincoln Ave|Richmond|AK|36701-2366|19-Sep-1973|4321|VA006130
SUSAN|HARRIS|susan.harris20@yahoo.com|6632879761|5709 Lincoln Ave|Franklin|VT|94140|02-06-1987|7354|VA006131
WILLIAM|JONES|william.jones63@hotmail.com|962-419-2478|7261 Forest Ave|Manchester|PA|19198|08/06/1940|6943|VA006132
ROBERT|WRIGHT|robert.wright3@gmail.com|+14189145984|566 Jefferson Dr|Manchester|nd|40595-6940|1966-01-03|5215|VA006133
CHRISTOPHER|TAYLOR|christopher.taylor5@hotmail.com|806.562.4567|1562 Sunset Blvd|Georgetown|SD|72872|02-Jan-1946|5645|VA006134
DANIEL|NGUYEN|daniel.nguyen22@icloud.com|(638) 315-2826|375 Park Blvd|Clinton|UT|73885|01-22-1975|5831|VA006135
CHRISTOPHER|JOHNSON|christopher.johnson8@hotmail.com|3378211348|9731 Park Blvd|Richmond|LA|82461-5261|11/07/1964|8160|VA006136
BARBARA|WILLIAMS|barbara.williams99@gmail.com|201-375-3860|547 Oak Ave|Fairview|or|27646|1946-05-29|7737|VA006137
SANDRA|YOUNG|sandra.young16@outlook.com|+15315651342|4180 River Dr|Burlington|CT|32157|04-Feb-1959|2598|VA006138
DAVID|NELSON|david.nelson54@icloud.com|273.411.9505|1570 Jefferson Dr|Marion|LA|77370-2449|08-13-1980|9612|VA006139
LINDA|WILLIAMS|linda.williams96@outlook.com|(505) 920-8854|4098 River Dr|Clinton|NC|47000|02/21/1986|5529|VA006140
LISA|BAKER|lisa.baker1@aol.com|8539078762|4141 Valley Ln|Georgetown|ak|38557|1958-04-02|5164|VA006141
THOMAS|NGUYEN||696-817-1491|3426 Sunset Blvd|Clinton|NV|60454-2678|12-Apr-1975|4744|VA006142
MARK|JONES|mark.jones40@gmail.com|+12106248709|9508 Park Blvd|Fairview|Ill.|27699|03-03-1945|4643|VA006143
DAVID|THOMPSON|david.thompson34@hotmail.com|540.762.3231|2922 Main St|Clinton|NY|36909|07/14/1952|4612|VA006144
CHARLES|ANDERSON|charles.anderson58@gmail.com|(353) 799-8559|3544 Lincoln Ave|Clinton|pa|27589-9081|1974-10-17|8882|VA006145
JOSEPH|MARTIN|joseph.martin49@gmail.com|6726749118|7230 Main St|Fairview|WV|13691|25-Aug-1991|7238|VA006146
KAREN|SCOTT|karen.scott68@outlook.com|734-546-3027|4751 Lincoln Ave|Fairview|Ill.|18911|06-20-1952|7697|VA006147
JOSEPH|NELSON|joseph.nelson64@aol.com|+12356318770|7219 Lake Rd|Richmond|IA|22121-4463|05/21/1946|1275|VA006148
ASHLEY|JOHNSON||608.579.6469|2191 River Dr|Madison|mi|53222|1979-06-26|7109|VA006149
BETTY|WALKER|betty.walker70@outlook.com|(735) 486-4809|9207 Maple Dr|Fairview|IN|10958|08-Jan-1950|5061|VA006150
THOMAS|JOHNSON|thomas.johnson39@hotmail.com|4482968927|422 Sunset Blvd|Arlington|WY|49038-6279|06-29-1959|1247|VA006151
KAREN|HILL|karen.hill31@aol.com|274-230-7493|4020 Forest Ave|Richmond|AL|99748|05/28/1979|3753|VA006152
LINDA|GARCIA|linda.garcia28@gmail.com|+19706156531|8758 Lincoln Ave|Salem|me|47396|2002-06-05|9875|VA006153
CHARLES|BROWN|charles.brown99@yahoo.com|718.677.4969|3074 Maple Dr|Clinton|North Carolina|72296-3521|02-Aug-2004|7707|VA006154
MATTHEW|NELSON|matthew.nelson17@hotmail.com|(403) 498-7876|4815 Hill Rd|Georgetown|Ohi.|11349|07-11-1981|2127|VA006155
BETTY|WHITE|betty.white53@gmail.com|9927451543|847 Valley Ln|Dayton|UT|69998|12/04/1953|5506|VA006156
SUSAN|GARCIA|susan.garcia34@icloud.com|905-292-5670|450 River Dr|Springfield|hi|85007-2187|1959-03-24|4626|VA006157
SANDRA|KING|sandra.king5@outlook.com|+17886401710|5406 Main St|Clinton|DE|99442|20-Jul-1951|3767|VA006158
SARAH|ADAMS|sarah.adams27@outlook.com|805.446.9366|4396 Hill Rd|Madison|NM|84767|10-14-1991|6740|VA006159
MARGARET|KING|margaret.king53@icloud.com|(711) 583-6049|181 Forest Ave|Oxford|OR|72582-1159|07/15/2001|5171|VA006160
SANDRA|GARCIA|sandra.garcia44@outlook.com|8793253006|5608 Maple Dr|Salem|hi|37967|1983-05-06|3348|VA006161
JENNIFER|TORRES|jennifer.torres88@icloud.com|934-979-5729|6239 Oak Ave|Madison|MD|61246|16-Mar-1974|3882|VA006162
DANIEL|JOHNSON|daniel.johnson56@icloud.com|+17795781093|1006 River Dr|Arlington|NE|46273-8352|05-15-1966|8208|VA006163
LINDA|THOMPSON|linda.thompson51@icloud.com|873.789.3425|2323 Lake Rd|Burlington|TN|45358|04/29/1960|8991|VA006164
SANDRA|ALLEN|sandra.allen55@outlook.com|(399) 367-5129|9045 Sunset Blvd|Arlington|la|41497|1946-08-06|7845|VA006165
MICHAEL|NELSON|michael.nelson37@yahoo.com|3365324469|9691 Cedar Ln|Oxford|Florida|27554-4141|28-Aug-1963|3099|VA006166
SARAH|MILLER||907-984-1475|2555 Lake Rd|Burlington|OR|99725|09-03-1999|7811|VA006167
MICHAEL|HALL||+12693198643|5594 Valley Ln|Dayton|MS|40364|01/07/1955|4584|VA006168
JENNIFER|MILLER|jennifer.miller84@gmail.com|333.821.7589|6244 Cedar Ln|Fairview|ak|88695-1388|1954-10-25|5028|VA006169
MARK|DAVIS|mark.davis89@aol.com|(694) 303-1254|6063 Oak Ave|Arlington|WV|11591|27-Jan-1988|8038|VA006170
NANCY|ANDERSON|nancy.anderson33@gmail.com|9595951394|5597 River Dr|Madison|IN|27961|06-21-1994|1176|VA006171
DANIEL|SCOTT|daniel.scott71@yahoo.com|676-475-1871|7541 Valley Ln|Salem|NY|87471-9665|02/17/1979|2059|VA006172
JESSICA|THOMPSON||+14797588133|638 Washington St|Clinton|nh|35396|1992-10-10|9977|VA006173
JOSEPH|WILSON|joseph.wilson53@gmail.com|348.430.5940|4803 Jefferson Dr|Manchester|Florida|34073|06-May-1972|3362|VA006174
DANIEL|NGUYEN||(462) 761-4838|4348 Hill Rd|Marion|ME|84480-7495|10-26-1940|4243|VA006175
PATRICIA|ADAMS|patricia.adams53@gmail.com|8708867062|9343 Cedar Ln|Georgetown|IN|43670|12/01/1943|5690|VA006176
MATTHEW|GARCIA|matthew.garcia85@gmail.com|789-484-7318|34 Washington St|Springfield|nm|82599|1998-07-06|6420|VA006177
MARGARET|WHITE|margaret.white86@aol.com|+17005399406|556 Lake Rd|Madison|Michigan|82191-1025|18-Nov-1997|1611|VA006178
SARAH|ALLEN|sarah.allen34@hotmail.com|711.645.2300|9639 Cedar Ln|Salem|Ohi.|81834|04-15-1978|7175|VA006179
DANIEL|HARRIS|daniel.harris71@aol.com|(685) 262-2525|5403 Washington St|Burlington|WA|47592|08/16/1953|3182|VA006180
ASHLEY|NELSON|ashley.nelson37@icloud.com|8942075768|4298 Valley Ln|Greenville|nm|34209-6834|1986-02-13|1946|VA006181
SARAH|SCOTT|sarah.scott90@hotmail.com|398-676-1867|48 Valley Ln|Richmond|Ohio|46937|21-Sep-1950|7645|VA006182
BARBARA|HILL|barbara.hill42@yahoo.com|+14444901921|9060 Lincoln Ave|Manchester|MT|76073|07-22-1959|5036|VA006183
DANIEL|THOMAS|daniel.thomas26@yahoo.com|815.985.8084|2882 Forest Ave|Clinton|OH|64527-8791|10/27/1947|4041|VA006184
DAVID|DAVIS|david.davis51@aol.com|(310) 535-9758|5539 Lake Rd|Salem|me|86671|1942-08-01|7294|VA006185
LISA|HILL|lisa.hill1@hotmail.com|6347419367|2519 Jefferson Dr|Franklin|NV|77723|25-Mar-1941|9764|VA006186
ANTHONY|WHITE||814-905-9222|9302 Valley Ln|Burlington|MT|51203-3135|03-17-1947|2421|VA006187
JOSEPH|JOHNSON|joseph.johnson9@hotmail.com|+15113492898|1842 Jefferson Dr|Arlington|VT|78410|11/16/1984|6537|VA006188
WILLIAM|WHITE|william.white89@aol.com|908.393.4221|7522 Park Blvd|Franklin|mn|35788|1970-09-06|4838|VA006189
MATTHEW|BROWN|matthew.brown28@hotmail.com|(713) 512-6243|8691 Forest Ave|Franklin|UT|49329-4058|06-Sep-1994|4445|VA006190
ANTHONY|JONES|anthony.jones54@gmail.com|2922521055|4929 Lincoln Ave|Madison|IA|78947|04-27-1981|6673|VA006191
THOMAS|GARCIA|thomas.garcia69@yahoo.com|597-662-1997|8163 Valley Ln|Georgetown|DE|18352|02/05/1991|9039|VA006192
MICHAEL|BROWN||+13063384999|3841 Oak Ave|Salem|ut|38014-8584|1987-11-27|4557|VA006193
BETTY|TORRES|betty.torres56@gmail.com|836.374.1637|9617 Washington St|Arlington|CT|44797|12-Dec-1967|9733|VA006194
BARBARA|WILLIAMS|barbara.williams95@aol.com|(500) 241-7462|1639 Cedar Ln|Oxford|HI|75796|04-07-1981|6351|VA006195
WILLIAM|NELSON|william.nelson53@hotmail.com|9233507739|8918 Oak Ave|Fairview|ID|44494-1980|11/27/1973|9047|VA006196
LINDA|MILLER|linda.miller25@hotmail.com|497-408-2849|7790 Washington St|Dayton|de|85090|1968-04-14|4620|VA006197
CHRISTOPHER|SCOTT||+19477049014|4024 Park Blvd|Franklin|OK|55783|09-Jan-2004|6232|VA006198
BARBARA|ANDERSON|barbara.anderson8@yahoo.com|891.253.1937|6349 Forest Ave|Arlington|OR|87670-7378|02-04-1946|4324|VA006199
CHRISTOPHER|KING|christopher.king45@yahoo.com|(751) 206-9186|613 Forest Ave|Burlington|TX|70051|03/09/1946|9530|VA006200
LINDA|DAVIS||4453766338|4216 Main St|Marion|va|42900|1975-03-12|3155|VA006201
MARY|SCOTT|mary.scott1@hotmail.com|919-764-7187|4739 Main St|Marion|WA|60429-9796|07-Jun-1940|9017|VA006202
LISA|HILL|lisa.hill14@outlook.com|+16576915398|856 Lincoln Ave|Manchester|Ill.|61989|12-01-2002|7711|VA006203
LINDA|MARTIN|linda.martin35@gmail.com|596.891.2053|3339 Hill Rd|Clinton|NY|49426|05/31/2003|9533|VA006204
MARGARET|HALL|margaret.hall80@yahoo.com|(320) 349-5319|8495 Cedar Ln|Manchester|wy|79702-7160|1955-11-13|8360|VA006205
CHARLES|WALKER|charles.walker19@icloud.com|9496956878|663 Cedar Ln|Manchester|New York|40375|21-Aug-1945|5331|VA006206
PATRICIA|BAKER|patricia.baker80@hotmail.com|203-247-8689|2779 River Dr|Madison|NE|28793|05-05-1980|2667|VA006207
SANDRA|THOMAS|sandra.thomas58@icloud.com|+14406223752|5754 Jefferson Dr|Fairview|AL|42114-5504|12/27/1963|3058|VA006208
KAREN|KING|karen.king44@gmail.com|571.237.7409|8347 Oak Ave|Georgetown|ct|99743|1947-10-10|5343|VA006209
BETTY|ADAMS|betty.adams29@outlook.com|(899) 932-5460|8677 Sunset Blvd|Springfield|MN|71311|28-Jul-1994|4169|VA006210
LINDA|YOUNG|linda.young43@aol.com|9396708458|2147 Lincoln Ave|Dayton|DE|64648-8780|11-01-1966|1509|VA006211
JAMES|SCOTT|james.scott82@hotmail.com|751-546-4885|1745 Hill Rd|Arlington|FL|49533|06/09/2002|7805|VA006212
JAMES|NGUYEN||+19925442658|1598 Maple Dr|Oxford|mn|77116|1943-02-13|8250|VA006213
ANTHONY|HARRIS|anthony.harris56@gmail.com|920.717.7036|2064 Hill Rd|Springfield|NJ|12338-1972|11-Nov-1943|1686|VA006214
WILLIAM|JACKSON||(613) 867-9720|2352 Cedar Ln|Franklin|SD|48184|11-21-1972|8305|VA006215
LISA|MILLER|lisa.miller27@hotmail.com|7208802396|4673 Main St|Greenville|MT|87180|08/10/1997|7371|VA006216
JAMES|NELSON|james.nelson4@outlook.com|441-430-6971|6110 Forest Ave|Marion|ms|11168-5475|1960-08-04|5954|VA006217
PATRICIA|THOMPSON|patricia.thompson56@hotmail.com|+13003575282|2971 Oak Ave|Springfield|MO|40807|16-Dec-1981|2447|VA006218
JOSEPH|ADAMS|joseph.adams84@aol.com|817.277.3112|4512 Park Blvd|Salem|Tex.|44643|12-31-1955|6735|VA006219
THOMAS|HALL|thomas.hall95@yahoo.com|(721) 307-2388|1061 Forest Ave|Clinton|NY|56422-9202|10/30/1953|6883|VA006220
LISA|HILL|lisa.hill90@aol.com|6059138214|5106 Hill Rd|Clinton|or|50940|2001-10-13|2479|VA006221
CHARLES|WILLIAMS|charles.williams56@gmail.com|860-719-6049|1650 Oak Ave|Franklin|WI|48973|08-Dec-1964|1891|VA006222
CHARLES|THOMAS|charles.thomas45@icloud.com|+18274092713|4847 Main St|Springfield|SC|95460-7801|03-15-1948|7000|VA006223
BARBARA|NELSON||577.630.6278|9036 Hill Rd|Dayton|OH|85383|07/26/1959|7424|VA006224
MICHAEL|BAKER|michael.baker10@icloud.com|(416) 642-8049|1926 Washington St|Georgetown|ri|32730|1990-06-13|3661|VA006225
JOHN|JONES|john.jones4@gmail.com|9647434524|6164 River Dr|Salem|Michigan|30631-7604|13-Mar-1973|6105|VA006226
MATTHEW|HARRIS||494-761-5186|3954 Lincoln Ave|Georgetown|DE|47574|03-28-1972|5694|VA006227
SUSAN|YOUNG|susan.young87@hotmail.com|+19284089428|456 Oak Ave|Oxford|MO|28627|09/07/1975|2597|VA006228
JOHN|HILL|john.hill44@icloud.com|932.609.1091|5181 Oak Ave|Oxford|ms|67635-1620|1973-10-18|2281|VA006229
DAVID|MILLER|david.miller74@outlook.com|(422) 478-7182|8726 Washington St|Springfield|WV|46010|26-Feb-1985|6020|VA006230
MARK|THOMPSON||6657092321|439 River Dr|Greenville|OR|48823|07-21-1972|1290|VA006231
BETTY|BAKER|betty.baker1@aol.com|945-880-1778|7762 Valley Ln|Madison|MT|63833-1881|11/21/2003|2795|VA006232
JESSICA|MARTIN|jessica.martin8@yahoo.com|+17456158953|4097 Washington St|Franklin|ne|13910|1980-09-02|4918|VA006233
ANTHONY|HARRIS|anthony.harris27@hotmail.com|998.805.7729|7493 Lake Rd|Georgetown|HI|64926|19-Apr-1997|8225|VA006234
JESSICA|MILLER|jessica.miller99@outlook.com|(367) 907-4931|5193 Cedar Ln|Franklin|New.|30468-5524|09-18-1946|4868|VA006235
RICHARD|THOMAS||3856348904|4482 Valley Ln|Arlington|AK|70034|12/24/1971|4696|VA006236
JESSICA|HILL|jessica.hill15@outlook.com|891-690-8848|3453 Valley Ln|Greenville|tn|63857|1942-01-05|4992|VA006237
JOSEPH|WALKER|joseph.walker92@icloud.com|+17927822731|5664 Sunset Blvd|Arlington|Michigan|74812-5282|30-May-1953|8913|VA006238
BARBARA|HILL|barbara.hill27@yahoo.com|720.656.6944|5914 Maple Dr|Greenville|WV|84573|10-10-1987|8471|VA006239
JAMES|DAVIS|james.davis93@hotmail.com|(962) 643-7052|6837 Sunset Blvd|Georgetown|NY|25726|08/22/1977|7401|VA006240
JOHN|WALKER|john.walker86@icloud.com|9097798289|4228 Lake Rd|Springfield|ak|89144-1038|1982-10-08|1814|VA006241
SUSAN|HILL||745-651-2315|1871 Jefferson Dr|Madison|ND|66168|14-Jul-1943|1918|VA006242
THOMAS|JACKSON|thomas.jackson73@icloud.com|+16013666016|273 Sunset Blvd|Greenville|IA|75824|01-05-2003|5299|VA006243
WILLIAM|HILL|william.hill99@outlook.com|892.983.7677|6083 Lincoln Ave|Salem|MA|47303-8268|01/05/1941|2494|VA006244
MARGARET|JOHNSON|margaret.johnson89@icloud.com|(958) 277-8633|8828 Oak Ave|Clinton|nm|75797|1940-07-01|7330|VA006245
THOMAS|WILSON||3045083269|3304 Park Blvd|Fairview|North Carolina|95695|06-Jun-1994|2895|VA006246
RICHARD|WALKER|richard.walker2@yahoo.com|577-363-5679|1681 Lake Rd|Madison|ME|69454-1861|09-09-1995|6467|VA006247
ANTHONY|THOMAS|anthony.thomas12@aol.com|+13145427615|1799 Cedar Ln|Georgetown|AL|49257|02/28/1959|2274|VA006248
ASHLEY|WILLIAMS|ashley.williams36@yahoo.com|541.503.6776|7473 Lincoln Ave|Greenville|nd|58983|1995-06-13|7060|VA006249
JOHN|WALKER|john.walker91@icloud.com|(772) 765-3208|547 Jefferson Dr|Fairview|AR|30458-2155|10-Aug-1987|8273|VA006250
SANDRA|SCOTT|sandra.scott59@outlook.com|4655147669|2673 Hill Rd|Dayton|Ohi.|80912|01-23-1949|8642|VA006251
NANCY|WILSON|nancy.wilson39@outlook.com|244-429-5016|7449 Oak Ave|Oxford|OR|89221|08/30/1972|6213|VA006252
CHRISTOPHER|ANDERSON|christopher.anderson7@gmail.com|+18334878546|3503 Forest Ave|Salem|or|65380-8506|1952-05-07|7570|VA006253
JAMES|HARRIS|james.harris71@hotmail.com|536.665.9228|4297 Park Blvd|Oxford|TN|18120|16-Feb-1955|4831|VA006254
LINDA|WILSON||(873) 961-7957|1218 Cedar Ln|Marion|HI|71551|01-08-1990|8303|VA006255
JOHN|SMITH|john.smith21@hotmail.com|9194347977|5045 River Dr|Manchester|FL|97794-8573|09/07/1969|2576|VA006256
MARK|JACKSON|mark.jackson69@aol.com|931-850-9798|8953 Washington St|Franklin|sc|34743|1974-05-20|2101|VA006257
SUSAN|WILLIAMS|susan.williams77@icloud.com|+18272828844|2122 Park Blvd|Burlington|AZ|23639|12-Mar-1943|9136|VA006258
MICHAEL|JONES||806.762.4348|3872 Hill Rd|Franklin|NV|71220-8138|12-11-1967|3689|VA006259
JESSICA|WILLIAMS|jessica.williams10@aol.com|(658) 725-5300|6279 Lake Rd|Greenville|OR|87473|11/02/1941|5866|VA006260
LISA|HALL||4563885555|4279 Sunset Blvd|Dayton|mt|26552|1967-04-10|2480|VA006261
NANCY|GARCIA|nancy.garcia22@outlook.com|281-291-2401|6646 Jefferson Dr|Manchester|WV|91166-8429|31-Aug-1972|2444|VA006262
JENNIFER|WRIGHT|jennifer.wright18@icloud.com|+15203037653|1895 Hill Rd|Georgetown|New.|58266|03-03-1995|2376|VA006263
PATRICIA|NGUYEN|patricia.nguyen21@icloud.com|503.614.5611|5339 Maple Dr|Greenville|SD|12368|03/12/1983|2343|VA006264
JOSEPH|JACKSON|joseph.jackson22@yahoo.com|(979) 478-5184|1721 Washington St|Richmond|wv|21771-1790|1994-12-13|3246|VA006265
ROBERT|ALLEN|robert.allen50@hotmail.com|8524331458|3468 Valley Ln|Madison|Georgia|86576|30-Jan-1941|5250|VA006266
ROBERT|ANDERSON|robert.anderson48@hotmail.com|589-873-3493|9492 Forest Ave|Georgetown|MS|87079|06-27-1960|4322|VA006267
THOMAS|MARTIN||+16897952462|5200 Sunset Blvd|Madison|HI|32934-9495|09/07/2003|1840|VA006268
CHRISTOPHER|WILLIAMS||294.317.2544|7168 Valley Ln|Richmond|va|88592|1988-04-24|4030|VA006269
MATTHEW|KING|matthew.king60@hotmail.com|(304) 857-9159|8380 Park Blvd|Salem|HI|56222|17-Aug-2004|3132|VA006270
MATTHEW|ALLEN|matthew.allen67@outlook.com|3662933370|1861 Sunset Blvd|Marion|MS|89303-8152|11-27-1949|2657|VA006271
MARK|JACKSON|mark.jackson29@yahoo.com|621-812-3123|8622 Main St|Salem|GA|32437|10/02/1952|2872|VA006272
LINDA|BROWN|linda.brown82@gmail.com|+15337457888|32 Valley Ln|Oxford|il|94578|1996-08-20|3613|VA006273
CHRISTOPHER|GARCIA|christopher.garcia59@aol.com|887.409.4057|8103 Park Blvd|Arlington|CO|11086-2686|11-Oct-1966|8020|VA006274
ANTHONY|HARRIS|anthony.harris52@gmail.com|(812) 311-7208|5365 Forest Ave|Dayton|Tex.|18058|02-14-1948|4565|VA006275
RICHARD|TORRES|richard.torres90@aol.com|5105123184|3679 Oak Ave|Franklin|WY|40543|03/30/1952|5831|VA006276
MICHAEL|HALL|michael.hall19@yahoo.com|618-457-3323|4145 Main St|Richmond|az|23818-5564|1983-05-16|5572|VA006277
DAVID|WILLIAMS|david.williams51@outlook.com|+16099848295|193 River Dr|Fairview|NE|92593|17-Sep-1959|3303|VA006278
BETTY|JOHNSON|betty.johnson22@aol.com|844.938.7229|2422 Jefferson Dr|Dayton|KS|14138|05-14-1991|2800|VA006279
SUSAN|ANDERSON|susan.anderson30@aol.com|(982) 215-4617|3380 Washington St|Madison|NC|30161-3594|10/10/1976|5218|VA006280
MARGARET|WALKER|margaret.walker53@aol.com|7687864495|6753 Lake Rd|Greenville|ri|43697|1965-01-12|8736|VA006281
WILLIAM|ADAMS|william.adams72@hotmail.com|995-819-1409|431 Forest Ave|Greenville|NM|93335|02-Sep-1964|6742|VA006282
JAMES|BAKER|james.baker76@yahoo.com|+14275674717|2826 Valley Ln|Dayton|MO|23542-8982|06-28-1945|2335|VA006283
DANIEL|JOHNSON|daniel.johnson38@aol.com|612.900.2736|9628 Lincoln Ave|Springfield|NH|61865|03/10/1973|8547|VA006284
RICHARD|THOMPSON||(667) 429-6872|2816 River Dr|Salem|ma|60922|1971-08-18|3891|VA006285
CHARLES|MILLER|charles.miller47@outlook.com|3003507974|6752 Oak Ave|Franklin|AR|65690-6152|01-Sep-1951|8802|VA006286
MARK|JONES|mark.jones26@outlook.com|207-915-3328|5228 River Dr|Salem|KS|33491|07-26-2002|3763|VA006287
LISA|NGUYEN|lisa.nguyen64@aol.com|+15738325858|398 Lake Rd|Franklin|ID|92115|02/19/1959|1004|VA006288
THOMAS|SCOTT|thomas.scott25@hotmail.com|796.545.8722|38 Hill Rd|Clinton|co|85191-2064|1994-09-05|4578|VA006289
BARBARA|KING|barbara.king62@gmail.com|(502) 684-2017|3627 Washington St|Madison|AL|53816|24-Jan-1952|5362|VA006290
NANCY|SCOTT|nancy.scott92@hotmail.com|5219487650|1939 Main St|Salem|Nor.|73870|09-19-2001|3376|VA006291
MARK|THOMPSON|mark.thompson35@outlook.com|305-229-5556|3733 Park Blvd|Arlington|KY|22846-4884|06/08/2002|7300|VA006292
JOSEPH|BROWN||+13555009920|5955 Valley Ln|Greenville|il|84901|1966-03-27|1596|VA006293
LINDA|ADAMS|linda.adams44@hotmail.com|717.375.2396|4359 Lake Rd|Burlington|WI|64396|09-May-1972|5021|VA006294
ASHLEY|SCOTT|ashley.scott5@aol.com|(221) 221-3484|8798 Oak Ave|Springfield|AZ|12567-7076|05-30-1958|3749|VA006295
MARK|ANDERSON|mark.anderson8@yahoo.com|6986274117|1839 Forest Ave|Madison|NC|23715|05/16/2004|7688|VA006296
KAREN|GARCIA|karen.garcia77@yahoo.com|335-401-2336|7330 Sunset Blvd|Madison|oh|49512|2001-04-02|9269|VA006297
JOSEPH|JONES|joseph.jones50@yahoo.com|+19456576346|1897 River Dr|Madison|SC|95689-1752|07-Feb-1969|5495|VA006298
THOMAS|THOMAS|thomas.thomas39@yahoo.com|822.647.1860|4593 Valley Ln|Springfield|AL|75093|01-20-1991|2590|VA006299
SANDRA|THOMPSON|sandra.thompson81@yahoo.com|(941) 871-3532|838 Lincoln Ave|Fairview|AL|69546|04/29/1946|2006|VA006300
SUSAN|NELSON|susan.nelson1@hotmail.com|6655039830|2579 Hill Rd|Manchester|ca|48232-2181|1943-06-16|2251|VA006301
MARK|JACKSON|mark.jackson7@outlook.com|861-986-3479|8138 Maple Dr|Madison|LA|69539|19-Jan-1941|8027|VA006302
BETTY|WALKER|betty.walker23@outlook.com|+12662297880|9972 Lincoln Ave|Dayton|Geo.|43749|04-27-1979|9241|VA006303
MATTHEW|THOMAS|matthew.thomas62@gmail.com|829.399.3648|8767 Sunset Blvd|Richmond|VT|42786-2428|04/19/1966|4283|VA006304
ANTHONY|WHITE|anthony.white89@hotmail.com|(715) 302-9651|8420 Lake Rd|Fairview|mo|67267|1980-11-05|8446|VA006305
SUSAN|SMITH|susan.smith22@aol.com|9354763796|381 Oak Ave|Greenville|WV|24316|06-Mar-1981|3239|VA006306
BARBARA|MARTIN|barbara.martin75@yahoo.com|942-688-4237|9190 Washington St|Clinton|OK|22551-7462|04-03-1958|4831|VA006307
DANIEL|KING||+15076647661|1107 Jefferson Dr|Richmond|TN|50863|01/05/1967|3386|VA006308
LISA|MILLER||252.589.7673|8602 Park Blvd|Burlington|sd|40333|1959-11-24|6507|VA006309
BARBARA|THOMPSON|barbara.thompson99@hotmail.com|(896) 541-3924|5723 Lincoln Ave|Salem|CT|73913-8190|07-Oct-1963|4701|VA006310
MARK|WILSON|mark.wilson48@yahoo.com|7016318243|550 Washington St|Madison|CO|51951|04-10-1950|1164|VA006311
MATTHEW|TAYLOR|matthew.taylor39@gmail.com|554-472-2841|6768 Hill Rd|Fairview|WY|36123|10/13/1950|5345|VA006312
JAMES|BROWN|james.brown11@outlook.com|+15535449619|6534 Lake Rd|Franklin|co|55385-5779|1942-08-12|4896|VA006313
LINDA|KING|linda.king29@gmail.com|282.360.8358|9944 Forest Ave|Dayton|KY|43426|18-Jun-1970|3832|VA006314
BARBARA|TORRES|barbara.torres58@hotmail.com|(841) 385-2926|2156 Cedar Ln|Springfield|SC|43175|02-04-1941|8514|VA006315
LINDA|MARTIN|linda.martin26@gmail.com|8895797041|1973 Maple Dr|Salem|MD|16761-3327|11/27/1941|4301|VA006316
SARAH|TAYLOR|sarah.taylor76@outlook.com|623-450-4412|3753 Cedar Ln|Clinton|la|83072|1970-01-09|9611|VA006317
CHARLES|HARRIS|charles.harris15@hotmail.com|+13297059037|6968 River Dr|Richmond|VA|36167|30-Nov-1943|5521|VA006318
JOSEPH|SMITH|joseph.smith85@outlook.com|838.766.8179|6278 Park Blvd|Arlington|SD|74456-8898|02-06-1953|1715|VA006319
CHARLES|HALL|charles.hall65@yahoo.com|(485) 725-2493|9014 Maple Dr|Arlington|MD|52353|07/07/1972|4721|VA006320
MARK|WALKER|mark.walker65@aol.com|2327593442|5392 Washington St|Franklin|me|90738|1949-11-05|1694|VA006321
DANIEL|YOUNG|daniel.young79@yahoo.com|264-436-3756|7567 Cedar Ln|Marion|DE|53276-1157|15-Aug-1955|3501|VA006322
DANIEL|THOMAS|daniel.thomas76@gmail.com|+13646741829|2212 Park Blvd|Dayton|MN|61603|08-13-1952|3549|VA006323
SUSAN|JACKSON|susan.jackson96@aol.com|811.584.9848|8624 River Dr|Fairview|LA|65298|12/29/1947|5167|VA006324
JESSICA|HALL|jessica.hall23@yahoo.com|(518) 706-3159|2370 Lake Rd|Franklin|sd|82123-5353|2002-06-20|3398|VA006325
JOHN|TAYLOR|john.taylor23@gmail.com|2682751399|6306 Forest Ave|Salem|IA|64758|06-Nov-1988|6231|VA006326
MARY|THOMPSON|mary.thompson83@aol.com|889-599-5594|6444 Lincoln Ave|Oxford|SD|31679|10-17-1963|4642|VA006327
DAVID|WILSON|david.wilson14@hotmail.com|+18499036870|12 Washington St|Richmond|MT|74239-5938|01/12/1992|1013|VA006328
DANIEL|WILSON|daniel.wilson74@hotmail.com|461.705.4496|3831 Hill Rd|Salem|wy|81971|1945-02-09|6334|VA006329
JESSICA|JOHNSON|jessica.johnson19@icloud.com|(303) 502-7128|871 Lake Rd|Salem|MO|95646|18-Nov-1978|2279|VA006330
DANIEL|NGUYEN|daniel.nguyen97@hotmail.com|3803199259|6053 Cedar Ln|Marion|MD|94208-5779|04-16-1971|6017|VA006331
ANTHONY|BROWN|anthony.brown27@hotmail.com|868-457-3022|4974 Cedar Ln|Oxford|SC|68180|05/16/1951|4523|VA006332
MARK|ADAMS|mark.adams53@icloud.com|+15567024686|1698 Valley Ln|Arlington|wi|29234|1974-02-14|3481|VA006333
BETTY|HILL|betty.hill6@aol.com|918.277.9184|1675 Park Blvd|Springfield|WY|82326-2684|07-Mar-1961|5475|VA006334
DAVID|JACKSON||(890) 246-1433|4767 Maple Dr|Arlington|NV|27991|06-14-1966|7820|VA006335
BETTY|MILLER|betty.miller57@yahoo.com|7194246556|9865 Jefferson Dr|Richmond|VA|96108|01/10/1982|3148|VA006336
SUSAN|WHITE|susan.white40@aol.com|266-579-8255|9669 Sunset Blvd|Manchester|mn|58754-2835|1965-07-28|7965|VA006337
KAREN|JOHNSON|karen.johnson88@icloud.com|+17602527057|6754 Oak Ave|Manchester|Michigan|21137|05-Feb-1992|3676|VA006338
DANIEL|SCOTT|daniel.scott58@gmail.com|940.881.3119|912 Sunset Blvd|Salem|MA|37211|06-25-1946|4524|VA006339
JESSICA|WALKER|jessica.walker35@aol.com|(669) 887-8729|21 Maple Dr|Fairview|ND|74647-7380|07/15/1997|2375|VA006340
BETTY|WILSON|betty.wilson60@hotmail.com|3427115868|2416 Oak Ave|Dayton|me|63336|1954-02-22|7414|VA006341
BETTY|YOUNG|betty.young52@outlook.com|627-908-3266|5868 Valley Ln|Greenville|IN|79338|08-Sep-1978|9256|VA006342
JOSEPH|TORRES|joseph.torres75@icloud.com|+16888801819|4377 Main St|Oxford|MN|40059-7673|01-01-2004|2931|VA006343
ROBERT|THOMPSON|robert.thompson37@outlook.com|438.289.2051|255 Valley Ln|Marion|FL|17681|06/02/1966|9530|VA006344
BARBARA|WHITE|barbara.white24@hotmail.com|(392) 983-5540|1811 Cedar Ln|Madison|sc|83834|1994-05-10|3381|VA006345
MARK|THOMAS|mark.thomas92@gmail.com|6462698910|6865 Hill Rd|Arlington|North Carolina|12867-6182|23-Dec-1954|5491|VA006346
WILLIAM|MILLER||346-656-2048|6542 Valley Ln|Manchester|KS|78925|07-04-1969|9043|VA006347
LISA|WRIGHT|lisa.wright97@aol.com|+19673493161|7144 Jefferson Dr|Arlington|ND|44055|03/30/1972|8794|VA006348
SUSAN|MARTIN|susan.martin31@hotmail.com|496.940.4348|6341 Cedar Ln|Georgetown|ky|84195-1720|1969-03-11|8659|VA006349
ROBERT|NGUYEN|robert.nguyen60@icloud.com|(705) 675-7237|689 Cedar Ln|Greenville|WA|26202|17-Jun-1976|9314|VA006350
SUSAN|SMITH|susan.smith87@icloud.com|4872657424|7684 Cedar Ln|Richmond|TN|18281|10-15-1957|3879|VA006351
SARAH|YOUNG||688-969-4996|7839 River Dr|Dayton|SD|98286-4927|10/28/1982|7849|VA006352
CHRISTOPHER|TORRES|christopher.torres96@outlook.com|+17617914866|6560 River Dr|Greenville|pa|68400|1963-07-21|9624|VA006353
THOMAS|ANDERSON|thomas.anderson13@outlook.com|920.359.2799|5983 Valley Ln|Manchester|WY|40978|16-Aug-1999|7950|VA006354
CHRISTOPHER|WHITE|christopher.white43@gmail.com|(817) 622-5554|6409 Cedar Ln|Marion|Ill.|19644-4537|05-01-1996|4953|VA006355
LINDA|ADAMS|linda.adams37@hotmail.com|4114249163|6189 Oak Ave|Oxford|NY|53038|08/17/1968|5929|VA006356
SUSAN|THOMPSON|susan.thompson59@yahoo.com|693-551-5194|7440 River Dr|Manchester|tn|13210|2000-12-05|4623|VA006357
BETTY|SCOTT|betty.scott95@gmail.com|+19134201949|5107 Maple Dr|Clinton|AL|72141-6235|15-Jun-1957|6981|VA006358
LINDA|NGUYEN||346.842.1221|154 Lincoln Ave|Franklin|Ohi.|54353|06-20-2003|2392|VA006359
PATRICIA|HILL|patricia.hill23@icloud.com|(959) 833-2755|3251 Oak Ave|Manchester|IA|42712|02/09/1990|7214|VA006360
THOMAS|JONES|thomas.jones96@hotmail.com|6048832338|9303 Lake Rd|Dayton|co|94217-3246|1948-09-23|5785|VA006361
MARY|WALKER|mary.walker19@gmail.com|659-329-3446|1204 Park Blvd|Manchester|Michigan|51936|20-Dec-1991|4919|VA006362
CHARLES|ANDERSON|charles.anderson95@icloud.com|+18628383130|9469 Oak Ave|Manchester|UT|72125|05-26-1993|2765|VA006363
JOSEPH|JONES|joseph.jones39@hotmail.com|330.390.8928|5889 Valley Ln|Madison|FL|61079-6373|10/30/1983|4810|VA006364
SARAH|NELSON|sarah.nelson81@aol.com|(615) 662-4519|7426 Valley Ln|Madison|oh|67653|1950-07-27|5576|VA006365
LISA|WALKER|lisa.walker25@outlook.com|7793119506|4925 Lake Rd|Madison|LA|24107|25-Nov-2000|9934|VA006366
MICHAEL|ANDERSON|michael.anderson87@icloud.com|341-659-1358|743 Lincoln Ave|Burlington|MA|63549-3766|05-12-1943|9336|VA006367
JOSEPH|ANDERSON|joseph.anderson43@icloud.com|+16006658530|4822 Forest Ave|Fairview|MS|24664|11/14/1943|7858|VA006368
BETTY|GARCIA||361.854.6221|5753 Maple Dr|Marion|wi|12681|1949-05-09|9996|VA006369
CHARLES|BAKER|charles.baker60@gmail.com|(229) 496-5039|4144 Washington St|Richmond|California|14407-7669|17-Aug-2003|7525|VA006370
THOMAS|HILL|thomas.hill44@gmail.com|3087562493|1319 River Dr|Dayton|WY|74248|01-02-1988|9026|VA006371
LISA|WRIGHT|lisa.wright7@yahoo.com|437-707-3186|5364 Cedar Ln|Madison|IN|31056|11/09/1952|1398|VA006372
DANIEL|DAVIS|daniel.davis15@hotmail.com|+14155688599|7646 Oak Ave|Springfield|tx|16257-1969|1949-11-06|3016|VA006373
KAREN|SMITH|karen.smith97@yahoo.com|258.828.4231|5425 Maple Dr|Arlington|MS|19415|10-Nov-1953|1015|VA006374
DAVID|THOMPSON||(468) 815-2813|1770 Forest Ave|Burlington|Cal.|51653|02-07-1992|4720|VA006375
ASHLEY|THOMPSON|ashley.thompson3@hotmail.com|4319832093|8707 Sunset Blvd|Marion|NE|53515-3578|12/31/1988|6337|VA006376
MARY|JACKSON|mary.jackson25@aol.com|559-342-8349|7500 Sunset Blvd|Greenville|oh|34114|1986-04-02|9000|VA006377
RICHARD|GARCIA|richard.garcia61@yahoo.com|+13012763398|8195 Valley Ln|Richmond|TN|51812|18-Sep-1955|8782|VA006378
SUSAN|ALLEN|susan.allen73@hotmail.com|987.399.5378|2735 Sunset Blvd|Salem|MT|84983-7110|08-05-1963|9494|VA006379
PATRICIA|TAYLOR|patricia.taylor74@aol.com|(523) 219-3645|3416 Park Blvd|Arlington|OK|89409|08/16/1968|2737|VA006380
MARK|BAKER||5384042497|4016 Forest Ave|Manchester|co|50092|1965-11-13|4064|VA006381
ANTHONY|MILLER|anthony.miller20@aol.com|309-543-8340|1804 Hill Rd|Clinton|DE|17337-3540|03-Jun-1992|7616|VA006382
ASHLEY|TAYLOR|ashley.taylor23@outlook.com|+12412437762|2084 Hill Rd|Manchester|TN|85389|02-10-1999|4000|VA006383
JAMES|KING|james.king8@outlook.com|308.536.7871|1792 Jefferson Dr|Fairview|LA|37212|05/24/1952|6521|VA006384
CHARLES|ALLEN|charles.allen27@icloud.com|(235) 271-5850|4254 River Dr|Burlington|in|41996-2239|1988-10-23|5286|VA006385
RICHARD|TORRES|richard.torres71@yahoo.com|3433742150|6978 Lake Rd|Richmond|MA|93563|04-Jul-1985|8424|VA006386
LISA|YOUNG|lisa.young31@icloud.com|462-221-8710|5405 River Dr|Manchester|MO|24982|12-14-1960|2626|VA006387
SARAH|JOHNSON|sarah.johnson64@yahoo.com|+12227914893|2728 Maple Dr|Greenville|ND|29066-7839|11/04/1950|1104|VA006388
ROBERT|WRIGHT|robert.wright57@hotmail.com|332.572.4256|2753 Park Blvd|Greenville|sd|32962|1961-11-23|3107|VA006389
MARK|YOUNG||(783) 675-4630|1666 Oak Ave|Georgetown|North Carolina|94350|27-Nov-1997|2653|VA006390
JOSEPH|MILLER|joseph.miller73@hotmail.com|3967492866|151 Oak Ave|Fairview|NV|21396-5238|08-24-1947|6753|VA006391
JESSICA|SMITH|jessica.smith50@yahoo.com|970-428-6713|213 Valley Ln|Marion|TN|88670|06/11/1995|4055|VA006392
KAREN|WILSON|karen.wilson62@aol.com|+16372761214|6939 Park Blvd|Oxford|vt|60479|1983-04-24|1322|VA006393
PATRICIA|TAYLOR|patricia.taylor97@hotmail.com|884.726.6261|1977 Lake Rd|Salem|VA|24472-4559|26-Jul-1976|7547|VA006394
JAMES|JACKSON|james.jackson39@hotmail.com|(920) 747-2412|3904 Maple Dr|Madison|WY|21428|09-30-1998|6011|VA006395
PATRICIA|MILLER|patricia.miller9@yahoo.com|5782229340|6694 Park Blvd|Fairview|OH|33616|01/22/1941|7045|VA006396
RICHARD|TORRES|richard.torres18@icloud.com|635-203-6449|8267 Jefferson Dr|Richmond|co|45088-1433|1967-08-24|7656|VA006397
LISA|BROWN|lisa.brown49@gmail.com|+14446599947|2759 Hill Rd|Arlington|AK|39935|07-Mar-1968|7781|VA006398
BETTY|THOMAS|betty.thomas10@icloud.com|613.853.3936|9707 Lincoln Ave|Marion|Tex.|74922|05-21-1943|3802|VA006399
ROBERT|SMITH|robert.smith31@aol.com|(531) 216-3854|4348 Main St|Greenville|WV|65176-3722|03/13/1987|2862|VA006400
WILLIAM|NGUYEN|william.nguyen77@outlook.com|9675513220|6740 Jefferson Dr|Franklin|fl|26180|1974-10-23|7765|VA006401
MARK|ALLEN||770-260-7113|1565 Maple Dr|Springfield|ND|11648|01-Jun-1940|6355|VA006402
JOSEPH|HARRIS||+15774932257|1480 Valley Ln|Oxford|Nor.|60394-5763|07-06-1981|1672|VA006403
DANIEL|DAVIS|daniel.davis62@icloud.com|479.932.3646|9854 Washington St|Clinton|IA|64347|11/05/1962|2182|VA006404
WILLIAM|GARCIA|william.garcia6@hotmail.com|(460) 264-8750|2922 Lincoln Ave|Springfield|vt|87809|1967-04-18|9979|VA006405
RICHARD|MARTIN|richard.martin75@yahoo.com|5715124550|5225 Washington St|Georgetown|CO|86756-2398|24-Feb-1975|3765|VA006406
CHRISTOPHER|HILL||879-407-1131|4483 Cedar Ln|Dayton|CT|19149|01-13-1957|9262|VA006407
SARAH|WRIGHT|sarah.wright63@aol.com|+19384858600|7996 Valley Ln|Burlington|AZ|23222|05/07/1976|2366|VA006408
MARGARET|TAYLOR|margaret.taylor83@aol.com|985.663.8590|6787 Maple Dr|Oxford|nm|45775-9756|1974-12-03|8224|VA006409
JESSICA|SMITH|jessica.smith37@gmail.com|(796) 959-4942|3589 Lincoln Ave|Salem|WV|53817|05-Jan-1970|3631|VA006410
SUSAN|KING|susan.king76@hotmail.com|6325358204|2457 Hill Rd|Georgetown|KS|57807|06-24-1961|5054|VA006411
DANIEL|JACKSON|daniel.jackson80@yahoo.com|625-326-8778|7968 Main St|Oxford|AZ|45952-2471|08/18/2002|9132|VA006412
JESSICA|TORRES|jessica.torres77@hotmail.com|+12619886687|8952 Oak Ave|Georgetown|ct|89278|1959-12-25|5177|VA006413
DANIEL|JONES|daniel.jones73@gmail.com|910.394.7512|8111 Sunset Blvd|Marion|North Carolina|19828|06-Nov-1954|8172|VA006414
JAMES|HALL|james.hall49@icloud.com|(552) 235-6611|6544 Forest Ave|Marion|Flo.|43612-6558|12-30-1973|5105|VA006415
DANIEL|ALLEN|daniel.allen62@gmail.com|4859258135|8400 Lincoln Ave|Burlington|MS|68882|01/30/1964|5927|VA006416
ASHLEY|NGUYEN|ashley.nguyen44@icloud.com|903-940-3653|6978 Oak Ave|Salem|ms|20962|1972-11-17|5185|VA006417
LISA|YOUNG|lisa.young3@hotmail.com|+16119992557|6522 Main St|Salem|MA|67740-8944|17-Mar-1971|9522|VA006418
ROBERT|ANDERSON|robert.anderson54@gmail.com|918.293.6921|9972 Washington St|Georgetown|UT|99748|06-04-1996|4767|VA006419
JOSEPH|TORRES|joseph.torres8@outlook.com|(354) 305-1803|2653 River Dr|Oxford|WY|79380|06/01/1994|5117|VA006420
BETTY|YOUNG|betty.young48@gmail.com|3976798813|2338 Forest Ave|Clinton|tx|88800-4334|1940-05-22|6820|VA006421
THOMAS|JOHNSON||785-392-9373|4989 Cedar Ln|Arlington|Pennsylvania|27800|23-Dec-1940|2696|VA006422
CHARLES|ADAMS|charles.adams49@outlook.com|+19333731166|3390 Lake Rd|Dayton|KS|98991|11-22-1960|4624|VA006423
THOMAS|GARCIA|thomas.garcia63@icloud.com|916.576.4767|7207 Lake Rd|Burlington|IN|68157-5870|07/02/1962|5538|VA006424
JOHN|TAYLOR|john.taylor19@outlook.com|(607) 758-9756|5596 Cedar Ln|Greenville|ri|16919|1961-05-17|9886|VA006425
ASHLEY|MILLER|ashley.miller3@yahoo.com|5562543518|5004 Jefferson Dr|Georgetown|AL|61631|15-Nov-1957|3074|VA006426
CHARLES|MARTIN||646-348-4541|9985 Forest Ave|Greenville|MO|58953-2324|03-27-1952|8499|VA006427
MICHAEL|YOUNG|michael.young91@yahoo.com|+13066101665|5514 Oak Ave|Burlington|NH|84394|02/02/1988|2176|VA006428
ANTHONY|WRIGHT|anthony.wright84@gmail.com|546.415.5998|7475 Cedar Ln|Georgetown|ms|96626|1955-05-17|9633|VA006429
SANDRA|NGUYEN|sandra.nguyen55@yahoo.com|(518) 964-7506|8939 Hill Rd|Burlington|OR|94285-5472|20-Sep-1978|8856|VA006430
SUSAN|WALKER|susan.walker82@aol.com|9036675344|6712 Park Blvd|Dayton|NV|75566|02-20-1979|6582|VA006431
MARGARET|THOMAS|margaret.thomas51@icloud.com|329-389-4186|5480 Jefferson Dr|Springfield|NH|72437|02/06/1975|2531|VA006432
ROBERT|JOHNSON|robert.johnson23@aol.com|+13115382241|114 Cedar Ln|Richmond|co|82119-1812|1974-08-08|4606|VA006433
ROBERT|NELSON|robert.nelson24@outlook.com|403.253.1609|6801 Cedar Ln|Clinton|ME|70713|04-Jun-1943|5552|VA006434
MARK|WHITE|mark.white52@yahoo.com|(266) 958-9008|3468 River Dr|Arlington|NM|21246|01-15-1961|9643|VA006435
DAVID|WRIGHT|david.wright95@yahoo.com|6714312780|5964 Lincoln Ave|Marion|OK|63960-7286|12/29/2002|2421|VA006436
ROBERT|TAYLOR|robert.taylor61@outlook.com|617-898-6178|9665 Main St|Georgetown|il|45063|1993-05-31|8875|VA006437
LINDA|NGUYEN||+18719895840|5612 Sunset Blvd|Fairview|KY|69451|22-Jun-1963|2078|VA006438
RICHARD|SMITH|richard.smith27@hotmail.com|970.920.2025|9460 Oak Ave|Manchester|Ohi.|34505-4202|10-25-1972|6340|VA006439
MARY|THOMPSON|mary.thompson6@hotmail.com|(361) 603-1035|4527 Washington St|Marion|IL|78428|05/11/1940|8052|VA006440
ROBERT|TAYLOR|robert.taylor62@outlook.com|5049863145|2662 River Dr|Arlington|in|42151|1990-08-19|4813|VA006441
THOMAS|HARRIS|thomas.harris88@aol.com|238-469-2085|8508 River Dr|Georgetown|NV|70072-9901|13-Jan-1958|9978|VA006442
MATTHEW|THOMPSON|matthew.thompson1@hotmail.com|+16882309597|1968 Main St|Oxford|Cal.|37200|03-09-1967|4262|VA006443
DAVID|THOMAS|david.thomas73@aol.com|247.983.1848|1308 Forest Ave|Burlington|MT|86262|01/08/1975|7448|VA006444
MARK|NELSON|mark.nelson58@aol.com|(254) 345-4803|4958 Lincoln Ave|Manchester|sd|44997-3760|1972-01-16|7985|VA006445
CHRISTOPHER|KING|christopher.king96@yahoo.com|8762342471|4627 Hill Rd|Greenville|SC|32009|03-Nov-1957|8916|VA006446
JOHN|HILL|john.hill8@aol.com|703-700-9454|4093 Maple Dr|Burlington|AK|84807|01-14-1974|4540|VA006447
KAREN|JOHNSON|karen.johnson12@aol.com|+12957769039|1920 Maple Dr|Arlington|TX|54134-3579|11/30/1973|7110|VA006448
SUSAN|JOHNSON|susan.johnson22@outlook.com|456.814.7511|2490 Lincoln Ave|Fairview|ok|40192|1985-05-18|5615|VA006449
SANDRA|ADAMS|sandra.adams31@hotmail.com|(768) 317-4425|4929 Washington St|Springfield|ME|76920|16-May-1969|5347|VA006450
MICHAEL|SCOTT|michael.scott99@aol.com|8654763724|5700 Valley Ln|Oxford|AR|79849-8362|10-15-2001|2264|VA006451
ANTHONY|BROWN|anthony.brown87@aol.com|624-786-2360|4927 Washington St|Salem|OK|73076|01/04/1965|8685|VA006452
BETTY|MILLER|betty.miller63@aol.com|+17377122608|8814 Valley Ln|Fairview|az|46837|1975-01-20|2877|VA006453
CHRISTOPHER|TORRES|christopher.torres35@hotmail.com|513.382.8041|9508 Cedar Ln|Arlington|Florida|51261-9429|26-Feb-1997|4767|VA006454
DANIEL|BAKER|daniel.baker85@yahoo.com|(221) 759-7408|814 Oak Ave|Madison|Tex.|59412|07-26-1941|6236|VA006455
SUSAN|NGUYEN|susan.nguyen5@yahoo.com|8017939208|503 Park Blvd|Greenville|RI|49581|07/06/1972|7171|VA006456
RICHARD|NGUYEN|richard.nguyen41@aol.com|972-765-6577|7017 Valley Ln|Fairview|la|44227-8019|1943-05-07|8187|VA006457
LISA|SCOTT||+15548246651|9365 Park Blvd|Burlington|TN|98098|01-Oct-1952|4531|VA006458
BETTY|YOUNG|betty.young72@gmail.com|904.259.2789|5564 River Dr|Fairview|DE|45043|01-03-1959|8565|VA006459
JAMES|ALLEN|james.allen13@outlook.com|(814) 813-5060|2337 Hill Rd|Greenville|IA|38781-3562|04/02/1982|2431|VA006460
CHARLES|DAVIS|charles.davis76@yahoo.com|7872057844|725 Main St|Salem|wa|76088|1943-01-06|7974|VA006461
LISA|SMITH|lisa.smith68@aol.com|539-324-9155|4900 Jefferson Dr|Dayton|MO|35197|28-Sep-1969|1606|VA006462
KAREN|MILLER|karen.miller84@aol.com|+14007749589|4035 Cedar Ln|Franklin|LA|66369-6094|01-05-1969|2467|VA006463
SANDRA|WILLIAMS|sandra.williams26@gmail.com|690.217.8639|9846 Lincoln Ave|Franklin|SC|15563|02/24/1966|9632|VA006464
MARY|NGUYEN||(729) 563-9858|4910 Park Blvd|Arlington|sc|14144|1994-08-04|4831|VA006465
PATRICIA|ALLEN||2893275164|2638 Forest Ave|Madison|NM|90518-1606|14-Jan-1995|8163|VA006466
BARBARA|TAYLOR||575-422-1100|1973 River Dr|Georgetown|NE|73459|04-21-1996|5025|VA006467
KAREN|JACKSON|karen.jackson73@gmail.com|+18565428011|2115 Valley Ln|Springfield|VT|39609|12/03/1976|8506|VA006468
CHRISTOPHER|TORRES|christopher.torres74@hotmail.com|921.201.2162|2680 Washington St|Arlington|nc|56577-2786|1990-07-31|7263|VA006469
MICHAEL|BAKER|michael.baker40@yahoo.com|(567) 748-6976|9486 Oak Ave|Richmond|RI|70718|26-Oct-1981|7705|VA006470
WILLIAM|HALL|william.hall99@yahoo.com|8174431060|3036 Washington St|Georgetown|KS|30142|11-19-1945|7954|VA006471
ROBERT|HARRIS|robert.harris18@outlook.com|701-914-2722|5271 River Dr|Dayton|NC|54315-4255|06/17/1957|1073|VA006472
ANTHONY|ADAMS|anthony.adams25@yahoo.com|+15765988780|2399 Maple Dr|Madison|in|79917|1958-07-14|9350|VA006473
DANIEL|ADAMS|daniel.adams75@yahoo.com|426.359.8245|2708 Park Blvd|Dayton|MD|99905|22-Oct-1996|6881|VA006474
CHRISTOPHER|BAKER|christopher.baker87@outlook.com|(507) 958-8205|8501 Cedar Ln|Manchester|AZ|21881-7759|01-23-1996|6062|VA006475
CHARLES|TORRES|charles.torres32@yahoo.com|4428531912|8796 Cedar Ln|Arlington|LA|99213|10/03/1960|8698|VA006476
JAMES|JONES|james.jones88@yahoo.com|870-804-7957|5032 Main St|Fairview|wv|97427|1956-11-06|6720|VA006477
ANTHONY|DAVIS|anthony.davis86@outlook.com|+17027286195|5615 Jefferson Dr|Madison|WI|54407-6982|16-Aug-1996|8476|VA006478
LINDA|DAVIS||279.548.7612|4834 Washington St|Marion|IA|52434|03-16-1977|3911|VA006479
PATRICIA|JONES|patricia.jones11@gmail.com|(340) 421-8570|9810 Maple Dr|Marion|CO|44776|10/18/2001|9561|VA006480
MATTHEW|DAVIS|matthew.davis8@gmail.com|8238879881|1448 Jefferson Dr|Madison|co|64111-1908|1990-08-25|9325|VA006481
BETTY|MARTIN|betty.martin69@hotmail.com|775-912-5450|2250 Oak Ave|Oxford|WV|86917|19-Jun-1961|4972|VA006482
DAVID|WRIGHT|david.wright19@yahoo.com|+13146184720|3680 Forest Ave|Georgetown|Tex.|93701|11-12-1956|7655|VA006483
JOHN|WILSON|john.wilson39@yahoo.com|647.226.4380|1007 Cedar Ln|Springfield|NY|42795-5702|04/20/1968|8321|VA006484
WILLIAM|GARCIA|william.garcia65@icloud.com|(232) 717-7508|8295 Cedar Ln|Oxford|ut|45985|1964-01-25|4215|VA006485
KAREN|WALKER||9616822024|602 River Dr|Fairview|New York|78825|15-Oct-1946|3001|VA006486
MICHAEL|ANDERSON|michael.anderson65@yahoo.com|245-519-1102|7930 Forest Ave|Burlington|WV|58009-8981|01-29-1951|4618|VA006487
CHRISTOPHER|DAVIS|christopher.davis30@yahoo.com|+12876729716|4615 Washington St|Dayton|CO|80993|03/20/1956|7485|VA006488
RICHARD|HARRIS|richard.harris96@hotmail.com|905.302.9739|4298 Lake Rd|Richmond|tn|73867|1989-12-27|3099|VA006489
MARK|TORRES|mark.torres51@outlook.com|(557) 920-3105|4873 Jefferson Dr|Marion|Illinois|15881-6280|24-Dec-1970|2883|VA006490
DAVID|THOMPSON||6136499559|9755 Park Blvd|Georgetown|CT|24092|01-18-1994|4644|VA006491
SANDRA|HARRIS|sandra.harris13@hotmail.com|652-896-1598|140 River Dr|Richmond|WV|93748|08/17/1949|1382|VA006492
DAVID|TORRES|david.torres76@outlook.com|+15585016180|4291 Main St|Oxford|ut|78963-2490|1950-04-30|6462|VA006493
MARGARET|TORRES||529.505.5544|5059 Valley Ln|Salem|MS|58508|11-Jul-1970|4399|VA006494
LINDA|WRIGHT|linda.wright87@icloud.com|(542) 220-9155|5332 Lake Rd|Burlington|NJ|91939|07-30-1976|2368|VA006495
JENNIFER|BROWN|jennifer.brown70@hotmail.com|5582424344|5940 Lake Rd|Dayton|PA|88491-1031|08/22/1975|8559|VA006496
MARGARET|NGUYEN|margaret.nguyen23@hotmail.com|540-241-3281|763 Cedar Ln|Springfield|co|91794|1971-06-09|3778|VA006497
LINDA|ADAMS|linda.adams71@hotmail.com|+13905088058|7211 Washington St|Springfield|OK|46076|06-Mar-2003|6133|VA006498
CHARLES|MILLER|charles.miller58@outlook.com|381.533.1654|7766 Main St|Clinton|Cal.|39477-3343|04-17-1999|8388|VA006499
MATTHEW|SMITH|matthew.smith13@outlook.com|(508) 229-8840|3944 Hill Rd|Franklin|TX|69929|02/04/1948|5750|VA006500
JAMES|BAKER||2703286493|146 River Dr|Clinton|va|10662|1983-08-13|3136|VA006501
SANDRA|ADAMS|sandra.adams10@icloud.com|313-304-4326|6686 Forest Ave|Dayton|Texas|65752-3690|05-Jan-1947|5186|VA006502
LISA|WRIGHT|lisa.wright10@icloud.com|+18627876957|1046 Washington St|Fairview|LA|78309|05-10-2002|3267|VA006503
THOMAS|BAKER|thomas.baker66@icloud.com|992.911.1719|6341 Valley Ln|Springfield|MD|41497|12/28/1991|9989|VA006504
DANIEL|BROWN|daniel.brown19@hotmail.com|(217) 705-9773|5252 Cedar Ln|Salem|in|92986-7806|1961-05-18|6341|VA006505
SANDRA|WILSON|sandra.wilson9@aol.com|7606886595|8909 Sunset Blvd|Fairview|Georgia|23518|02-Apr-1955|7003|VA006506
LISA|THOMAS|lisa.thomas22@icloud.com|446-353-5881|7703 Oak Ave|Franklin|LA|67228|04-12-1951|8323|VA006507
MARK|HALL||+15499568749|9404 Maple Dr|Georgetown|VA|93770-2101|02/25/1948|9159|VA006508
RICHARD|TORRES|richard.torres86@yahoo.com|419.848.3200|6252 Forest Ave|Dayton|ak|80347|1994-01-13|6799|VA006509
MATTHEW|MARTIN|matthew.martin66@gmail.com|(882) 998-9978|9280 Hill Rd|Franklin|Georgia|59535|14-Aug-1969|8206|VA006510
ASHLEY|BROWN|ashley.brown84@yahoo.com|9435551329|1387 Valley Ln|Oxford|NV|29056-5437|12-11-1976|6617|VA006511
SANDRA|THOMAS|sandra.thomas34@hotmail.com|453-798-8240|7168 Hill Rd|Richmond|MT|50143|09/23/1986|3533|VA006512
JOSEPH|DAVIS|joseph.davis92@aol.com|+13373882402|5543 Jefferson Dr|Fairview|oh|40838|1944-04-15|9443|VA006513
RICHARD|JOHNSON|richard.johnson93@aol.com|222.656.4607|8550 Park Blvd|Greenville|ME|37161-9658|26-Dec-1952|3001|VA006514
MATTHEW|THOMPSON|matthew.thompson48@yahoo.com|(857) 735-4595|5148 River Dr|Oxford|WY|24957|03-29-1994|7698|VA006515
JENNIFER|SMITH|jennifer.smith49@icloud.com|4356407587|9289 Maple Dr|Marion|MD|55525|03/11/1989|3311|VA006516
LINDA|JACKSON||248-277-5483|8770 Jefferson Dr|Arlington|oh|64624-8925|1941-06-19|9220|VA006517
ROBERT|WILLIAMS|robert.williams92@aol.com|+16316299799|2393 Valley Ln|Greenville|WI|73376|02-Jan-1959|1838|VA006518
ASHLEY|WALKER|ashley.walker15@icloud.com|424.224.4021|9165 Forest Ave|Burlington|Nor.|39639|08-19-1957|3636|VA006519
SANDRA|GARCIA|sandra.garcia6@icloud.com|(680) 864-1468|958 Maple Dr|Richmond|ND|55530-2787|03/23/1970|9231|VA006520
BETTY|JACKSON|betty.jackson32@hotmail.com|9405826535|7907 Sunset Blvd|Clinton|md|15259|1961-01-07|9306|VA006521
NANCY|ADAMS|nancy.adams38@outlook.com|835-576-2075|3086 Forest Ave|Franklin|CO|61207|16-Jan-1956|5724|VA006522
DANIEL|WHITE|daniel.white22@icloud.com|+16352773412|1818 Maple Dr|Springfield|IN|79305-5925|07-16-1962|4748|VA006523
DANIEL|ANDERSON|daniel.anderson11@hotmail.com|433.948.6029|712 Main St|Oxford|MO|90616|07/26/1954|6476|VA006524
BARBARA|WILSON|barbara.wilson9@aol.com|(871) 897-4100|5713 Park Blvd|Arlington|wy|69160|2002-04-04|4028|VA006525
MATTHEW|JOHNSON|matthew.johnson92@outlook.com|3939916471|8320 Lincoln Ave|Arlington|NM|89948-8865|11-Jan-1953|3329|VA006526
ANTHONY|SMITH|anthony.smith94@aol.com|723-440-4986|8526 Oak Ave|Arlington|AL|24172|12-22-1956|7616|VA006527
CHARLES|THOMPSON|charles.thompson26@outlook.com|+13506863632|4791 Cedar Ln|Franklin|WY|55551|07/24/1961|9220|VA006528
SARAH|BROWN|sarah.brown3@hotmail.com|364.203.7469|4388 Washington St|Springfield|wa|83847-6992|1945-09-20|2299|VA006529
MARGARET|JONES|margaret.jones88@icloud.com|(272) 924-7187|4214 Oak Ave|Salem|AK|10171|24-Aug-1970|4209|VA006530
DAVID|JONES||3758789573|8853 River Dr|Clinton|Pen.|15439|05-10-1968|5464|VA006531
ASHLEY|WHITE|ashley.white56@gmail.com|448-405-2628|4266 Main St|Oxford|VA|92160-8468|09/04/2001|5441|VA006532
MATTHEW|BAKER|matthew.baker33@hotmail.com|+18963949331|877 Forest Ave|Salem|me|44203|1956-03-22|2368|VA006533
THOMAS|TORRES||612.966.2227|7305 Cedar Ln|Fairview|OR|22262|30-Jun-1950|9439|VA006534
LISA|THOMPSON|lisa.thompson46@hotmail.com|(519) 964-7557|8169 Jefferson Dr|Burlington|AR|11374-7097|09-04-1965|8776|VA006535
ROBERT|ADAMS|robert.adams73@yahoo.com|7795662648|5487 Sunset Blvd|Oxford|GA|71253|04/11/1997|5540|VA006536
CHARLES|HARRIS|charles.harris27@icloud.com|621-723-8417|815 River Dr|Greenville|al|66664|1940-02-22|3665|VA006537
DANIEL|NELSON|daniel.nelson63@outlook.com|+15217536341|2996 Oak Ave|Marion|AZ|78192-1481|24-Feb-1960|3658|VA006538
SARAH|NGUYEN||524.832.5169|3302 Forest Ave|Springfield|KS|66875|09-26-1948|6679|VA006539
MARGARET|YOUNG|margaret.young57@aol.com|(518) 504-2262|5750 Jefferson Dr|Burlington|AR|57984|01/10/1976|3263|VA006540
KAREN|TAYLOR|karen.taylor57@aol.com|8805612437|9750 River Dr|Franklin|ky|85189-2596|1995-03-14|1292|VA006541
JENNIFER|GARCIA||204-674-7349|3749 Lincoln Ave|Marion|Georgia|53887|15-Dec-1964|5278|VA006542
JENNIFER|YOUNG|jennifer.young83@icloud.com|+15267769935|3648 Park Blvd|Richmond|AZ|26935|07-25-1961|4403|VA006543
DANIEL|JOHNSON|daniel.johnson24@gmail.com|678.878.9395|779 Lincoln Ave|Greenville|OH|30590-8307|06/24/2002|8525|VA006544
JESSICA|WHITE||(332) 557-5334|7194 Sunset Blvd|Manchester|vt|65435|1976-08-05|3763|VA006545
JOSEPH|BROWN|joseph.brown71@hotmail.com|9953111013|1219 Cedar Ln|Greenville|Texas|76301|26-Jan-1954|4295|VA006546
MICHAEL|HARRIS|michael.harris42@aol.com|668-408-6776|2638 Forest Ave|Oxford|ME|17672-8101|08-21-1994|8974|VA006547
MATTHEW|YOUNG||+15306677948|9086 Forest Ave|Dayton|IL|37143|12/01/1970|3671|VA006548
THOMAS|WILLIAMS|thomas.williams58@hotmail.com|840.529.2244|9224 Maple Dr|Marion|nj|56665|1980-01-29|3438|VA006549
SUSAN|THOMAS|susan.thomas80@yahoo.com|(889) 922-5873|9670 Oak Ave|Dayton|Florida|51049-1218|29-Jul-1950|4908|VA006550
JESSICA|ADAMS|jessica.adams14@gmail.com|5488774550|6822 Main St|Oxford|MO|48271|11-10-1958|5905|VA006551
DAVID|THOMAS|david.thomas91@yahoo.com|671-903-2051|9258 Lake Rd|Greenville|CA|60595|08/16/1986|9877|VA006552
JOSEPH|SMITH|joseph.smith36@aol.com|+12899181559|5610 Jefferson Dr|Franklin|nh|61811-8467|1995-05-02|5935|VA006553
THOMAS|JACKSON|thomas.jackson5@aol.com|505.727.8628|1267 Hill Rd|Marion|Florida|88020|22-Oct-1994|2323|VA006554
DAVID|NELSON|david.nelson65@gmail.com|(649) 372-6861|572 River Dr|Clinton|NM|43142|06-07-1946|8944|VA006555
DAVID|JACKSON|david.jackson32@outlook.com|6366138241|3175 Oak Ave|Arlington|IN|88885-4866|04/12/1976|3924|VA006556
ANTHONY|TORRES|anthony.torres17@gmail.com|750-216-9362|3347 Oak Ave|Clinton|ri|76202|1952-02-03|4267|VA006557
MARGARET|THOMAS|margaret.thomas44@hotmail.com|+19955502920|4113 Cedar Ln|Madison|IN|81023|19-Apr-1953|6657|VA006558
ANTHONY|DAVIS|anthony.davis49@aol.com|329.469.7515|1135 Main St|Georgetown|WA|84903-3164|07-06-1996|4992|VA006559
BETTY|SCOTT|betty.scott14@outlook.com|(337) 552-7398|7311 Oak Ave|Marion|MS|19241|09/04/1950|5397|VA006560
WILLIAM|NGUYEN|william.nguyen16@icloud.com|4933734737|3894 River Dr|Springfield|tn|33172|1946-08-18|3968|VA006561
THOMAS|NGUYEN||375-519-1804|337 Jefferson Dr|Fairview|SC|71757-8741|16-Jan-1945|2530|VA006562
MATTHEW|MARTIN|matthew.martin12@yahoo.com|+14548635578|7364 Maple Dr|Springfield|SC|81045|07-26-1991|7879|VA006563
THOMAS|BROWN|thomas.brown10@yahoo.com|839.313.3015|6683 Park Blvd|Manchester|NY|94106|10/07/1994|3844|VA006564
THOMAS|WILLIAMS|thomas.williams94@outlook.com|(682) 659-4165|8744 Sunset Blvd|Greenville|md|65877-2042|1944-04-24|9781|VA006565
CHARLES|ANDERSON|charles.anderson89@yahoo.com|4065355827|3701 Lake Rd|Dayton|California|31323|14-Oct-1992|1313|VA006566
WILLIAM|MARTIN|william.martin73@hotmail.com|686-667-7165|4549 River Dr|Fairview|New.|72848|04-19-1953|3234|VA006567
SUSAN|WALKER|susan.walker52@outlook.com|+15597823310|5627 Sunset Blvd|Burlington|MT|66813-9428|05/21/1979|4382|VA006568
ROBERT|THOMAS|robert.thomas33@yahoo.com|777.790.6253|8779 Washington St|Burlington|ct|87355|1965-01-02|7135|VA006569
KAREN|HARRIS|karen.harris5@outlook.com|(758) 349-3165|977 Park Blvd|Clinton|SC|85139|13-Jan-1970|4284|VA006570
ANTHONY|HILL|anthony.hill52@outlook.com|2213328370|8045 Maple Dr|Marion|WY|70398-7500|05-11-1946|6222|VA006571
PATRICIA|JONES|patricia.jones13@outlook.com|434-546-6396|8055 Lincoln Ave|Greenville|MD|47756|02/05/1994|4154|VA006572
KAREN|THOMAS|karen.thomas28@icloud.com|+16874917474|4853 Lincoln Ave|Clinton|va|18035|1992-07-07|4083|VA006573
JESSICA|THOMAS|jessica.thomas96@outlook.com|228.924.4919|4185 Forest Ave|Greenville|WV|95445-7254|20-Apr-1972|5786|VA006574
DANIEL|SCOTT|daniel.scott99@yahoo.com|(422) 723-3732|2237 Cedar Ln|Georgetown|MA|33681|08-25-1952|1485|VA006575
ASHLEY|WHITE|ashley.white73@hotmail.com|3855478846|4112 Forest Ave|Salem|NM|46394|04/06/1961|8185|VA006576
JESSICA|HILL|jessica.hill48@outlook.com|475-224-7541|113 Main St|Arlington|or|37582-5471|1942-06-30|5025|VA006577
LINDA|THOMPSON|linda.thompson13@outlook.com|+19416708773|873 Main St|Franklin|NE|90686|13-May-1941|7944|VA006578
BARBARA|MARTIN|barbara.martin89@icloud.com|472.390.1793|3133 Lake Rd|Burlington|AK|30801|09-24-1948|4254|VA006579
MARGARET|TORRES|margaret.torres38@gmail.com|(226) 674-1588|3686 Forest Ave|Dayton|CA|42450-6510|04/28/1999|7744|VA006580
MARK|KING|mark.king35@hotmail.com|8169305203|8747 Valley Ln|Fairview|ak|47175|1995-05-10|5469|VA006581
ANTHONY|HARRIS|anthony.harris17@outlook.com|429-364-3709|8556 Jefferson Dr|Madison|ME|25159|23-Nov-1960|4780|VA006582
LINDA|NELSON|linda.nelson73@icloud.com|+18786705625|8695 Lincoln Ave|Dayton|SC|32899-5654|07-21-1971|1735|VA006583
BARBARA|TORRES|barbara.torres60@yahoo.com|382.438.9364|2742 Forest Ave|Greenville|WA|32445|01/06/1960|7074|VA006584
LISA|JACKSON|lisa.jackson47@gmail.com|(599) 947-5984|8309 Hill Rd|Arlington|or|36525|1975-08-02|7144|VA006585
MARGARET|GARCIA|margaret.garcia40@icloud.com|9189165081|9443 Washington St|Madison|NJ|55447-2644|29-Dec-1982|7127|VA006586
SANDRA|MARTIN|sandra.martin23@outlook.com|933-593-5826|2478 Jefferson Dr|Dayton|MS|94035|09-18-1977|7500|VA006587
ROBERT|THOMPSON|robert.thompson37@icloud.com|+19505274576|7561 Cedar Ln|Dayton|FL|64097|02/26/1958|8857|VA006588
LINDA|MARTIN|linda.martin63@outlook.com|802.419.7640|7047 Jefferson Dr|Fairview|me|41881-4934|1994-10-11|3701|VA006589
JOHN|BAKER|john.baker82@gmail.com|(795) 453-4880|3092 Cedar Ln|Dayton|Pennsylvania|16567|19-Feb-1965|7143|VA006590
ROBERT|ADAMS|robert.adams22@gmail.com|6018746260|7242 Main St|Richmond|CT|20520|08-12-1946|2815|VA006591
MATTHEW|BROWN|matthew.brown26@gmail.com|768-709-4289|2083 Hill Rd|Springfield|NM|72759-1057|10/22/1949|2825|VA006592
PATRICIA|JONES|patricia.jones91@outlook.com|+14748098871|9097 Washington St|Madison|md|98685|1959-11-18|8906|VA006593
LINDA|WHITE|linda.white98@icloud.com|203.463.2471|1423 Main St|Marion|AZ|16993|01-Sep-1996|3927|VA006594
SUSAN|DAVIS|susan.davis56@yahoo.com|(816) 355-6909|8772 Sunset Blvd|Springfield|WA|88189-9034|07-22-1993|5521|VA006595
JOHN|NELSON|john.nelson98@gmail.com|2746576954|1216 Lincoln Ave|Clinton|VT|39382|02/02/1960|1146|VA006596
MATTHEW|KING||631-398-4118|9236 Valley Ln|Madison|in|16410|1955-05-24|7902|VA006597
NANCY|KING|nancy.king27@yahoo.com|+18244581325|1218 Jefferson Dr|Manchester|WV|48558-4654|29-Mar-1943|9053|VA006598
LISA|KING|lisa.king12@outlook.com|328.259.5661|7686 Main St|Franklin|LA|90590|01-18-1970|9558|VA006599
DANIEL|JACKSON|daniel.jackson31@icloud.com|(530) 919-3013|5637 Main St|Burlington|NV|48437|10/27/1998|7249|VA006600
ASHLEY|HARRIS|ashley.harris84@aol.com|5678696924|2478 Lake Rd|Madison|ok|70029-6757|1987-01-18|1340|VA006601
THOMAS|WHITE|thomas.white52@outlook.com|838-374-9046|2118 Lake Rd|Oxford|OR|76506|03-Jun-1965|7229|VA006602
SARAH|TAYLOR|sarah.taylor9@yahoo.com|+18557477960|43 River Dr|Marion|ID|79567|11-05-1994|8386|VA006603
JOHN|SCOTT|john.scott14@hotmail.com|629.271.8477|3112 Jefferson Dr|Franklin|ID|46677-2861|04/14/1960|3451|VA006604
CHRISTOPHER|JOHNSON|christopher.johnson60@hotmail.com|(357) 703-4185|6045 Sunset Blvd|Springfield|al|39229|1967-08-20|3209|VA006605
ROBERT|SCOTT|robert.scott18@gmail.com|2276826980|7454 Oak Ave|Georgetown|UT|20545|18-Jul-1971|8074|VA006606
PATRICIA|THOMAS|patricia.thomas92@icloud.com|534-540-2051|8754 Maple Dr|Greenville|AR|70604-6919|05-25-1983|1672|VA006607
NANCY|JOHNSON|nancy.johnson43@icloud.com|+12779462875|3677 Jefferson Dr|Marion|OH|38044|12/17/2000|2012|VA006608
NANCY|KING|nancy.king45@yahoo.com|254.980.7369|3739 Main St|Springfield|sd|78187|1969-08-13|7604|VA006609
LINDA|GARCIA|linda.garcia36@hotmail.com|(831) 827-7651|2852 Sunset Blvd|Greenville|North Carolina|34827-5136|15-Aug-1984|3165|VA006610
LINDA|THOMAS|linda.thomas31@outlook.com|9466376468|2313 River Dr|Springfield|CO|32504|10-13-1961|9675|VA006611
MARY|ADAMS|mary.adams31@hotmail.com|242-879-7699|324 Main St|Burlington|ND|73011|04/05/1976|9254|VA006612
JAMES|NELSON|james.nelson79@outlook.com|+13557887879|1710 Washington St|Salem|mn|63389-9309|1970-08-22|8197|VA006613
JOSEPH|HILL|joseph.hill33@hotmail.com|276.458.6121|2783 Hill Rd|Marion|WY|24930|02-Jul-1966|1544|VA006614
KAREN|WALKER|karen.walker66@aol.com|(980) 929-7399|2747 River Dr|Richmond|OK|37537|05-09-1985|5318|VA006615
RICHARD|JONES|richard.jones6@outlook.com|6094962002|297 Jefferson Dr|Marion|ID|45462-9339|12/19/1987|5139|VA006616
JOHN|MARTIN||211-857-6098|2419 Valley Ln|Richmond|in|31356|1990-02-07|6990|VA006617
KAREN|GARCIA|karen.garcia73@icloud.com|+14872397699|381 Park Blvd|Franklin|MA|50378|19-Dec-1990|2381|VA006618
MATTHEW|WRIGHT|matthew.wright32@outlook.com|261.591.2190|7347 Hill Rd|Salem|ID|82732-7551|01-18-2002|3837|VA006619
THOMAS|MARTIN|thomas.martin7@icloud.com|(288) 976-7565|914 Sunset Blvd|Burlington|TX|43945|04/04/1947|5452|VA006620
JENNIFER|ANDERSON|jennifer.anderson55@yahoo.com|7877297501|584 Lake Rd|Marion|ne|17665|1962-04-19|3649|VA006621
ANTHONY|HILL|anthony.hill68@icloud.com|799-924-5222|1129 Lake Rd|Salem|ID|28892-1053|09-Jun-1948|7899|VA006622
WILLIAM|WALKER||+13788412102|6035 Oak Ave|Clinton|WA|45083|06-17-1946|2269|VA006623
SARAH|TORRES||357.576.8757|6819 Lincoln Ave|Salem|NE|36505|03/01/1992|6573|VA006624
JENNIFER|YOUNG|jennifer.young71@icloud.com|(277) 380-3458|3654 Sunset Blvd|Richmond|sc|61163-9512|1969-08-12|8420|VA006625
BETTY|SMITH|betty.smith53@yahoo.com|6958426492|6387 Maple Dr|Oxford|MN|29814|30-Jun-1951|5822|VA006626
RICHARD|YOUNG|richard.young20@hotmail.com|886-416-6383|6033 Sunset Blvd|Madison|Cal.|37332|12-23-1993|4730|VA006627
SARAH|ADAMS|sarah.adams27@gmail.com|+14829864388|6567 Lake Rd|Burlington|AR|40786-4710|06/28/1972|1148|VA006628
PATRICIA|WILSON|patricia.wilson32@outlook.com|880.538.5685|5483 Washington St|Dayton|in|97916|1980-09-10|1539|VA006629
ANTHONY|YOUNG|anthony.young90@yahoo.com|(737) 295-5215|8289 Valley Ln|Clinton|MN|66950|14-Dec-1998|2548|VA006630
JAMES|ADAMS|james.adams27@hotmail.com|9683824348|4695 Sunset Blvd|Arlington|Pen.|23522-9047|06-02-1967|2094|VA006631
RICHARD|HARRIS|richard.harris18@yahoo.com|968-786-3934|4023 Hill Rd|Springfield|CO|63313|04/01/1951|9070|VA006632
BETTY|WILSON||+15876871503|8548 Cedar Ln|Clinton|nh|62777|1953-11-17|7947|VA006633
JENNIFER|ANDERSON||452.767.7464|8755 Sunset Blvd|Greenville|NH|60015-1411|10-Oct-1941|4999|VA006634
CHARLES|ADAMS|charles.adams14@aol.com|(830) 328-6166|6200 Sunset Blvd|Dayton|RI|28745|04-03-1967|8965|VA006635
JOSEPH|WHITE|joseph.white57@hotmail.com|5234664508|329 Cedar Ln|Clinton|ME|59220|01/14/1988|8616|VA006636
CHRISTOPHER|ADAMS|christopher.adams1@yahoo.com|942-349-1289|9292 Valley Ln|Franklin|mi|30867-1945|1947-02-16|6437|VA006637
JESSICA|MARTIN|jessica.martin82@icloud.com|+17488514423|2992 River Dr|Franklin|UT|48533|09-Nov-1969|3298|VA006638
MATTHEW|TORRES|matthew.torres7@aol.com|700.806.4002|8827 Washington St|Fairview|SC|40498|02-27-2001|9098|VA006639
SARAH|ADAMS|sarah.adams67@aol.com|(618) 753-5867|4200 Forest Ave|Greenville|AK|72809-6273|09/05/1994|6031|VA006640
RICHARD|TAYLOR||7817767141|1137 Maple Dr|Fairview|sd|91378|1984-09-11|3978|VA006641
LINDA|TORRES|linda.torres25@gmail.com|516-765-7006|9255 Park Blvd|Fairview|NJ|51420|27-Feb-1969|4324|VA006642
JOSEPH|WALKER|joseph.walker48@hotmail.com|+13627872545|541 Main St|Richmond|MT|27862-7478|08-12-1993|2097|VA006643
MARK|WILLIAMS|mark.williams91@outlook.com|525.389.7734|9348 Washington St|Madison|UT|33582|10/22/2001|7303|VA006644
BARBARA|DAVIS||(349) 397-5697|5719 Valley Ln|Richmond|pa|84545|1953-12-18|8949|VA006645
MICHAEL|WILSON|michael.wilson79@icloud.com|5112816224|5525 Maple Dr|Oxford|WV|90897-2487|13-Apr-1954|8571|VA006646
SARAH|ADAMS|sarah.adams55@icloud.com|817-622-7260|3006 Sunset Blvd|Arlington|MD|29665|08-10-1985|3884|VA006647
LISA|THOMPSON|lisa.thompson51@hotmail.com|+18612554921|8109 River Dr|Franklin|KS|75481|03/30/1997|2163|VA006648
DANIEL|NELSON|daniel.nelson17@icloud.com|705.350.6854|7867 Lake Rd|Greenville|id|63512-7431|1955-11-19|6123|VA006649
CHARLES|WILSON|charles.wilson46@icloud.com|(782) 403-7480|2606 Oak Ave|Richmond|OK|78184|23-Mar-1953|4348|VA006650
MARGARET|KING|margaret.king43@aol.com|9196675975|4620 Valley Ln|Fairview|NM|26067|02-26-1961|2056|VA006651
JAMES|YOUNG|james.young60@icloud.com|262-404-6035|4519 Park Blvd|Marion|SD|15171-7385|08/24/1981|8761|VA006652
MARK|GARCIA|mark.garcia5@hotmail.com|+12508235728|1239 Park Blvd|Oxford|il|82217|1940-12-06|9087|VA006653
MICHAEL|SMITH|michael.smith54@gmail.com|273.887.8646|139 Maple Dr|Salem|IN|19716|09-Dec-2004|5437|VA006654
MARK|TORRES|mark.torres48@gmail.com|(220) 232-1226|7512 Lake Rd|Madison|RI|25335-5270|06-14-1982|6880|VA006655
DAVID|MARTIN|david.martin3@icloud.com|7148567000|8984 Maple Dr|Madison|IA|15967|03/27/1968|7008|VA006656
JENNIFER|TORRES|jennifer.torres22@hotmail.com|461-327-1388|656 Sunset Blvd|Georgetown|de|25621|1943-03-13|2964|VA006657
MICHAEL|WRIGHT|michael.wright28@yahoo.com|+18875033972|4054 Hill Rd|Marion|Texas|88588-9126|29-Oct-1954|6871|VA006658
ANTHONY|THOMPSON|anthony.thompson76@aol.com|294.744.3738|7690 Jefferson Dr|Dayton|New.|56373|04-06-1979|1222|VA006659
JENNIFER|ANDERSON|jennifer.anderson69@yahoo.com|(799) 587-6850|2644 Valley Ln|Madison|WI|34049|01/29/1962|3578|VA006660
SANDRA|THOMPSON|sandra.thompson69@outlook.com|7175323494|8591 Washington St|Burlington|ut|61137-4492|1990-01-24|8119|VA006661
JAMES|ADAMS|james.adams3@hotmail.com|417-513-6241|182 Lincoln Ave|Salem|MS|53071|20-Jun-1991|1271|VA006662
BARBARA|SMITH|barbara.smith74@gmail.com|+19395258357|5457 Lincoln Ave|Richmond|IA|44056|10-21-1980|1198|VA006663
SARAH|SMITH||472.833.9228|7475 Forest Ave|Franklin|VT|58104-3467|03/22/1987|3056|VA006664
RICHARD|JACKSON|richard.jackson81@yahoo.com|(388) 645-8050|3658 Sunset Blvd|Burlington|wv|20553|1986-01-06|9894|VA006665
MARGARET|TAYLOR|margaret.taylor94@outlook.com|9734912129|9175 River Dr|Franklin|ND|86749|12-Apr-1949|5051|VA006666
NANCY|SMITH|nancy.smith99@aol.com|281-651-4545|598 Oak Ave|Oxford|Flo.|41952-7502|11-17-1998|9402|VA006667
MICHAEL|TAYLOR|michael.taylor58@icloud.com|+17439829292|784 Jefferson Dr|Manchester|AL|44333|04/02/1981|3865|VA006668
SANDRA|NELSON|sandra.nelson96@outlook.com|202.503.6785|4896 Jefferson Dr|Springfield|ri|66808|1996-05-25|9334|VA006669
WILLIAM|WHITE|william.white56@gmail.com|(962) 620-3197|1220 Sunset Blvd|Dayton|Ohio|96131-8932|18-Sep-1972|8087|VA006670
DAVID|YOUNG|david.young88@aol.com|9026162874|1477 Hill Rd|Georgetown|AK|34427|12-11-1949|8631|VA006671
JOSEPH|DAVIS|joseph.davis66@icloud.com|453-647-7304|6749 Main St|Oxford|NY|96159|01/30/1991|9168|VA006672
KAREN|SCOTT|karen.scott70@outlook.com|+14674256066|3298 Valley Ln|Oxford|fl|38994-4854|1948-08-17|4605|VA006673
JENNIFER|JOHNSON|jennifer.johnson23@aol.com|438.970.2356|6647 Lake Rd|Franklin|AR|38366|01-Apr-1959|2117|VA006674
ROBERT|TAYLOR|robert.taylor34@yahoo.com|(256) 309-3553|5339 River Dr|Springfield|WA|15302|05-21-2000|1772|VA006675
MARY|THOMAS|mary.thomas62@yahoo.com|7245078720|8066 Forest Ave|Fairview|WA|65190-4850|09/25/2001|8263|VA006676
KAREN|WRIGHT|karen.wright69@hotmail.com|918-258-5433|7033 Sunset Blvd|Clinton|de|35193|1947-01-11|1004|VA006677
CHARLES|MILLER|charles.miller19@gmail.com|+12652399484|1230 Main St|Salem|HI|40103|09-Apr-1953|3321|VA006678
THOMAS|NELSON|thomas.nelson86@icloud.com|821.413.2223|3551 Maple Dr|Manchester|KY|23711-8613|11-18-1992|2597|VA006679
SANDRA|THOMPSON|sandra.thompson97@aol.com|(666) 402-8537|9154 Park Blvd|Springfield|NH|96368|12/28/1940|5310|VA006680
BARBARA|HILL||4594947688|8993 Lincoln Ave|Arlington|oh|20980|1957-09-07|1588|VA006681
ASHLEY|HILL|ashley.hill27@aol.com|413-598-1655|6657 Washington St|Springfield|Ohio|29020-1532|27-Dec-1954|6718|VA006682
RICHARD|HILL|richard.hill11@gmail.com|+12047332953|9571 Forest Ave|Clinton|NE|16589|04-27-1965|2848|VA006683
MARK|YOUNG|mark.young21@aol.com|288.975.7718|2736 Valley Ln|Georgetown|CT|13375|02/23/1976|2068|VA006684
JESSICA|JOHNSON|jessica.johnson40@aol.com|(946) 825-7585|9444 Oak Ave|Madison|ok|45339-9637|1963-08-13|6796|VA006685
JAMES|KING|james.king7@icloud.com|2793528011|6760 Jefferson Dr|Madison|MO|93453|06-Apr-1943|8109|VA006686
THOMAS|WALKER||477-965-6377|4334 Jefferson Dr|Clinton|Nor.|97856|10-04-1979|9456|VA006687
ROBERT|MILLER|robert.miller7@yahoo.com|+16377042746|4120 Sunset Blvd|Clinton|NJ|96463-9177|04/28/2001|6353|VA006688
ANTHONY|HARRIS|anthony.harris74@aol.com|968.828.1832|4515 Jefferson Dr|Greenville|sd|28222|1983-05-20|2121|VA006689
NANCY|THOMAS|nancy.thomas61@hotmail.com|(963) 389-1666|9615 Oak Ave|Madison|CO|83175|20-Jun-1992|7891|VA006690
ANTHONY|ADAMS|anthony.adams65@aol.com|6995369272|1449 Lake Rd|Marion|Pen.|25672-4445|05-31-1987|8034|VA006691
LISA|DAVIS|lisa.davis97@icloud.com|429-973-4327|4027 Hill Rd|Fairview|WA|35679|04/12/1987|8309|VA006692
WILLIAM|ALLEN|william.allen58@aol.com|+12714882961|1497 Valley Ln|Burlington|oh|70621|1944-03-28|9011|VA006693
JAMES|WILSON|james.wilson81@icloud.com|575.788.5997|193 River Dr|Manchester|WV|41180-9578|05-May-1994|3976|VA006694
ASHLEY|ALLEN|ashley.allen14@aol.com|(398) 814-8683|9595 Lake Rd|Marion|Mic.|70064|08-23-1965|2596|VA006695
ROBERT|NGUYEN|robert.nguyen94@icloud.com|3159595537|6030 Jefferson Dr|Madison|IN|12929|10/18/1999|1190|VA006696
ASHLEY|KING|ashley.king52@gmail.com|589-244-5719|9051 Main St|Greenville|id|44360-9668|1941-02-23|7856|VA006697
MICHAEL|WALKER|michael.walker96@icloud.com|+14742286560|4424 Lake Rd|Marion|OK|42935|03-Apr-1995|9589|VA006698
BARBARA|BROWN|barbara.brown23@icloud.com|627.218.1402|2645 River Dr|Dayton|WA|67590|11-28-1963|6611|VA006699
ASHLEY|THOMAS|ashley.thomas21@gmail.com|(386) 510-9380|7404 Sunset Blvd|Salem|NY|85136-1930|06/26/1958|7095|VA006700
NANCY|ALLEN|nancy.allen54@gmail.com|7906078799|8000 Lake Rd|Richmond|mn|90152|2002-05-17|5127|VA006701
JESSICA|ALLEN|jessica.allen72@outlook.com|478-391-6543|2300 Oak Ave|Marion|Ohio|23295|05-Dec-1996|1587|VA006702
DAVID|TORRES|david.torres25@outlook.com|+17108717918|2477 Oak Ave|Fairview|UT|66866-3285|02-06-1941|8099|VA006703
WILLIAM|BROWN|william.brown91@gmail.com|610.611.7444|727 Washington St|Greenville|SC|75013|11/16/1952|5975|VA006704
PATRICIA|ANDERSON|patricia.anderson93@yahoo.com|(555) 870-5253|7212 Sunset Blvd|Arlington|sc|54536|1942-11-14|8177|VA006705
SARAH|ANDERSON|sarah.anderson88@icloud.com|5378143599|8241 Washington St|Oxford|New York|45984-8017|20-Mar-1988|8493|VA006706
WILLIAM|ANDERSON|william.anderson61@gmail.com|544-861-1595|4370 Lake Rd|Franklin|SC|61480|10-29-1983|9905|VA006707
CHRISTOPHER|WRIGHT|christopher.wright47@gmail.com|+15715163953|3510 Lake Rd|Manchester|NY|35166|04/28/1960|3253|VA006708
PATRICIA|SMITH|patricia.smith77@icloud.com|955.985.6765|458 Forest Ave|Manchester|mt|26308-9885|1962-11-24|1077|VA006709
JOHN|TORRES|john.torres16@aol.com|(345) 707-6406|4603 Oak Ave|Richmond|AL|65258|23-Jun-1983|6835|VA006710
SANDRA|TORRES|sandra.torres99@gmail.com|4443406103|9976 Jefferson Dr|Dayton|AR|61040|09-09-1993|1770|VA006711
BETTY|HILL||776-765-3717|4796 Lincoln Ave|Manchester|PA|33301-3118|01/18/1954|1094|VA006712
JOHN|WILSON|john.wilson88@hotmail.com|+17918632672|2414 Forest Ave|Arlington|ct|24444|1961-07-31|1271|VA006713
PATRICIA|WRIGHT|patricia.wright33@aol.com|448.710.7487|9628 Main St|Greenville|MN|23640|11-Feb-1988|2208|VA006714
RICHARD|BAKER|richard.baker24@gmail.com|(358) 455-1079|441 Hill Rd|Manchester|Mic.|70009-9066|03-10-1999|9289|VA006715
BETTY|TORRES||7524004315|4750 Park Blvd|Madison|NH|12427|05/04/1967|9228|VA006716
DAVID|ADAMS|david.adams42@hotmail.com|704-581-6014|342 Hill Rd|Manchester|la|34454|1991-09-01|1010|VA006717
WILLIAM|SCOTT|william.scott39@outlook.com|+16697997746|3050 Jefferson Dr|Manchester|RI|61995-2643|11-Sep-1991|1293|VA006718
BARBARA|WHITE|barbara.white6@outlook.com|842.228.7290|5682 River Dr|Franklin|Geo.|24707|05-06-2000|9076|VA006719
MARK|JOHNSON||(443) 284-6497|3569 Lake Rd|Springfield|NE|88225|07/10/1999|8099|VA006720
BARBARA|DAVIS|barbara.davis20@icloud.com|4265278015|4463 Oak Ave|Arlington|ky|59326-9288|1973-06-02|3952|VA006721
MARK|YOUNG|mark.young86@gmail.com|732-533-5222|2512 Park Blvd|Springfield|DE|29356|21-Apr-1985|3829|VA006722
CHARLES|WRIGHT|charles.wright88@outlook.com|+13613489255|2401 Sunset Blvd|Arlington|MD|52964|08-09-1967|7643|VA006723
SANDRA|WHITE|sandra.white3@icloud.com|892.408.3277|9909 Oak Ave|Clinton|IL|97246-2039|08/01/2004|7878|VA006724
RICHARD|WALKER|richard.walker7@gmail.com|(526) 586-5603|952 Maple Dr|Burlington|ks|87069|2001-10-15|3919|VA006725
SUSAN|JOHNSON||6722862865|919 Main St|Arlington|KY|38151|27-Sep-1998|9274|VA006726
RICHARD|WALKER|richard.walker63@yahoo.com|255-569-1062|7006 Oak Ave|Madison|Tex.|91931-9798|11-05-1993|8869|VA006727
MICHAEL|JONES|michael.jones40@hotmail.com|+13974049246|5892 Lake Rd|Springfield|SC|50336|02/01/1995|5079|VA006728
CHRISTOPHER|DAVIS|christopher.davis12@gmail.com|839.622.9576|6619 Cedar Ln|Madison|al|57861|1956-11-20|4747|VA006729
SUSAN|THOMAS|susan.thomas48@outlook.com|(971) 465-5693|8455 Forest Ave|Richmond|AK|38905-8270|25-Oct-1989|2406|VA006730
THOMAS|SMITH|thomas.smith65@yahoo.com|3945488921|8580 Park Blvd|Manchester|MA|28781|10-24-1948|9456|VA006731
MARGARET|ALLEN|margaret.allen98@hotmail.com|703-339-3416|3148 Lake Rd|Georgetown|IL|36564|04/29/2003|7804|VA006732
SUSAN|ANDERSON|susan.anderson63@aol.com|+19812392973|8525 Forest Ave|Franklin|va|52745-4813|1948-01-15|4719|VA006733
LINDA|NGUYEN|linda.nguyen2@yahoo.com|839.981.6863|3938 Valley Ln|Georgetown|Florida|62052|30-Sep-1943|9551|VA006734
LISA|DAVIS|lisa.davis1@gmail.com|(252) 610-3462|2767 Valley Ln|Georgetown|RI|43647|08-29-1986|9241|VA006735
JAMES|WILLIAMS|james.williams15@aol.com|5358367518|9127 Valley Ln|Burlington|NH|45214-6663|10/19/1997|1292|VA006736
JENNIFER|TAYLOR||538-610-6159|4393 Lake Rd|Manchester|id|15715|1980-03-13|2669|VA006737
SANDRA|THOMAS|sandra.thomas37@hotmail.com|+16243725230|407 Jefferson Dr|Manchester|MD|99783|23-Mar-1998|5770|VA006738
DANIEL|SMITH|daniel.smith35@aol.com|975.208.5097|1814 Sunset Blvd|Marion|ID|26782-5670|10-07-2002|3845|VA006739
ANTHONY|ADAMS|anthony.adams80@gmail.com|(750) 323-6106|4775 Oak Ave|Georgetown|UT|33647|12/09/1992|9494|VA006740
SARAH|ALLEN|sarah.allen68@outlook.com|4354641368|9459 Washington St|Clinton|ak|93994|1989-09-18|1699|VA006741
MICHAEL|HARRIS|michael.harris14@hotmail.com|564-310-9484|8384 Jefferson Dr|Madison|MD|73411-9700|12-Oct-1976|5985|VA006742
MARGARET|TAYLOR|margaret.taylor90@icloud.com|+18956042086|8735 Oak Ave|Salem|ME|52352|06-10-1979|6180|VA006743
MARK|WHITE|mark.white81@outlook.com|474.503.2869|8152 Maple Dr|Marion|OH|91696|03/08/1970|9984|VA006744
KAREN|WILLIAMS|karen.williams16@icloud.com|(669) 636-3934|743 Main St|Madison|nm|26998-9300|1945-03-14|4152|VA006745
CHARLES|KING|charles.king49@outlook.com|9073305232|857 Lake Rd|Georgetown|Michigan|94637|15-Mar-1996|3663|VA006746
NANCY|JOHNSON|nancy.johnson48@hotmail.com|545-528-1389|948 Lake Rd|Madison|Pen.|14109|07-05-1985|1597|VA006747
DANIEL|HALL|daniel.hall24@icloud.com|+13536479311|515 Hill Rd|Franklin|ME|62221-7664|02/28/1962|6269|VA006748
JOSEPH|WALKER|joseph.walker58@icloud.com|868.229.9938|862 Oak Ave|Springfield|ma|88934|1975-12-09|3644|VA006749
PATRICIA|HARRIS|patricia.harris3@icloud.com|(462) 527-9732|6876 Lake Rd|Oxford|SD|33269|03-Feb-1963|5135|VA006750
MARY|THOMAS|mary.thomas55@icloud.com|5552427503|9312 River Dr|Arlington|SD|24878-9776|05-18-2000|6501|VA006751
THOMAS|SMITH|thomas.smith43@gmail.com|295-787-4983|4621 Oak Ave|Georgetown|WV|17680|07/02/1980|3417|VA006752
MATTHEW|ANDERSON|matthew.anderson17@icloud.com|+14162896927|4076 Maple Dr|Springfield|ca|83987|1964-09-21|7365|VA006753
MATTHEW|MILLER|matthew.miller96@gmail.com|713.206.8296|8927 Sunset Blvd|Oxford|Georgia|85781-8017|10-Aug-1973|7989|VA006754
JESSICA|KING|jessica.king87@aol.com|(504) 364-5874|2120 Hill Rd|Oxford|IN|60557|09-16-1976|4594|VA006755
ROBERT|SMITH|robert.smith19@yahoo.com|8622914748|7015 Main St|Georgetown|NM|97593|12/17/1994|8443|VA006756
MARK|HARRIS|mark.harris35@outlook.com|644-936-6206|3823 Lake Rd|Fairview|ok|86095-9558|2002-09-08|7680|VA006757
PATRICIA|WHITE||+14643367853|6249 Lincoln Ave|Springfield|Illinois|15697|21-Jun-1966|2139|VA006758
MARY|BAKER|mary.baker90@icloud.com|450.898.3910|8622 Lake Rd|Fairview|Flo.|94569|04-28-1997|1894|VA006759
MICHAEL|NGUYEN|michael.nguyen83@aol.com|(631) 383-9885|4066 Lake Rd|Marion|VA|83538-1529|10/01/1940|6936|VA006760
JAMES|WHITE|james.white34@gmail.com|5905523134|7431 Maple Dr|Arlington|mt|21721|1989-08-19|2686|VA006761
SARAH|MILLER||541-578-5200|6973 Sunset Blvd|Georgetown|HI|77810|02-Aug-1974|6930|VA006762
LINDA|ADAMS|linda.adams32@icloud.com|+17466332109|5800 Valley Ln|Georgetown|HI|78002-7712|03-20-2003|6276|VA006763
MARY|JONES|mary.jones36@aol.com|702.459.8865|8261 Oak Ave|Franklin|ID|83207|02/21/1954|7606|VA006764
BETTY|BAKER|betty.baker64@icloud.com|(457) 784-8198|7173 Park Blvd|Arlington|nm|27233|1988-04-26|6512|VA006765
ROBERT|WALKER|robert.walker51@hotmail.com|8677941932|4058 Hill Rd|Oxford|Florida|92339-2667|27-Feb-1969|5598|VA006766
RICHARD|SCOTT|richard.scott30@hotmail.com|474-915-2362|2903 Main St|Arlington|CO|97406|02-18-1952|3985|VA006767
KAREN|KING|karen.king19@aol.com|+13759062699|9613 Lake Rd|Oxford|UT|13878|09/27/1970|4846|VA006768
RICHARD|WRIGHT|richard.wright48@yahoo.com|686.829.2683|6457 Forest Ave|Fairview|pa|14629-6132|1997-09-21|7661|VA006769
ROBERT|ALLEN|robert.allen41@hotmail.com|(476) 476-8553|2959 Main St|Oxford|ND|20760|07-Mar-1996|1505|VA006770
WILLIAM|SMITH|william.smith31@aol.com|9196629393|52 Valley Ln|Burlington|NH|19709|08-03-1961|2960|VA006771
JAMES|KING|james.king52@icloud.com|362-200-2092|551 Park Blvd|Richmond|WY|61534-6264|05/26/1974|4437|VA006772
JAMES|HILL|james.hill33@icloud.com|+15903145608|3257 Hill Rd|Burlington|il|76356|1945-09-03|7767|VA006773
MICHAEL|WHITE|michael.white32@gmail.com|212.911.2109|2315 Maple Dr|Franklin|KY|32907|10-Jan-1942|8384|VA006774
LISA|ADAMS|lisa.adams22@outlook.com|(904) 259-7597|9893 Maple Dr|Marion|WY|12483-4010|07-14-1967|2943|VA006775
PATRICIA|BAKER||6653074977|4669 Hill Rd|Dayton|KS|14701|11/04/1985|7229|VA006776
PATRICIA|WHITE|patricia.white49@hotmail.com|577-840-7392|7614 Cedar Ln|Greenville|ia|81873|1998-01-21|4148|VA006777
MARGARET|KING||+15103226952|2367 Cedar Ln|Marion|NH|67475-5076|04-Jun-1987|9073|VA006778
MARY|WRIGHT|mary.wright24@outlook.com|558.802.8131|4641 Forest Ave|Richmond|NJ|74336|10-30-1992|6263|VA006779
BETTY|NGUYEN|betty.nguyen23@icloud.com|(740) 575-2501|6906 Sunset Blvd|Arlington|CO|34565|09/07/1974|8795|VA006780
CHRISTOPHER|JACKSON|christopher.jackson78@aol.com|3108409591|93 Hill Rd|Georgetown|mn|45618-1669|1955-06-04|1575|VA006781
NANCY|TAYLOR|nancy.taylor29@icloud.com|663-853-1703|1230 Lake Rd|Dayton|New York|36059|14-Aug-1956|7749|VA006782
ANTHONY|JOHNSON|anthony.johnson9@gmail.com|+18006416151|1187 Washington St|Salem|Flo.|52653|01-08-2001|8429|VA006783
NANCY|WRIGHT|nancy.wright86@gmail.com|282.526.2061|6832 Jefferson Dr|Clinton|NY|38973-1033|11/25/1999|2842|VA006784
MATTHEW|THOMAS|matthew.thomas14@yahoo.com|(651) 953-4605|1792 Maple Dr|Arlington|va|84867|1973-02-12|1472|VA006785
KAREN|BAKER|karen.baker45@yahoo.com|5685528926|7706 Forest Ave|Fairview|KS|59916|12-Jul-1950|6770|VA006786
SARAH|KING|sarah.king5@gmail.com|460-538-4489|5565 Hill Rd|Georgetown|VA|86547-4792|02-23-1982|4577|VA006787
JESSICA|DAVIS|jessica.davis9@icloud.com|+13584585278|5117 Valley Ln|Georgetown|AZ|39393|09/06/1952|9415|VA006788
JAMES|WALKER|james.walker93@gmail.com|541.702.9809|3488 River Dr|Dayton|ri|16052|2002-08-07|4367|VA006789
DAVID|SCOTT|david.scott9@icloud.com|(609) 298-7044|4314 Washington St|Oxford|SC|32541-7136|03-Aug-1958|3339|VA006790
JAMES|ANDERSON|james.anderson24@hotmail.com|7709818697|4860 Hill Rd|Manchester|MT|91732|04-28-1984|2123|VA006791
JESSICA|WALKER|jessica.walker63@outlook.com|495-839-6690|4217 Cedar Ln|Madison|ID|85988|07/27/1954|9106|VA006792
MARY|THOMPSON|mary.thompson58@aol.com|+12927497263|5225 Main St|Manchester|nh|62601-3196|1963-03-10|9128|VA006793
WILLIAM|KING|william.king46@icloud.com|360.361.8297|8479 Maple Dr|Marion|AK|70485|19-Mar-1968|4783|VA006794
CHARLES|JONES|charles.jones49@gmail.com|(445) 291-4913|8137 Oak Ave|Springfield|WY|84443|09-12-1950|1962|VA006795
BETTY|WALKER|betty.walker13@gmail.com|5764204125|6934 Washington St|Arlington|MS|19974-9546|02/12/1965|7840|VA006796
BETTY|DAVIS|betty.davis14@yahoo.com|640-709-8974|302 Forest Ave|Oxford|la|18205|1964-10-23|3104|VA006797
JENNIFER|NELSON|jennifer.nelson20@gmail.com|+13859039827|2082 Oak Ave|Oxford|IN|75987|05-Apr-1977|9801|VA006798
SANDRA|SMITH|sandra.smith69@aol.com|206.546.4400|8120 Forest Ave|Oxford|OR|79932-3374|09-12-1968|2063|VA006799
DAVID|ALLEN|david.allen61@aol.com|(273) 668-1490|5051 River Dr|Marion|NV|64812|01/17/1995|7282|VA006800
SARAH|NELSON||7747282451|1433 Oak Ave|Burlington|ia|40624|1982-06-16|6337|VA006801
RICHARD|TAYLOR|richard.taylor4@outlook.com|368-975-4388|1493 Lincoln Ave|Dayton|KS|45728-8328|04-Sep-1949|2609|VA006802
NANCY|WHITE|nancy.white62@outlook.com|+12845615082|9751 Main St|Manchester|HI|31779|09-10-1978|3679|VA006803
JENNIFER|SMITH|jennifer.smith27@outlook.com|514.777.3495|3799 Maple Dr|Springfield|MS|23603|11/15/1982|7982|VA006804
MATTHEW|WALKER|matthew.walker91@aol.com|(843) 290-1951|1532 Washington St|Arlington|md|18305-4578|1944-03-19|1476|VA006805
ROBERT|DAVIS||4705657208|6089 Oak Ave|Marion|DE|31764|08-Aug-1981|7016|VA006806
PATRICIA|YOUNG|patricia.young87@hotmail.com|293-757-6805|1993 Valley Ln|Burlington|MN|48576|10-24-1984|6041|VA006807
MARGARET|NELSON|margaret.nelson5@hotmail.com|+13958879869|8185 Lake Rd|Franklin|WA|76461-4414|04/19/2002|6584|VA006808
KAREN|ALLEN|karen.allen27@gmail.com|788.743.6209|9425 River Dr|Salem|ca|78639|1959-08-26|3350|VA006809
SARAH|MILLER|sarah.miller17@yahoo.com|(955) 898-9350|3910 River Dr|Springfield|UT|78547|08-Jul-1964|4072|VA006810
JAMES|WHITE|james.white31@hotmail.com|2866916103|5539 Park Blvd|Clinton|OR|38530-8346|12-04-2001|6655|VA006811
JESSICA|HALL|jessica.hall67@aol.com|746-817-2655|2105 Forest Ave|Franklin|AK|14954|03/10/1947|4141|VA006812
ASHLEY|JONES|ashley.jones54@outlook.com|+19558601351|4777 Cedar Ln|Franklin|ak|40451|1986-08-13|6503|VA006813
PATRICIA|NGUYEN|patricia.nguyen26@outlook.com|587.352.9203|8749 Hill Rd|Georgetown|MD|81256-7039|10-Oct-2001|9196|VA006814
ANTHONY|BAKER|anthony.baker21@gmail.com|(639) 995-9988|9489 Sunset Blvd|Madison|WA|27708|05-14-1980|8554|VA006815
MARGARET|WHITE|margaret.white49@yahoo.com|6939865890|2634 Main St|Marion|WV|62424|04/24/1944|1615|VA006816
ANTHONY|NELSON|anthony.nelson1@icloud.com|500-789-9538|132 Washington St|Georgetown|ny|48483-5289|1987-09-28|6409|VA006817
SANDRA|JACKSON|sandra.jackson55@hotmail.com|+15652468196|8739 River Dr|Madison|AR|89719|30-Oct-1980|9055|VA006818
CHARLES|HILL|charles.hill96@yahoo.com|477.933.6398|5365 Cedar Ln|Marion|CT|59118|08-05-1947|9778|VA006819
RICHARD|NELSON|richard.nelson48@gmail.com|(763) 555-5166|8808 Cedar Ln|Oxford|NV|60995-3887|02/24/1942|8644|VA006820
JOSEPH|JOHNSON|joseph.johnson24@gmail.com|7769355025|6165 Oak Ave|Fairview|ut|92733|1941-10-21|2066|VA006821
SUSAN|MARTIN|susan.martin81@yahoo.com|949-516-9057|2440 Park Blvd|Fairview|MN|83181|05-Nov-1977|2361|VA006822
CHRISTOPHER|WILLIAMS|christopher.williams60@aol.com|+16864234873|1756 Park Blvd|Marion|NM|95596-6573|09-08-1979|5871|VA006823
ASHLEY|YOUNG|ashley.young48@aol.com|660.652.6238|9838 Forest Ave|Salem|NV|73229|03/12/1959|9306|VA006824
JESSICA|WALKER|jessica.walker50@outlook.com|(418) 437-2644|1344 River Dr|Burlington|nh|68002|1953-06-28|7299|VA006825
LISA|THOMPSON||2268354098|4790 Lincoln Ave|Franklin|IA|67865-3147|16-Jun-1961|5114|VA006826
ANTHONY|SCOTT||858-721-1549|8356 Jefferson Dr|Manchester|WY|94466|04-29-1954|4637|VA006827
PATRICIA|GARCIA|patricia.garcia36@icloud.com|+14093793976|4788 Park Blvd|Madison|DE|65248|02/19/1969|6151|VA006828
JENNIFER|DAVIS|jennifer.davis57@aol.com|828.893.4098|725 Cedar Ln|Marion|de|48730-6541|1981-10-02|7430|VA006829
BETTY|GARCIA||(663) 634-7561|4512 Lincoln Ave|Georgetown|OK|17013|09-Dec-1981|2418|VA006830
NANCY|BROWN|nancy.brown75@hotmail.com|8807336813|2773 River Dr|Greenville|Ohi.|47198|10-11-1960|8546|VA006831
DANIEL|NELSON||503-348-6771|2544 Forest Ave|Burlington|MO|91043-4912|07/15/1973|6296|VA006832
MARGARET|NGUYEN|margaret.nguyen88@icloud.com|+12567401682|3082 Oak Ave|Madison|pa|84878|1988-09-11|3840|VA006833
SARAH|NELSON|sarah.nelson34@yahoo.com|903.807.6367|4617 Cedar Ln|Franklin|NE|58182|26-Apr-1956|7447|VA006834
JENNIFER|MILLER|jennifer.miller71@icloud.com|(285) 329-3477|1948 Main St|Franklin|OK|76392-2406|03-26-1973|5887|VA006835
WILLIAM|MILLER|william.miller43@aol.com|5612079981|801 Hill Rd|Dayton|NV|18381|06/20/1943|6121|VA006836
NANCY|HARRIS|nancy.harris44@yahoo.com|771-960-9814|1737 Lake Rd|Arlington|ct|34951|1978-11-02|3777|VA006837
WILLIAM|HILL||+14978925467|5158 Park Blvd|Georgetown|OR|56422-2974|08-Jul-2000|7721|VA006838
ROBERT|NGUYEN||745.383.3462|5489 Lake Rd|Oxford|AK|66604|07-16-2001|1788|VA006839
BARBARA|WHITE|barbara.white85@icloud.com|(680) 305-3207|3088 Valley Ln|Fairview|KS|17251|06/17/1976|6508|VA006840
BARBARA|HILL|barbara.hill40@gmail.com|2834185500|2825 Hill Rd|Manchester|ny|32624-6212|2004-07-16|3923|VA006841
MARY|THOMPSON|mary.thompson50@aol.com|429-511-2533|7972 Park Blvd|Manchester|WI|28688|24-Jul-1981|9033|VA006842
RICHARD|WILSON|richard.wilson39@yahoo.com|+13733315978|7058 River Dr|Burlington|SC|19206|09-11-1980|9782|VA006843
MARY|JOHNSON|mary.johnson79@gmail.com|545.457.7160|202 River Dr|Dayton|AL|22606-2769|07/19/1970|5682|VA006844
CHRISTOPHER|TORRES|christopher.torres80@hotmail.com|(797) 848-5343|7252 Washington St|Franklin|mn|56344|1996-05-16|4909|VA006845
ASHLEY|TORRES|ashley.torres19@outlook.com|9237867023|2380 Main St|Salem|SD|97607|27-Aug-1984|4191|VA006846
KAREN|WALKER|karen.walker68@icloud.com|966-263-4162|2723 Main St|Salem|RI|61118-2972|07-31-1965|5790|VA006847
LINDA|BAKER|linda.baker76@hotmail.com|+19249972119|2319 Hill Rd|Richmond|WI|78562|01/07/1975|8031|VA006848
MATTHEW|GARCIA|matthew.garcia18@gmail.com|336.786.5219|5884 Lake Rd|Dayton|me|66950|1991-10-02|8693|VA006849
KAREN|SMITH|karen.smith57@outlook.com|(283) 247-4100|2053 Valley Ln|Manchester|KS|57707-9310|22-Mar-1962|5950|VA006850
JOHN|ANDERSON|john.anderson93@icloud.com|5878311685|802 Oak Ave|Georgetown|Ill.|87186|04-19-1979|5515|VA006851
NANCY|ANDERSON|nancy.anderson94@outlook.com|851-595-2687|897 Forest Ave|Arlington|ME|60195|12/20/1965|5137|VA006852
JOSEPH|GARCIA||+13317472749|5204 River Dr|Marion|ks|82455-8117|1980-05-12|1460|VA006853
NANCY|BAKER|nancy.baker71@aol.com|349.528.6681|6669 Maple Dr|Oxford|MT|58773|09-Dec-1981|6692|VA006854
MATTHEW|KING|matthew.king68@icloud.com|(840) 903-6752|603 Park Blvd|Oxford|ID|92157|08-15-1956|4320|VA006855
JOHN|HALL|john.hall53@hotmail.com|3372191763|749 Sunset Blvd|Marion|OK|74578-7923|04/30/1980|3090|VA006856
MARY|ANDERSON|mary.anderson77@outlook.com|977-739-9154|1844 Cedar Ln|Salem|va|52844|1952-05-28|9502|VA006857
CHRISTOPHER|MARTIN|christopher.martin71@yahoo.com|+19969188800|3119 Forest Ave|Richmond|NV|42446|02-Apr-1944|8681|VA006858
ASHLEY|JOHNSON|ashley.johnson13@hotmail.com|359.895.6700|5200 Park Blvd|Oxford|WY|26832-8576|10-12-1999|4955|VA006859
WILLIAM|WRIGHT|william.wright54@aol.com|(498) 232-4057|8880 Sunset Blvd|Georgetown|ME|45354|06/29/1970|9751|VA006860
MICHAEL|BAKER|michael.baker95@icloud.com|6372706748|1468 Maple Dr|Springfield|tn|44667|1987-10-05|7131|VA006861
JOSEPH|BAKER|joseph.baker32@icloud.com|849-855-2676|8463 Jefferson Dr|Manchester|ND|23704-8953|30-Jun-1968|7805|VA006862
DANIEL|BROWN|daniel.brown74@icloud.com|+19912695421|1255 Main St|Franklin|CO|26939|01-29-1944|2338|VA006863
JESSICA|BROWN|jessica.brown68@hotmail.com|660.965.6628|2439 Park Blvd|Arlington|MS|31145|04/06/1950|7398|VA006864
MARY|NGUYEN|mary.nguyen79@outlook.com|(926) 420-9463|5310 River Dr|Oxford|tx|27097-9313|1956-09-01|6906|VA006865
BARBARA|WHITE|barbara.white50@gmail.com|3642139407|1308 Oak Ave|Franklin|IN|77548|19-Feb-1981|7149|VA006866
SARAH|ANDERSON|sarah.anderson6@hotmail.com|886-479-4837|7223 Oak Ave|Manchester|Ill.|89208|06-08-1965|8899|VA006867
JAMES|ANDERSON|james.anderson65@icloud.com|+14259953700|8593 Maple Dr|Fairview|IA|18377-4085|01/25/1983|8736|VA006868
MARGARET|BAKER||662.699.3937|6654 Lincoln Ave|Burlington|co|53026|1978-09-20|9947|VA006869
LISA|ANDERSON|lisa.anderson58@outlook.com|(248) 443-1778|4460 Main St|Oxford|WY|36963|03-Jul-1964|7686|VA006870
DAVID|WALKER|david.walker99@outlook.com|3833105584|9834 Maple Dr|Clinton|CO|47173-3350|09-18-1954|6849|VA006871
CHARLES|HALL||760-381-6001|3595 Cedar Ln|Clinton|DE|62752|03/01/1940|7967|VA006872
SANDRA|JACKSON|sandra.jackson75@aol.com|+19118488130|4325 Washington St|Richmond|ak|15892|1970-03-05|4823|VA006873
LISA|WALKER|lisa.walker41@aol.com|345.893.2768|2432 Valley Ln|Springfield|NE|40942-5033|31-Jan-1941|8754|VA006874
MARY|DAVIS|mary.davis77@hotmail.com|(300) 842-6536|2439 Cedar Ln|Madison|VT|65387|01-26-1975|6219|VA006875
JESSICA|NGUYEN|jessica.nguyen32@yahoo.com|4178235800|7659 Maple Dr|Greenville|KY|36797|07/18/2000|9945|VA006876
LINDA|WHITE|linda.white73@aol.com|699-943-9839|5902 Oak Ave|Greenville|md|62780-6900|1946-02-18|3698|VA006877
PATRICIA|MARTIN|patricia.martin85@gmail.com|+13455602510|5989 Lincoln Ave|Georgetown|KY|65387|08-Dec-1947|6678|VA006878
LINDA|WILSON|linda.wilson61@outlook.com|336.790.5205|1032 River Dr|Fairview|KS|87062|08-03-1954|4826|VA006879
CHARLES|THOMPSON|charles.thompson39@gmail.com|(704) 994-4382|2913 Cedar Ln|Madison|TN|30706-8751|12/01/1969|3041|VA006880
DANIEL|KING||3518398247|1171 River Dr|Burlington|sd|81660|1947-03-11|6273|VA006881
MARY|YOUNG|mary.young32@outlook.com|594-285-7346|2687 Main St|Franklin|NH|29795|24-Nov-1992|6331|VA006882
JAMES|THOMAS|james.thomas3@aol.com|+14837165392|4563 Valley Ln|Richmond|WV|42027-7582|08-24-1941|9806|VA006883
PATRICIA|GARCIA|patricia.garcia65@gmail.com|509.511.4795|985 River Dr|Georgetown|UT|70873|05/25/1983|3078|VA006884
PATRICIA|HALL|patricia.hall54@icloud.com|(265) 433-7267|2716 Cedar Ln|Clinton|wa|45724|1972-08-31|4466|VA006885
MARY|WILLIAMS|mary.williams89@gmail.com|9602921105|2996 Washington St|Clinton|NV|51688-3526|23-Jul-1991|5755|VA006886
ANTHONY|JONES|anthony.jones73@outlook.com|204-297-4386|3933 Park Blvd|Marion|WI|57959|08-01-2000|4109|VA006887
DAVID|TAYLOR|david.taylor12@aol.com|+18082892865|3342 Lincoln Ave|Madison|WV|40569|07/03/1963|9230|VA006888
LINDA|NELSON|linda.nelson89@hotmail.com|392.948.7430|6798 River Dr|Springfield|ky|50638-6961|1988-09-07|4041|VA006889
RICHARD|SCOTT|richard.scott31@yahoo.com|(448) 813-1241|2584 Valley Ln|Manchester|MT|58132|11-Aug-2000|2497|VA006890
SANDRA|DAVIS||3658568788|2945 Forest Ave|Burlington|MS|30739|04-14-1950|6633|VA006891
PATRICIA|WILLIAMS|patricia.williams5@icloud.com|558-376-3464|3406 Hill Rd|Fairview|MS|31548-1835|04/09/1953|4446|VA006892
SUSAN|NELSON||+12099643462|8578 Hill Rd|Oxford|nd|99618|1960-03-07|9152|VA006893
MICHAEL|HARRIS|michael.harris96@icloud.com|304.899.7415|5075 River Dr|Fairview|ND|59574|31-Mar-1995|4455|VA006894
RICHARD|MILLER|richard.miller99@outlook.com|(812) 307-2684|1840 Lake Rd|Marion|MT|64387-9982|06-14-1945|4178|VA006895
MARK|SMITH|mark.smith30@hotmail.com|5562773416|9223 Oak Ave|Dayton|SC|52071|07/08/1988|8737|VA006896
SANDRA|TORRES|sandra.torres1@aol.com|686-918-3215|4129 Main St|Fairview|mt|47594|1987-02-07|1661|VA006897
BETTY|WHITE|betty.white56@aol.com|+18002451990|4376 Cedar Ln|Fairview|Texas|73490-4472|12-Jun-1962|8360|VA006898
LISA|ANDERSON|lisa.anderson60@aol.com|367.776.7178|2951 Washington St|Clinton|IA|31504|03-26-2004|8796|VA006899
SARAH|HALL|sarah.hall17@aol.com|(513) 739-9934|5960 Jefferson Dr|Oxford|OK|46682|10/11/1970|4403|VA006900
CHARLES|SMITH|charles.smith71@yahoo.com|8789481800|8313 Forest Ave|Oxford|or|37952-6863|1959-08-23|4385|VA006901
MARK|TORRES|mark.torres25@gmail.com|307-467-9944|374 Lincoln Ave|Fairview|KY|15106|15-Jan-1946|6512|VA006902
JOSEPH|MILLER|joseph.miller3@outlook.com|+13808868669|8954 Washington St|Madison|ID|12819|09-18-2000|8168|VA006903
RICHARD|WILSON|richard.wilson43@aol.com|798.638.4797|1523 Hill Rd|Marion|NY|93728-6372|04/13/1950|9697|VA006904
MARGARET|BROWN|margaret.brown46@gmail.com|(312) 333-3406|3346 Maple Dr|Salem|co|39758|1953-08-06|1371|VA006905
JESSICA|BROWN|jessica.brown59@gmail.com|3358956385|3941 Main St|Georgetown|KY|49996|28-Apr-1978|9852|VA006906
KAREN|MILLER|karen.miller63@aol.com|453-689-1058|8741 River Dr|Fairview|Nor.|28477-2080|07-12-1992|9884|VA006907
KAREN|DAVIS|karen.davis54@icloud.com|+14139001460|1178 Hill Rd|Arlington|OK|48829|12/14/1967|6451|VA006908
DAVID|WRIGHT||922.448.5431|3347 Oak Ave|Richmond|nv|30127|1994-09-03|3903|VA006909
JOHN|ANDERSON|john.anderson77@yahoo.com|(839) 899-1828|3771 Main St|Arlington|KY|38917-1969|26-Oct-1996|8266|VA006910
BARBARA|DAVIS|barbara.davis83@gmail.com|6257675709|7370 Valley Ln|Springfield|ND|99647|03-09-1966|1183|VA006911
WILLIAM|DAVIS|william.davis67@icloud.com|970-272-3558|5554 Hill Rd|Arlington|AR|34301|09/17/1968|7421|VA006912
CHRISTOPHER|DAVIS|christopher.davis10@outlook.com|+17128049085|6777 Maple Dr|Salem|ky|78466-2272|1951-11-22|2318|VA006913
JESSICA|ADAMS|jessica.adams67@icloud.com|765.387.3380|3490 Lake Rd|Arlington|DE|63258|03-Mar-1984|1829|VA006914
MATTHEW|KING|matthew.king75@yahoo.com|(206) 850-9818|8564 Oak Ave|Richmond|TN|44917|03-11-1962|2229|VA006915
DAVID|NGUYEN||2573822851|9172 Maple Dr|Salem|VA|70989-8191|02/10/2001|4283|VA006916
ASHLEY|DAVIS|ashley.davis55@outlook.com|694-553-2106|7064 Lake Rd|Fairview|nh|60845|1981-01-11|1412|VA006917
ASHLEY|HALL|ashley.hall68@aol.com|+12659756547|9091 Cedar Ln|Richmond|WI|47667|19-Sep-1978|6573|VA006918
JAMES|TORRES|james.torres16@icloud.com|644.968.8444|5825 Oak Ave|Marion|NE|63866-2323|12-18-1978|2046|VA006919
CHARLES|ALLEN|charles.allen26@hotmail.com|(755) 701-6049|4402 Hill Rd|Georgetown|IL|25827|06/12/1952|5391|VA006920
DAVID|HALL||7268323895|9261 River Dr|Madison|nv|24311|1993-10-10|2556|VA006921
CHARLES|BROWN|charles.brown63@outlook.com|459-572-9534|4876 Sunset Blvd|Franklin|VT|37145-4908|16-Apr-1962|9162|VA006922
BETTY|NGUYEN|betty.nguyen6@icloud.com|+18752613992|6382 Main St|Madison|NE|87481|07-30-1941|2702|VA006923
SUSAN|HALL|susan.hall42@aol.com|700.236.8264|8535 Forest Ave|Greenville|UT|30285|03/24/1959|6334|VA006924
ROBERT|DAVIS|robert.davis16@gmail.com|(708) 478-6842|2845 Sunset Blvd|Franklin|ms|70044-6159|1979-02-05|6815|VA006925
THOMAS|NGUYEN|thomas.nguyen80@yahoo.com|9404997912|8237 River Dr|Richmond|Illinois|37720|03-Jan-1955|2148|VA006926
MARGARET|ALLEN||459-833-3839|3435 River Dr|Richmond|NJ|92871|02-27-1942|6396|VA006927
CHARLES|JONES||+13539207798|4152 Lake Rd|Marion|NJ|18274-4896|12/06/1973|7291|VA006928
MARGARET|GARCIA||636.253.1063|3477 Forest Ave|Dayton|va|65901|1957-12-20|8746|VA006929
DANIEL|SCOTT||(953) 417-8631|8163 Cedar Ln|Burlington|AK|82077|27-Oct-1979|2094|VA006930
JOHN|WILSON|john.wilson16@gmail.com|7973269378|3325 Valley Ln|Franklin|IN|48596-9581|01-19-1955|4722|VA006931
PATRICIA|JACKSON||923-333-8364|4908 Cedar Ln|Fairview|AR|37941|06/22/1979|3887|VA006932
LINDA|ADAMS|linda.adams35@icloud.com|+17424681650|6688 Forest Ave|Clinton|ky|62667|1981-10-28|8617|VA006933
MARK|THOMAS|mark.thomas74@gmail.com|874.697.1912|6774 Washington St|Dayton|UT|96828-8847|03-Apr-1955|7425|VA006934
MARGARET|THOMPSON|margaret.thompson48@icloud.com|(256) 794-6322|7389 Main St|Manchester|Pen.|35385|03-16-1963|1481|VA006935
JAMES|HALL|james.hall96@outlook.com|8316406131|1762 Valley Ln|Richmond|ND|58254|10/24/1944|6955|VA006936
SANDRA|NGUYEN|sandra.nguyen52@aol.com|610-728-6424|1882 River Dr|Oxford|id|18720-5240|1982-10-06|7073|VA006937
BETTY|JOHNSON|betty.johnson1@yahoo.com|+15194413882|7487 Oak Ave|Marion|AR|96881|11-Feb-1960|1725|VA006938
RICHARD|WALKER|richard.walker61@aol.com|775.357.1061|2943 Oak Ave|Springfield|MD|50166|02-15-1979|5171|VA006939
SARAH|NELSON|sarah.nelson45@outlook.com|(576) 266-8316|1464 Park Blvd|Georgetown|HI|31987-6094|10/21/1967|2144|VA006940
MICHAEL|WRIGHT|michael.wright57@hotmail.com|5136063221|1780 Washington St|Clinton|id|47753|1964-01-15|9748|VA006941
SUSAN|HALL|susan.hall96@yahoo.com|865-342-3328|1880 Park Blvd|Fairview|IA|95687|30-Jun-1987|8350|VA006942
MARGARET|MILLER|margaret.miller10@icloud.com|+14425313685|977 Forest Ave|Clinton|NE|73848-6648|04-12-1993|9524|VA006943
ANTHONY|ANDERSON|anthony.anderson94@yahoo.com|651.721.4052|3041 Sunset Blvd|Dayton|NV|54213|10/30/1980|1508|VA006944
JOHN|YOUNG|john.young53@icloud.com|(284) 451-2454|5496 Oak Ave|Clinton|ne|95836|1991-03-29|1345|VA006945
MARY|YOUNG|mary.young64@outlook.com|3372761650|7354 Sunset Blvd|Georgetown|ID|48287-9359|26-Sep-2001|1848|VA006946
SARAH|GARCIA|sarah.garcia45@icloud.com|477-887-1888|3924 Washington St|Oxford|Geo.|41353|11-14-1945|7265|VA006947
WILLIAM|JONES|william.jones48@icloud.com|+18204916911|6154 Sunset Blvd|Richmond|LA|30668|03/07/2002|1635|VA006948
ROBERT|DAVIS|robert.davis5@aol.com|703.742.9426|6784 Maple Dr|Salem|oh|93930-8753|1946-05-28|5182|VA006949
JAMES|WRIGHT|james.wright78@outlook.com|(453) 219-5872|7719 River Dr|Madison|NJ|48451|09-Jun-1973|9825|VA006950
CHRISTOPHER|SCOTT|christopher.scott54@yahoo.com|5168826351|3450 Cedar Ln|Salem|Geo.|30344|04-20-1943|2301|VA006951
THOMAS|TAYLOR|thomas.taylor61@aol.com|500-225-4799|6935 Washington St|Richmond|NV|49080-7722|12/10/1941|2087|VA006952
ROBERT|THOMAS|robert.thomas4@outlook.com|+12959852769|172 Main St|Arlington|fl|43485|1980-04-20|2534|VA006953
JENNIFER|HARRIS|jennifer.harris13@yahoo.com|792.308.6259|9034 Jefferson Dr|Richmond|Illinois|59128|26-Jan-2002|7188|VA006954
THOMAS|MARTIN|thomas.martin39@gmail.com|(303) 942-7498|5897 River Dr|Springfield|Nor.|90462-8249|12-05-1943|6605|VA006955
JENNIFER|JOHNSON|jennifer.johnson53@aol.com|4119378726|7592 Park Blvd|Georgetown|ME|29241|06/10/1942|8778|VA006956
JENNIFER|SCOTT||632-375-2012|7091 Cedar Ln|Marion|mi|73144|1962-07-25|8321|VA006957
SARAH|THOMPSON|sarah.thompson98@yahoo.com|+13538783180|6113 Sunset Blvd|Springfield|RI|23661-7018|15-Jan-1973|6910|VA006958
ROBERT|MARTIN|robert.martin93@hotmail.com|329.904.1414|3375 Main St|Oxford|Mic.|93634|04-19-1947|3182|VA006959
LISA|THOMAS|lisa.thomas13@icloud.com|(524) 701-2471|3661 Lincoln Ave|Burlington|IN|35599|04/06/1960|6094|VA006960
ANTHONY|KING|anthony.king80@yahoo.com|4993366953|2265 Washington St|Salem|nc|42389-9063|1959-03-20|8144|VA006961
DAVID|ANDERSON|david.anderson88@hotmail.com|650-892-1536|5857 Maple Dr|Dayton|CO|78786|03-Dec-1982|4647|VA006962
DAVID|BROWN|david.brown23@outlook.com|+19905538850|9526 Cedar Ln|Fairview|ID|45247|02-09-1992|4159|VA006963
JOSEPH|TAYLOR|joseph.taylor25@aol.com|340.887.5435|6907 Lincoln Ave|Salem|IN|25618-8562|11/02/2001|9548|VA006964
ROBERT|WALKER|robert.walker51@icloud.com|(457) 733-4633|1388 Cedar Ln|Springfield|ne|60836|1998-02-03|1092|VA006965
SUSAN|TORRES||8348879780|1796 River Dr|Arlington|Texas|38655|17-Sep-1946|9388|VA006966
WILLIAM|KING|william.king8@yahoo.com|343-423-4800|8926 Sunset Blvd|Manchester|MN|43756-7718|10-09-1961|8316|VA006967
SUSAN|SCOTT|susan.scott32@hotmail.com|+17749886200|2153 Lincoln Ave|Greenville|WI|55526|12/24/1946|3530|VA006968
ROBERT|TAYLOR||837.903.3223|4675 Main St|Clinton|sc|69523|1945-02-15|8727|VA006969
DANIEL|SCOTT|daniel.scott23@aol.com|(622) 573-4827|289 Main St|Clinton|MS|75272-4400|12-Aug-1950|2374|VA006970
SANDRA|MILLER||8392292024|7191 Main St|Burlington|MO|65506|04-13-1987|7158|VA006971
CHRISTOPHER|HILL|christopher.hill93@yahoo.com|335-598-2407|2171 Park Blvd|Salem|AK|96829|06/03/1982|8544|VA006972
MARY|DAVIS|mary.davis72@gmail.com|+15614545042|1679 Sunset Blvd|Arlington|oh|59063-1651|1966-05-28|4977|VA006973
NANCY|WHITE|nancy.white35@yahoo.com|332.820.1092|7704 River Dr|Georgetown|OK|27381|08-Jun-1962|5689|VA006974
DANIEL|TAYLOR|daniel.taylor96@gmail.com|(343) 723-4471|43 Main St|Clinton|ID|41324|09-23-1987|2846|VA006975
ANTHONY|BROWN|anthony.brown3@outlook.com|3722421223|8168 Sunset Blvd|Fairview|AK|27839-7508|06/23/1963|3830|VA006976
CHRISTOPHER|JACKSON|christopher.jackson91@outlook.com|843-427-1894|1448 Main St|Clinton|nd|35637|1990-02-10|3685|VA006977
MARK|HARRIS|mark.harris32@gmail.com|+16038068553|9386 Jefferson Dr|Manchester|Texas|27769|17-Feb-1955|5045|VA006978
LINDA|DAVIS||782.231.4334|7741 Forest Ave|Marion|HI|30431-2938|08-04-1979|4332|VA006979
JESSICA|HALL|jessica.hall89@yahoo.com|(638) 767-5559|4804 Main St|Clinton|KY|27598|10/28/2002|3682|VA006980
ASHLEY|SCOTT|ashley.scott36@gmail.com|3779661524|8055 Oak Ave|Greenville|nm|71736|1984-07-10|2888|VA006981
PATRICIA|SMITH|patricia.smith8@aol.com|674-325-6925|6296 Lincoln Ave|Madison|WI|95503-8601|15-Feb-1983|9709|VA006982
CHRISTOPHER|BAKER|christopher.baker33@hotmail.com|+13276309870|3404 Forest Ave|Marion|SD|87315|01-10-1953|7464|VA006983
JENNIFER|SMITH|jennifer.smith89@icloud.com|638.895.2066|6312 Forest Ave|Manchester|KS|38947|09/02/1951|6579|VA006984
LISA|SCOTT|lisa.scott70@icloud.com|(909) 844-5622|3644 Oak Ave|Franklin|il|99227-5544|1953-01-11|7386|VA006985
BETTY|ALLEN|betty.allen77@hotmail.com|6675318709|7157 Cedar Ln|Arlington|WI|74196|03-Jan-2003|9254|VA006986
CHRISTOPHER|SCOTT|christopher.scott76@aol.com|545-439-8594|2165 Oak Ave|Burlington|SD|58522|12-28-1948|9949|VA006987
JENNIFER|SCOTT|jennifer.scott79@aol.com|+16045286328|4461 Main St|Manchester|NJ|50792-9984|09/30/1944|7133|VA006988
SANDRA|WILSON||227.319.7104|8095 Lake Rd|Springfield|me|29469|1956-04-10|5571|VA006989
ROBERT|JOHNSON||(843) 288-6316|2763 Forest Ave|Franklin|DE|57745|21-Mar-1995|4191|VA006990
NANCY|ALLEN|nancy.allen41@aol.com|8078935571|2616 River Dr|Madison|AZ|73988-8215|01-05-1977|1393|VA006991
MATTHEW|THOMAS|matthew.thomas19@yahoo.com|906-754-4941|9286 Maple Dr|Madison|NY|34203|03/20/1997|1342|VA006992
DAVID|HARRIS|david.harris45@hotmail.com|+13894348539|3905 Lake Rd|Fairview|vt|43828|1990-09-25|8475|VA006993
MARK|WILSON|mark.wilson37@yahoo.com|800.810.9210|7245 Maple Dr|Madison|NH|36777-8043|29-Dec-1968|4512|VA006994
LISA|TORRES|lisa.torres16@hotmail.com|(436) 556-4845|9057 Park Blvd|Burlington|KY|74579|12-05-1940|5093|VA006995
JOHN|KING||6064278037|9884 Sunset Blvd|Richmond|AK|70135|09/18/1975|7704|VA006996
WILLIAM|HARRIS|william.harris12@gmail.com|490-528-2384|2655 Valley Ln|Madison|tx|90801-7198|1976-04-23|3827|VA006997
BARBARA|BAKER|barbara.baker45@yahoo.com|+14938457763|6071 Lake Rd|Salem|Pennsylvania|27289|10-Apr-1951|1610|VA006998
LISA|WRIGHT|lisa.wright17@yahoo.com|569.976.8437|9497 River Dr|Georgetown|Pen.|37383|04-10-1947|6012|VA006999
ASHLEY|WILLIAMS|ashley.williams22@outlook.com|(815) 963-7076|3571 Forest Ave|Richmond|NV|77121-2237|06/10/1988|3525|VA007000
JAMES|GARCIA|james.garcia50@hotmail.com|4104385769|8592 Oak Ave|Salem|ar|58319|1986-07-09|1180|VA007001
WILLIAM|WALKER|william.walker76@aol.com|308-555-6596|1610 Sunset Blvd|Richmond|NJ|73152|09-Mar-1964|5028|VA007002
SARAH|HALL|sarah.hall40@outlook.com|+19312907056|2502 Washington St|Franklin|IA|63301-2766|06-10-1999|7148|VA007003
MARY|BROWN|mary.brown6@gmail.com|569.359.5953|5478 Lake Rd|Fairview|KS|57584|11/01/1952|5618|VA007004
PATRICIA|THOMAS|patricia.thomas22@outlook.com|(714) 964-4471|2860 Hill Rd|Arlington|nj|38177|1953-02-05|3843|VA007005
SUSAN|WILSON|susan.wilson14@gmail.com|7927914935|5585 Hill Rd|Georgetown|Georgia|27214-5382|13-Jun-1980|5590|VA007006
CHARLES|KING|charles.king55@yahoo.com|850-611-2258|7338 Valley Ln|Dayton|Tex.|17172|11-13-1984|4526|VA007007
MATTHEW|HARRIS||+17749061506|4270 Lincoln Ave|Dayton|AZ|45740|08/18/1972|1774|VA007008
MARK|WHITE|mark.white88@aol.com|260.710.7396|1939 Hill Rd|Madison|wy|16857-6321|1964-04-08|4046|VA007009
MICHAEL|JOHNSON|michael.johnson26@gmail.com|(790) 625-8702|1355 Cedar Ln|Dayton|Pennsylvania|75518|03-May-1948|2886|VA007010
BARBARA|WILLIAMS|barbara.williams82@gmail.com|2928116674|4414 Main St|Manchester|VT|93395|03-15-1974|3908|VA007011
WILLIAM|WALKER|william.walker88@aol.com|492-836-2626|5248 Oak Ave|Salem|AL|59180-2757|08/08/1956|7352|VA007012
MARY|HARRIS|mary.harris49@aol.com|+15869314671|325 Forest Ave|Dayton|or|43855|1975-12-31|1550|VA007013
JAMES|WHITE|james.white8@gmail.com|430.381.2396|5359 Hill Rd|Burlington|CT|50117|07-Dec-1973|4437|VA007014
LINDA|JOHNSON|linda.johnson47@hotmail.com|(408) 505-9944|3319 Valley Ln|Burlington|MD|67802-9982|04-26-1973|4118|VA007015
ANTHONY|TORRES|anthony.torres42@yahoo.com|2884858385|3996 Lincoln Ave|Salem|OR|89997|12/12/1999|7209|VA007016
CHRISTOPHER|WALKER|christopher.walker79@yahoo.com|901-726-2394|714 Forest Ave|Marion|wa|28735|1985-12-15|4980|VA007017
KAREN|SCOTT||+18893939488|2675 Valley Ln|Marion|California|92408-8689|30-Jul-1940|9434|VA007018
MARGARET|TORRES|margaret.torres73@outlook.com|254.810.7599|5416 Main St|Franklin|NJ|71724|07-01-1953|8963|VA007019
MICHAEL|KING|michael.king96@aol.com|(700) 581-1160|2209 Valley Ln|Dayton|DE|10181|04/12/1975|8990|VA007020
JESSICA|MARTIN|jessica.martin46@yahoo.com|5959967191|2210 Park Blvd|Oxford|sd|26592-8773|1971-11-21|7143|VA007021
KAREN|JACKSON|karen.jackson26@yahoo.com|504-623-8254|6890 Lake Rd|Salem|MT|38562|18-Jul-1993|2708|VA007022
MICHAEL|MARTIN||+12856874234|1637 Hill Rd|Oxford|IN|88419|09-17-1983|5914|VA007023
THOMAS|MILLER|thomas.miller24@gmail.com|813.970.3738|8909 Lake Rd|Richmond|MA|99780-8891|01/04/1967|5447|VA007024
MATTHEW|WHITE||(399) 733-5593|4171 Lake Rd|Greenville|me|90485|1998-08-24|1276|VA007025
DAVID|ADAMS|david.adams27@yahoo.com|6194738130|6661 River Dr|Greenville|OK|96066|14-Oct-1952|1154|VA007026
ROBERT|WALKER|robert.walker18@aol.com|495-742-2199|1797 Jefferson Dr|Manchester|SD|74637-9989|01-24-2000|5566|VA007027
ANTHONY|GARCIA|anthony.garcia43@aol.com|+17798584582|7540 Main St|Marion|DE|16482|02/28/1961|6663|VA007028
CHARLES|WRIGHT||707.924.1141|8924 Main St|Madison|mi|71251|1962-12-14|8335|VA007029
MATTHEW|NELSON|matthew.nelson75@yahoo.com|(920) 599-4280|9166 Valley Ln|Manchester|SD|80858-5070|20-Sep-1983|5412|VA007030
ANTHONY|SCOTT|anthony.scott16@outlook.com|7933592156|6856 Lake Rd|Franklin|MD|81489|10-28-1950|2035|VA007031
JESSICA|SCOTT|jessica.scott85@hotmail.com|580-855-9273|9902 Lincoln Ave|Arlington|ME|31437|04/20/1942|3181|VA007032
MARY|WALKER||+17253642930|8404 Valley Ln|Dayton|wa|68699-8174|1954-01-07|3529|VA007033
BARBARA|KING|barbara.king68@yahoo.com|363.549.7235|5506 Forest Ave|Oxford|NV|31020|16-Jan-1985|5418|VA007034
MARK|JACKSON|mark.jackson74@aol.com|(790) 534-6236|6860 Maple Dr|Marion|NJ|58792|09-27-1945|5300|VA007035
JOHN|THOMPSON|john.thompson95@hotmail.com|9037353604|3301 Main St|Marion|ND|26926-6361|05/26/1994|6242|VA007036
DAVID|WILSON|david.wilson40@yahoo.com|216-542-7589|8186 Main St|Manchester|ne|30094|1967-11-05|7898|VA007037
MATTHEW|ALLEN|matthew.allen25@outlook.com|+15742775797|6559 Valley Ln|Springfield|MA|88036|05-Oct-1999|2402|VA007038
MARK|JONES|mark.jones72@outlook.com|626.259.6315|9562 Hill Rd|Clinton|WI|68953-4150|05-07-1988|8245|VA007039
NANCY|KING|nancy.king83@yahoo.com|(740) 792-6234|1790 Lincoln Ave|Madison|DE|15892|10/17/1962|1083|VA007040
MARY|ALLEN|mary.allen50@icloud.com|6459557467|3348 Main St|Dayton|ri|61796|1986-10-02|3898|VA007041
JOSEPH|SCOTT|joseph.scott1@yahoo.com|530-697-3512|7990 Oak Ave|Fairview|TN|76562-7765|27-Aug-1964|3707|VA007042
THOMAS|DAVIS|thomas.davis28@yahoo.com|+12429434107|7363 Park Blvd|Dayton|Ill.|54190|04-02-1958|5593|VA007043
SUSAN|BROWN|susan.brown87@hotmail.com|645.762.5691|7213 Jefferson Dr|Fairview|WY|69387|09/22/1942|6800|VA007044
MARGARET|WRIGHT||(400) 831-4180|898 Lincoln Ave|Richmond|ia|76788-9925|1940-11-16|4119|VA007045
WILLIAM|GARCIA|william.garcia33@icloud.com|9373179940|9710 Hill Rd|Georgetown|NE|79049|03-Dec-1960|6646|VA007046
SANDRA|SMITH|sandra.smith17@gmail.com|538-234-4765|8885 River Dr|Burlington|RI|42869|07-08-1985|5781|VA007047
RICHARD|JONES|richard.jones69@hotmail.com|+19053246027|1552 Maple Dr|Oxford|WV|30459-2512|05/20/1981|6957|VA007048
JESSICA|WHITE|jessica.white76@outlook.com|246.896.7616|8692 Cedar Ln|Burlington|ok|30827|1989-08-01|3697|VA007049
ROBERT|NGUYEN|robert.nguyen49@gmail.com|(711) 457-5146|4527 Sunset Blvd|Marion|Texas|95887|13-Feb-1967|8477|VA007050
THOMAS|TORRES|thomas.torres67@icloud.com|8714754077|5939 Lincoln Ave|Fairview|WA|81825-8083|08-14-1948|6801|VA007051
WILLIAM|HARRIS|william.harris80@gmail.com|940-568-9119|9492 Maple Dr|Fairview|HI|96850|08/27/1945|9885|VA007052
LINDA|THOMPSON|linda.thompson25@gmail.com|+13324006179|9167 Park Blvd|Marion|vt|44806|1953-10-19|1999|VA007053
MICHAEL|NELSON|michael.nelson62@aol.com|429.426.4665|6690 Park Blvd|Marion|MN|20876-8042|21-Oct-1984|8170|VA007054
RICHARD|MARTIN|richard.martin71@yahoo.com|(422) 751-2267|5281 Lake Rd|Richmond|CT|29606|06-16-1961|5993|VA007055
KAREN|HARRIS|karen.harris72@gmail.com|2037102702|2271 Lake Rd|Arlington|PA|23686|08/08/1940|3771|VA007056
MARY|HILL|mary.hill39@hotmail.com|370-289-9589|5246 Oak Ave|Greenville|ar|42658-9379|1997-07-18|7335|VA007057
LISA|KING|lisa.king28@gmail.com|+19143592219|768 Hill Rd|Franklin|DE|99385|26-Aug-1943|4553|VA007058
SARAH|WILLIAMS|sarah.williams57@icloud.com|394.343.1584|3164 Main St|Burlington|Pen.|41258|11-22-1983|7369|VA007059
JOHN|WILSON|john.wilson97@yahoo.com|(815) 681-3749|5210 Lake Rd|Greenville|TX|90019-9963|02/05/1943|7610|VA007060
SUSAN|KING|susan.king55@aol.com|6142275687|9708 Sunset Blvd|Georgetown|fl|29995|1970-10-30|5287|VA007061
CHRISTOPHER|TAYLOR|christopher.taylor68@hotmail.com|270-718-8998|8079 Hill Rd|Salem|MO|22536|23-Jan-1963|9936|VA007062
THOMAS|BROWN|thomas.brown93@hotmail.com|+16566935087|5785 Maple Dr|Oxford|AK|25918-9700|08-08-2000|6904|VA007063
CHRISTOPHER|JACKSON|christopher.jackson76@yahoo.com|800.521.2904|2299 Sunset Blvd|Madison|UT|95073|09/23/1994|1212|VA007064
DANIEL|ADAMS||(245) 544-9929|5430 Hill Rd|Richmond|ct|22779|1953-01-07|3662|VA007065
KAREN|THOMAS|karen.thomas82@yahoo.com|4177239002|3809 Valley Ln|Madison|RI|44555-4086|22-Nov-1982|3593|VA007066
BETTY|HARRIS|betty.harris63@yahoo.com|428-432-7655|6255 Oak Ave|Richmond|KY|38538|10-10-1994|2201|VA007067
WILLIAM|THOMPSON||+17773095114|9104 Park Blvd|Fairview|ND|57645|05/15/1990|5410|VA007068
ROBERT|HILL|robert.hill42@icloud.com|524.963.1384|4531 Park Blvd|Burlington|wv|13320-4417|1973-04-29|9189|VA007069
DAVID|TAYLOR|david.taylor58@outlook.com|(928) 347-7567|3259 Valley Ln|Madison|NV|88672|21-Nov-1998|2502|VA007070
JAMES|MILLER|james.miller35@gmail.com|4518527646|5544 Sunset Blvd|Fairview|Flo.|87110|04-03-1986|6294|VA007071
CHARLES|SMITH|charles.smith23@outlook.com|610-799-1355|4396 Lake Rd|Springfield|UT|83136-8829|09/22/1956|1268|VA007072
THOMAS|WILSON|thomas.wilson29@aol.com|+16155616653|7977 Lincoln Ave|Salem|ri|10864|1985-01-08|3276|VA007073
BETTY|NGUYEN|betty.nguyen22@aol.com|276.859.4749|6582 Washington St|Marion|WI|99635|27-May-1943|9655|VA007074
JESSICA|TAYLOR|jessica.taylor51@yahoo.com|(818) 692-2302|8202 Main St|Richmond|CO|28279-5895|01-03-1944|7318|VA007075
SANDRA|HARRIS|sandra.harris15@outlook.com|4472689003|4840 Sunset Blvd|Dayton|SD|22523|06/23/1995|4648|VA007076
CHRISTOPHER|MARTIN|christopher.martin92@gmail.com|381-768-1098|2280 Washington St|Burlington|ky|18919|1972-02-13|9689|VA007077
DANIEL|WALKER|daniel.walker10@aol.com|+19289712999|4254 Forest Ave|Manchester|OR|16262-1151|12-Jun-1972|4823|VA007078
LISA|WILLIAMS||389.302.2991|4475 Cedar Ln|Arlington|TN|68443|07-18-1997|9145|VA007079
ROBERT|WILSON|robert.wilson40@gmail.com|(228) 277-2734|5485 Park Blvd|Madison|OK|41043|06/07/1961|3831|VA007080
CHRISTOPHER|TAYLOR|christopher.taylor41@gmail.com|6036403985|6982 Cedar Ln|Georgetown|nh|52421-5004|1966-08-03|9358|VA007081
SARAH|NELSON|sarah.nelson78@aol.com|289-524-6191|8846 Forest Ave|Franklin|OK|71807|19-Apr-1951|6098|VA007082
NANCY|SCOTT|nancy.scott37@yahoo.com|+12896581917|7036 Forest Ave|Manchester|OK|35837|09-08-1974|8948|VA007083
CHARLES|SCOTT|charles.scott87@aol.com|887.836.7855|2341 Lincoln Ave|Burlington|NE|17456-4160|06/13/1956|1888|VA007084
SARAH|NGUYEN|sarah.nguyen63@yahoo.com|(866) 320-7961|4002 Lake Rd|Greenville|vt|11211|1975-10-23|9238|VA007085
NANCY|MARTIN|nancy.martin88@icloud.com|4213533956|3751 Valley Ln|Franklin|Illinois|26697|06-Jun-1999|2086|VA007086
MATTHEW|ALLEN|matthew.allen72@aol.com|747-991-5399|3854 River Dr|Oxford|RI|81022-9686|11-28-1965|9957|VA007087
JENNIFER|THOMPSON|jennifer.thompson22@gmail.com|+19457341953|3185 Lake Rd|Oxford|NH|14543|12/24/1972|5703|VA007088
JOHN|JONES|john.jones63@yahoo.com|802.216.9617|7054 Valley Ln|Richmond|tn|43633|1999-10-08|4765|VA007089
PATRICIA|HARRIS|patricia.harris75@outlook.com|(778) 688-1837|9878 Valley Ln|Dayton|OK|94443-3019|13-Dec-1963|6975|VA007090
MATTHEW|BAKER|matthew.baker29@aol.com|8434129924|4863 Jefferson Dr|Salem|Mic.|90306|04-27-1967|4301|VA007091
MARK|YOUNG|mark.young48@yahoo.com|248-397-5085|8129 Park Blvd|Franklin|VA|37533|03/22/1965|3242|VA007092
BETTY|ALLEN||+12842458820|3723 Hill Rd|Arlington|mn|27608-2875|1940-10-05|4568|VA007093
NANCY|BROWN|nancy.brown35@aol.com|820.917.3247|6863 Jefferson Dr|Arlington|CT|77054|25-Jun-2004|2928|VA007094
SUSAN|SCOTT|susan.scott60@hotmail.com|(299) 888-3063|9105 River Dr|Springfield|WA|96615|04-11-2003|5079|VA007095
SARAH|HARRIS|sarah.harris44@icloud.com|4914756309|4414 Jefferson Dr|Franklin|IA|24671-7473|03/05/1947|1309|VA007096
KAREN|NGUYEN||815-208-5459|4814 Lake Rd|Oxford|oh|90421|1982-10-10|4063|VA007097
ASHLEY|THOMPSON|ashley.thompson90@yahoo.com|+12129981585|9337 Washington St|Salem|California|52526|01-Feb-1963|8997|VA007098
LINDA|KING|linda.king18@yahoo.com|982.765.2404|4990 Cedar Ln|Fairview|DE|63252-7622|09-03-1946|8067|VA007099
KAREN|THOMPSON|karen.thompson26@icloud.com|(684) 321-1750|3396 Lake Rd|Dayton|MI|83443|05/21/1964|6862|VA007100
CHRISTOPHER|WILLIAMS|christopher.williams39@aol.com|4276395897|8441 Forest Ave|Salem|or|46161|1977-05-28|8287|VA007101
ROBERT|NGUYEN|robert.nguyen3@aol.com|738-771-2741|5507 Maple Dr|Fairview|RI|39401-9994|24-Apr-1999|1875|VA007102
PATRICIA|YOUNG|patricia.young45@yahoo.com|+15698415429|3445 Lincoln Ave|Oxford|MA|77500|07-24-1981|1071|VA007103
ANTHONY|WHITE|anthony.white43@outlook.com|238.340.7392|7792 Washington St|Madison|CT|32569|04/01/1947|7479|VA007104
JAMES|WHITE|james.white67@outlook.com|(521) 241-3436|7809 Jefferson Dr|Arlington|oh|67599-4496|1997-07-16|4160|VA007105
WILLIAM|ANDERSON|william.anderson54@hotmail.com|4185034266|9827 Maple Dr|Madison|MO|88968|12-Nov-1970|6647|VA007106
MARGARET|JOHNSON|margaret.johnson64@gmail.com|454-350-6868|1455 Forest Ave|Richmond|AL|72130|11-05-1999|7734|VA007107
LINDA|NELSON|linda.nelson67@aol.com|+17434001594|6250 Lake Rd|Springfield|WI|39960-3679|01/27/1948|3601|VA007108
RICHARD|TORRES|richard.torres85@icloud.com|593.656.5130|87 Main St|Franklin|sd|78038|2004-07-31|5913|VA007109
THOMAS|NELSON|thomas.nelson68@gmail.com|(686) 514-5493|2660 Lake Rd|Madison|LA|88932|04-Nov-1954|3485|VA007110
LISA|TAYLOR|lisa.taylor25@yahoo.com|2027777773|9032 Lincoln Ave|Richmond|IN|97138-1266|05-29-1999|9346|VA007111
RICHARD|MILLER|richard.miller59@yahoo.com|680-297-6402|4127 Hill Rd|Burlington|IL|64186|06/12/1955|9765|VA007112
ANTHONY|JACKSON|anthony.jackson27@hotmail.com|+13026715212|1638 Maple Dr|Clinton|oh|42166|1945-12-23|9334|VA007113
SANDRA|THOMAS|sandra.thomas35@aol.com|712.435.8655|2814 Hill Rd|Georgetown|UT|64910-9842|18-Apr-1943|3993|VA007114
DANIEL|GARCIA|daniel.garcia48@icloud.com|(967) 246-5119|9593 Main St|Clinton|CT|36718|08-24-1994|6262|VA007115
JESSICA|DAVIS|jessica.davis4@yahoo.com|6645006805|2351 Lincoln Ave|Springfield|UT|91829|11/09/1996|2641|VA007116
JENNIFER|THOMAS|jennifer.thomas25@gmail.com|944-733-5808|420 Lincoln Ave|Oxford|nv|72660-7001|2004-03-14|3423|VA007117
BETTY|HILL|betty.hill53@aol.com|+16496827470|9186 Maple Dr|Clinton|Ohio|85271|02-Jan-2003|6781|VA007118
MICHAEL|WILLIAMS|michael.williams20@outlook.com|326.699.1113|2550 Lincoln Ave|Dayton|KY|39634|03-24-1982|7477|VA007119
JOSEPH|KING|joseph.king87@aol.com|(260) 707-4573|43 Park Blvd|Richmond|NE|38718-4550|01/01/1983|6028|VA007120
MICHAEL|SMITH|michael.smith78@icloud.com|9116908833|2241 Sunset Blvd|Richmond|mi|24871|1988-08-08|9205|VA007121
SANDRA|HALL|sandra.hall54@outlook.com|620-810-7161|6968 Hill Rd|Georgetown|MO|60117|07-Mar-1943|6295|VA007122
MATTHEW|WILLIAMS||+14055624470|5844 Hill Rd|Fairview|SC|90580-5668|05-19-1969|3185|VA007123
MARK|WALKER|mark.walker71@hotmail.com|365.739.8416|1527 Lake Rd|Marion|MN|70629|09/06/1981|9847|VA007124
SANDRA|NGUYEN|sandra.nguyen25@yahoo.com|(622) 456-6444|1184 Valley Ln|Clinton|ny|63014|1967-07-12|1373|VA007125
JAMES|WALKER|james.walker81@yahoo.com|6812843749|8745 Cedar Ln|Salem|RI|15000-6300|09-Jan-1944|1327|VA007126
JESSICA|WILSON|jessica.wilson19@yahoo.com|798-206-1494|4225 Oak Ave|Georgetown|HI|49735|01-05-1954|9623|VA007127
RICHARD|YOUNG|richard.young87@gmail.com|+15159158826|6616 Washington St|Fairview|IA|11502|11/25/1995|6076|VA007128
MICHAEL|JONES|michael.jones32@gmail.com|760.865.9133|2232 Park Blvd|Salem|hi|25343-7150|1964-07-25|7015|VA007129
LISA|WRIGHT|lisa.wright78@aol.com|(943) 335-2167|6471 Oak Ave|Franklin|RI|85639|15-Jun-1970|9513|VA007130
SANDRA|TORRES|sandra.torres48@icloud.com|7483415266|849 Lincoln Ave|Georgetown|Tex.|51322|03-03-1964|7843|VA007131
CHARLES|THOMPSON|charles.thompson99@hotmail.com|400-223-2369|8822 Jefferson Dr|Salem|UT|98022-1890|11/03/1947|9385|VA007132
CHRISTOPHER|NELSON|christopher.nelson92@aol.com|+13747714742|6097 Cedar Ln|Madison|ga|95263|1964-09-06|6431|VA007133
NANCY|WILSON|nancy.wilson96@aol.com|247.481.9201|2040 Park Blvd|Marion|Pennsylvania|90859|16-Feb-1987|5164|VA007134
MARGARET|JACKSON|margaret.jackson96@gmail.com|(440) 362-8930|7989 Valley Ln|Springfield|MD|81270-3287|09-02-1995|9760|VA007135
DANIEL|JONES||9474727392|3857 Forest Ave|Greenville|DE|64061|01/08/1956|7501|VA007136
JOSEPH|ADAMS|joseph.adams36@hotmail.com|986-443-2650|1707 Lake Rd|Oxford|mn|99541|1980-03-22|8090|VA007137
BARBARA|HALL|barbara.hall10@aol.com|+14474608332|6544 Lake Rd|Arlington|MN|35796-6382|23-Mar-1947|7187|VA007138
DANIEL|THOMPSON||383.719.9863|4839 Lake Rd|Richmond|Pen.|12671|12-21-1989|7368|VA007139
KAREN|TORRES|karen.torres49@gmail.com|(344) 403-6576|8540 Forest Ave|Oxford|AL|54311|05/28/1940|8852|VA007140
DANIEL|HALL|daniel.hall47@aol.com|3943057085|2233 River Dr|Greenville|ct|96070-3287|1998-09-30|1564|VA007141
JOHN|GARCIA|john.garcia35@yahoo.com|770-734-8189|9292 Forest Ave|Springfield|MS|40919|10-Nov-1952|7892|VA007142
LISA|ANDERSON||+16312957407|5926 Oak Ave|Madison|NE|71110|02-10-1985|1611|VA007143
JOHN|SCOTT|john.scott42@outlook.com|363.986.5141|1454 River Dr|Marion|MI|76531-4670|04/21/1999|5192|VA007144
KAREN|MILLER|karen.miller13@icloud.com|(358) 814-7130|9405 Maple Dr|Arlington|nh|33264|1985-07-07|3438|VA007145
THOMAS|HARRIS||8084684037|3556 Park Blvd|Oxford|LA|76234|03-May-1996|3092|VA007146
BARBARA|THOMPSON|barbara.thompson76@gmail.com|311-860-2768|7846 Main St|Manchester|NM|79706-9610|04-05-1951|2718|VA007147
JESSICA|NELSON|jessica.nelson78@aol.com|+16329297485|1238 Forest Ave|Arlington|ID|25344|01/29/1968|1926|VA007148
CHRISTOPHER|SCOTT|christopher.scott63@aol.com|236.832.2121|3847 Sunset Blvd|Dayton|me|39817|1948-02-09|8110|VA007149
JENNIFER|WHITE||(750) 284-1726|4439 River Dr|Dayton|California|66020-3685|31-Jan-1958|4839|VA007150
JESSICA|ANDERSON|jessica.anderson53@hotmail.com|6054011047|942 Lake Rd|Burlington|RI|40252|06-21-1979|8486|VA007151
BARBARA|BROWN|barbara.brown37@outlook.com|898-968-7122|3032 Jefferson Dr|Manchester|ID|56059|05/29/1974|7508|VA007152
NANCY|JACKSON|nancy.jackson79@gmail.com|+12887994854|3375 Forest Ave|Springfield|co|60246-4693|1970-09-28|1301|VA007153
NANCY|HILL|nancy.hill91@hotmail.com|724.767.5615|9588 Washington St|Franklin|VA|52642|24-Sep-1942|9362|VA007154
ROBERT|DAVIS||(850) 287-1679|3190 Lake Rd|Dayton|UT|90194|11-25-1993|7261|VA007155
JOHN|BAKER|john.baker6@icloud.com|6893198292|9206 Main St|Oxford|OK|80119-3774|04/05/1975|7135|VA007156
MARK|JONES|mark.jones81@aol.com|434-925-4883|4082 Forest Ave|Oxford|nm|12542|1968-02-14|9371|VA007157
MARY|HILL|mary.hill88@outlook.com|+12846212125|7449 Maple Dr|Manchester|NJ|68325|26-Jun-1968|4834|VA007158
MATTHEW|JACKSON|matthew.jackson84@icloud.com|279.751.1507|7294 Sunset Blvd|Franklin|MN|59332-5587|12-11-1993|6864|VA007159
ROBERT|KING|robert.king78@icloud.com|(270) 504-7059|4767 Washington St|Greenville|KY|82029|01/08/1993|2876|VA007160
THOMAS|BAKER|thomas.baker13@icloud.com|2259375313|2271 Washington St|Richmond|sd|65623|1986-04-12|7291|VA007161
SANDRA|BROWN|sandra.brown83@aol.com|557-288-1774|5813 Valley Ln|Greenville|NM|89548-9699|25-Mar-1948|3663|VA007162
BETTY|BROWN|betty.brown94@gmail.com|+13704388897|7156 Jefferson Dr|Dayton|AL|86522|11-24-1956|6048|VA007163
DANIEL|JOHNSON||475.970.4526|7936 Washington St|Salem|SD|96152|12/21/2001|1122|VA007164
BETTY|WRIGHT||(440) 960-9063|7463 River Dr|Burlington|hi|95327-9112|1981-12-21|3414|VA007165
CHRISTOPHER|NELSON|christopher.nelson30@gmail.com|8252356834|7377 Forest Ave|Greenville|AL|45196|27-Jan-1965|2086|VA007166
SARAH|BAKER|sarah.baker82@outlook.com|677-787-7540|5843 River Dr|Oxford|SD|49251|10-27-1948|6069|VA007167
JESSICA|SCOTT|jessica.scott26@hotmail.com|+16269812461|6500 Park Blvd|Dayton|MO|20085-2022|09/10/1968|3436|VA007168
MARY|HILL||308.283.2887|6676 Washington St|Georgetown|il|72376|1982-11-24|6389|VA007169
MICHAEL|WHITE|michael.white73@aol.com|(556) 391-2218|3822 Lincoln Ave|Dayton|KY|73459|30-Dec-1992|9681|VA007170
CHRISTOPHER|SMITH|christopher.smith13@gmail.com|9853068382|9036 Hill Rd|Salem|ME|97667-6937|01-15-1955|3797|VA007171
SUSAN|TAYLOR|susan.taylor71@gmail.com|295-802-7246|7323 River Dr|Salem|MA|42784|12/04/2002|3373|VA007172
SARAH|THOMAS||+15518442860|5969 Main St|Manchester|sd|84462|1944-01-22|6650|VA007173
SANDRA|KING|sandra.king52@icloud.com|523.543.4872|5161 Maple Dr|Salem|MD|66625-1778|10-Dec-1943|6751|VA007174
ASHLEY|MARTIN|ashley.martin66@icloud.com|(555) 398-7290|8882 Sunset Blvd|Georgetown|ME|95581|09-21-2004|5388|VA007175
ASHLEY|THOMPSON|ashley.thompson68@yahoo.com|5045393040|9959 Hill Rd|Salem|OH|24786|12/06/2004|4548|VA007176
JENNIFER|JACKSON|jennifer.jackson20@gmail.com|875-723-2289|5233 Park Blvd|Madison|wy|74983-8207|1989-09-01|9277|VA007177
MARGARET|WALKER|margaret.walker61@gmail.com|+13915269799|4502 Main St|Madison|New York|64360|24-Mar-1945|9311|VA007178
THOMAS|NGUYEN|thomas.nguyen85@aol.com|687.478.8208|7290 River Dr|Georgetown|MO|51843|03-30-1992|1601|VA007179
NANCY|TORRES||(829) 561-2012|7208 Lincoln Ave|Dayton|CA|56025-5950|10/14/1997|2599|VA007180
PATRICIA|THOMPSON|patricia.thompson90@aol.com|5827141845|980 Oak Ave|Burlington|vt|80243|1983-02-06|4984|VA007181
JESSICA|HARRIS|jessica.harris24@gmail.com|635-374-6120|7041 Hill Rd|Arlington|Michigan|68582|12-Mar-1988|9767|VA007182
BETTY|JACKSON|betty.jackson51@yahoo.com|+13287431467|5641 Park Blvd|Georgetown|Mic.|74471-9215|01-17-1946|7993|VA007183
PATRICIA|BAKER|patricia.baker77@aol.com|226.652.2214|2098 Cedar Ln|Fairview|NV|68094|01/01/1986|2689|VA007184
BETTY|WHITE|betty.white12@outlook.com|(774) 213-9325|8380 Jefferson Dr|Clinton|ky|50427|2002-04-08|2138|VA007185
PATRICIA|HARRIS|patricia.harris16@gmail.com|3454895292|2960 Oak Ave|Franklin|New York|57369-6571|28-Aug-1958|7402|VA007186
MATTHEW|NELSON|matthew.nelson67@aol.com|582-823-5456|7858 Jefferson Dr|Dayton|AL|42602|01-28-1991|7994|VA007187
MARGARET|WILLIAMS|margaret.williams43@outlook.com|+18083574753|2205 River Dr|Salem|CA|45113|07/16/1999|9708|VA007188
JESSICA|HILL|jessica.hill18@gmail.com|683.459.2859|9535 Lincoln Ave|Richmond|ok|86793-3076|1992-09-29|5893|VA007189
THOMAS|HARRIS|thomas.harris34@hotmail.com|(793) 751-2530|6575 Oak Ave|Richmond|Pennsylvania|47938|22-Dec-1985|9579|VA007190
ROBERT|ANDERSON|robert.anderson29@yahoo.com|7656386919|8022 Washington St|Manchester|DE|24565|04-18-2002|3766|VA007191
KAREN|MARTIN|karen.martin64@yahoo.com|940-565-1167|3040 Sunset Blvd|Clinton|CO|33069-3841|08/13/2001|9394|VA007192
CHARLES|THOMAS|charles.thomas36@yahoo.com|+12405829270|8528 Forest Ave|Madison|ri|72125|1996-04-13|5528|VA007193
LISA|WILLIAMS|lisa.williams40@outlook.com|525.714.5207|3524 Park Blvd|Richmond|TN|83257|08-Oct-1985|4792|VA007194
LINDA|BAKER|linda.baker73@yahoo.com|(209) 778-1224|4597 Main St|Springfield|KS|74223-9169|09-17-1977|6647|VA007195
ROBERT|SMITH|robert.smith71@yahoo.com|6544527425|5330 Washington St|Greenville|MD|32756|08/20/1982|7830|VA007196
MARK|SCOTT|mark.scott58@gmail.com|899-381-5851|1048 Oak Ave|Manchester|ne|85727|1994-08-21|4657|VA007197
LISA|ALLEN|lisa.allen84@hotmail.com|+16382155357|9449 Valley Ln|Madison|Florida|24183-3926|08-Oct-1971|2331|VA007198
LINDA|BAKER|linda.baker41@yahoo.com|455.776.1135|2800 River Dr|Georgetown|RI|29745|01-04-1979|7583|VA007199
THOMAS|BROWN|thomas.brown37@gmail.com|(294) 352-9838|206 Hill Rd|Salem|MT|19811|07/20/1950|7670|VA007200
BETTY|TAYLOR|betty.taylor2@hotmail.com|9829212223|3255 Oak Ave|Georgetown|mo|15827-1563|1995-09-25|2723|VA007201
ANTHONY|WILSON||541-989-3143|4292 Maple Dr|Burlington|NH|82309|23-Apr-2003|8007|VA007202
THOMAS|ADAMS||+17162587452|2212 Maple Dr|Springfield|NM|30435|11-13-1951|4963|VA007203
CHRISTOPHER|JOHNSON|christopher.johnson62@aol.com|377.832.6453|9630 Hill Rd|Marion|CA|62161-8186|09/22/1949|1055|VA007204
MATTHEW|ANDERSON|matthew.anderson93@aol.com|(492) 238-1255|4633 Maple Dr|Franklin|al|99796|1993-07-20|8967|VA007205
CHARLES|BROWN|charles.brown6@hotmail.com|4247806185|3919 Washington St|Madison|California|77247|04-Dec-1960|5429|VA007206
LISA|TAYLOR|lisa.taylor68@gmail.com|322-972-9988|900 Hill Rd|Salem|VA|56110-6582|12-11-1956|8437|VA007207
CHRISTOPHER|TORRES|christopher.torres87@icloud.com|+14007091387|2277 Lincoln Ave|Clinton|AL|61225|03/11/1942|3375|VA007208
MATTHEW|MARTIN|matthew.martin88@outlook.com|916.495.7920|3672 Oak Ave|Marion|nc|56685|1961-01-10|5216|VA007209
MARK|WRIGHT|mark.wright39@icloud.com|(813) 408-4995|6123 Hill Rd|Georgetown|MN|21957-6346|18-May-2001|2270|VA007210
ROBERT|TORRES|robert.torres39@yahoo.com|6059125895|4120 Sunset Blvd|Madison|OK|99239|05-30-1994|2976|VA007211
MARK|HILL|mark.hill67@gmail.com|787-863-1359|914 Oak Ave|Madison|GA|46024|04/08/1962|2518|VA007212
JOHN|HILL|john.hill78@gmail.com|+13706995255|2987 Lake Rd|Burlington|hi|76851-5604|1951-04-24|9105|VA007213
MARK|THOMAS|mark.thomas62@hotmail.com|322.927.7306|606 Main St|Madison|Texas|54097|11-Jun-1992|6357|VA007214
SANDRA|DAVIS|sandra.davis76@hotmail.com|(581) 450-3522|6104 Sunset Blvd|Richmond|NJ|24971|08-26-1965|5484|VA007215
JOHN|ADAMS|john.adams38@aol.com|8176464264|9100 Jefferson Dr|Dayton|UT|63030-3767|05/25/1980|4556|VA007216
CHARLES|BROWN|charles.brown45@gmail.com|878-517-6082|5194 Main St|Manchester|nh|60303|1982-06-14|1978|VA007217
LISA|WRIGHT|lisa.wright88@icloud.com|+13969215289|4902 Lake Rd|Greenville|WY|11971|03-Aug-1962|6826|VA007218
THOMAS|HALL|thomas.hall11@aol.com|675.466.3796|96 Park Blvd|Richmond|MS|83887-5920|06-01-1974|3134|VA007219
PATRICIA|THOMAS|patricia.thomas53@yahoo.com|(370) 981-4992|9997 Lake Rd|Manchester|GA|67812|09/26/1954|2075|VA007220
MARK|THOMAS||2696341671|7315 Lincoln Ave|Burlington|ne|43404|1982-12-01|2313|VA007221
ROBERT|ALLEN||908-911-8885|7508 Jefferson Dr|Fairview|North Carolina|71165-1028|03-Sep-1999|8884|VA007222
ANTHONY|NGUYEN|anthony.nguyen84@yahoo.com|+15035139359|2438 Washington St|Manchester|TN|93018|04-21-1983|4758|VA007223
ROBERT|WILSON|robert.wilson85@icloud.com|481.800.7381|1316 Valley Ln|Arlington|NE|94393|10/19/1996|6226|VA007224
NANCY|THOMPSON|nancy.thompson32@hotmail.com|(473) 261-2596|1824 Maple Dr|Salem|hi|81002-2849|1958-07-29|7376|VA007225
JAMES|WRIGHT|james.wright91@outlook.com|8619993866|9212 Maple Dr|Greenville|North Carolina|60272|21-Jan-1968|9169|VA007226
SARAH|ADAMS|sarah.adams56@gmail.com|552-302-6671|8572 Washington St|Clinton|Ohi.|24868|10-31-1985|3359|VA007227
SANDRA|WILLIAMS|sandra.williams52@aol.com|+12016613167|8231 Main St|Arlington|NM|89110-5453|05/08/1962|5698|VA007228
PATRICIA|TORRES|patricia.torres47@outlook.com|848.417.6966|2298 Main St|Richmond|wy|48173|2001-04-01|7868|VA007229
JENNIFER|BAKER|jennifer.baker71@gmail.com|(765) 316-8169|3389 Lake Rd|Franklin|WV|23221|23-Apr-1951|3376|VA007230
SARAH|WHITE||6067046058|1463 Washington St|Madison|ND|40497-2768|12-05-1948|6477|VA007231
JOSEPH|SMITH|joseph.smith40@yahoo.com|725-806-3592|237 Washington St|Madison|ME|62891|03/16/1958|6223|VA007232
DANIEL|ANDERSON|daniel.anderson15@outlook.com|+18406026024|359 River Dr|Madison|co|98703|1957-10-17|4378|VA007233
ASHLEY|YOUNG|ashley.young90@hotmail.com|926.295.7027|5767 Valley Ln|Richmond|MT|44298-1696|24-Jun-1988|8815|VA007234
JOSEPH|ADAMS|joseph.adams98@aol.com|(668) 774-9143|9131 River Dr|Arlington|CT|54612|08-06-1943|1342|VA007235
MATTHEW|WHITE||6303874861|6227 Lake Rd|Springfield|ME|62058|05/26/1943|3312|VA007236
MATTHEW|HARRIS|matthew.harris48@icloud.com|383-356-9743|3061 Cedar Ln|Manchester|al|52661-3308|1955-05-31|5461|VA007237
MICHAEL|NGUYEN|michael.nguyen32@outlook.com|+13085918822|7475 Park Blvd|Marion|LA|88986|10-Oct-1952|3366|VA007238
MARY|ALLEN||507.467.2830|277 Oak Ave|Clinton|ND|81283|01-29-1960|1914|VA007239
KAREN|WILLIAMS|karen.williams38@gmail.com|(995) 769-1982|6562 Jefferson Dr|Richmond|VA|16916-8437|07/04/1977|6802|VA007240
JAMES|KING|james.king66@outlook.com|3603884776|3921 Sunset Blvd|Marion|ny|29177|1981-07-18|7331|VA007241
THOMAS|TAYLOR||463-999-1882|2602 Oak Ave|Fairview|NH|47014|26-Sep-1960|6515|VA007242
JESSICA|YOUNG|jessica.young86@yahoo.com|+14245426996|5861 River Dr|Fairview|Nor.|58579-4312|12-08-1992|2037|VA007243
CHARLES|HILL|charles.hill94@icloud.com|268.357.6923|6480 Sunset Blvd|Georgetown|NC|64710|09/12/1971|5875|VA007244
WILLIAM|SMITH|william.smith30@aol.com|(521) 630-8472|139 Maple Dr|Springfield|wv|71375|1996-12-15|2223|VA007245
JOHN|ANDERSON|john.anderson27@outlook.com|3436512772|3498 Maple Dr|Dayton|NH|21928-3371|29-Nov-1962|8211|VA007246
ASHLEY|TAYLOR|ashley.taylor69@aol.com|634-762-7555|3333 Cedar Ln|Springfield|IA|69039|04-09-1996|3835|VA007247
NANCY|WRIGHT|nancy.wright1@aol.com|+17833637299|1708 Park Blvd|Madison|LA|27502|12/02/1987|5176|VA007248
JOSEPH|KING|joseph.king45@gmail.com|731.886.1377|5849 Sunset Blvd|Burlington|nj|92191-1794|1945-11-15|2105|VA007249
RICHARD|JACKSON|richard.jackson94@outlook.com|(228) 653-1056|3397 Hill Rd|Georgetown|AR|41200|14-Dec-1973|1566|VA007250
MARGARET|SMITH|margaret.smith23@gmail.com|5765807774|5653 Main St|Richmond|SD|54468|01-15-1968|2535|VA007251
RICHARD|WHITE|richard.white22@hotmail.com|785-871-6414|8479 Maple Dr|Richmond|TN|21305-2708|01/06/1963|4379|VA007252
NANCY|NGUYEN||+17174536944|718 Washington St|Greenville|ia|94529|1959-10-21|6883|VA007253
DANIEL|NELSON|daniel.nelson97@aol.com|741.696.4876|75 Sunset Blvd|Greenville|OR|64703|27-Jul-1998|3117|VA007254
JAMES|HILL|james.hill45@gmail.com|(697) 857-9020|6676 Valley Ln|Manchester|SC|77276-7461|09-28-1992|8871|VA007255
ANTHONY|BROWN|anthony.brown28@hotmail.com|7628049198|1808 River Dr|Madison|ND|31493|08/14/1960|5804|VA007256
JAMES|KING|james.king35@yahoo.com|878-570-7877|6859 Park Blvd|Fairview|oh|14948|1966-12-15|5300|VA007257
CHRISTOPHER|TORRES|christopher.torres83@gmail.com|+14867467544|4103 Main St|Manchester|Georgia|31901-8134|29-Jul-1992|5295|VA007258
SANDRA|SCOTT|sandra.scott88@gmail.com|910.365.6993|2527 Hill Rd|Madison|IA|24738|08-18-1953|7082|VA007259
MARK|ADAMS|mark.adams78@aol.com|(296) 743-8625|7587 Lake Rd|Franklin|ID|28985|06/07/1944|1018|VA007260
SANDRA|SMITH|sandra.smith22@outlook.com|9704291016|107 Sunset Blvd|Richmond|nc|66917-2990|1993-11-11|7400|VA007261
WILLIAM|BAKER||642-488-3345|7533 Jefferson Dr|Dayton|CO|76260|01-Jan-1978|5320|VA007262
KAREN|NELSON|karen.nelson47@gmail.com|+16498424094|2872 Lincoln Ave|Richmond|WI|10965|05-28-1943|9687|VA007263
MARK|ADAMS|mark.adams24@gmail.com|843.398.5277|8511 River Dr|Greenville|OR|81581-1738|07/07/1970|9049|VA007264
MARGARET|ADAMS|margaret.adams70@gmail.com|(574) 840-4390|2214 Maple Dr|Greenville|sc|21995|1971-10-08|4796|VA007265
JENNIFER|HARRIS|jennifer.harris41@gmail.com|8595105707|6909 Lake Rd|Manchester|WV|59926|13-May-1980|1550|VA007266
SANDRA|WILLIAMS|sandra.williams74@aol.com|211-628-2878|4574 Jefferson Dr|Burlington|OK|89421-7426|06-01-1986|1058|VA007267
ROBERT|ANDERSON|robert.anderson48@outlook.com|+17652888905|9693 Park Blvd|Arlington|MT|35312|06/28/1953|6657|VA007268
MARK|MARTIN|mark.martin39@outlook.com|641.545.9115|3077 Oak Ave|Franklin|mn|75584|1971-11-08|4768|VA007269
JOSEPH|YOUNG||(261) 393-4178|5004 Maple Dr|Marion|AK|49257-6298|27-Oct-1978|7096|VA007270
DAVID|WALKER|david.walker69@gmail.com|7338544625|7278 Main St|Burlington|KY|65241|04-09-1970|4655|VA007271
SUSAN|TORRES|susan.torres93@outlook.com|401-766-2075|5609 Sunset Blvd|Clinton|VA|69243|11/12/1991|8681|VA007272
JAMES|DAVIS||+14144318777|9632 Valley Ln|Franklin|mt|19303-7032|1986-01-21|6486|VA007273
SUSAN|SMITH||311.722.5969|8202 Valley Ln|Salem|MD|29080|07-Apr-1951|4855|VA007274
BETTY|WHITE|betty.white54@icloud.com|(432) 736-6743|4755 River Dr|Oxford|Geo.|32897|04-28-1944|7825|VA007275
BARBARA|ALLEN|barbara.allen16@icloud.com|4456602306|6884 Lincoln Ave|Georgetown|AR|84435-5925|12/27/1964|3747|VA007276
MARGARET|MARTIN||767-786-7044|7658 Lincoln Ave|Marion|fl|90209|1947-09-26|2077|VA007277
WILLIAM|SCOTT|william.scott8@hotmail.com|+12385758695|2716 Lake Rd|Franklin|NE|75738|14-Jul-1964|5230|VA007278
CHARLES|JOHNSON|charles.johnson66@gmail.com|788.633.6379|4970 Park Blvd|Burlington|Nor.|69438-5352|10-12-1974|2692|VA007279
JOHN|ADAMS|john.adams38@aol.com|(433) 943-6361|4166 Valley Ln|Madison|DE|10561|11/10/1994|9121|VA007280
KAREN|YOUNG|karen.young59@hotmail.com|8084615252|2900 Cedar Ln|Franklin|nd|25905|1945-12-26|5580|VA007281
LINDA|NELSON|linda.nelson12@hotmail.com|749-257-5931|83 River Dr|Richmond|CT|39853-4663|01-Feb-2001|9809|VA007282
JENNIFER|ALLEN|jennifer.allen98@yahoo.com|+16718754484|9718 Forest Ave|Burlington|Pen.|63474|07-15-1977|7965|VA007283
SANDRA|WRIGHT|sandra.wright34@aol.com|568.956.2860|1876 Main St|Georgetown|MS|86398|05/18/1975|8977|VA007284
ASHLEY|WALKER||(300) 739-3208|5305 Oak Ave|Franklin|nm|87087-2039|1999-12-12|3260|VA007285
BARBARA|WRIGHT|barbara.wright28@icloud.com|2535578920|7325 Forest Ave|Franklin|WI|91139|10-Nov-2003|7999|VA007286
WILLIAM|JACKSON|william.jackson63@hotmail.com|307-441-1103|7956 Sunset Blvd|Georgetown|IA|83254|05-09-1967|2999|VA007287
DANIEL|HALL|daniel.hall70@yahoo.com|+14472858041|7309 Main St|Burlington|MA|12053-7791|07/15/1982|9430|VA007288
PATRICIA|WILSON|patricia.wilson45@yahoo.com|807.524.5015|6910 Valley Ln|Marion|wa|29483|1961-10-18|3856|VA007289
ANTHONY|JOHNSON|anthony.johnson55@yahoo.com|(474) 201-6220|424 Jefferson Dr|Dayton|Pennsylvania|57849|17-Jun-1982|7551|VA007290
BETTY|ALLEN|betty.allen35@yahoo.com|3364504004|4520 River Dr|Oxford|IA|55972-4661|12-08-1971|3020|VA007291
MICHAEL|KING|michael.king43@yahoo.com|201-437-2946|5171 Hill Rd|Madison|MO|50550|06/11/1960|5100|VA007292
JOHN|WRIGHT|john.wright10@aol.com|+16763218614|1822 Main St|Madison|mi|89969|1991-05-05|3600|VA007293
CHARLES|NGUYEN|charles.nguyen47@gmail.com|625.411.8024|160 Jefferson Dr|Clinton|ND|41261-8018|27-Mar-1990|3723|VA007294
LISA|HALL|lisa.hall93@yahoo.com|(445) 893-2194|4679 Sunset Blvd|Dayton|CO|45333|03-13-1955|2340|VA007295
JESSICA|ALLEN||2572284083|9306 Forest Ave|Manchester|OH|54375|05/11/1972|2250|VA007296
ROBERT|TAYLOR|robert.taylor86@icloud.com|299-959-5676|555 Washington St|Richmond|ne|58296-5679|1961-01-14|5846|VA007297
CHRISTOPHER|NELSON|christopher.nelson66@outlook.com|+17382666799|6023 Forest Ave|Oxford|Michigan|71642|23-Oct-1980|4104|VA007298
CHARLES|JACKSON|charles.jackson21@outlook.com|246.947.3234|6871 Forest Ave|Greenville|MN|71603|04-28-2000|1382|VA007299
DANIEL|JOHNSON||(763) 341-5374|263 Lincoln Ave|Greenville|VA|80657-9066|03/20/1948|9306|VA007300
JAMES|YOUNG|james.young18@aol.com|6525387364|7284 Main St|Oxford|wv|63215|1980-12-03|9902|VA007301
ANTHONY|WALKER|anthony.walker37@aol.com|829-659-1931|5173 Maple Dr|Arlington|Florida|23953|28-Dec-1983|3035|VA007302
SUSAN|SMITH|susan.smith65@icloud.com|+12489192675|5256 Washington St|Greenville|NH|63203-6845|05-04-1971|1617|VA007303
SANDRA|TORRES|sandra.torres86@hotmail.com|320.899.6372|6387 Oak Ave|Arlington|OK|79367|04/16/1955|6705|VA007304
DANIEL|ANDERSON|daniel.anderson45@aol.com|(413) 229-6872|6239 Main St|Greenville|ks|61566|1981-02-13|8691|VA007305
JAMES|NELSON|james.nelson44@icloud.com|3587018861|8284 Sunset Blvd|Salem|MO|72382-4263|19-Jul-1994|7673|VA007306
BARBARA|HALL|barbara.hall40@icloud.com|283-530-1178|9652 Cedar Ln|Salem|NM|32604|04-26-1992|3814|VA007307
DANIEL|MARTIN|daniel.martin75@outlook.com|+18537971599|3395 Cedar Ln|Arlington|IL|69255|01/10/1961|7486|VA007308
JOHN|WALKER|john.walker19@aol.com|522.480.4780|6494 Lake Rd|Richmond|ny|31889-1742|1992-02-23|9880|VA007309
JENNIFER|ALLEN|jennifer.allen10@aol.com|(597) 375-5387|3424 Hill Rd|Springfield|VT|22486|03-May-1948|9284|VA007310
LISA|WHITE||9183174522|7047 Forest Ave|Arlington|IA|64239|05-29-1970|8430|VA007311
CHRISTOPHER|HALL|christopher.hall41@aol.com|997-472-8963|4179 Lincoln Ave|Arlington|AK|27129-6168|03/22/1944|4561|VA007312
JENNIFER|KING||+16029792896|6298 River Dr|Manchester|pa|45830|1947-12-06|1472|VA007313
JOHN|HALL|john.hall37@gmail.com|853.524.3368|4981 Maple Dr|Clinton|RI|91546|02-Dec-1976|8062|VA007314
BETTY|NGUYEN||(232) 639-3917|248 Hill Rd|Franklin|MS|81922-1418|10-02-1950|1841|VA007315
RICHARD|ANDERSON|richard.anderson9@hotmail.com|5598569346|6549 Sunset Blvd|Richmond|OH|53404|06/23/1942|2889|VA007316
DANIEL|WALKER|daniel.walker60@gmail.com|747-723-9471|209 Sunset Blvd|Dayton|mo|98279|1996-01-23|6658|VA007317
LISA|THOMAS|lisa.thomas2@outlook.com|+14136212834|1044 Lincoln Ave|Greenville|ND|73528-3861|17-Feb-1966|1672|VA007318
MATTHEW|JONES|matthew.jones5@outlook.com|516.995.3703|2321 Main St|Salem|MS|49383|06-02-1985|5896|VA007319
MARK|NGUYEN|mark.nguyen16@yahoo.com|(213) 977-2673|6624 Oak Ave|Richmond|OK|78522|05/25/1942|6057|VA007320
PATRICIA|WALKER|patricia.walker86@outlook.com|6824929725|7157 Forest Ave|Georgetown|sc|57880-8452|1950-03-14|6058|VA007321
ANTHONY|THOMAS|anthony.thomas15@hotmail.com|290-996-1765|4374 Jefferson Dr|Marion|North Carolina|59878|08-Jun-1985|7546|VA007322
JENNIFER|DAVIS|jennifer.davis31@gmail.com|+13464204764|4133 Park Blvd|Clinton|AK|62577|07-20-2003|1451|VA007323
JAMES|THOMAS|james.thomas38@yahoo.com|262.508.4384|6670 Valley Ln|Greenville|NV|38154-4398|09/04/1980|1436|VA007324
ASHLEY|GARCIA|ashley.garcia75@hotmail.com|(578) 303-2494|5252 Park Blvd|Dayton|pa|32333|1993-01-08|9870|VA007325
BARBARA|THOMAS|barbara.thomas12@hotmail.com|9336751480|3117 Lincoln Ave|Fairview|Pennsylvania|12281|01-Oct-1944|5394|VA007326
PATRICIA|ADAMS|patricia.adams2@aol.com|422-932-4138|4618 Maple Dr|Arlington|WI|80402-4321|05-21-1940|2616|VA007327
LINDA|WRIGHT|linda.wright44@aol.com|+18294728794|2123 Valley Ln|Franklin|MI|58619|01/08/1949|6261|VA007328
MATTHEW|WALKER|matthew.walker62@outlook.com|704.967.9580|8617 Hill Rd|Oxford|ky|88388|1981-11-30|9874|VA007329
NANCY|WALKER||(790) 445-4989|3468 Lake Rd|Oxford|IA|74147-9511|16-Mar-1994|8982|VA007330
MARY|BROWN|mary.brown83@outlook.com|5238154976|581 Main St|Franklin|IA|43750|04-23-1996|2285|VA007331
JENNIFER|THOMAS|jennifer.thomas2@yahoo.com|569-450-4982|2865 Jefferson Dr|Burlington|CO|14333|12/28/1948|3629|VA007332
SUSAN|GARCIA|susan.garcia24@hotmail.com|+17227094997|5513 Maple Dr|Springfield|oh|89828-7595|1943-02-12|4738|VA007333
CHARLES|HILL|charles.hill59@icloud.com|239.500.2708|1704 River Dr|Salem|OK|80442|15-Mar-1946|6893|VA007334
JESSICA|ALLEN|jessica.allen78@icloud.com|(636) 363-1330|1926 Lincoln Ave|Manchester|Flo.|11394|03-17-1952|9729|VA007335
JAMES|THOMAS|james.thomas39@icloud.com|6257141735|327 Washington St|Fairview|IN|84118-7274|06/06/1942|3923|VA007336
BARBARA|TAYLOR|barbara.taylor60@yahoo.com|472-994-3434|214 Lake Rd|Burlington|nv|73758|1992-02-09|6495|VA007337
SUSAN|WALKER|susan.walker70@icloud.com|+17038061210|8492 Hill Rd|Burlington|NE|23197|10-Jan-1944|8924|VA007338
ROBERT|HALL|robert.hall51@hotmail.com|581.690.5051|5386 Hill Rd|Arlington|LA|58015-5418|12-03-1999|4876|VA007339
DAVID|KING|david.king59@yahoo.com|(984) 494-5306|3939 Sunset Blvd|Franklin|TX|44395|04/13/2002|9790|VA007340
THOMAS|HARRIS|thomas.harris1@hotmail.com|6034902782|6165 Cedar Ln|Burlington|wv|91883|1997-11-19|6742|VA007341
MARY|THOMPSON|mary.thompson9@yahoo.com|838-400-4591|6584 Cedar Ln|Oxford|OK|38735-8593|14-Nov-1971|3107|VA007342
JOSEPH|JACKSON|joseph.jackson35@outlook.com|+14337294986|5972 Maple Dr|Dayton|CT|48755|01-23-1997|2095|VA007343
KAREN|BROWN|karen.brown33@yahoo.com|610.792.6804|322 Main St|Richmond|CA|91723|12/03/2001|8044|VA007344
CHARLES|JONES|charles.jones91@yahoo.com|(755) 381-1766|3753 River Dr|Arlington|nc|53861-8315|1958-10-26|8799|VA007345
ASHLEY|ALLEN|ashley.allen95@hotmail.com|9104726017|8 River Dr|Clinton|ND|87861|27-Jan-1993|5912|VA007346
JOSEPH|WILSON|joseph.wilson30@gmail.com|407-740-1769|1000 Lake Rd|Franklin|IA|50314|01-26-1964|9571|VA007347
MICHAEL|JOHNSON|michael.johnson10@icloud.com|+13593437095|4121 Washington St|Georgetown|NM|84194-7369|11/17/1943|4922|VA007348
JOHN|DAVIS|john.davis36@hotmail.com|413.928.5856|432 Park Blvd|Arlington|nc|29745|1951-06-06|7156|VA007349
ROBERT|JACKSON||(204) 268-5744|4875 Main St|Dayton|Texas|71133|15-Oct-1975|3405|VA007350
ASHLEY|JONES|ashley.jones93@hotmail.com|2587139164|4599 Cedar Ln|Greenville|Cal.|19512-8572|05-31-1995|7428|VA007351
LINDA|NELSON|linda.nelson84@hotmail.com|684-585-4304|4795 Valley Ln|Georgetown|DE|89410|07/23/1979|9243|VA007352
LISA|HILL|lisa.hill38@hotmail.com|+14009493379|3605 Oak Ave|Burlington|md|55674|1973-11-24|4841|VA007353
JOHN|HALL|john.hall80@icloud.com|888.200.2979|1108 Maple Dr|Springfield|WI|35671-2334|01-Sep-1975|9000|VA007354
MICHAEL|HARRIS|michael.harris34@icloud.com|(418) 713-3634|5857 Valley Ln|Oxford|MA|23134|01-03-1991|8310|VA007355
JESSICA|DAVIS|jessica.davis31@hotmail.com|4734166698|4994 Sunset Blvd|Richmond|VT|35729|05/19/1990|5052|VA007356
JAMES|NELSON|james.nelson50@outlook.com|491-862-3525|1976 Park Blvd|Salem|nv|50645-9261|2001-06-13|3151|VA007357
ASHLEY|THOMPSON||+16267966880|5203 Valley Ln|Dayton|Texas|65300|30-Oct-1947|8158|VA007358
WILLIAM|HILL|william.hill25@yahoo.com|747.647.6007|5941 Washington St|Greenville|AZ|79057|07-20-1956|2464|VA007359
MATTHEW|NGUYEN|matthew.nguyen97@yahoo.com|(286) 390-5955|8254 Washington St|Fairview|ND|81554-7420|02/19/1994|9655|VA007360
CHARLES|ALLEN||2009899143|7618 Forest Ave|Fairview|ar|79880|1985-02-14|2481|VA007361
THOMAS|WILSON|thomas.wilson67@outlook.com|411-341-8424|5172 Hill Rd|Madison|WI|53896|22-Apr-1978|3321|VA007362
SUSAN|BAKER|susan.baker71@hotmail.com|+14482146905|6200 Maple Dr|Dayton|NH|91349-2542|02-01-1986|3906|VA007363
JOSEPH|THOMPSON|joseph.thompson48@hotmail.com|698.476.3421|9364 Main St|Georgetown|NM|78761|02/12/1992|6852|VA007364
ROBERT|THOMPSON|robert.thompson93@outlook.com|(582) 437-4857|5398 Jefferson Dr|Georgetown|id|65512|2001-11-11|3812|VA007365
MARY|BROWN||3277621344|5520 Hill Rd|Madison|ND|97755-9903|17-Apr-1964|8735|VA007366
LISA|THOMPSON|lisa.thompson55@icloud.com|251-855-7926|8563 Oak Ave|Arlington|ME|50409|03-30-1947|8027|VA007367
MARY|THOMAS|mary.thomas18@yahoo.com|+16662803264|6872 Sunset Blvd|Marion|AK|70824|05/18/1973|1582|VA007368
MARK|WRIGHT||306.458.4513|7162 Jefferson Dr|Fairview|ca|28842-1388|1971-10-04|9869|VA007369
LISA|ANDERSON|lisa.anderson11@outlook.com|(906) 649-5159|1577 River Dr|Marion|NV|73959|13-May-1965|5550|VA007370
ANTHONY|GARCIA|anthony.garcia5@aol.com|3716815233|4082 Oak Ave|Manchester|AK|61602|08-16-2001|4810|VA007371
MARK|JONES|mark.jones60@hotmail.com|397-315-6417|2663 Washington St|Salem|TN|43720-5909|06/20/2004|4050|VA007372
MATTHEW|SCOTT|matthew.scott74@yahoo.com|+17063919233|8025 Forest Ave|Burlington|sc|77419|1989-05-04|6543|VA007373
PATRICIA|TAYLOR|patricia.taylor64@gmail.com|257.920.2345|7765 Lincoln Ave|Clinton|NV|18025|02-Oct-1999|7185|VA007374
SARAH|ALLEN|sarah.allen93@icloud.com|(557) 616-2946|1146 Lake Rd|Clinton|OK|62699-1003|03-17-1952|3167|VA007375
ASHLEY|WILSON||3875297586|2544 Lincoln Ave|Madison|NC|69114|09/14/1986|2160|VA007376
DANIEL|MARTIN|daniel.martin99@yahoo.com|461-900-7013|7450 Park Blvd|Oxford|ky|87619|1951-12-05|1113|VA007377
ASHLEY|JONES|ashley.jones85@hotmail.com|+18369468772|5904 Forest Ave|Greenville|MN|27326-5695|03-Sep-1962|3276|VA007378
DANIEL|SCOTT|daniel.scott41@hotmail.com|294.995.4332|8682 Forest Ave|Springfield|MS|51798|08-15-1965|5611|VA007379
THOMAS|ALLEN|thomas.allen66@yahoo.com|(338) 275-2019|7650 Lake Rd|Richmond|IN|60717|10/27/1941|4294|VA007380
PATRICIA|WILLIAMS|patricia.williams58@outlook.com|3237234970|9554 Sunset Blvd|Marion|me|59586-6171|1949-10-26|4180|VA007381
THOMAS|HILL||589-240-7554|7671 Jefferson Dr|Dayton|RI|33485|16-Feb-1965|5276|VA007382
MARGARET|HARRIS|margaret.harris36@yahoo.com|+17102695123|5334 River Dr|Madison|NV|96956|04-10-1989|2956|VA007383
MICHAEL|MILLER|michael.miller41@hotmail.com|783.895.5989|7123 Washington St|Arlington|MN|21703-1810|04/11/1992|1133|VA007384
NANCY|JONES|nancy.jones5@outlook.com|(596) 930-9558|1898 Main St|Madison|az|87894|1947-10-24|6460|VA007385
MARK|TAYLOR|mark.taylor51@aol.com|2616103628|5041 Jefferson Dr|Salem|OR|87963|03-Aug-1986|6904|VA007386
ANTHONY|SMITH|anthony.smith33@gmail.com|715-942-6206|9975 Washington St|Fairview|MS|47683-2513|11-22-1948|1105|VA007387
DANIEL|WALKER|daniel.walker13@hotmail.com|+12535312670|5664 Maple Dr|Dayton|KY|15917|02/02/1960|3330|VA007388
PATRICIA|MILLER|patricia.miller79@hotmail.com|739.213.5895|5207 Main St|Salem|in|56391|1973-11-17|9063|VA007389
ASHLEY|SMITH|ashley.smith24@hotmail.com|(729) 210-7430|7164 Hill Rd|Madison|VA|47708-1540|09-Apr-1997|8494|VA007390
BARBARA|MARTIN||8394336172|4617 Lake Rd|Madison|Cal.|77762|08-10-1987|7211|VA007391
ASHLEY|SCOTT|ashley.scott92@yahoo.com|776-743-2463|9449 Hill Rd|Manchester|AZ|58547|09/09/1998|5989|VA007392
JAMES|WRIGHT|james.wright24@aol.com|+14802399547|1383 Lincoln Ave|Clinton|or|81577-6488|1951-11-08|9356|VA007393
DANIEL|WILSON|daniel.wilson1@outlook.com|895.615.3702|2825 Cedar Ln|Georgetown|OK|72418|16-Mar-1963|4185|VA007394
THOMAS|NELSON|thomas.nelson14@aol.com|(675) 394-2900|7845 Washington St|Marion|WY|51196|02-05-1952|8849|VA007395
MARK|WILLIAMS||8485725636|7972 Washington St|Manchester|CA|71150-1831|05/15/1992|9893|VA007396
MARY|GARCIA||987-714-5157|3042 Valley Ln|Springfield|de|45668|1943-04-16|7762|VA007397
MARGARET|THOMPSON|margaret.thompson67@icloud.com|+13465294894|6536 Washington St|Fairview|ID|83672|15-Feb-1941|7106|VA007398
CHRISTOPHER|WILLIAMS|christopher.williams32@outlook.com|454.950.6948|7406 Park Blvd|Springfield|AL|93387-2554|01-17-1949|3179|VA007399
JENNIFER|THOMAS|jennifer.thomas25@aol.com|(486) 732-1384|8022 Lake Rd|Arlington|HI|16817|04/05/1998|4912|VA007400
SUSAN|JONES|susan.jones55@icloud.com|8205844894|276 Sunset Blvd|Madison|nh|61204|1959-10-16|5059|VA007401
ASHLEY|WILLIAMS|ashley.williams43@outlook.com|214-212-5619|268 Jefferson Dr|Franklin|New York|34852-5546|30-Jun-1997|4723|VA007402
NANCY|ADAMS||+17965403286|9084 Maple Dr|Manchester|HI|37481|08-28-1961|2332|VA007403
ROBERT|YOUNG|robert.young23@aol.com|358.490.1215|8783 Park Blvd|Salem|MA|30387|03/11/1987|4155|VA007404
DAVID|DAVIS|david.davis70@hotmail.com|(939) 944-4702|5988 Forest Ave|Manchester|nc|79157-6078|1963-07-12|8444|VA007405
MATTHEW|WHITE||2684552929|2480 Oak Ave|Salem|ND|79977|02-Jun-1999|9762|VA007406
CHRISTOPHER|BAKER|christopher.baker35@hotmail.com|789-545-2135|7422 River Dr|Madison|HI|48988|10-18-1992|4940|VA007407
JOHN|JOHNSON|john.johnson25@gmail.com|+13795836164|908 Maple Dr|Manchester|HI|82240-4240|12/10/1996|8149|VA007408
SARAH|JONES|sarah.jones50@hotmail.com|627.357.5726|2057 Maple Dr|Springfield|ca|94985|1941-05-29|3359|VA007409
JAMES|ANDERSON|james.anderson92@icloud.com|(543) 349-3254|628 Park Blvd|Arlington|NM|28191|19-Apr-2003|8685|VA007410
DANIEL|THOMAS|daniel.thomas63@outlook.com|7222422265|3208 Hill Rd|Manchester|MS|96105-2824|06-16-1951|3230|VA007411
LISA|TORRES|lisa.torres4@outlook.com|265-994-3814|8874 Cedar Ln|Dayton|NC|66052|01/26/2000|1267|VA007412
SARAH|HARRIS|sarah.harris37@gmail.com|+15113074891|495 Washington St|Oxford|ar|44844|1967-12-31|5542|VA007413
ANTHONY|HALL||799.883.2250|8878 Forest Ave|Franklin|KY|54790-1056|21-Nov-1974|8232|VA007414
RICHARD|ANDERSON|richard.anderson67@hotmail.com|(351) 546-4267|1894 Maple Dr|Manchester|MD|10471|07-07-1948|2500|VA007415
LINDA|WILLIAMS|linda.williams76@gmail.com|7058733061|8045 Lincoln Ave|Arlington|MD|99226|11/23/1966|4032|VA007416
LISA|HILL|lisa.hill42@outlook.com|878-463-7377|6145 Main St|Georgetown|nm|81192-7061|1973-05-26|2684|VA007417
BETTY|TORRES|betty.torres51@icloud.com|+17877234510|2316 Lincoln Ave|Madison|AK|99003|14-Apr-1982|3848|VA007418
MATTHEW|JONES|matthew.jones89@gmail.com|459.693.8851|1721 River Dr|Dayton|New.|31901|09-15-1976|4775|VA007419
MARK|GARCIA|mark.garcia19@hotmail.com|(261) 859-6393|9650 Sunset Blvd|Dayton|OH|87031-6558|11/12/2003|7844|VA007420
ROBERT|JOHNSON|robert.johnson38@yahoo.com|2189672436|1480 Hill Rd|Clinton|mt|76941|1955-07-09|8698|VA007421
BETTY|GARCIA|betty.garcia57@aol.com|414-495-1771|8138 Valley Ln|Richmond|UT|92091|09-Nov-1956|3255|VA007422
SANDRA|HARRIS|sandra.harris50@yahoo.com|+16137662100|6026 Sunset Blvd|Madison|VT|21420-1254|08-08-1986|7107|VA007423
LISA|HALL|lisa.hall64@icloud.com|969.838.9924|1634 Sunset Blvd|Salem|NC|86183|12/05/1942|5749|VA007424
LISA|MILLER|lisa.miller85@gmail.com|(487) 681-1093|2546 Hill Rd|Springfield|ks|39113|1980-08-08|2425|VA007425
ROBERT|TORRES|robert.torres87@gmail.com|3477941129|4599 Maple Dr|Madison|AK|78514-3974|14-Sep-1955|9156|VA007426
CHRISTOPHER|THOMPSON|christopher.thompson94@hotmail.com|357-976-6401|2926 Park Blvd|Oxford|NE|69973|06-26-1954|7158|VA007427
MARK|JOHNSON|mark.johnson21@icloud.com|+17996958924|1945 Sunset Blvd|Dayton|CT|52033|06/01/1941|7684|VA007428
JAMES|WILLIAMS|james.williams42@yahoo.com|248.763.1988|7322 Oak Ave|Fairview|ct|41789-5505|1940-12-25|5602|VA007429
MARK|SMITH|mark.smith41@gmail.com|(670) 908-8438|5507 Lincoln Ave|Richmond|Georgia|31093|23-Aug-1946|8466|VA007430
BETTY|ALLEN|betty.allen93@aol.com|4016371934|9971 Lake Rd|Georgetown|OR|41169|11-11-1941|7836|VA007431
LISA|SCOTT|lisa.scott42@gmail.com|617-755-6522|2404 Lincoln Ave|Oxford|NE|57406-5765|12/06/1957|7458|VA007432
ASHLEY|ANDERSON|ashley.anderson1@outlook.com|+16214608910|1796 Sunset Blvd|Marion|ut|60408|2002-01-24|3128|VA007433
DAVID|NGUYEN||454.977.4781|4911 Washington St|Burlington|AL|84865|21-Dec-1961|8476|VA007434
PATRICIA|ANDERSON|patricia.anderson90@gmail.com|(808) 359-2471|1078 Main St|Franklin|OR|36226-3092|01-15-1999|4417|VA007435
CHRISTOPHER|SMITH||8764776901|1768 Main St|Madison|TN|60662|09/26/1960|7237|VA007436
MARK|WALKER|mark.walker31@icloud.com|244-445-2723|9031 Forest Ave|Georgetown|in|20530|1956-08-20|3916|VA007437
DANIEL|ANDERSON|daniel.anderson32@icloud.com|+14145704379|1349 Lake Rd|Fairview|MN|66593-1225|12-Jan-1955|9903|VA007438
CHARLES|ADAMS|charles.adams91@hotmail.com|911.320.7336|3471 Valley Ln|Arlington|VT|47584|07-15-1970|2405|VA007439
ROBERT|WHITE|robert.white37@gmail.com|(859) 551-8905|788 Main St|Richmond|NE|90660|07/16/1957|9484|VA007440
JENNIFER|MARTIN|jennifer.martin96@aol.com|5406934375|8104 Forest Ave|Georgetown|ut|49247-9035|1968-04-18|6045|VA007441
MARK|WILLIAMS|mark.williams8@yahoo.com|210-253-6756|5368 Sunset Blvd|Georgetown|AL|95543|28-Sep-1949|9905|VA007442
MICHAEL|THOMAS|michael.thomas78@gmail.com|+14456146072|7304 Maple Dr|Richmond|UT|53512|03-16-1993|9975|VA007443
JESSICA|TAYLOR|jessica.taylor98@yahoo.com|995.399.3374|5848 Sunset Blvd|Manchester|NC|62023-6005|07/10/1990|9354|VA007444
SARAH|WRIGHT|sarah.wright27@outlook.com|(453) 971-3032|7865 Hill Rd|Clinton|oh|17471|1989-04-14|9304|VA007445
BETTY|WALKER|betty.walker11@outlook.com|5386841918|7248 Valley Ln|Madison|Illinois|29042|17-Sep-1949|9650|VA007446
CHRISTOPHER|THOMAS|christopher.thomas20@yahoo.com|285-370-2373|6075 Oak Ave|Franklin|AZ|82305-6292|06-26-1988|1004|VA007447
NANCY|WRIGHT|nancy.wright90@yahoo.com|+12828948772|6750 Oak Ave|Fairview|ND|61490|07/21/1999|2007|VA007448
MARGARET|BROWN||934.269.1256|4913 Maple Dr|Richmond|ny|87726|1982-07-09|5267|VA007449
RICHARD|GARCIA|richard.garcia14@icloud.com|(990) 754-9032|7294 Sunset Blvd|Georgetown|CO|66951-2762|20-May-1951|8592|VA007450
NANCY|NELSON|nancy.nelson67@icloud.com|9178332560|7092 Sunset Blvd|Burlington|KS|73167|01-07-1971|7305|VA007451
BARBARA|YOUNG|barbara.young43@gmail.com|914-648-9599|7134 Cedar Ln|Clinton|TN|67135|04/18/1967|5618|VA007452
MARGARET|TAYLOR|margaret.taylor70@outlook.com|+14338099349|7423 Lake Rd|Clinton|ok|22925-4648|1991-09-09|3769|VA007453
BARBARA|YOUNG||261.201.6740|4425 Oak Ave|Fairview|MS|28446|28-Jan-1977|3062|VA007454
JESSICA|YOUNG|jessica.young70@gmail.com|(677) 933-3760|8338 River Dr|Marion|Mic.|99357|12-18-1966|6385|VA007455
CHARLES|JACKSON|charles.jackson68@gmail.com|4595587675|57 River Dr|Oxford|MS|78001-1165|11/05/1980|5456|VA007456
JESSICA|KING|jessica.king46@aol.com|707-818-1402|5400 Jefferson Dr|Franklin|ky|44597|2004-09-02|5371|VA007457
KAREN|WALKER|karen.walker37@gmail.com|+12659148227|4876 Washington St|Clinton|SD|26651|10-Aug-1989|7416|VA007458
KAREN|JACKSON|karen.jackson20@aol.com|795.691.3824|8341 Park Blvd|Georgetown|MD|17001-9533|12-22-1998|2572|VA007459
JOSEPH|THOMAS|joseph.thomas63@aol.com|(311) 379-2343|4598 Jefferson Dr|Richmond|FL|80597|08/15/1957|5312|VA007460
THOMAS|WILSON|thomas.wilson63@hotmail.com|8205178864|3495 Sunset Blvd|Springfield|mt|79697|1957-10-22|3481|VA007461
MARK|NELSON|mark.nelson74@yahoo.com|729-913-5358|8331 Washington St|Dayton|NH|30803-4953|23-Oct-1972|6952|VA007462
ROBERT|SMITH||+12172691751|9730 Sunset Blvd|Madison|Mic.|88757|01-12-1974|9021|VA007463
THOMAS|JONES|thomas.jones92@yahoo.com|400.867.1380|9741 Valley Ln|Springfield|NJ|12291|12/19/1967|7310|VA007464
CHARLES|BAKER|charles.baker93@gmail.com|(868) 283-2667|1170 Lake Rd|Richmond|nm|17908-9941|1958-09-18|7183|VA007465
ANTHONY|BAKER||4598307315|1161 Hill Rd|Georgetown|LA|97563|20-Apr-1945|6440|VA007466
KAREN|THOMAS|karen.thomas44@aol.com|984-481-7374|7498 Cedar Ln|Springfield|WI|21372|01-31-1945|6853|VA007467
PATRICIA|MARTIN|patricia.martin97@outlook.com|+14254472501|967 Sunset Blvd|Salem|WV|26078-9582|12/25/1999|5755|VA007468
JENNIFER|SMITH|jennifer.smith99@aol.com|978.787.3509|5544 Lincoln Ave|Georgetown|nd|41536|1944-11-19|1177|VA007469
MATTHEW|HILL|matthew.hill51@icloud.com|(493) 559-7333|890 Valley Ln|Marion|AZ|69996|08-Oct-1986|8228|VA007470
JOSEPH|BAKER||5555137137|6182 Main St|Clinton|Mic.|49932-8103|08-04-1950|5336|VA007471
JAMES|KING||368-244-9423|2244 Oak Ave|Richmond|FL|45104|11/19/1940|8488|VA007472
RICHARD|DAVIS|richard.davis31@outlook.com|+12563318948|3076 Oak Ave|Burlington|mi|65452|1982-02-26|3684|VA007473
DANIEL|WRIGHT|daniel.wright27@gmail.com|890.682.2915|4599 Maple Dr|Oxford|AL|29273-8993|04-May-1987|2095|VA007474
JOHN|DAVIS|john.davis93@icloud.com|(238) 259-6528|7416 Hill Rd|Arlington|ND|40731|05-16-2004|7094|VA007475
DANIEL|ADAMS|daniel.adams37@outlook.com|7262816543|9809 Lincoln Ave|Georgetown|NH|62022|08/20/1995|7739|VA007476
ANTHONY|TAYLOR||820-235-1895|3927 Park Blvd|Marion|mo|50536-7359|1997-04-28|6945|VA007477
RICHARD|TORRES|richard.torres45@outlook.com|+17759983227|9894 Sunset Blvd|Richmond|ID|50625|04-Jan-1998|8474|VA007478
BARBARA|SMITH|barbara.smith3@outlook.com|544.697.2671|3073 River Dr|Salem|MD|34681|02-03-1958|9564|VA007479
ROBERT|WRIGHT|robert.wright14@hotmail.com|(769) 576-2882|4565 Valley Ln|Fairview|NV|83526-3150|10/11/1995|1430|VA007480
LISA|ALLEN|lisa.allen94@icloud.com|8469554645|2308 Cedar Ln|Springfield|tn|50233|1983-10-01|9049|VA007481
ASHLEY|NGUYEN||787-437-9767|612 Maple Dr|Clinton|ID|14763|13-Aug-1975|9116|VA007482
JESSICA|WILSON||+13639387495|3034 River Dr|Georgetown|MO|61252-2377|01-31-1940|5061|VA007483
SANDRA|JACKSON||957.295.1847|2847 Washington St|Greenville|SC|41243|08/22/1998|9923|VA007484
CHARLES|WILLIAMS|charles.williams12@outlook.com|(574) 488-1066|7361 Forest Ave|Clinton|ca|54876|1968-01-03|5187|VA007485
DAVID|THOMAS|david.thomas69@icloud.com|7949737018|9097 Washington St|Greenville|KS|19705-6470|24-Sep-1995|9088|VA007486
DAVID|DAVIS|david.davis29@gmail.com|361-335-6888|4341 Lincoln Ave|Marion|KY|99438|12-05-1996|7464|VA007487
CHRISTOPHER|ALLEN||+14788549658|95 Main St|Manchester|AR|13705|05/18/1941|2478|VA007488
KAREN|KING||297.300.4124|1010 Hill Rd|Georgetown|fl|38538-7295|1949-03-07|6886|VA007489
CHRISTOPHER|GARCIA||(289) 687-9031|9031 Jefferson Dr|Springfield|AL|31939|26-Nov-1984|2842|VA007490
BARBARA|BAKER|barbara.baker66@icloud.com|2652529196|4929 Oak Ave|Arlington|Mic.|10834|05-11-1944|5099|VA007491
JAMES|NGUYEN|james.nguyen56@aol.com|846-276-6685|4791 Valley Ln|Fairview|CO|73346-3926|05/01/1965|7442|VA007492
JAMES|KING|james.king32@hotmail.com|+15659348259|3741 Forest Ave|Fairview|id|69323|1963-06-30|8408|VA007493
SUSAN|BROWN|susan.brown45@outlook.com|700.982.6371|9726 Hill Rd|Oxford|Florida|26440|28-Oct-1958|9890|VA007494
JESSICA|WILSON|jessica.wilson14@aol.com|(879) 814-8388|6222 Sunset Blvd|Fairview|VA|57665-4677|06-28-1963|5770|VA007495
DANIEL|YOUNG|daniel.young54@hotmail.com|6399973358|8090 River Dr|Salem|WA|11317|03/31/1985|3044|VA007496
RICHARD|WRIGHT|richard.wright60@icloud.com|845-971-6735|2756 Washington St|Oxford|ct|45242|1989-02-19|5089|VA007497
LINDA|ADAMS|linda.adams89@yahoo.com|+16878806817|4167 Lincoln Ave|Manchester|North Carolina|31960-6262|22-Apr-1969|7827|VA007498
SUSAN|WILLIAMS|susan.williams56@yahoo.com|896.211.1002|113 Hill Rd|Marion|Ohi.|78298|07-24-1998|8724|VA007499
WILLIAM|KING|william.king54@outlook.com|(925) 449-5040|7793 Washington St|Richmond|MS|64589|09/06/1947|9309|VA007500
SANDRA|TORRES|sandra.torres2@gmail.com|8222197526|733 Sunset Blvd|Springfield|mn|49121-4586|1997-11-02|6897|VA007501
BARBARA|WRIGHT|barbara.wright92@gmail.com|827-237-2439|2900 Hill Rd|Springfield|ID|85969|13-Dec-1945|5975|VA007502
CHARLES|TORRES|charles.torres96@icloud.com|+17804985253|9508 Oak Ave|Fairview|Nor.|32677|04-26-1964|9695|VA007503
MARGARET|THOMAS|margaret.thomas50@yahoo.com|487.820.5588|965 Cedar Ln|Madison|NH|30701-3602|06/04/1976|1533|VA007504
SUSAN|ADAMS|susan.adams48@outlook.com|(428) 844-7979|3647 Main St|Springfield|ut|48719|2000-12-06|4167|VA007505
JAMES|WILLIAMS||2317762332|6160 Cedar Ln|Madison|VA|15159|28-Aug-1960|3550|VA007506
NANCY|JONES|nancy.jones13@gmail.com|471-763-1197|8134 Park Blvd|Georgetown|Nor.|19707-3243|02-13-1969|2213|VA007507
DANIEL|HALL|daniel.hall52@icloud.com|+17594716590|969 Maple Dr|Salem|CO|26611|04/12/1989|6925|VA007508
JOHN|BROWN|john.brown47@gmail.com|922.238.4837|9822 Hill Rd|Richmond|ak|16256|1951-03-07|1108|VA007509
JOSEPH|TAYLOR|joseph.taylor58@aol.com|(366) 208-3766|7463 Lincoln Ave|Oxford|CO|21783-3564|24-Apr-1962|5298|VA007510
ROBERT|NGUYEN|robert.nguyen34@gmail.com|3215855974|2178 Park Blvd|Salem|NM|42085|07-19-1973|1568|VA007511
MARGARET|JOHNSON|margaret.johnson83@gmail.com|823-643-8389|7815 River Dr|Fairview|NV|35125|11/25/1975|3405|VA007512
JOSEPH|SCOTT|joseph.scott2@aol.com|+18723341238|6705 Jefferson Dr|Marion|mo|16477-4282|1980-07-22|7106|VA007513
JENNIFER|YOUNG|jennifer.young91@gmail.com|620.575.8058|856 Jefferson Dr|Georgetown|ME|42211|27-Jan-2003|8882|VA007514
JESSICA|BAKER|jessica.baker17@gmail.com|(569) 787-5008|5462 Jefferson Dr|Madison|CO|58395|08-13-1984|3580|VA007515
MARY|THOMPSON|mary.thompson65@icloud.com|2902872308|3277 Washington St|Greenville|ME|26296-1858|08/01/1997|2723|VA007516
PATRICIA|WILSON|patricia.wilson9@aol.com|701-908-4356|4550 Jefferson Dr|Marion|mt|14213|1980-07-15|2444|VA007517
DAVID|BAKER|david.baker70@yahoo.com|+15232788405|8168 Cedar Ln|Oxford|OK|73353|14-Oct-1957|4626|VA007518
JAMES|HALL||916.256.7288|604 Valley Ln|Madison|IN|65250-9020|04-01-1958|3273|VA007519
MATTHEW|HARRIS||(486) 756-5006|33 Cedar Ln|Georgetown|WA|62800|09/01/1949|9078|VA007520
MARY|THOMAS|mary.thomas2@aol.com|6346635598|9383 Oak Ave|Arlington|pa|86659|1946-08-18|3233|VA007521
ANTHONY|SCOTT|anthony.scott32@yahoo.com|650-863-4538|2382 Main St|Madison|KS|12722-3023|04-Dec-1994|8917|VA007522
PATRICIA|THOMPSON||+18618121348|2302 Cedar Ln|Greenville|AL|22441|09-01-1973|6702|VA007523
PATRICIA|ALLEN|patricia.allen33@gmail.com|690.592.1474|1230 Lake Rd|Dayton|AZ|12975|06/18/1967|4591|VA007524
DAVID|HALL|david.hall18@aol.com|(916) 890-8459|761 Sunset Blvd|Manchester|ne|74757-9191|1953-02-12|3005|VA007525
SANDRA|JOHNSON|sandra.johnson17@hotmail.com|6283727198|2853 Hill Rd|Salem|California|77598|01-Jan-1976|4911|VA007526
MARY|HALL||487-756-1539|2939 Jefferson Dr|Georgetown|AK|37152|08-30-1992|3362|VA007527
BARBARA|ANDERSON||+13897752543|5107 Cedar Ln|Georgetown|IA|18484-2553|06/29/1952|8602|VA007528
ANTHONY|NGUYEN|anthony.nguyen42@gmail.com|985.417.5309|230 Jefferson Dr|Dayton|vt|10427|1988-05-07|1418|VA007529
MARK|TAYLOR||(959) 364-7096|6867 Cedar Ln|Salem|KY|73317|23-May-1976|3308|VA007530
JOHN|JONES|john.jones83@outlook.com|7669884156|4548 Hill Rd|Burlington|Cal.|94134-6675|07-29-1991|6543|VA007531
THOMAS|WHITE|thomas.white62@outlook.com|861-307-7963|6998 Sunset Blvd|Manchester|NE|23303|03/17/1995|7398|VA007532
JOSEPH|TAYLOR|joseph.taylor97@gmail.com|+19542308111|3664 Valley Ln|Greenville|la|88603|1964-08-02|5375|VA007533
JOSEPH|BAKER|joseph.baker50@outlook.com|860.745.2684|4927 River Dr|Richmond|CO|68689-3164|27-Aug-1940|6092|VA007534
NANCY|HARRIS|nancy.harris40@aol.com|(295) 494-5829|2119 Sunset Blvd|Burlington|KS|38780|11-13-1970|3548|VA007535
BETTY|WRIGHT|betty.wright17@outlook.com|7519609153|9106 Jefferson Dr|Manchester|MT|99887|09/24/1951|3490|VA007536
JOHN|WALKER|john.walker39@icloud.com|429-660-4291|4516 Jefferson Dr|Salem|mo|45342-9030|1954-05-24|8870|VA007537
KAREN|KING||+16793361369|7220 Lincoln Ave|Marion|KY|55446|15-Oct-1999|9487|VA007538
THOMAS|ANDERSON|thomas.anderson81@aol.com|453.741.2741|4885 Valley Ln|Arlington|VT|62496|10-11-1955|4912|VA007539
KAREN|ANDERSON|karen.anderson95@hotmail.com|(334) 756-2982|1671 Cedar Ln|Marion|CA|38731-3633|12/25/1946|9921|VA007540
JENNIFER|WILSON|jennifer.wilson31@hotmail.com|6985021552|4001 Cedar Ln|Madison|mt|77835|1992-12-16|5638|VA007541
WILLIAM|HARRIS|william.harris48@yahoo.com|251-455-6337|1357 Sunset Blvd|Oxford|CO|84927|05-May-1987|6695|VA007542
PATRICIA|YOUNG|patricia.young75@icloud.com|+14459773737|3590 Main St|Salem|Flo.|14353-9460|05-12-1954|2628|VA007543
JESSICA|WALKER|jessica.walker80@hotmail.com|742.481.6400|5624 Washington St|Richmond|OH|84398|11/19/1971|6375|VA007544
MARK|WALKER||(990) 418-8996|605 Oak Ave|Arlington|ut|23163|1969-04-18|1366|VA007545
ROBERT|ALLEN|robert.allen50@gmail.com|3239767393|6340 Maple Dr|Manchester|WA|80797-4588|19-Oct-1975|8133|VA007546
MARY|DAVIS|mary.davis39@hotmail.com|760-296-2494|5756 Jefferson Dr|Arlington|KS|22049|05-02-1988|8505|VA007547
MICHAEL|THOMAS|michael.thomas52@aol.com|+17783004915|8787 Maple Dr|Burlington|OH|18409|01/23/1972|1601|VA007548
NANCY|JONES|nancy.jones31@yahoo.com|683.865.6840|2682 River Dr|Madison|nm|10201-4954|1994-01-05|2812|VA007549
ROBERT|JOHNSON|robert.johnson1@outlook.com|(499) 784-7648|688 Forest Ave|Greenville|MO|54624|11-Jan-1954|2010|VA007550
LINDA|HILL|linda.hill13@hotmail.com|2962983025|3846 Jefferson Dr|Dayton|Tex.|15734|11-12-1959|4932|VA007551
LISA|MARTIN|lisa.martin49@yahoo.com|935-666-5743|5173 Cedar Ln|Richmond|NH|88148-2757|10/09/1958|3475|VA007552
MICHAEL|WHITE||+14943445643|4577 Maple Dr|Clinton|wy|11804|1982-06-15|9676|VA007553
SARAH|BROWN|sarah.brown70@hotmail.com|867.261.5161|3194 Maple Dr|Dayton|KS|96058|10-Nov-1967|3471|VA007554
DAVID|BROWN|david.brown86@icloud.com|(807) 427-7746|8721 Forest Ave|Franklin|Nor.|66767-3777|03-27-1999|9068|VA007555
DAVID|HALL|david.hall2@gmail.com|2768691147|8235 Lake Rd|Greenville|OH|18998|04/28/1991|5694|VA007556
MICHAEL|WILLIAMS|michael.williams22@yahoo.com|776-658-8856|9146 Hill Rd|Franklin|ms|77770|1990-12-06|9910|VA007557
KAREN|HALL||+18829582616|7002 Cedar Ln|Clinton|NM|78582-4626|27-Mar-1946|8535|VA007558
ANTHONY|TORRES|anthony.torres17@yahoo.com|716.851.8551|7372 Sunset Blvd|Salem|Geo.|52626|01-05-1948|7711|VA007559
ANTHONY|NELSON|anthony.nelson75@aol.com|(262) 857-8720|1956 Maple Dr|Fairview|NE|13836|08/09/1991|9596|VA007560
JENNIFER|SCOTT|jennifer.scott31@gmail.com|9008668721|6028 Main St|Richmond|mt|56930-9719|2001-05-14|2721|VA007561
LINDA|HARRIS|linda.harris29@aol.com|660-747-7017|833 Cedar Ln|Salem|MS|33671|26-Aug-1961|4998|VA007562
RICHARD|JOHNSON|richard.johnson65@hotmail.com|+14977101044|6918 Washington St|Burlington|New.|50281|06-04-1940|2039|VA007563
JESSICA|JONES|jessica.jones75@hotmail.com|265.344.7089|1089 River Dr|Manchester|FL|75785-9317|06/27/1996|1481|VA007564
ANTHONY|ADAMS||(540) 650-7668|1232 Lake Rd|Greenville|sd|21031|1977-07-15|5701|VA007565
CHRISTOPHER|TORRES|christopher.torres11@aol.com|8962759836|5272 River Dr|Salem|NJ|52413|17-Nov-2000|2357|VA007566
CHARLES|HALL|charles.hall58@outlook.com|986-280-1177|4814 Maple Dr|Springfield|MA|40859-6942|05-19-1998|4072|VA007567
DAVID|NGUYEN|david.nguyen84@icloud.com|+16464889813|1635 Lincoln Ave|Arlington|NE|67663|10/24/1984|9141|VA007568
ROBERT|JACKSON|robert.jackson75@yahoo.com|737.823.8520|2235 Maple Dr|Madison|or|68334|1976-07-22|2476|VA007569
KAREN|HALL||(540) 757-4917|920 Forest Ave|Franklin|MN|79108-7513|28-Apr-1957|4742|VA007570
DAVID|HALL|david.hall20@gmail.com|8199898982|6496 Cedar Ln|Franklin|MN|17955|03-04-2000|2028|VA007571
WILLIAM|THOMAS|william.thomas53@outlook.com|878-340-5803|2592 Valley Ln|Salem|NJ|53764|09/16/1983|3178|VA007572
CHARLES|TORRES|charles.torres80@outlook.com|+14607749864|3320 Oak Ave|Oxford|ga|23497-6791|1959-06-02|5587|VA007573
SUSAN|HALL|susan.hall2@aol.com|793.611.6732|4320 Cedar Ln|Franklin|WA|69349|30-Jul-1968|4826|VA007574
ROBERT|JOHNSON|robert.johnson57@hotmail.com|(863) 317-1178|3021 Forest Ave|Greenville|NV|61912|04-13-1946|3933|VA007575
JOHN|THOMPSON|john.thompson22@icloud.com|7533031132|7941 Cedar Ln|Fairview|NV|75183-2160|11/09/1956|4741|VA007576
LINDA|BROWN|linda.brown99@hotmail.com|643-569-9649|9518 Hill Rd|Madison|nj|94549|1983-08-16|5200|VA007577
MARGARET|JACKSON|margaret.jackson46@aol.com|+12655352135|7681 Sunset Blvd|Marion|WI|29115|12-Jun-1979|4799|VA007578
CHARLES|ALLEN|charles.allen72@outlook.com|602.455.3724|2442 Sunset Blvd|Franklin|AR|78771-7780|11-18-1947|5565|VA007579
SUSAN|SCOTT|susan.scott92@icloud.com|(859) 758-5215|6327 Cedar Ln|Arlington|NV|46297|05/04/1969|6774|VA007580
PATRICIA|WHITE|patricia.white81@icloud.com|9989107419|7458 Maple Dr|Madison|al|76250|1994-06-11|7216|VA007581
JENNIFER|HALL|jennifer.hall54@outlook.com|552-820-9925|8872 Maple Dr|Dayton|HI|91424-2091|10-May-1982|2307|VA007582
SARAH|THOMPSON|sarah.thompson57@aol.com|+14105813367|1268 Valley Ln|Richmond|VT|99558|11-18-1973|3758|VA007583
JENNIFER|WHITE|jennifer.white1@gmail.com|745.698.9079|8785 Main St|Burlington|VT|47967|02/17/1960|8580|VA007584
JAMES|THOMPSON|james.thompson87@outlook.com|(383) 309-2578|8592 Maple Dr|Fairview|il|91235-9853|1987-03-25|5135|VA007585
ANTHONY|ALLEN|anthony.allen9@hotmail.com|9588674716|554 Jefferson Dr|Madison|WA|83927|06-May-1946|4567|VA007586
LISA|TAYLOR|lisa.taylor35@outlook.com|632-419-4204|7461 Forest Ave|Manchester|RI|85009|06-28-1961|9360|VA007587
SANDRA|GARCIA|sandra.garcia20@icloud.com|+15708479769|3361 Washington St|Dayton|NY|53668-3005|12/28/1951|3509|VA007588
JESSICA|THOMAS|jessica.thomas13@hotmail.com|835.605.4637|5859 Lake Rd|Springfield|co|86341|1958-10-18|7062|VA007589
MARGARET|NELSON|margaret.nelson96@icloud.com|(860) 320-5097|7524 Lincoln Ave|Fairview|CO|90374|20-Dec-1996|7772|VA007590
BARBARA|ALLEN|barbara.allen96@outlook.com|2688962364|7227 Lincoln Ave|Springfield|ME|90758-6612|12-21-1962|6069|VA007591
MARGARET|WILSON|margaret.wilson74@aol.com|309-388-9428|5087 Forest Ave|Dayton|UT|27823|12/16/1972|1842|VA007592
CHRISTOPHER|SCOTT|christopher.scott54@gmail.com|+14644332403|3364 Forest Ave|Manchester|ga|95696|1995-01-24|6955|VA007593
ANTHONY|NELSON|anthony.nelson37@hotmail.com|329.421.5985|3043 Hill Rd|Clinton|MD|49052-9404|03-Sep-1994|8253|VA007594
JOSEPH|BROWN|joseph.brown17@gmail.com|(781) 473-2125|1108 Forest Ave|Clinton|HI|35560|07-03-1956|1988|VA007595
KAREN|WILSON|karen.wilson22@icloud.com|2082528501|3229 Park Blvd|Greenville|WI|89103|08/06/1957|1748|VA007596
ANTHONY|HILL|anthony.hill51@hotmail.com|711-593-5734|30 River Dr|Springfield|ri|51471-3057|1967-07-05|9958|VA007597
JENNIFER|WALKER|jennifer.walker19@icloud.com|+14993527784|9931 Valley Ln|Oxford|WI|23297|30-Aug-1961|8002|VA007598
RICHARD|THOMPSON|richard.thompson8@outlook.com|268.328.7521|5403 Maple Dr|Madison|SC|48287|08-10-1988|2183|VA007599
CHARLES|NELSON|charles.nelson32@aol.com|(843) 930-6012|3441 Maple Dr|Fairview|GA|81469-1683|11/25/1988|6597|VA007600
RICHARD|HILL|richard.hill97@yahoo.com|5088763338|2084 Washington St|Burlington|co|38718|1951-03-18|6211|VA007601
DAVID|KING|david.king6@gmail.com|225-355-8927|2920 Washington St|Greenville|California|50525|17-Sep-1956|6239|VA007602
SANDRA|GARCIA||+16202563594|450 Sunset Blvd|Manchester|Tex.|92283-7144|04-13-1963|2557|VA007603
PATRICIA|TAYLOR|patricia.taylor73@aol.com|628.660.1438|6233 Valley Ln|Greenville|CA|90862|07/02/1970|9824|VA007604
JAMES|ADAMS|james.adams23@outlook.com|(342) 526-5870|2306 Valley Ln|Richmond|wv|74541|1940-01-25|9709|VA007605
ANTHONY|HALL|anthony.hall97@gmail.com|5924397455|2507 Oak Ave|Oxford|North Carolina|61605-5112|24-Jun-1972|6925|VA007606
ROBERT|HARRIS||652-846-5961|4501 Valley Ln|Springfield|MN|76497|08-28-1946|6085|VA007607
SARAH|HALL|sarah.hall86@hotmail.com|+19647954508|6803 Main St|Manchester|CA|62197|05/01/1947|8147|VA007608
BETTY|WRIGHT|betty.wright11@gmail.com|655.781.7831|3995 River Dr|Clinton|ri|10153-7921|1951-12-30|1067|VA007609
SARAH|BROWN|sarah.brown41@aol.com|(209) 227-9117|1077 Park Blvd|Dayton|AR|83326|03-Oct-1977|4242|VA007610
JOSEPH|SMITH|joseph.smith1@gmail.com|5927647478|2864 Forest Ave|Fairview|New.|53246|07-15-2000|3219|VA007611
ANTHONY|SCOTT|anthony.scott42@hotmail.com|681-298-4732|6122 Jefferson Dr|Clinton|NJ|31844-3645|03/19/1955|4111|VA007612
ANTHONY|YOUNG|anthony.young78@aol.com|+15993413541|5868 Sunset Blvd|Arlington|ky|65470|1998-03-29|9208|VA007613
ROBERT|TORRES||822.211.5777|4802 Lincoln Ave|Springfield|SD|43450|17-Jul-1955|5502|VA007614
THOMAS|ALLEN|thomas.allen12@outlook.com|(961) 220-7315|3328 Main St|Burlington|RI|41205-6417|11-25-1974|1471|VA007615
JOSEPH|MILLER|joseph.miller26@aol.com|3394202204|7481 Maple Dr|Springfield|WV|50534|04/01/1964|1162|VA007616
MARY|NGUYEN|mary.nguyen18@hotmail.com|485-612-9882|3307 Cedar Ln|Madison|pa|81013|1999-02-14|6792|VA007617
WILLIAM|HARRIS|william.harris92@hotmail.com|+12827931665|8856 Maple Dr|Clinton|Texas|79363-2155|17-Jan-1954|9775|VA007618
ASHLEY|WHITE|ashley.white32@hotmail.com|477.577.3905|9196 Main St|Dayton|OK|51267|09-08-1979|5242|VA007619
PATRICIA|WILSON|patricia.wilson49@icloud.com|(894) 476-5765|4064 Valley Ln|Dayton|NJ|61500|01/18/1940|5225|VA007620
MATTHEW|THOMPSON|matthew.thompson13@yahoo.com|8625726482|2258 Oak Ave|Richmond|il|67554-2510|1977-04-19|1107|VA007621
JAMES|MILLER|james.miller74@hotmail.com|717-880-2309|1800 Maple Dr|Dayton|NE|60235|20-Jun-2004|5786|VA007622
BETTY|SCOTT|betty.scott47@icloud.com|+15183481978|8088 River Dr|Greenville|Flo.|78738|07-20-1998|3276|VA007623
ASHLEY|ADAMS|ashley.adams5@icloud.com|846.885.7047|8642 Lake Rd|Marion|OK|19576-6838|01/01/1949|9934|VA007624
SANDRA|HARRIS|sandra.harris95@gmail.com|(998) 300-6824|2804 River Dr|Dayton|ut|84862|1980-02-17|5142|VA007625
DAVID|ANDERSON|david.anderson44@gmail.com|8015462588|4976 Lake Rd|Springfield|ME|91082|09-Apr-1979|3883|VA007626
JENNIFER|TORRES|jennifer.torres73@hotmail.com|699-627-9925|3876 Cedar Ln|Greenville|Nor.|26847-5364|10-01-1949|2486|VA007627
ANTHONY|WRIGHT|anthony.wright50@icloud.com|+16538219311|311 Lincoln Ave|Dayton|VT|32570|04/08/1994|5910|VA007628
RICHARD|HARRIS|richard.harris59@hotmail.com|268.997.7880|2608 Hill Rd|Burlington|wi|88889|1945-03-29|8552|VA007629
KAREN|HILL|karen.hill46@icloud.com|(409) 590-5231|1979 Main St|Manchester|AL|41600-7496|25-Apr-2000|8954|VA007630
ASHLEY|HALL|ashley.hall59@icloud.com|6775633965|2451 Cedar Ln|Richmond|MN|59514|01-22-1972|6687|VA007631
ASHLEY|TAYLOR|ashley.taylor99@hotmail.com|760-717-3744|1278 Park Blvd|Burlington|NC|83422|08/18/1979|5350|VA007632
ANTHONY|TORRES|anthony.torres55@outlook.com|+19786519780|3824 Oak Ave|Fairview|ct|60992-9921|1967-06-01|5817|VA007633
DANIEL|BROWN|daniel.brown95@yahoo.com|934.530.8232|3208 Lincoln Ave|Greenville|ME|64964|08-Aug-1992|7458|VA007634
SANDRA|THOMAS|sandra.thomas46@icloud.com|(402) 817-8128|714 Oak Ave|Manchester|NV|17922|06-14-1991|4646|VA007635
DANIEL|HARRIS|daniel.harris86@gmail.com|8773089491|5233 Cedar Ln|Fairview|IN|34100-5032|10/21/1976|2707|VA007636
ROBERT|YOUNG|robert.young12@icloud.com|240-518-9868|865 River Dr|Oxford|md|45458|1943-04-29|7673|VA007637
SUSAN|HARRIS|susan.harris15@outlook.com|+13379672212|5318 Lincoln Ave|Burlington|NE|29893|29-Jun-1953|5896|VA007638
THOMAS|HARRIS|thomas.harris7@aol.com|765.232.3165|567 Forest Ave|Georgetown|Tex.|26629-7583|02-04-1944|5130|VA007639
JENNIFER|ANDERSON|jennifer.anderson96@aol.com|(866) 829-9227|8981 Oak Ave|Springfield|SD|80854|09/20/1968|6330|VA007640
CHRISTOPHER|WILLIAMS|christopher.williams82@outlook.com|4007866002|1927 Forest Ave|Clinton|il|51069|1951-04-06|4866|VA007641
NANCY|SMITH|nancy.smith11@outlook.com|620-848-6800|2361 Jefferson Dr|Fairview|ME|40545-8727|30-Jan-1946|5511|VA007642
SARAH|JONES|sarah.jones41@aol.com|+12328157230|1023 Lincoln Ave|Georgetown|NV|72050|02-23-1959|1886|VA007643
DAVID|NGUYEN|david.nguyen16@outlook.com|311.901.6122|9354 Washington St|Oxford|MD|45407|09/16/1952|7768|VA007644
KAREN|SCOTT|karen.scott71@gmail.com|(903) 628-2137|2895 Lincoln Ave|Dayton|ma|55344-2277|1990-08-22|1293|VA007645
CHRISTOPHER|ADAMS|christopher.adams64@outlook.com|8207419074|3665 Sunset Blvd|Franklin|Illinois|70718|16-Dec-1992|8192|VA007646
LISA|ADAMS|lisa.adams26@icloud.com|324-894-3205|101 Sunset Blvd|Springfield|LA|51828|12-04-1989|9081|VA007647
CHRISTOPHER|BAKER|christopher.baker63@hotmail.com|+17839285329|4088 Lincoln Ave|Burlington|CO|86709-4874|12/07/1969|4706|VA007648
MARK|JONES|mark.jones64@gmail.com|640.734.9092|4929 Forest Ave|Marion|hi|51223|1976-06-29|5063|VA007649
DANIEL|WHITE|daniel.white67@outlook.com|(345) 387-3709|904 Washington St|Dayton|MA|44901|29-May-1965|2550|VA007650
JAMES|YOUNG|james.young46@aol.com|7846751638|1787 Lake Rd|Dayton|HI|33794-6259|06-07-1950|4360|VA007651
MARGARET|NELSON||605-393-5862|581 Valley Ln|Clinton|CT|32912|11/27/1997|3693|VA007652
JESSICA|ADAMS|jessica.adams54@yahoo.com|+19309911698|6898 Jefferson Dr|Salem|sd|16456|1961-03-14|4819|VA007653
JENNIFER|MARTIN|jennifer.martin14@gmail.com|908.644.8409|1182 Valley Ln|Burlington|MS|37185-7166|10-Mar-1996|6954|VA007654
JAMES|JONES|james.jones39@icloud.com|(798) 646-8794|7509 Forest Ave|Clinton|WV|25905|05-26-1992|3896|VA007655
BETTY|ANDERSON|betty.anderson89@aol.com|4683898123|4716 Valley Ln|Franklin|ME|35075|01/19/1979|9736|VA007656
BARBARA|JACKSON|barbara.jackson58@hotmail.com|365-487-3621|8018 Lake Rd|Burlington|ok|64446-2179|1957-07-21|6107|VA007657
MATTHEW|DAVIS|matthew.davis13@hotmail.com|+19617819199|7786 Main St|Madison|MT|26720|29-Nov-1987|2093|VA007658
MICHAEL|WALKER|michael.walker20@aol.com|321.720.5230|8279 Lake Rd|Salem|MO|19865|11-24-1963|9085|VA007659
SARAH|TAYLOR|sarah.taylor63@outlook.com|(784) 472-5067|3823 Jefferson Dr|Greenville|WI|52247-3233|03/13/1979|3998|VA007660
RICHARD|WRIGHT|richard.wright2@yahoo.com|5806027863|9217 River Dr|Franklin|ny|21333|1984-07-01|4765|VA007661
JENNIFER|HALL|jennifer.hall19@yahoo.com|765-745-2229|1001 Jefferson Dr|Greenville|Georgia|99144|15-May-1963|9833|VA007662
SUSAN|NELSON|susan.nelson40@hotmail.com|+19459073360|1571 Lake Rd|Salem|Tex.|80697-3931|12-16-1959|8595|VA007663
LINDA|YOUNG|linda.young72@icloud.com|391.590.2712|6793 Hill Rd|Salem|WY|92581|12/31/1963|9467|VA007664
RICHARD|TAYLOR|richard.taylor60@hotmail.com|(334) 342-9003|6062 Lincoln Ave|Burlington|ks|97897|1993-09-29|8097|VA007665
ROBERT|GARCIA|robert.garcia91@icloud.com|9062229670|7975 Forest Ave|Dayton|MN|48209-5601|30-Jan-1976|3058|VA007666
LISA|WILSON|lisa.wilson91@gmail.com|342-270-6664|965 Sunset Blvd|Franklin|IN|43381|12-20-1959|5088|VA007667
KAREN|YOUNG|karen.young50@gmail.com|+19115285608|2909 Main St|Arlington|MO|11427|05/20/1977|8082|VA007668
SANDRA|WRIGHT|sandra.wright45@outlook.com|289.928.5788|7665 Main St|Georgetown|wi|14356-8387|1948-01-31|2599|VA007669
JENNIFER|DAVIS|jennifer.davis50@gmail.com|(944) 846-4489|5235 River Dr|Salem|Florida|87702|19-Jan-1965|5480|VA007670
MARK|BAKER||9468218283|286 Cedar Ln|Fairview|KY|94404|03-13-1965|9681|VA007671
SANDRA|SMITH|sandra.smith68@outlook.com|434-267-6543|4865 Sunset Blvd|Oxford|MA|97595-4639|06/28/1993|4143|VA007672
RICHARD|BROWN|richard.brown19@icloud.com|+12268357975|1974 Forest Ave|Manchester|wy|39958|1942-05-16|1073|VA007673
MATTHEW|WILSON|matthew.wilson44@icloud.com|360.350.1223|2645 Maple Dr|Manchester|NH|70773|01-Jun-1983|5262|VA007674
SUSAN|JOHNSON|susan.johnson80@aol.com|(731) 706-9670|2202 Valley Ln|Marion|Nor.|73917-2820|11-18-1952|8668|VA007675
MARGARET|ADAMS|margaret.adams92@gmail.com|7813296894|7477 Washington St|Oxford|CT|97996|10/28/1986|7176|VA007676
MARY|JONES|mary.jones15@aol.com|715-874-3935|7713 Lincoln Ave|Greenville|la|48126|1998-06-11|6897|VA007677
LINDA|BROWN|linda.brown11@icloud.com|+15613901056|7012 Jefferson Dr|Springfield|MT|46686-6164|12-Mar-1948|3157|VA007678
JAMES|JOHNSON|james.johnson56@gmail.com|760.375.7748|6963 Lake Rd|Arlington|Tex.|63699|04-01-1989|1641|VA007679
DANIEL|NELSON|daniel.nelson41@hotmail.com|(513) 560-6924|206 Park Blvd|Franklin|OK|21594|12/22/1943|9062|VA007680
JOHN|THOMPSON|john.thompson30@icloud.com|8503048897|1812 Forest Ave|Franklin|ct|22014-3873|1956-07-25|1678|VA007681
MATTHEW|BAKER|matthew.baker51@hotmail.com|267-360-6361|5792 Lake Rd|Franklin|UT|12553|23-Aug-1941|6954|VA007682
LINDA|HARRIS||+13904093369|8749 Hill Rd|Dayton|HI|72592|03-17-2004|5060|VA007683
LISA|HALL|lisa.hall18@outlook.com|644.436.4556|4225 Maple Dr|Greenville|OH|56524-7857|07/18/2002|7557|VA007684
MARK|KING|mark.king77@yahoo.com|(558) 281-2607|7948 Lake Rd|Richmond|mt|44472|2000-10-03|4821|VA007685
MARY|BROWN|mary.brown78@icloud.com|8939229267|350 Lake Rd|Fairview|North Carolina|98849|30-Mar-1985|3344|VA007686
JESSICA|DAVIS|jessica.davis89@icloud.com|584-539-6250|7726 Park Blvd|Marion|Nor.|75528-1624|09-12-1948|3936|VA007687
LISA|SMITH||+16146234965|2261 Maple Dr|Georgetown|OH|24366|02/14/1979|1077|VA007688
ANTHONY|SMITH|anthony.smith56@outlook.com|684.406.8453|319 Maple Dr|Georgetown|ak|63210|1955-07-26|6340|VA007689
ANTHONY|WHITE|anthony.white39@gmail.com|(750) 648-8406|1954 Washington St|Fairview|Michigan|26740-4682|22-Jul-1973|2864|VA007690
JESSICA|JOHNSON|jessica.johnson83@outlook.com|4776824793|4256 Park Blvd|Marion|AZ|47767|06-03-1995|9985|VA007691
WILLIAM|WILSON||520-777-3780|2903 Maple Dr|Arlington|IL|32177|06/09/1985|9536|VA007692
MARY|MARTIN|mary.martin40@icloud.com|+12288822666|3827 Oak Ave|Franklin|ct|70646-5927|1985-07-13|7355|VA007693
LINDA|TAYLOR|linda.taylor78@gmail.com|747.882.1553|487 Valley Ln|Franklin|Ohio|58791|15-Sep-1957|5261|VA007694
SUSAN|JONES|susan.jones23@yahoo.com|(899) 710-6650|5088 Cedar Ln|Arlington|MA|50092|05-13-1982|8900|VA007695
RICHARD|NGUYEN|richard.nguyen97@aol.com|5837109501|7607 Maple Dr|Georgetown|VA|59005-4362|02/21/1987|8918|VA007696
JESSICA|THOMAS|jessica.thomas69@outlook.com|846-795-8075|3375 Cedar Ln|Arlington|me|61716|1981-12-02|5606|VA007697
JOSEPH|THOMPSON|joseph.thompson99@yahoo.com|+18623271233|9749 Washington St|Marion|ND|68669|08-Jan-1966|5891|VA007698
DAVID|WHITE||997.981.1266|3588 Forest Ave|Springfield|Tex.|23185-4891|07-19-1952|4104|VA007699
JOSEPH|MILLER|joseph.miller40@yahoo.com|(730) 989-3697|1423 Sunset Blvd|Greenville|TX|53047|07/29/1943|1916|VA007700
CHRISTOPHER|JOHNSON|christopher.johnson50@outlook.com|2047254866|3379 Hill Rd|Marion|va|79118|1940-10-29|8025|VA007701
MARGARET|HALL|margaret.hall33@outlook.com|920-820-1303|5110 Jefferson Dr|Dayton|Texas|89008-8334|14-Mar-1991|2467|VA007702
LINDA|GARCIA|linda.garcia96@yahoo.com|+15718238254|659 Main St|Fairview|Ill.|10677|12-18-1948|4387|VA007703
JAMES|JACKSON|james.jackson52@outlook.com|607.569.3561|4518 River Dr|Georgetown|CT|15570|11/24/1997|3548|VA007704
SANDRA|WALKER|sandra.walker91@hotmail.com|(817) 924-3916|9273 Washington St|Arlington|vt|22535-4819|1998-01-25|2071|VA007705
ANTHONY|MILLER|anthony.miller78@hotmail.com|8547066036|7419 Maple Dr|Arlington|California|50676|10-Jul-1982|8551|VA007706
THOMAS|HALL|thomas.hall27@icloud.com|960-276-5413|5056 Hill Rd|Arlington|NH|89405|12-19-1967|8664|VA007707
PATRICIA|THOMAS|patricia.thomas25@yahoo.com|+19304558292|3990 Sunset Blvd|Oxford|CA|33027-5696|05/29/1976|8149|VA007708
SANDRA|MILLER|sandra.miller82@icloud.com|901.318.3637|6310 Lake Rd|Springfield|nd|14017|1981-05-03|4227|VA007709
MARY|BROWN|mary.brown44@gmail.com|(772) 982-1245|2830 Sunset Blvd|Fairview|MT|61116|08-Aug-1949|6143|VA007710
ASHLEY|JONES|ashley.jones18@aol.com|2229669558|5973 Hill Rd|Georgetown|MA|55971-1796|11-27-2001|2566|VA007711
THOMAS|WHITE|thomas.white9@aol.com|362-986-3039|8327 Oak Ave|Springfield|PA|54248|05/27/2001|2056|VA007712
SARAH|ADAMS|sarah.adams31@outlook.com|+12912854958|4117 Lincoln Ave|Arlington|sc|42811|1997-08-25|4228|VA007713
JOHN|SMITH|john.smith64@aol.com|207.512.2991|6089 Jefferson Dr|Marion|KY|99142-2772|11-Jul-1988|4515|VA007714
BARBARA|NELSON|barbara.nelson2@aol.com|(927) 975-1807|308 Park Blvd|Manchester|NH|74868|11-08-1992|5756|VA007715
ASHLEY|KING|ashley.king55@yahoo.com|7139479333|2267 Cedar Ln|Oxford|UT|33023|02/11/1949|5278|VA007716
RICHARD|KING|richard.king57@icloud.com|561-594-7827|2430 Cedar Ln|Greenville|ak|56772-3863|1980-01-06|3461|VA007717
CHRISTOPHER|TAYLOR|christopher.taylor50@icloud.com|+17297464477|8285 River Dr|Franklin|MT|92818|19-Feb-1948|9625|VA007718
KAREN|KING|karen.king31@icloud.com|732.568.9070|9792 Forest Ave|Georgetown|VT|74111|04-08-1983|8221|VA007719
KAREN|MARTIN|karen.martin40@yahoo.com|(826) 576-4947|3312 Washington St|Arlington|NJ|23540-8339|02/25/1986|5187|VA007720
PATRICIA|JOHNSON|patricia.johnson38@aol.com|2533913940|5390 Lake Rd|Oxford|ar|63225|1946-01-13|9613|VA007721
SUSAN|BROWN|susan.brown68@hotmail.com|371-233-1226|5194 River Dr|Manchester|ME|58941|29-Dec-1959|7173|VA007722
JOHN|HARRIS|john.harris71@icloud.com|+15683969319|4442 Valley Ln|Oxford|LA|12880-2127|12-11-1986|5425|VA007723
MICHAEL|ADAMS|michael.adams94@aol.com|361.677.6666|4184 Sunset Blvd|Salem|MI|61351|05/14/1946|8832|VA007724
RICHARD|NGUYEN|richard.nguyen73@aol.com|(478) 948-1555|1333 Cedar Ln|Fairview|ia|45674|1964-05-23|4529|VA007725
CHARLES|WILLIAMS||5868904415|9180 Lake Rd|Springfield|ND|38717-1905|21-Sep-1977|3645|VA007726
MARGARET|NGUYEN|margaret.nguyen66@icloud.com|950-758-2774|8866 Forest Ave|Burlington|MS|84075|10-14-1990|8577|VA007727
BETTY|WHITE|betty.white5@yahoo.com|+19157484797|5963 River Dr|Greenville|SD|17122|10/02/1966|4585|VA007728
SANDRA|MARTIN||981.431.1869|5711 Park Blvd|Madison|wy|55979-9636|1998-07-30|5684|VA007729
JOSEPH|THOMPSON|joseph.thompson91@aol.com|(378) 497-5631|7176 Jefferson Dr|Dayton|WA|99920|29-Mar-1981|2242|VA007730
NANCY|WRIGHT||4948302882|310 Forest Ave|Springfield|SD|45508|12-14-1964|6590|VA007731
SANDRA|SCOTT|sandra.scott89@hotmail.com|624-662-2607|9537 Sunset Blvd|Georgetown|AR|42705-9480|11/21/1944|7048|VA007732
CHARLES|THOMAS|charles.thomas73@yahoo.com|+19129322910|9644 Main St|Madison|md|85437|1966-10-30|1606|VA007733
MATTHEW|WILSON|matthew.wilson82@hotmail.com|589.267.5530|138 Forest Ave|Marion|NE|72634|26-May-2000|3596|VA007734
MATTHEW|DAVIS|matthew.davis71@aol.com|(836) 991-4565|3802 Washington St|Springfield|TN|42902-3512|08-08-1965|9945|VA007735
MARY|HILL||6033805609|2286 Valley Ln|Georgetown|UT|58048|01/15/1973|4638|VA007736
ASHLEY|JONES|ashley.jones67@yahoo.com|512-959-4453|2012 Lake Rd|Burlington|ga|14701|1961-02-02|8213|VA007737
WILLIAM|MILLER|william.miller73@yahoo.com|+15284302658|7447 Cedar Ln|Burlington|Georgia|48112-3972|13-Nov-1978|2788|VA007738
JENNIFER|THOMAS|jennifer.thomas44@outlook.com|413.498.6259|276 Oak Ave|Springfield|OK|52365|07-24-2000|3766|VA007739
MARY|HARRIS|mary.harris26@gmail.com|(409) 448-7089|9068 Maple Dr|Fairview|IA|85542|07/12/1988|6887|VA007740
CHARLES|HILL|charles.hill47@gmail.com|5006828766|4108 Hill Rd|Oxford|ny|68038-3087|1980-12-10|6422|VA007741
DAVID|HILL|david.hill61@yahoo.com|587-706-8447|9378 Hill Rd|Fairview|AZ|16223|04-Jan-1953|1802|VA007742
MATTHEW|MARTIN|matthew.martin30@aol.com|+12613942689|6353 Valley Ln|Salem|WY|33107|08-31-1986|2674|VA007743
PATRICIA|WILLIAMS|patricia.williams65@icloud.com|330.340.9634|2410 Lake Rd|Marion|MN|71107-7341|05/27/2003|8337|VA007744
KAREN|ADAMS|karen.adams41@yahoo.com|(476) 991-2298|1141 Washington St|Marion|ri|94241|1990-01-16|3240|VA007745
MICHAEL|HALL|michael.hall47@icloud.com|6757895901|9502 Park Blvd|Dayton|Georgia|47911|23-Aug-1951|3584|VA007746
THOMAS|DAVIS|thomas.davis43@gmail.com|607-253-7463|1078 Jefferson Dr|Dayton|SD|47530-2085|02-26-1944|4477|VA007747
SUSAN|WILLIAMS|susan.williams73@yahoo.com|+12254935800|8685 Main St|Fairview|WV|44861|05/06/1971|9136|VA007748
ASHLEY|KING|ashley.king63@yahoo.com|618.925.7402|5645 Jefferson Dr|Arlington|vt|66087|1948-04-01|3985|VA007749
LINDA|JONES|linda.jones54@outlook.com|(918) 641-4494|7245 River Dr|Clinton|WI|56821-9075|12-Jun-1967|9035|VA007750
MARY|KING|mary.king25@aol.com|3535158227|6644 Lake Rd|Greenville|VA|51941|12-11-1956|9292|VA007751
MARK|JACKSON||872-570-1648|954 Lincoln Ave|Oxford|CT|73630|05/30/1949|6952|VA007752
BARBARA|GARCIA|barbara.garcia1@outlook.com|+14874376378|9642 Lincoln Ave|Salem|pa|89489-5492|1999-11-20|1794|VA007753
RICHARD|THOMPSON|richard.thompson95@yahoo.com|883.418.9989|1453 Lake Rd|Richmond|IN|68804|24-Nov-1972|9772|VA007754
DAVID|NGUYEN|david.nguyen6@yahoo.com|(724) 510-6678|7551 Oak Ave|Dayton|OK|64738|05-25-1991|2638|VA007755
NANCY|KING|nancy.king46@yahoo.com|7389353209|7248 Lincoln Ave|Arlington|NE|74273-2714|03/14/1983|5471|VA007756
RICHARD|JACKSON||823-938-4151|7966 Cedar Ln|Manchester|fl|82412|1954-08-13|1975|VA007757
SARAH|THOMAS|sarah.thomas79@hotmail.com|+12645165066|1146 Jefferson Dr|Madison|AK|23323|17-Jan-1961|9652|VA007758
JENNIFER|MILLER||720.276.3835|5229 Washington St|Marion|NM|79112-5954|02-14-1950|2386|VA007759
CHARLES|WRIGHT|charles.wright12@icloud.com|(986) 660-9205|4700 Maple Dr|Marion|SC|95763|06/11/1962|9249|VA007760
THOMAS|HILL|thomas.hill28@outlook.com|4943126099|2543 Hill Rd|Burlington|in|53046|1968-02-08|9928|VA007761
JENNIFER|GARCIA|jennifer.garcia23@gmail.com|473-269-8978|8710 Hill Rd|Franklin|AL|57439-5975|18-May-1956|5933|VA007762
SANDRA|YOUNG||+14335511627|740 Maple Dr|Greenville|OK|71990|12-27-1963|1209|VA007763
LISA|ANDERSON|lisa.anderson12@gmail.com|824.344.4763|3929 Lake Rd|Georgetown|ND|76080|04/05/1971|8463|VA007764
BETTY|JOHNSON|betty.johnson43@outlook.com|(841) 665-1527|9860 Washington St|Madison|me|98324-1811|1944-11-01|8540|VA007765
ROBERT|DAVIS|robert.davis9@outlook.com|9343488906|564 Park Blvd|Oxford|CT|47316|02-Jul-1997|2949|VA007766
DAVID|ADAMS|david.adams9@outlook.com|204-759-7536|2843 Lincoln Ave|Madison|Pen.|52597|07-13-1949|4682|VA007767
WILLIAM|NGUYEN|william.nguyen12@yahoo.com|+18614178287|5411 Park Blvd|Greenville|OH|14747-1969|04/24/1967|2451|VA007768
JOSEPH|SMITH|joseph.smith60@outlook.com|806.297.7183|3725 Park Blvd|Oxford|ia|13967|1949-06-10|8386|VA007769
MARGARET|WILLIAMS|margaret.williams66@outlook.com|(560) 470-1307|7626 Cedar Ln|Fairview|LA|28275|21-Aug-1987|6094|VA007770
RICHARD|HALL|richard.hall73@icloud.com|8779731552|8021 River Dr|Clinton|ME|68325-6165|10-06-1970|5853|VA007771
ASHLEY|THOMAS|ashley.thomas75@gmail.com|647-481-2930|3375 Oak Ave|Arlington|CA|92182|07/15/2003|7145|VA007772
JAMES|ALLEN||+18042327549|2851 Valley Ln|Oxford|wa|20886|1960-04-19|1769|VA007773
JAMES|TAYLOR|james.taylor31@gmail.com|409.566.7456|7969 Maple Dr|Franklin|MN|87332-7759|03-Dec-2003|5640|VA007774
JOSEPH|TORRES|joseph.torres41@yahoo.com|(215) 765-4395|9710 Lincoln Ave|Georgetown|Cal.|35676|03-09-1996|2017|VA007775
ROBERT|ALLEN|robert.allen11@aol.com|7849497697|375 Lake Rd|Oxford|KS|31818|01/28/1991|8731|VA007776
KAREN|JACKSON|karen.jackson95@yahoo.com|755-927-5335|1171 Cedar Ln|Salem|ak|67992-3248|1986-10-20|8710|VA007777
ANTHONY|THOMPSON|anthony.thompson33@yahoo.com|+19345538690|1224 River Dr|Franklin|New York|11947|19-Dec-1952|8729|VA007778
WILLIAM|JONES|william.jones70@gmail.com|519.539.5519|930 Cedar Ln|Greenville|NM|45629|03-17-1949|6613|VA007779
JOHN|SMITH|john.smith3@yahoo.com|(990) 673-3739|5415 Sunset Blvd|Salem|NJ|32604-5141|11/22/1978|2366|VA007780
MARK|ADAMS|mark.adams43@gmail.com|4558641143|5306 Sunset Blvd|Burlington|de|13134|1968-07-17|1623|VA007781
JENNIFER|WILSON|jennifer.wilson5@aol.com|535-781-7183|393 Maple Dr|Marion|AZ|82287|04-Mar-1977|8826|VA007782
CHARLES|DAVIS|charles.davis49@outlook.com|+15705973928|7443 Lake Rd|Manchester|KY|54702-4062|06-26-2000|5234|VA007783
JAMES|HARRIS|james.harris81@yahoo.com|974.247.9249|1148 Cedar Ln|Fairview|UT|32864|06/02/1965|2867|VA007784
DAVID|WHITE|david.white48@outlook.com|(801) 592-6782|4216 Maple Dr|Springfield|pa|52873|1989-09-15|3518|VA007785
LISA|ADAMS|lisa.adams41@aol.com|4197151664|6473 Maple Dr|Burlington|MA|17570-9686|09-Jun-1953|4927|VA007786
BARBARA|JOHNSON|barbara.johnson64@gmail.com|983-653-4133|2116 Forest Ave|Oxford|OK|16490|09-30-1971|6999|VA007787
DAVID|WRIGHT|david.wright47@icloud.com|+14497323269|9194 Lincoln Ave|Springfield|ME|10402|12/03/1970|7676|VA007788
MARK|JACKSON|mark.jackson99@hotmail.com|762.761.2452|3794 Valley Ln|Franklin|la|29171-5253|1940-09-14|4784|VA007789
THOMAS|HILL|thomas.hill37@outlook.com|(864) 830-6461|4366 Cedar Ln|Oxford|Georgia|26145|08-Mar-1985|7967|VA007790
ROBERT|JOHNSON|robert.johnson64@yahoo.com|6842808687|7958 Washington St|Marion|KS|58881|11-05-1950|1005|VA007791
MARK|HALL|mark.hall61@hotmail.com|573-897-4923|5337 Sunset Blvd|Georgetown|SC|74966-9706|05/24/1988|8330|VA007792
BARBARA|SMITH||+16687988989|9905 Hill Rd|Madison|ia|20851|1970-08-03|3808|VA007793
DAVID|WILSON|david.wilson99@aol.com|862.804.9755|564 Jefferson Dr|Salem|New York|77343|03-Dec-1974|6588|VA007794
ROBERT|JONES|robert.jones54@icloud.com|(636) 738-3646|6564 Main St|Burlington|SC|61839-4417|12-29-1990|7550|VA007795
JOHN|WILSON|john.wilson89@gmail.com|7282874112|7397 Maple Dr|Manchester|GA|87263|01/26/1958|9521|VA007796
ROBERT|JOHNSON|robert.johnson61@outlook.com|817-881-5483|1408 Hill Rd|Arlington|sd|33093|1968-08-07|5729|VA007797
DAVID|WHITE|david.white53@gmail.com|+12137671133|5982 Valley Ln|Marion|AK|97703-8372|11-Oct-1950|9612|VA007798
THOMAS|BAKER|thomas.baker57@yahoo.com|384.208.1636|599 Washington St|Springfield|DE|64004|07-13-1968|2490|VA007799
DAVID|HALL|david.hall76@yahoo.com|(939) 244-9762|2560 Oak Ave|Springfield|NH|85494|04/16/1946|1657|VA007800
LISA|WALKER|lisa.walker18@gmail.com|8987719246|8479 Park Blvd|Greenville|al|52658-2026|1962-10-29|8335|VA007801
ANTHONY|JONES|anthony.jones70@yahoo.com|854-823-8403|1343 Forest Ave|Springfield|Michigan|86100|21-Jun-1987|5902|VA007802
ASHLEY|WALKER||+15722619855|33 Lincoln Ave|Dayton|New.|23569|12-23-2000|1189|VA007803
SUSAN|NELSON|susan.nelson46@hotmail.com|203.450.1480|7212 Valley Ln|Dayton|PA|25379-8874|09/09/1971|5508|VA007804
KAREN|THOMAS|karen.thomas37@icloud.com|(786) 607-8436|2897 Oak Ave|Franklin|ct|36596|1955-09-02|1025|VA007805
JENNIFER|DAVIS|jennifer.davis95@hotmail.com|7136639887|4527 River Dr|Salem|Ohio|63101|04-Sep-2004|2679|VA007806
MICHAEL|BAKER|michael.baker58@outlook.com|228-300-9547|3248 Maple Dr|Manchester|MN|72625-6942|12-09-2000|9380|VA007807
WILLIAM|KING|william.king3@gmail.com|+19745119297|324 Valley Ln|Salem|SC|76083|11/24/2004|2968|VA007808
ANTHONY|ANDERSON|anthony.anderson90@yahoo.com|935.895.9551|2040 Washington St|Oxford|ct|77959|1969-01-20|9358|VA007809
SANDRA|JACKSON||(302) 639-1177|5222 Park Blvd|Fairview|IA|69333-6691|07-Mar-2001|1325|VA007810
PATRICIA|ADAMS|patricia.adams43@aol.com|4682551004|1267 Main St|Oxford|HI|53165|12-10-1985|4727|VA007811
DAVID|MILLER|david.miller61@yahoo.com|484-581-7084|6010 Lincoln Ave|Franklin|VT|47251|06/08/1990|1066|VA007812
SUSAN|GARCIA|susan.garcia24@outlook.com|+18815304287|4521 Lincoln Ave|Oxford|vt|52604-7297|1986-06-23|8913|VA007813
ANTHONY|WHITE|anthony.white47@icloud.com|601.963.2566|2184 Hill Rd|Richmond|AR|63507|19-May-1994|6711|VA007814
PATRICIA|YOUNG|patricia.young51@aol.com|(343) 431-5600|4169 Park Blvd|Springfield|MA|58481|06-20-1979|3329|VA007815
ROBERT|THOMAS|robert.thomas4@gmail.com|9025347394|5943 Lake Rd|Greenville|IN|65220-6066|01/15/1987|8430|VA007816
SARAH|THOMAS|sarah.thomas11@aol.com|896-211-7983|6507 Jefferson Dr|Richmond|wy|34810|1986-03-29|1875|VA007817
LINDA|ADAMS|linda.adams48@yahoo.com|+16477575868|3952 Lake Rd|Arlington|NH|79000|03-Jun-1968|4647|VA007818
WILLIAM|WRIGHT|william.wright31@icloud.com|480.588.2334|2819 Park Blvd|Richmond|AZ|10329-9369|03-12-1948|3288|VA007819
JOHN|HILL|john.hill24@hotmail.com|(523) 553-4614|4079 Forest Ave|Richmond|MS|98164|03/11/1975|6144|VA007820
WILLIAM|SMITH|william.smith57@outlook.com|8134887401|2660 Main St|Burlington|nh|28314|1976-03-04|7744|VA007821
ASHLEY|ANDERSON|ashley.anderson97@yahoo.com|765-435-8514|9365 River Dr|Oxford|TN|30501-4254|22-Jan-1999|8911|VA007822
JESSICA|BROWN|jessica.brown26@yahoo.com|+19645927061|7896 River Dr|Franklin|AZ|45929|09-25-1942|6624|VA007823
MARGARET|JOHNSON|margaret.johnson60@hotmail.com|480.795.1244|5961 Valley Ln|Salem|IN|12168|07/29/1961|8484|VA007824
JENNIFER|TORRES|jennifer.torres11@outlook.com|(225) 514-1634|2037 Lincoln Ave|Marion|tn|86805-5354|1954-09-14|7853|VA007825
DAVID|BROWN|david.brown78@icloud.com|3758978440|2926 Lincoln Ave|Oxford|California|63139|18-Jul-1993|5770|VA007826
CHRISTOPHER|HARRIS|christopher.harris24@aol.com|646-850-9056|1495 Forest Ave|Georgetown|NE|53687|10-20-1968|2713|VA007827
SARAH|YOUNG|sarah.young17@hotmail.com|+14204372406|8481 Park Blvd|Georgetown|FL|47784-8109|04/14/1955|3099|VA007828
DAVID|HARRIS|david.harris66@hotmail.com|244.405.8970|1210 River Dr|Fairview|id|44513|1962-10-03|3286|VA007829
MATTHEW|WILLIAMS|matthew.williams11@icloud.com|(735) 293-7276|7433 Jefferson Dr|Burlington|RI|36556|02-Mar-1956|4947|VA007830
ROBERT|JACKSON|robert.jackson60@aol.com|3889638275|1143 Sunset Blvd|Manchester|CO|17231-5676|04-11-1979|4905|VA007831
CHRISTOPHER|HARRIS|christopher.harris20@outlook.com|436-380-8580|8014 Lake Rd|Madison|NE|24918|04/04/1996|4209|VA007832
ASHLEY|SCOTT|ashley.scott6@gmail.com|+14026287314|7063 Main St|Clinton|in|29914|1989-11-04|8737|VA007833
MARGARET|TORRES|margaret.torres52@outlook.com|487.444.7016|5280 Main St|Springfield|RI|73780-8946|30-Jul-1998|3386|VA007834
SUSAN|WILSON|susan.wilson10@gmail.com|(870) 368-7178|2298 Lake Rd|Manchester|NH|45470|01-05-1986|5600|VA007835
MARY|HILL|mary.hill1@aol.com|4892688616|5509 Main St|Greenville|WA|46657|12/03/1950|4621|VA007836
BETTY|WILSON|betty.wilson13@gmail.com|834-384-3123|2885 Jefferson Dr|Salem|sd|53537-6185|1998-03-31|9471|VA007837
RICHARD|ANDERSON|richard.anderson83@aol.com|+15447247625|8538 Lake Rd|Marion|NM|39900|03-Oct-1998|4032|VA007838
NANCY|WILLIAMS|nancy.williams76@gmail.com|783.673.4992|9035 River Dr|Richmond|AR|41510|08-08-1960|7620|VA007839
WILLIAM|HILL||(261) 525-5154|4094 Sunset Blvd|Franklin|TX|31204-7673|05/26/1951|3676|VA007840
CHRISTOPHER|WHITE|christopher.white89@outlook.com|9496263668|2365 Hill Rd|Greenville|ny|69993|1951-08-10|9408|VA007841
NANCY|ADAMS|nancy.adams24@aol.com|590-461-5325|1814 Park Blvd|Arlington|CT|82502|18-Mar-1958|5321|VA007842
JESSICA|MILLER|jessica.miller62@hotmail.com|+18622401307|3795 Valley Ln|Franklin|AR|21062-6618|07-31-1991|4598|VA007843
WILLIAM|JONES|william.jones23@hotmail.com|350.636.8246|4022 Valley Ln|Springfield|UT|43198|12/14/1949|4535|VA007844
JENNIFER|JACKSON|jennifer.jackson36@yahoo.com|(355) 738-5790|8178 Park Blvd|Clinton|pa|73790|1986-10-13|6633|VA007845
ROBERT|ALLEN|robert.allen67@gmail.com|4534092697|7762 Main St|Richmond|North Carolina|68171-6128|19-Jan-1975|1911|VA007846
MATTHEW|SMITH|matthew.smith97@aol.com|202-756-2054|1400 Lincoln Ave|Springfield|AK|14188|04-03-1983|8715|VA007847
JAMES|TORRES|james.torres50@icloud.com|+14072648238|9087 River Dr|Madison|OK|88800|05/24/1980|2583|VA007848
BARBARA|ALLEN|barbara.allen20@icloud.com|205.426.9964|12 Oak Ave|Fairview|ia|93303-7208|1981-11-14|7499|VA007849
WILLIAM|WILSON|william.wilson54@gmail.com|(966) 368-1673|7919 Forest Ave|Burlington|MA|42517|30-Nov-1983|4583|VA007850
MATTHEW|HARRIS|matthew.harris88@yahoo.com|6916389598|7502 Washington St|Oxford|VA|95206|04-07-1994|5059|VA007851
PATRICIA|THOMPSON|patricia.thompson51@gmail.com|891-482-3431|9848 River Dr|Burlington|NH|60088-8065|07/27/1977|2359|VA007852
JAMES|WRIGHT||+18785717045|6076 Jefferson Dr|Clinton|hi|79005|1966-11-19|4909|VA007853
JOSEPH|JOHNSON|joseph.johnson20@outlook.com|613.916.5920|9495 Lake Rd|Marion|Texas|37087|20-Sep-1992|8156|VA007854
PATRICIA|HARRIS|patricia.harris72@hotmail.com|(918) 307-1105|4096 Sunset Blvd|Springfield|Cal.|63971-4095|08-12-1964|1685|VA007855
NANCY|TORRES|nancy.torres44@outlook.com|3537248469|2486 Maple Dr|Clinton|UT|85578|11/06/1958|5850|VA007856
THOMAS|WILLIAMS||267-902-2652|1502 Lake Rd|Franklin|nc|45852|1944-10-03|7217|VA007857
RICHARD|ALLEN|richard.allen82@gmail.com|+19369455644|1405 Cedar Ln|Salem|RI|71789-5645|19-Mar-1983|3794|VA007858
ROBERT|WALKER|robert.walker92@outlook.com|626.383.3445|153 River Dr|Marion|ID|75794|09-18-1983|7261|VA007859
DANIEL|YOUNG|daniel.young38@outlook.com|(519) 314-5010|9194 Sunset Blvd|Burlington|KY|21753|10/06/1982|8850|VA007860
SUSAN|WRIGHT|susan.wright99@yahoo.com|3985273505|5340 Maple Dr|Clinton|ca|51562-7286|1991-10-13|9980|VA007861
CHRISTOPHER|KING|christopher.king67@hotmail.com|615-411-4235|6160 Lake Rd|Franklin|New York|14513|24-Sep-1995|2594|VA007862
LISA|ALLEN|lisa.allen90@yahoo.com|+16445757879|5087 Washington St|Springfield|TN|30498|08-19-2002|6909|VA007863
CHARLES|BROWN|charles.brown56@gmail.com|913.328.6556|3867 Jefferson Dr|Greenville|OH|93064-2222|12/12/1977|6189|VA007864
CHRISTOPHER|THOMPSON|christopher.thompson79@hotmail.com|(261) 267-6524|4726 Washington St|Franklin|tx|58195|1941-08-16|7536|VA007865
PATRICIA|DAVIS||2367895361|3912 Oak Ave|Marion|CT|46105|25-Apr-1960|7628|VA007866
WILLIAM|MARTIN|william.martin10@icloud.com|594-992-1531|4303 Hill Rd|Springfield|MS|71376-5157|02-05-1961|6362|VA007867
SUSAN|THOMPSON|susan.thompson91@yahoo.com|+12864919504|2205 Cedar Ln|Madison|WY|97775|10/18/1978|5284|VA007868
NANCY|WALKER|nancy.walker52@outlook.com|992.239.9594|4751 Lake Rd|Georgetown|mn|45473|1957-02-06|3426|VA007869
BETTY|TAYLOR|betty.taylor77@icloud.com|(674) 427-9015|2406 River Dr|Marion|Illinois|31440-5121|25-Sep-1960|4345|VA007870
BETTY|NGUYEN|betty.nguyen10@hotmail.com|9203739295|9244 Cedar Ln|Dayton|KS|31614|05-27-2002|6760|VA007871
DAVID|BAKER|david.baker99@outlook.com|529-345-3907|4969 River Dr|Manchester|NJ|58549|04/23/1993|4991|VA007872
JOSEPH|WHITE|joseph.white70@yahoo.com|+16113286782|3410 River Dr|Clinton|ne|70369-8508|1980-07-30|8272|VA007873
CHARLES|DAVIS|charles.davis75@outlook.com|921.489.5059|6285 Maple Dr|Salem|CT|43689|09-Nov-1950|9041|VA007874
MARGARET|JACKSON||(363) 310-5084|9783 Oak Ave|Dayton|Geo.|72601|09-25-2000|1233|VA007875
MATTHEW|JONES|matthew.jones70@yahoo.com|7437836931|9435 Lake Rd|Dayton|NM|88981-7176|04/08/1989|1227|VA007876
MARK|KING|mark.king84@outlook.com|221-796-2649|2290 Oak Ave|Springfield|ky|13192|1981-12-19|3574|VA007877
SARAH|MILLER||+17417512987|9979 Oak Ave|Richmond|Georgia|65310|12-Feb-1956|3071|VA007878
ASHLEY|SMITH||944.453.3648|1785 Lake Rd|Dayton|SD|83213-3745|12-31-1946|3457|VA007879
JESSICA|HILL|jessica.hill39@icloud.com|(834) 289-6717|6729 River Dr|Fairview|AK|35742|04/04/1974|4273|VA007880
ANTHONY|GARCIA|anthony.garcia74@icloud.com|8768088721|7757 Main St|Manchester|la|12404|1946-03-24|1020|VA007881
SUSAN|DAVIS|susan.davis17@outlook.com|480-684-6218|2477 Sunset Blvd|Richmond|North Carolina|92517-8717|06-Oct-1975|5126|VA007882
MARK|ADAMS|mark.adams98@aol.com|+17927386394|4641 Maple Dr|Franklin|Mic.|22119|03-07-1997|2804|VA007883
CHARLES|NGUYEN|charles.nguyen22@icloud.com|345.759.4977|2379 Jefferson Dr|Arlington|OK|93019|08/28/1996|1248|VA007884
JAMES|BROWN|james.brown77@outlook.com|(373) 707-4912|9535 Valley Ln|Manchester|ok|79833-8395|1971-08-29|1933|VA007885
LINDA|BROWN|linda.brown68@gmail.com|6943629847|3149 Forest Ave|Clinton|CO|62798|12-Feb-2002|1899|VA007886
SANDRA|WALKER|sandra.walker17@aol.com|646-826-7658|7741 Sunset Blvd|Oxford|Geo.|10855|02-06-2002|7523|VA007887
THOMAS|JACKSON|thomas.jackson80@hotmail.com|+17562759887|2407 Forest Ave|Greenville|RI|26334-4659|03/09/1962|7317|VA007888
BARBARA|BAKER|barbara.baker14@icloud.com|451.796.2407|8064 Oak Ave|Madison|nv|45377|1955-01-01|2474|VA007889
CHRISTOPHER|SMITH|christopher.smith81@outlook.com|(302) 807-7430|8881 River Dr|Franklin|NH|64424|21-Jun-2003|8355|VA007890
BARBARA|SCOTT|barbara.scott39@aol.com|2605648565|5149 Maple Dr|Springfield|NJ|32588-3841|10-18-1967|7807|VA007891
SANDRA|ALLEN|sandra.allen74@hotmail.com|673-451-8453|2870 Washington St|Franklin|VA|42534|07/17/1954|1692|VA007892
DANIEL|ALLEN|daniel.allen21@gmail.com|+19455996699|9375 Cedar Ln|Franklin|ms|92412|1962-01-10|1309|VA007893
JOSEPH|BAKER|joseph.baker23@hotmail.com|723.805.1913|1540 Jefferson Dr|Springfield|WA|96660-5822|17-Dec-1996|5540|VA007894
WILLIAM|SCOTT|william.scott60@hotmail.com|(877) 748-5000|7389 Valley Ln|Richmond|WA|72733|08-10-1983|3453|VA007895
MATTHEW|SMITH|matthew.smith44@yahoo.com|7417064412|286 Oak Ave|Arlington|LA|60331|07/22/1989|3658|VA007896
JAMES|ANDERSON|james.anderson10@outlook.com|363-896-5668|3944 Jefferson Dr|Greenville|nj|23152-5862|1993-05-18|7074|VA007897
JESSICA|SMITH|jessica.smith19@outlook.com|+15472307991|5119 Jefferson Dr|Manchester|WI|13703|30-Mar-1959|7667|VA007898
MARK|MILLER||619.768.8993|101 Park Blvd|Burlington|CO|22773|08-07-1972|2980|VA007899
LISA|SMITH|lisa.smith98@outlook.com|(586) 897-5001|5652 Lincoln Ave|Richmond|WI|38047-6955|04/19/1979|3040|VA007900
DAVID|THOMPSON||9268533978|9153 Main St|Madison|ks|26403|1979-10-16|1370|VA007901
NANCY|THOMAS|nancy.thomas19@outlook.com|901-662-8776|3916 Oak Ave|Salem|NJ|76289|08-May-1971|8631|VA007902
NANCY|BROWN|nancy.brown31@outlook.com|+18822045406|3230 Sunset Blvd|Madison|Geo.|48896-1273|06-19-1994|2697|VA007903
BETTY|HARRIS|betty.harris19@outlook.com|829.663.3525|8375 Main St|Oxford|FL|75210|01/01/1981|2205|VA007904
DAVID|JACKSON|david.jackson82@icloud.com|(600) 775-6195|195 Sunset Blvd|Madison|co|46326|1991-01-20|3920|VA007905
CHRISTOPHER|BROWN||4814504657|2287 Washington St|Franklin|UT|81482-2348|19-Oct-1947|7912|VA007906
PATRICIA|ANDERSON|patricia.anderson33@gmail.com|708-641-2795|1814 Oak Ave|Arlington|MD|77516|01-03-1961|3581|VA007907
JAMES|WALKER|james.walker65@outlook.com|+13454434541|6520 Hill Rd|Burlington|TN|11371|03/29/1978|1802|VA007908
SANDRA|THOMPSON|sandra.thompson72@yahoo.com|261.538.1212|9116 Jefferson Dr|Georgetown|oh|70291-2121|1990-01-12|6667|VA007909
JESSICA|ALLEN|jessica.allen37@hotmail.com|(689) 776-7093|530 Valley Ln|Franklin|NJ|25910|26-Jul-1942|8495|VA007910
ANTHONY|HALL|anthony.hall34@icloud.com|6734089696|44 River Dr|Oxford|NH|38174|02-09-2000|5137|VA007911
LINDA|JACKSON|linda.jackson61@hotmail.com|434-383-9481|3954 Park Blvd|Marion|UT|46627-2713|07/13/1967|1905|VA007912
PATRICIA|NELSON|patricia.nelson38@outlook.com|+17667103912|6216 Oak Ave|Franklin|ny|40742|1982-11-26|1237|VA007913
JOSEPH|JONES|joseph.jones85@outlook.com|498.590.2004|5346 Sunset Blvd|Manchester|Ohio|17772|17-Jul-2003|4519|VA007914
JENNIFER|DAVIS|jennifer.davis38@outlook.com|(579) 672-3588|2715 Main St|Salem|LA|16392-2981|02-18-1967|3484|VA007915
BETTY|DAVIS|betty.davis98@outlook.com|8805752871|2130 Lake Rd|Franklin|DE|60061|04/25/1943|8277|VA007916
MARY|DAVIS|mary.davis93@hotmail.com|299-315-7473|3872 Lincoln Ave|Burlington|tx|72728|1989-11-30|5712|VA007917
MATTHEW|KING|matthew.king81@icloud.com|+13742377318|2552 Hill Rd|Oxford|IN|66866-3177|14-Feb-1971|5729|VA007918
MARY|JACKSON||623.388.6991|4127 Forest Ave|Springfield|ME|44771|08-29-1940|1313|VA007919
JAMES|MARTIN|james.martin89@gmail.com|(213) 955-6756|6817 Main St|Clinton|MT|33060|05/31/1982|2167|VA007920
THOMAS|WHITE|thomas.white29@aol.com|5665994501|9519 Park Blvd|Dayton|oh|74487-4701|1965-04-17|4045|VA007921
ASHLEY|ADAMS|ashley.adams94@aol.com|782-669-1665|1254 Lake Rd|Georgetown|AZ|29234|01-Sep-1994|2656|VA007922
RICHARD|ANDERSON||+18805928243|6288 Lake Rd|Richmond|Mic.|14770|12-09-1970|8161|VA007923
WILLIAM|YOUNG|william.young11@outlook.com|889.481.2316|9608 Hill Rd|Arlington|HI|83059-1540|05/06/1945|3934|VA007924
BARBARA|DAVIS|barbara.davis60@hotmail.com|(269) 576-8305|2474 Hill Rd|Franklin|id|28522|1976-09-22|5309|VA007925
MARY|YOUNG|mary.young27@icloud.com|6925384842|45 Main St|Dayton|CO|24474|05-Jul-1991|9095|VA007926
CHARLES|ANDERSON|charles.anderson36@icloud.com|301-739-5303|5440 Main St|Fairview|TN|10567-4959|06-27-1964|3525|VA007927
JENNIFER|SMITH|jennifer.smith46@hotmail.com|+12132586551|7580 Lincoln Ave|Georgetown|HI|75845|03/03/1959|2389|VA007928
MARK|YOUNG|mark.young81@hotmail.com|523.412.7506|1439 Oak Ave|Clinton|wy|81995|1965-06-15|8219|VA007929
MATTHEW|SMITH|matthew.smith98@gmail.com|(944) 615-2865|9906 Park Blvd|Arlington|California|74886-4370|15-Jul-1994|8842|VA007930
JENNIFER|THOMPSON||6507178959|6323 River Dr|Salem|ID|62955|01-02-1978|8624|VA007931
BARBARA|YOUNG||310-641-3194|4334 Washington St|Georgetown|WI|62855|10/30/1972|1741|VA007932
PATRICIA|JACKSON||+16988563186|5155 Lake Rd|Madison|fl|81167-4892|1971-07-01|8359|VA007933
JESSICA|SCOTT|jessica.scott99@outlook.com|908.329.4377|2345 Sunset Blvd|Madison|ND|69037|18-Dec-1976|4919|VA007934
CHARLES|WALKER||(420) 936-4146|4070 Washington St|Madison|KY|83265|10-05-1943|7965|VA007935
LISA|HILL|lisa.hill10@yahoo.com|5012334596|3102 Lake Rd|Oxford|NY|98162-2429|12/30/1999|9947|VA007936
THOMAS|KING|thomas.king82@aol.com|923-353-3292|9053 Cedar Ln|Franklin|ga|46076|1953-02-12|1977|VA007937
BARBARA|WALKER|barbara.walker99@hotmail.com|+15729288491|7114 Sunset Blvd|Arlington|MN|53578|22-Feb-2002|9622|VA007938
BETTY|KING|betty.king7@outlook.com|264.215.2125|6338 Jefferson Dr|Clinton|KS|87230-6877|03-21-1956|6853|VA007939
JOSEPH|WALKER|joseph.walker82@icloud.com|(947) 890-9268|1017 Park Blvd|Madison|MT|10272|06/26/1940|9091|VA007940
CHARLES|SCOTT|charles.scott43@outlook.com|6179271074|1132 Sunset Blvd|Oxford|mt|64753|1999-03-03|7396|VA007941
ANTHONY|TAYLOR|anthony.taylor82@outlook.com|634-433-8119|3511 Main St|Georgetown|DE|28123-2627|15-May-1986|2372|VA007942
RICHARD|ANDERSON|richard.anderson26@gmail.com|+12376634081|61 Valley Ln|Georgetown|AK|97107|06-03-1973|6549|VA007943
MICHAEL|JACKSON|michael.jackson31@outlook.com|760.248.8463|7812 Jefferson Dr|Manchester|WI|60336|03/02/1961|1443|VA007944
LINDA|JOHNSON|linda.johnson50@outlook.com|(600) 659-8159|2862 Valley Ln|Clinton|az|92938-4148|1954-01-20|8113|VA007945
BARBARA|MILLER|barbara.miller98@hotmail.com|4924442124|9800 Forest Ave|Burlington|MS|43935|06-Mar-1952|4674|VA007946
SANDRA|HALL|sandra.hall45@icloud.com|319-796-8712|7697 Park Blvd|Salem|IN|74065|04-01-1991|2772|VA007947
ASHLEY|NELSON|ashley.nelson32@yahoo.com|+17733486284|1517 Cedar Ln|Burlington|AL|46637-4007|05/01/1947|2910|VA007948
RICHARD|WILSON|richard.wilson52@aol.com|885.303.1606|9639 Washington St|Richmond|ri|38320|1969-12-14|9427|VA007949
MARK|KING|mark.king21@yahoo.com|(606) 677-3835|4046 Lake Rd|Clinton|CT|18374|31-Jul-1993|5714|VA007950
THOMAS|BROWN|thomas.brown23@gmail.com|9464803623|7785 River Dr|Georgetown|TN|66595-4938|05-18-1970|8175|VA007951
WILLIAM|BROWN|william.brown75@outlook.com|538-565-3100|3843 Oak Ave|Madison|SC|19149|05/11/1957|6206|VA007952
SARAH|WILSON|sarah.wilson2@outlook.com|+13912057260|7611 Cedar Ln|Georgetown|il|11529|1994-06-24|9733|VA007953
CHRISTOPHER|JOHNSON|christopher.johnson92@outlook.com|300.843.1072|8768 Forest Ave|Marion|ME|18764-2461|21-Feb-1966|9180|VA007954
SARAH|TAYLOR|sarah.taylor77@gmail.com|(951) 388-1470|6838 Washington St|Clinton|Tex.|96449|03-02-1991|5938|VA007955
ROBERT|THOMPSON|robert.thompson3@hotmail.com|4392054367|1502 River Dr|Georgetown|KS|91284|05/08/1957|4999|VA007956
JOSEPH|HARRIS|joseph.harris35@aol.com|263-354-2584|1405 Sunset Blvd|Georgetown|oh|64262-4351|1992-11-27|4727|VA007957
SUSAN|BROWN||+18674891758|23 Lake Rd|Greenville|WY|92345|15-Jul-1944|6509|VA007958
JESSICA|WRIGHT|jessica.wright66@aol.com|767.884.6267|9773 Cedar Ln|Richmond|HI|20010|10-11-1961|6848|VA007959
SARAH|JONES||(625) 954-5878|8165 Lake Rd|Oxford|ID|35810-8976|07/20/2004|2601|VA007960
MARY|MARTIN||9622453519|647 Lincoln Ave|Greenville|tn|38444|1965-07-11|3924|VA007961
MARK|THOMPSON|mark.thompson30@yahoo.com|422-399-7594|2382 Park Blvd|Manchester|North Carolina|85032|30-Jul-1944|1076|VA007962
CHRISTOPHER|NELSON|christopher.nelson81@hotmail.com|+18238458218|11 Hill Rd|Marion|ID|15250-5616|01-21-1960|8737|VA007963
MICHAEL|WILSON|michael.wilson65@gmail.com|828.538.5097|3311 Lake Rd|Manchester|WV|24554|09/04/1949|1827|VA007964
JOSEPH|ADAMS|joseph.adams92@hotmail.com|(951) 340-7825|968 Jefferson Dr|Clinton|md|43110|1994-08-17|1561|VA007965
SANDRA|THOMPSON|sandra.thompson88@hotmail.com|8116434859|9151 Cedar Ln|Dayton|TN|77642-7486|20-Aug-1967|7410|VA007966
MARY|SMITH|mary.smith88@icloud.com|281-319-4945|4577 Jefferson Dr|Marion|Ill.|19883|02-12-1956|4249|VA007967
THOMAS|NGUYEN|thomas.nguyen67@icloud.com|+14598819428|7409 Cedar Ln|Richmond|NC|32656|09/02/1986|9845|VA007968
MATTHEW|TAYLOR|matthew.taylor87@gmail.com|389.365.7425|2540 Park Blvd|Burlington|md|32861-2877|1969-06-13|2015|VA007969
SANDRA|KING|sandra.king10@hotmail.com|(304) 619-5833|7789 Jefferson Dr|Franklin|North Carolina|32690|14-Jan-1963|9653|VA007970
RICHARD|HALL|richard.hall51@outlook.com|9028195023|2244 Lincoln Ave|Fairview|IN|70452|04-26-1945|1479|VA007971
DANIEL|HALL|daniel.hall98@icloud.com|834-818-8680|6647 Lake Rd|Burlington|KS|16910-6032|12/15/1998|5277|VA007972
JESSICA|HARRIS|jessica.harris6@aol.com|+16198872554|1711 Main St|Burlington|va|81178|1972-05-19|3660|VA007973
JOHN|NGUYEN|john.nguyen55@aol.com|358.858.7458|233 Lake Rd|Greenville|SD|31214|15-Aug-1993|1670|VA007974
THOMAS|HALL|thomas.hall30@hotmail.com|(826) 359-2286|1923 Oak Ave|Greenville|AL|29480-2495|09-13-1983|2659|VA007975
MATTHEW|WALKER|matthew.walker54@icloud.com|7312652994|8811 Maple Dr|Richmond|FL|85568|02/01/1953|4981|VA007976
SUSAN|WILSON|susan.wilson43@hotmail.com|594-253-4284|2051 Oak Ave|Salem|hi|77475|1984-06-26|6133|VA007977
DAVID|BAKER|david.baker70@gmail.com|+16942152667|1707 Lake Rd|Dayton|AZ|65149-9635|19-Apr-1971|6816|VA007978
MARK|NELSON|mark.nelson20@hotmail.com|459.508.7397|5180 Lake Rd|Springfield|HI|46099|01-21-1954|2370|VA007979
BARBARA|BAKER|barbara.baker43@gmail.com|(843) 278-8058|8609 Washington St|Marion|WV|39202|06/16/1992|3621|VA007980
SARAH|YOUNG|sarah.young27@gmail.com|2529084180|462 Sunset Blvd|Georgetown|mo|50448-9194|1962-07-24|2335|VA007981
RICHARD|GARCIA|richard.garcia65@aol.com|792-374-1837|1895 Main St|Richmond|ID|50305|05-Mar-1975|9223|VA007982
BETTY|ALLEN|betty.allen73@gmail.com|+15359416804|533 Valley Ln|Georgetown|NM|84778|09-27-1953|9227|VA007983
LISA|HALL|lisa.hall35@aol.com|383.895.2935|7247 Lincoln Ave|Georgetown|MI|85228-3614|09/21/2000|5955|VA007984
CHARLES|WALKER|charles.walker91@outlook.com|(890) 965-9747|4685 Jefferson Dr|Clinton|al|78515|1949-07-20|1414|VA007985
SANDRA|JONES|sandra.jones88@icloud.com|9982555314|2304 Washington St|Franklin|ME|17369|25-Dec-1986|1342|VA007986
THOMAS|WALKER||477-249-9812|1863 Jefferson Dr|Greenville|VT|41762-8008|03-13-1970|8025|VA007987
KAREN|BAKER|karen.baker67@yahoo.com|+14656381821|9910 Main St|Clinton|RI|55231|04/06/1969|5112|VA007988
JOSEPH|ALLEN||405.832.7482|4084 Lincoln Ave|Dayton|wv|43104|1945-11-13|7541|VA007989
CHARLES|JONES|charles.jones18@icloud.com|(209) 249-5230|6829 Maple Dr|Manchester|Texas|33084-2277|15-Sep-1984|9623|VA007990
DAVID|THOMPSON|david.thompson25@aol.com|6969365353|7333 Valley Ln|Franklin|VA|99671|03-19-1976|7548|VA007991
PATRICIA|JACKSON|patricia.jackson87@yahoo.com|918-682-6766|4999 Cedar Ln|Greenville|WI|73404|04/20/1962|8536|VA007992
WILLIAM|HILL|william.hill94@gmail.com|+16459078305|850 Oak Ave|Dayton|me|24376-3202|1940-02-10|5942|VA007993
LINDA|WRIGHT|linda.wright89@yahoo.com|332.974.9011|7778 Sunset Blvd|Dayton|IA|74162|17-Feb-1979|6809|VA007994
THOMAS|THOMAS|thomas.thomas97@aol.com|(980) 434-5499|6232 Maple Dr|Georgetown|VT|79763|08-05-1944|5791|VA007995
NANCY|WILLIAMS|nancy.williams41@yahoo.com|8979652311|5396 River Dr|Greenville|NY|83096-8364|08/19/1958|2159|VA007996
BETTY|ANDERSON|betty.anderson99@gmail.com|504-460-9158|9072 Oak Ave|Madison|wy|36145|1955-01-15|4509|VA007997
JAMES|TAYLOR|james.taylor55@hotmail.com|+14054123448|439 Jefferson Dr|Salem|MA|70364|30-Jul-1945|3117|VA007998
ROBERT|GARCIA|robert.garcia29@aol.com|399.828.8484|8535 Main St|Greenville|IA|15879-5810|02-01-1943|4233|VA007999
