fname,lname,contact_email,contact_phone,address,city_name,state_name,postal_code,birthdate,last4_ssn,src_id
Patricia,Wilson,patricia.wilson77@hotmail.com,338-223-9368,4231 Sunset Blvd,Salem,MT,44818,2035-01-01,6703,VB000000
Jessica,Adams,jessica.adams59@hotmail.com,+15486078081,9735 Hill Rd,Fairview,ut,91033,17-Mar-1997,9951,VB000001
Michael,Johnson,michael.johnson9@aol.com,674.443.9188,6348 Cedar Ln,Franklin,MS,88535,04-23-1983,1575,VB000002
Charles,Hill,charles.hill16@icloud.com,(703) 377-5539,7503 Lincoln Ave,Greenville,NY,98466,09/20/1958,2118,VB000003
Matthew,Garcia,matthew.garcia48@yahoo.com,4417379954,2579 Jefferson Dr,Dayton,md,89691,2003-03-13,8130,VB000004
Daniel,Jones,daniel.jones19@outlook.com,729-362-6662,4746 River Dr,Fairview,AK,53590,22-Sep-1995,5985,VB000005
Jennifer,Nguyen,jennifer.nguyen98@outlook.com,+18012838412,8879 River Dr,Dayton,TN,64040,01-12-1957,5022,VB000006
David,Anderson,david.anderson27@yahoo.com,645.300.4111,5497 Sunset Blvd,Manchester,ky,27897,08/02/1980,1089,VB000007
Lisa,Brown,lisa.brown21@gmail.com,(870) 721-5708,1613 Forest Ave,Oxford,MN,75297,1973-04-12,9589,VB000008
Ashley,Johnson,ashley.johnson81@outlook.com,3514649005,6773 Hill Rd,Richmond,NH,86954,05-Jan-1958,9468,VB000009
Barbara,Thompson,barbara.thompson68@icloud.com,517-621-4766,5446 Lake Rd,Salem,mi,75984,05-01-1971,3020,VB000010
Sarah,Smith,sarah.smith39@icloud.com,+18274694444,5013 Cedar Ln,Manchester,NV,80391,03/26/1982,9071,VB000011
Jessica,Young,jessica.young51@aol.com,223.469.4408,1698 Forest Ave,Salem,ME,26165,1981-08-28,3726,VB000012
Daniel,Nguyen,daniel.nguyen27@icloud.com,(838) 900-8335,140 Maple Dr,Clinton,wi,60053,28-Sep-1961,9352,VB000013
Nancy,Nguyen,nancy.nguyen10@aol.com,7838505220,2142 Lincoln Ave,Springfield,MO,29725,05-31-1966,9782,VB000014
Matthew,Scott,matthew.scott70@outlook.com,899-940-8254,488 River Dr,Clinton,IN,34486,06/28/1945,2142,VB000015
David,Young,david.young99@yahoo.com,+19873368159,5186 Park Blvd,Springfield,oh,67249,1944-06-28,9880,VB000016
Michael,Wilson,michael.wilson66@outlook.com,562.541.7807,4846 Hill Rd,Manchester,DE,57471,05-May-1992,7657,VB000017
Ashley,Jackson,ashley.jackson88@hotmail.com,(765) 255-1212,4118 Cedar Ln,Oxford,WY,68073,03-26-1960,7025,VB000018
Jennifer,Young,jennifer.young35@outlook.com,8275516995,3014 Forest Ave,Clinton,in,64931,11/11/2002,7099,VB000019
Jessica,Johnson,jessica.johnson8@yahoo.com,520-406-8197,350 River Dr,Arlington,MD,52387,1974-06-15,2042,VB000020
Jessica,Allen,jessica.allen60@yahoo.com,+12146822008,4052 River Dr,Burlington,NY,91040,28-Dec-1989,9251,VB000021
Susan,Hall,susan.hall50@gmail.com,774.811.4253,1275 Washington St,Dayton,pa,90807,12-21-1952,6304,VB000022
Mary,Jones,mary.jones17@hotmail.com,(795) 657-4450,6883 River Dr,Marion,NM,98556,12/08/1970,6593,VB000023
Linda,Jackson,linda.jackson59@aol.com,5996725019,6941 Lincoln Ave,Richmond,MS,45019,2003-12-21,8139,VB000024
Linda,Martin,linda.martin86@outlook.com,499-772-9119,7512 Main St,Springfield,nm,83441,14-Apr-1990,2982,VB000025
Margaret,Young,margaret.young78@gmail.com,+12877154422,8648 Park Blvd,Burlington,LA,17558,05-15-1960,1908,VB000026
Jennifer,Jackson,jennifer.jackson62@gmail.com,847.381.5661,8069 Park Blvd,Marion,MA,95626,04/09/1980,9575,VB000027
Anthony,King,anthony.king47@aol.com,(396) 921-2139,751 Sunset Blvd,Fairview,wy,47930,1947-02-27,4814,VB000028
William,King,,9102323258,4889 Cedar Ln,Greenville,KY,10786,09-Oct-1970,1596,VB000029
Mary,Thompson,mary.thompson30@yahoo.com,446-251-9329,9944 Hill Rd,Arlington,CA,41653,05-10-1988,2369,VB000030
Michael,Smith,michael.smith39@aol.com,+12167848725,6164 Main St,Marion,sd,54130,10/06/1944,3945,VB000031
Richard,Torres,richard.torres90@aol.com,510.512.3184,3679 Oak Ave,Franklin,WY,40543,1952-03-30,5831,VB000032
Daniel,Harris,daniel.harris36@icloud.com,(859) 496-6378,1555 Jefferson Dr,Greenville,GA,71227,21-Sep-1977,1043,VB000033
William,Johnson,,6132542690,3203 Sunset Blvd,Franklin,ga,48971,07-24-1984,8468,VB000034
Mark,Hill,mark.hill57@yahoo.com,424-746-7244,9365 Lincoln Ave,Clinton,Texas,78681,08/26/1976,2171,VB000035
Joseph,Young,joseph.young88@aol.com,+13443926150,5358 Valley Ln,Oxford,NV,95795,1987-02-10,8567,VB000036
Richard,Johnson,richard.johnson98@gmail.com,686.458.9908,1509 Oak Ave,Fairview,wa,92745,07-Jun-1948,8449,VB000037
Jennifer,Torres,,(430) 681-3517,5696 Maple Dr,Oxford,VA,78800,09-02-1994,2222,VB000038
Christopher,Walker,christopher.walker56@aol.com,3708781601,6592 River Dr,Dayton,MT,14254,07/04/1964,9897,VB000039
Nancy,Hill,nancy.hill6@hotmail.com,239-419-2683,9175 Lincoln Ave,Greenville,nm,40932,1973-11-09,3863,VB000040
Richard,Nguyen,richard.nguyen61@aol.com,+14593411507,4386 Valley Ln,Arlington,AK,86655,20-Nov-1940,7068,VB000041
Robert,Garcia,robert.garcia16@gmail.com,612.458.5089,5303 Jefferson Dr,Richmond,AK,32615,03-08-1963,2468,VB000042
Jessica,Wright,,(859) 286-4190,1579 Maple Dr,Franklin,fl,86145,11/28/1989,9482,VB000043
Anthony,Wilson,anthony.wilson55@icloud.com,9549171809,9786 Valley Ln,Clinton,VT,17105,1981-02-22,4117,VB000044
Lisa,White,,801-383-3575,3040 Jefferson Dr,Salem,IN,21705,07-Oct-1951,9159,VB000045
James,Allen,james.allen57@hotmail.com,+17946287308,4561 Lake Rd,Salem,pa,83886,10-05-1958,9090,VB000046
Barbara,Harris,barbara.harris73@yahoo.com,889.334.2975,6936 Lincoln Ave,Springfield,SD,14225,10/15/1990,1750,VB000047
Jessica,Hill,jessica.hill14@outlook.com,(774) 620-6402,8300 Forest Ave,Fairview,VA,70510,1990-03-21,2663,VB000048
Barbara,Jackson,barbara.jackson38@gmail.com,4657261906,7075 Jefferson Dr,Fairview,nd,71132,04-May-1984,4889,VB000049
Sarah,Garcia,sarah.garcia5@yahoo.com,663-343-6026,8050 Jefferson Dr,Springfield,WV,96772,06-12-1992,5164,VB000050
Mark,Young,mark.young24@icloud.com,+12329389807,8650 Main St,Greenville,ID,59203,01/27/1953,2143,VB000051
Robert,Hill,robert.hill67@gmail.com,394.951.9034,2170 Forest Ave,Marion,de,89961,1976-06-22,3983,VB000052
James,Johnson,,(461) 649-6965,8502 Park Blvd,Clinton,NE,45844,28-May-1986,8057,VB000053
Charles,Hill,charles.hill20@outlook.com,5246795025,2140 Lincoln Ave,Arlington,NY,51446,10-04-1994,9693,VB000054
Joseph,Adams,joseph.adams75@gmail.com,969-888-7150,6135 Main St,Georgetown,md,23045,05/16/1976,2991,VB000055
Charles,Brown,charles.brown30@yahoo.com,+13266188966,1945 River Dr,Greenville,RI,86015,1977-03-30,2072,VB000056
Ashley,Jones,ashley.jones99@hotmail.com,863.623.8173,617 Sunset Blvd,Marion,TN,17701,16-Sep-1999,3742,VB000057
Barbara,Miller,,(390) 559-4939,5400 River Dr,Manchester,nc,58073,08-10-1959,6325,VB000058
William,Wilson,william.wilson88@outlook.com,9846222512,4691 Maple Dr,Arlington,TN,61477,02/05/1985,8275,VB000059
Jennifer,Walker,jennifer.walker33@yahoo.com,335-366-8560,1784 Oak Ave,Georgetown,FL,37197,1971-02-16,9034,VB000060
Christopher,Wright,christopher.wright33@aol.com,+17458736029,6783 River Dr,Springfield,nv,21486,09-Jul-1954,5446,VB000061
Patricia,Thompson,patricia.thompson77@icloud.com,844.375.4231,3714 River Dr,Georgetown,MA,14609,11-24-1985,2805,VB000062
Susan,Nguyen,susan.nguyen23@hotmail.com,(614) 790-5569,8607 Jefferson Dr,Manchester,ME,23577,04/19/1955,4459,VB000063
Lisa,Anderson,,4185069108,4896 Oak Ave,Franklin,nv,98081,1983-08-20,3585,VB000064
Jennifer,Brown,,756-775-7690,4695 Maple Dr,Oxford,LA,97323,27-Nov-1960,3857,VB000065
Charles,Wright,charles.wright90@hotmail.com,+13312069362,9299 Main St,Springfield,IN,88129,01-22-1970,4319,VB000066
Matthew,Harris,matthew.harris99@aol.com,732.271.7217,3434 Main St,Oxford,al,29094,10/27/1999,8565,VB000067
Christopher,Taylor,christopher.taylor12@aol.com,(856) 372-3526,2805 Sunset Blvd,Oxford,WA,89316,1970-04-16,1674,VB000068
Jessica,Harris,,5707387492,7148 Washington St,Richmond,SD,89852,31-Mar-1963,5559,VB000069
Robert,King,robert.king14@icloud.com,446-764-1033,1016 Washington St,Georgetown,ne,41194,02-21-1963,8413,VB000070
John,Baker,,+15905852811,8829 River Dr,Richmond,TN,63802,01/14/1995,5283,VB000071
Lisa,Nguyen,lisa.nguyen43@outlook.com,859.213.4452,3193 Forest Ave,Salem,KS,32790,1985-02-09,7707,VB000072
Nancy,White,nancy.white75@gmail.com,(590) 846-8837,7687 Valley Ln,Richmond,ri,43661,09-Jan-1997,7959,VB000073
Christopher,White,christopher.white80@aol.com,8728735768,7066 Lake Rd,Manchester,TN,11019,07-01-1959,4937,VB000074
Daniel,King,daniel.king55@hotmail.com,242-528-6377,461 Washington St,Springfield,WV,26574,04/03/1998,5159,VB000075
Daniel,Wilson,daniel.wilson4@aol.com,+19413005936,5739 Maple Dr,Arlington,tn,82262,1975-03-15,1184,VB000076
David,Johnson,david.johnson22@gmail.com,814.496.1142,5235 Sunset Blvd,Springfield,KY,72028,18-Sep-1951,7827,VB000077
Michael,Thomas,michael.thomas21@icloud.com,(462) 951-5591,4935 Lincoln Ave,Georgetown,AK,69059,12-23-1978,6294,VB000078
Anthony,Jones,anthony.jones43@yahoo.com,4115856445,6940 Park Blvd,Fairview,nv,84244,07/05/1962,3921,VB000079
Ashley,Thompson,,974-773-9818,2915 River Dr,Oxford,VT,19952,1957-10-26,2529,VB000080
Margaret,Jones,margaret.jones75@hotmail.com,+13832485805,6166 River Dr,Dayton,LA,82974,11-Jan-1995,8125,VB000081
Joseph,Thomas,joseph.thomas67@hotmail.com,641.703.9267,9143 River Dr,Arlington,vt,68115,05-03-1965,5873,VB000082
Patricia,Jackson,patricia.jackson32@aol.com,(224) 600-2559,1028 Lincoln Ave,Dayton,North Carolina,45761,11/03/1979,2966,VB000083
David,Jones,david.jones83@aol.com,2684546542,4000 Forest Ave,Clinton,LA,30543,1994-09-16,9440,VB000084
Anthony,Thompson,,749-600-9700,7311 Park Blvd,Franklin,ky,67405,12-May-1995,6981,VB000085
Patricia,Garcia,patricia.garcia81@yahoo.com,+16546583165,8899 River Dr,Clinton,NE,41492,08-17-1964,4549,VB000086
David,Nelson,david.nelson27@hotmail.com,254.514.7869,6200 Hill Rd,Greenville,DE,29767,10/17/1947,6509,VB000087
Sandra,Miller,,(480) 525-1837,170 Lincoln Ave,Greenville,al,27161,1997-12-21,7181,VB000088
Joseph,Johnson,joseph.johnson87@aol.com,7975604616,6331 River Dr,Manchester,MD,56877,15-Sep-1983,8340,VB000089
Sarah,Adams,sarah.adams90@outlook.com,633-520-4398,641 Oak Ave,Salem,NM,15482,02-08-1945,4829,VB000090
Susan,Thomas,,+12236538394,5913 Forest Ave,Clinton,nv,27273,06/09/1981,2168,VB000091
Sarah,Garcia,sarah.garcia52@hotmail.com,609.947.3007,3123 Sunset Blvd,Dayton,Pennsylvania,19731,2002-02-07,8042,VB000092
Karen,Davis,,(407) 386-2296,6787 Jefferson Dr,Springfield,NC,31147,21-May-1980,6914,VB000093
Jennifer,Allen,jennifer.allen27@yahoo.com,2607836747,8721 Park Blvd,Oxford,oh,32069,01-13-1969,5794,VB000094
Ashley,Wright,ashley.wright31@outlook.com,279-322-1557,5076 Main St,Georgetown,DE,43059,12/20/1986,5022,VB000095
William,Taylor,william.taylor67@icloud.com,+16843298377,9707 Sunset Blvd,Oxford,KY,39499,1971-08-12,7345,VB000096
Christopher,Torres,christopher.torres96@outlook.com,761.791.4866,6560 River Dr,Greenville,pa,68400,21-Jul-1963,9624,VB000097
Matthew,Garcia,,(698) 282-1104,119 Maple Dr,Arlington,CO,95426,04-07-1993,5648,VB000098
William,Hill,,7043475728,7158 Forest Ave,Greenville,GA,19429,03/28/1973,7455,VB000099
Jennifer,Nelson,jennifer.nelson96@yahoo.com,361-782-3856,4850 Forest Ave,Manchester,nd,47673,1962-08-15,7824,VB000100
Robert,Anderson,,+19788481405,1014 Washington St,Manchester,MN,37517,01-Nov-1975,7687,VB000101
Patricia,Anderson,patricia.anderson16@icloud.com,783.520.6476,1071 Lincoln Ave,Dayton,MS,22946,08-11-1981,3181,VB000102
John,Nguyen,john.nguyen4@icloud.com,(828) 974-2013,5546 Maple Dr,Oxford,or,38335,09/17/1972,9609,VB000103
Robert,King,,3579327932,6177 Oak Ave,Salem,RI,72814,1992-03-26,7566,VB000104
Thomas,Thompson,thomas.thompson5@yahoo.com,388-474-7433,7756 Lincoln Ave,Oxford,VA,40669,19-Jul-1985,4891,VB000105
Jessica,Thomas,jessica.thomas82@hotmail.com,+19193075243,1743 Valley Ln,Springfield,nc,33659,03-04-1980,5556,VB000106
Anthony,Torres,anthony.torres97@outlook.com,234.274.5088,7980 Park Blvd,Greenville,OK,68116,08/30/1944,2494,VB000107
Daniel,Thomas,daniel.thomas22@gmail.com,(764) 686-7700,3036 Washington St,Springfield,WA,63286,1961-05-13,2128,VB000108
James,Davis,james.davis69@gmail.com,7212194988,6841 Park Blvd,Marion,ms,22147,12-Oct-2000,1613,VB000109
Sandra,Miller,,357-294-8231,3329 Maple Dr,Georgetown,Michigan,22960,08-25-1967,3147,VB000110
Michael,Williams,,+13284137842,7584 Hill Rd,Dayton,DE,89901,11/04/1958,8513,VB000111
Betty,Nelson,betty.nelson88@gmail.com,271.937.1873,375 River Dr,Manchester,wy,89861,1969-01-05,5952,VB000112
David,Taylor,david.taylor92@outlook.com,(885) 539-3706,3768 Forest Ave,Springfield,AL,80441,20-Jul-1980,9161,VB000113
Michael,Thompson,,4639805445,3455 Lake Rd,Marion,TX,14523,07-23-1984,3365,VB000114
Nancy,Davis,nancy.davis3@icloud.com,239-932-2181,3458 Park Blvd,Salem,wv,51496,01/01/1947,7441,VB000115
Mary,Wright,mary.wright29@icloud.com,+14382532641,6772 Lake Rd,Burlington,NM,23178,2001-02-10,3252,VB000116
Anthony,Davis,anthony.davis78@hotmail.com,782.875.3502,8167 Hill Rd,Dayton,NC,25000,08-Sep-1995,2611,VB000117
Ashley,Wilson,ashley.wilson61@gmail.com,(531) 322-3752,9919 Hill Rd,Burlington,ia,74024,09-30-1949,3693,VB000118
Jennifer,Williams,jennifer.williams86@gmail.com,6448814085,9323 Maple Dr,Fairview,California,79217,10/01/1973,8558,VB000119
Sandra,Hill,sandra.hill55@icloud.com,653-769-3228,934 River Dr,Franklin,NH,52328,1976-02-07,9668,VB000120
Barbara,Wilson,,+14026662395,922 Jefferson Dr,Arlington,vt,39133,16-Aug-1984,6564,VB000121
Daniel,Smith,,502.765.1946,5083 Park Blvd,Marion,Ohio,99542,02-12-1987,8307,VB000122
Ashley,Nelson,ashley.nelson46@yahoo.com,(236) 891-6665,6321 Main St,Georgetown,VA,10059,07/07/1940,6977,VB000123
Karen,Scott,karen.scott76@hotmail.com,3114348945,2279 Forest Ave,Manchester,ky,93334,1985-10-09,7714,VB000124
John,King,john.king26@aol.com,984-679-4458,1098 Washington St,Richmond,ME,44587,12-Sep-1982,4567,VB000125
Ashley,Jones,ashley.jones59@hotmail.com,+14542093992,9033 Park Blvd,Oxford,NH,63093,03-06-2003,1963,VB000126
John,Nelson,john.nelson37@icloud.com,826.384.6136,9202 River Dr,Salem,la,51906,07/31/1976,5764,VB000127
William,Martin,william.martin92@aol.com,(674) 553-1396,8725 Maple Dr,Manchester,NM,62956,1986-07-14,2426,VB000128
Sandra,White,sandra.white33@aol.com,9372404104,529 Oak Ave,Springfield,AL,47716,30-Aug-1979,2046,VB000129
James,Adams,james.adams27@icloud.com,933-462-5829,6120 Main St,Georgetown,nv,60122,03-21-1969,4267,VB000130
Barbara,Anderson,barbara.anderson33@icloud.com,+14083609789,6859 Maple Dr,Arlington,California,31275,10/31/1996,1339,VB000131
Betty,Wright,,997.481.2154,90 Jefferson Dr,Richmond,AR,19457,1952-01-09,9302,VB000132
Nancy,Martin,nancy.martin17@gmail.com,(508) 510-9967,4728 Main St,Dayton,ak,11579,11-Jul-1964,6821,VB000133
Jennifer,Davis,,4605289372,1547 River Dr,Georgetown,WY,12874,11-08-1954,6903,VB000134
Barbara,Garcia,barbara.garcia47@yahoo.com,683-842-4480,9402 Cedar Ln,Clinton,KY,82736,02/22/1984,8122,VB000135
Patricia,Harris,patricia.harris16@gmail.com,+13454895292,2960 Oak Ave,Franklin,ny,57369,1958-08-28,7402,VB000136
Patricia,Smith,,740.907.2771,2750 Valley Ln,Burlington,NH,19476,19-Mar-1995,9769,VB000137
Linda,Wilson,linda.wilson66@hotmail.com,(573) 570-1386,2938 Jefferson Dr,Madison,IA,67065,12-24-1942,6044,VB000138
Daniel,Harris,,4908887844,5458 River Dr,Richmond,ri,95406,07/06/1943,8007,VB000139
Karen,Harris,karen.harris69@hotmail.com,927-511-4405,1406 Lincoln Ave,Richmond,ME,42453,1959-06-11,1962,VB000140
Jessica,Johnson,jessica.johnson14@yahoo.com,+18147526778,2084 Main St,Madison,MN,66889,21-Dec-1982,1335,VB000141
Robert,Wright,,385.693.7002,6077 Forest Ave,Franklin,nc,44353,11-13-1994,7170,VB000142
Jennifer,Scott,jennifer.scott48@yahoo.com,(807) 352-1658,1471 Jefferson Dr,Marion,IA,63742,08/08/1955,8808,VB000143
Betty,Johnson,betty.johnson62@aol.com,6568842032,2173 Cedar Ln,Salem,WA,33117,1989-11-14,8682,VB000144
Patricia,King,patricia.king26@outlook.com,553-408-4506,1616 Main St,Georgetown,tx,66956,30-Mar-1954,3901,VB000145
Lisa,Hall,lisa.hall2@gmail.com,+16908979705,1625 Main St,Greenville,OK,95039,10-23-1951,7479,VB000146
Sarah,Allen,sarah.allen44@aol.com,302.466.9477,7487 Cedar Ln,Greenville,ID,89613,01/19/1951,7527,VB000147
Sandra,Hall,sandra.hall91@outlook.com,(320) 327-4882,33 Oak Ave,Manchester,ky,47201,1966-11-14,5740,VB000148
Barbara,Hall,barbara.hall29@gmail.com,3003062098,7036 Forest Ave,Springfield,MN,23781,26-Apr-1952,2203,VB000149
Linda,Garcia,linda.garcia12@hotmail.com,750-241-9825,1491 Park Blvd,Marion,IN,32914,09-16-1944,3416,VB000150
Barbara,Torres,barbara.torres97@yahoo.com,+12767675374,6908 Sunset Blvd,Franklin,ct,83603,10/17/1946,7358,VB000151
Richard,Baker,richard.baker80@gmail.com,774.518.7272,5536 Main St,Franklin,Georgia,67394,1952-07-30,8839,VB000152
William,Nguyen,,(341) 617-2872,9952 Valley Ln,Marion,RI,10728,23-Mar-1970,3375,VB000153
Sarah,Nguyen,sarah.nguyen63@icloud.com,5497966780,1149 Lake Rd,Oxford,co,35327,09-16-1956,1244,VB000154
John,Scott,john.scott49@gmail.com,994-496-2095,8215 Lincoln Ave,Salem,MS,51064,09/06/1955,8656,VB000155
Thomas,Young,thomas.young44@hotmail.com,+17952339913,6720 Forest Ave,Dayton,ND,22366,1958-10-17,9249,VB000156
Charles,Davis,charles.davis10@icloud.com,948.385.8090,6664 Main St,Burlington,de,76228,17-Dec-1958,5295,VB000157
Joseph,Adams,joseph.adams32@aol.com,(970) 750-3433,3987 Washington St,Burlington,California,37155,11-05-1952,5254,VB000158
Anthony,Nelson,anthony.nelson23@yahoo.com,2207903785,5923 Hill Rd,Salem,ID,78244,08/24/1993,5742,VB000159
Christopher,Adams,christopher.adams25@outlook.com,513-278-4640,9661 Jefferson Dr,Greenville,al,80846,1988-11-08,9122,VB000160
Margaret,King,margaret.king51@icloud.com,+17264832737,9348 River Dr,Greenville,KS,94764,19-Sep-1959,3757,VB000161
Charles,Wilson,charles.wilson96@outlook.com,372.587.6419,5675 Sunset Blvd,Manchester,IL,29870,04-10-1990,5916,VB000162
Mark,Hall,mark.hall78@aol.com,(330) 723-3274,4001 Lake Rd,Greenville,nj,95634,04/17/1962,3388,VB000163
William,Harris,william.harris24@hotmail.com,9718533704,53 Main St,Clinton,RI,90514,1947-06-28,1505,VB000164
Mary,Brown,mary.brown74@yahoo.com,341-533-8034,6784 Sunset Blvd,Madison,CA,79008,02-Dec-1982,5350,VB000165
Nancy,Thompson,nancy.thompson40@yahoo.com,+15954785924,6054 River Dr,Clinton,il,13060,03-30-1993,1728,VB000166
Richard,Torres,richard.torres71@yahoo.com,343.374.2150,6978 Lake Rd,Richmond,MA,93563,07/04/1985,8424,VB000167
Susan,Nguyen,,(240) 896-7002,1523 Cedar Ln,Fairview,NJ,90295,1960-08-12,8276,VB000168
Nancy,Garcia,nancy.garcia17@aol.com,9986417631,2927 Maple Dr,Salem,ct,91482,13-Apr-1996,3322,VB000169
Linda,Thomas,linda.thomas84@hotmail.com,614-755-2697,2470 Main St,Oxford,MA,26432,02-19-1942,6396,VB000170
Mark,Johnson,,+14998343305,2613 Cedar Ln,Salem,AR,50955,01/26/1964,8440,VB000171
Christopher,Hall,christopher.hall88@hotmail.com,397.376.3520,8647 River Dr,Franklin,ia,74946,1945-11-22,4958,VB000172
Margaret,Wright,margaret.wright36@hotmail.com,(502) 362-9700,5552 Jefferson Dr,Springfield,RI,52350,01-Sep-1995,7285,VB000173
Betty,Nelson,betty.nelson62@hotmail.com,9727269424,5845 Park Blvd,Madison,GA,19842,11-18-1957,2124,VB000174
Margaret,King,margaret.king34@hotmail.com,630-820-8743,2323 Valley Ln,Clinton,mn,54358,12/10/1974,2882,VB000175
Christopher,Smith,christopher.smith17@hotmail.com,+18773178383,870 Oak Ave,Marion,California,58989,1990-02-12,2635,VB000176
Sarah,Nelson,sarah.nelson88@yahoo.com,443.714.8003,5881 Hill Rd,Greenville,MT,40707,06-May-1942,2581,VB000177
Lisa,Hall,lisa.hall20@aol.com,(280) 931-7677,4519 Lake Rd,Clinton,mn,47140,08-15-1952,6382,VB000178
Karen,White,,2105038354,2528 Lincoln Ave,Clinton,MT,12101,10/05/1951,4223,VB000179
Mary,Baker,,896-242-7485,3329 Cedar Ln,Salem,AR,60724,1998-02-12,8467,VB000180
Richard,Jackson,richard.jackson40@outlook.com,+19335336604,395 Lake Rd,Salem,ma,96095,26-Aug-1945,5370,VB000181
Mary,Garcia,mary.garcia68@outlook.com,451.204.2834,4777 Maple Dr,Burlington,California,92435,06-20-1948,8902,VB000182
Sandra,King,sandra.king84@gmail.com,(361) 688-2257,6548 Valley Ln,Springfield,OH,75512,03/12/1945,4754,VB000183
Matthew,Hill,matthew.hill52@hotmail.com,6878827626,7939 Hill Rd,Madison,ga,69589,1949-09-10,3001,VB000184
John,Taylor,john.taylor53@outlook.com,557-823-7431,5396 Main St,Manchester,AK,98342,01-Feb-1999,1309,VB000185
Karen,Jackson,karen.jackson26@yahoo.com,+15046238254,6890 Lake Rd,Salem,MT,38562,07-18-1993,2708,VB000186
Mark,Nelson,mark.nelson43@hotmail.com,780.266.7411,1708 Lake Rd,Georgetown,ok,54547,11/08/1986,3888,VB000187
Barbara,Nguyen,barbara.nguyen48@gmail.com,(758) 921-7812,5296 Washington St,Clinton,SC,83748,1978-06-21,4590,VB000188
Mary,Brown,mary.brown29@yahoo.com,2922298964,208 Washington St,Richmond,IA,32336,28-Apr-1965,8551,VB000189
Karen,King,,585-821-8813,5854 Main St,Salem,ok,40000,02-13-2002,9417,VB000190
Richard,Wilson,richard.wilson88@icloud.com,+16282568766,7143 Jefferson Dr,Greenville,MT,46881,08/05/1959,9613,VB000191
Sarah,Hall,sarah.hall89@aol.com,534.317.9908,8355 Lake Rd,Franklin,IL,60249,1959-11-17,7898,VB000192
Matthew,Anderson,matthew.anderson61@yahoo.com,(590) 574-4122,1448 Valley Ln,Fairview,il,62706,23-Dec-1973,6562,VB000193
Daniel,Williams,daniel.williams32@yahoo.com,7102211331,7981 Lincoln Ave,Greenville,OK,66636,10-27-1983,8697,VB000194
Charles,Scott,charles.scott31@aol.com,283-604-9415,817 Hill Rd,Fairview,MI,51083,11/14/2003,8892,VB000195
Mark,Smith,mark.smith68@icloud.com,+18703293066,313 Oak Ave,Madison,ok,49710,1999-01-08,3136,VB000196
Richard,Nguyen,,280.712.6666,880 Oak Ave,Clinton,IA,19963,22-Jul-1970,7499,VB000197
Matthew,King,matthew.king91@outlook.com,(217) 692-8045,1454 Maple Dr,Madison,FL,16585,09-12-1967,5229,VB000198
Linda,Hall,linda.hall7@aol.com,4115599262,3010 Main St,Richmond,de,61904,03/12/1957,1616,VB000199
Mary,Williams,mary.williams62@aol.com,795-708-1289,6467 Maple Dr,Burlington,SC,78610,1945-10-07,1608,VB000200
Sarah,Nelson,sarah.nelson52@gmail.com,+13779885642,4614 Main St,Richmond,CA,24049,23-Nov-1965,4178,VB000201
Michael,King,michael.king35@yahoo.com,224.609.1071,8921 Lake Rd,Greenville,wa,86393,01-08-2002,3332,VB000202
Sandra,Brown,sandra.brown29@aol.com,(741) 909-6986,3178 Oak Ave,Franklin,MN,46179,12/10/1999,4948,VB000203
Betty,Young,,6708834108,7211 Main St,Greenville,ME,72169,1955-10-25,9191,VB000204
Richard,Walker,richard.walker33@icloud.com,331-790-4020,9507 Oak Ave,Dayton,ks,27360,17-Oct-2003,1658,VB000205
Barbara,Jones,,+13745194687,9964 Forest Ave,Richmond,NV,79091,05-16-1963,9455,VB000206
Susan,Jones,susan.jones40@aol.com,523.859.5717,5701 Main St,Arlington,TX,13329,01/18/2000,2840,VB000207
Robert,Thompson,,(331) 552-2789,2904 Valley Ln,Clinton,ar,26357,1961-09-21,3722,VB000208
Sandra,Smith,sandra.smith22@gmail.com,4438116836,3585 Washington St,Marion,DE,10284,20-Nov-1989,8045,VB000209
Barbara,Walker,barbara.walker81@icloud.com,246-572-5147,3320 Washington St,Manchester,LA,88592,08-01-1967,2037,VB000210
Sandra,Williams,sandra.williams67@outlook.com,+16583006341,9871 Lake Rd,Oxford,wy,61618,01/24/1990,1703,VB000211
Susan,Thompson,susan.thompson49@hotmail.com,860.823.4579,624 Valley Ln,Dayton,MD,27703,1986-10-08,9814,VB000212
Betty,King,betty.king48@outlook.com,(956) 759-3571,1443 Oak Ave,Clinton,MD,19410,28-Mar-1972,5104,VB000213
Jennifer,Baker,,6923999725,50 Park Blvd,Arlington,nh,63760,08-15-1980,8754,VB000214
Ashley,Wilson,ashley.wilson79@yahoo.com,782-831-6487,4085 Oak Ave,Manchester,MA,53290,03/21/1979,7608,VB000215
Charles,Miller,charles.miller78@aol.com,+15169439443,5716 Lake Rd,Fairview,OH,62301,1946-04-05,8102,VB000216
John,Smith,john.smith89@gmail.com,310.916.8889,173 Park Blvd,Marion,ri,31162,03-Jun-1973,3475,VB000217
Jessica,Adams,jessica.adams63@aol.com,(391) 865-8620,4938 Lincoln Ave,Salem,NM,58766,08-12-2000,3358,VB000218
William,Taylor,william.taylor18@outlook.com,9235459359,5527 Washington St,Arlington,TX,46649,07/25/1988,6562,VB000219
Michael,Smith,,381-816-3513,9604 Maple Dr,Dayton,nv,35938,1988-09-21,9445,VB000220
Margaret,Young,,+17187772908,353 Maple Dr,Dayton,AZ,81407,21-Oct-1984,6103,VB000221
David,Wilson,david.wilson24@gmail.com,531.257.9279,5933 Sunset Blvd,Dayton,NE,47682,01-13-1946,3321,VB000222
Charles,Young,charles.young99@outlook.com,(909) 475-4799,7124 Washington St,Fairview,nh,71711,03/05/1988,5378,VB000223
James,Nelson,james.nelson38@yahoo.com,6952528454,9738 Lincoln Ave,Richmond,Pennsylvania,57170,1992-01-04,5897,VB000224
Michael,Scott,michael.scott16@gmail.com,484-556-3065,515 Cedar Ln,Clinton,AZ,76385,13-Nov-1994,5656,VB000225
Karen,Scott,karen.scott97@outlook.com,+14765562755,7295 River Dr,Manchester,sc,80763,10-03-1963,9206,VB000226
Thomas,Torres,thomas.torres57@hotmail.com,370.878.5016,3496 Sunset Blvd,Oxford,KS,20150,09/03/1978,7979,VB000227
Thomas,Martin,,(985) 861-7916,5668 River Dr,Springfield,PA,25146,1995-10-24,6606,VB000228
Matthew,King,matthew.king6@gmail.com,3917265303,5239 River Dr,Marion,de,86016,18-May-1981,1033,VB000229
David,Anderson,david.anderson68@yahoo.com,769-443-8788,9370 Maple Dr,Richmond,RI,81365,10-04-1992,8525,VB000230
Linda,Garcia,linda.garcia36@hotmail.com,+18318277651,2852 Sunset Blvd,Greenville,NC,34827,08/15/1984,3165,VB000231
Sandra,Nelson,sandra.nelson11@yahoo.com,512.559.4737,639 Park Blvd,Burlington,mn,94794,1960-05-31,4918,VB000232
Sarah,Scott,sarah.scott99@aol.com,(991) 587-3756,1792 Sunset Blvd,Greenville,Pennsylvania,72781,31-May-1980,1292,VB000233
Linda,Adams,,3516275902,8793 Valley Ln,Springfield,TX,53726,05-12-1946,4976,VB000234
William,Martin,william.martin51@gmail.com,700-783-9809,3337 Forest Ave,Arlington,wy,48825,03/12/1973,8702,VB000235
Mark,Young,mark.young27@aol.com,+18389054015,8312 River Dr,Burlington,IN,59260,1992-03-30,4808,VB000236
Jessica,Johnson,jessica.johnson13@gmail.com,429.688.4815,1086 Lincoln Ave,Salem,NH,14965,20-Jan-1946,6157,VB000237
Jennifer,Walker,jennifer.walker39@yahoo.com,(510) 551-3075,2193 Park Blvd,Springfield,vt,76331,12-26-1943,4305,VB000238
Christopher,Walker,christopher.walker91@aol.com,3926456284,1562 Washington St,Richmond,MN,65375,02/09/1953,4402,VB000239
Nancy,Smith,nancy.smith40@hotmail.com,976-374-2785,2801 Lincoln Ave,Richmond,OK,57719,1986-09-07,4951,VB000240
Daniel,Allen,daniel.allen59@icloud.com,+17193183839,7351 Washington St,Fairview,wa,24312,25-Mar-1984,5716,VB000241
Susan,Hall,susan.hall85@outlook.com,453.505.6413,4289 Jefferson Dr,Arlington,ME,39020,07-30-1967,5217,VB000242
Barbara,Nguyen,,(844) 387-3831,702 Jefferson Dr,Arlington,MO,68110,11/04/1995,5042,VB000243
Linda,Young,linda.young51@aol.com,4875697202,1453 River Dr,Richmond,hi,46607,1985-02-19,5492,VB000244
Patricia,Thomas,patricia.thomas22@outlook.com,714-964-4471,2860 Hill Rd,Arlington,NJ,38177,05-Feb-1953,3843,VB000245
Anthony,Hall,anthony.hall14@icloud.com,+17227903098,4474 Sunset Blvd,Arlington,TX,50417,07-09-1988,6903,VB000246
Lisa,Anderson,lisa.anderson82@yahoo.com,429.974.9867,1577 Lincoln Ave,Greenville,nm,99441,06/28/1984,9883,VB000247
Linda,Thomas,linda.thomas69@aol.com,(381) 337-3626,4881 Jefferson Dr,Salem,CO,21382,1993-02-05,4640,VB000248
Lisa,Smith,,6193678060,8525 Hill Rd,Burlington,TX,96777,14-Jul-1985,8077,VB000249
Matthew,Hall,matthew.hall20@yahoo.com,688-927-9067,9537 Sunset Blvd,Oxford,ky,56273,03-16-1945,6947,VB000250
Mary,Anderson,mary.anderson95@gmail.com,+13054815013,368 Maple Dr,Manchester,NH,61289,08/02/1980,3047,VB000251
William,Wilson,william.wilson14@yahoo.com,467.233.5979,6198 Lincoln Ave,Dayton,OK,42713,1957-05-01,2778,VB000252
Robert,White,robert.white20@gmail.com,(987) 707-9606,862 Park Blvd,Burlington,ny,15255,06-Mar-1983,9411,VB000253
Ashley,Jackson,ashley.jackson35@hotmail.com,2618002763,1742 Lake Rd,Salem,MD,14258,09-02-1975,1149,VB000254
Matthew,Walker,,788-294-5360,4905 Hill Rd,Arlington,OR,50075,10/17/1941,1081,VB000255
Michael,Thompson,,+19666738284,3475 Lincoln Ave,Manchester,de,94377,1946-03-20,5550,VB000256
Joseph,Thompson,,274.278.1387,7199 Cedar Ln,Dayton,MD,29244,12-Mar-1993,5487,VB000257
Lisa,Allen,lisa.allen64@aol.com,(565) 421-4459,7472 Hill Rd,Salem,MI,62426,10-28-1954,5874,VB000258
Anthony,Davis,,3413203344,6185 Washington St,Springfield,vt,65667,05/06/1973,1886,VB000259
Joseph,Smith,joseph.smith52@gmail.com,465-959-3208,5713 River Dr,Franklin,HI,12999,1964-07-12,9127,VB000260
Matthew,Williams,,+13495925127,3256 Oak Ave,Salem,RI,96158,15-Jan-1973,9732,VB000261
Karen,Davis,karen.davis15@aol.com,360.950.7694,3332 Forest Ave,Dayton,ky,19266,08-24-1992,9847,VB000262
Betty,Hall,,(528) 391-8243,3749 Sunset Blvd,Madison,Illinois,38945,09/21/1964,8938,VB000263
Anthony,Torres,,4385655145,7101 Sunset Blvd,Oxford,WA,41792,1997-07-04,7667,VB000264
Karen,Torres,,698-651-6881,7803 Jefferson Dr,Dayton,me,67306,28-Nov-1970,9677,VB000265
Betty,Jackson,betty.jackson95@icloud.com,+19026339512,6434 Lake Rd,Richmond,CT,82945,02-01-1979,4529,VB000266
Christopher,Brown,christopher.brown42@gmail.com,508.892.9353,3400 Washington St,Richmond,AK,68189,03/22/2001,8460,VB000267
Lisa,Martin,lisa.martin88@yahoo.com,(812) 687-5019,1328 Sunset Blvd,Franklin,de,52314,1941-08-20,3192,VB000268
Susan,Walker,susan.walker69@gmail.com,6953381135,6162 Sunset Blvd,Salem,IN,65883,03-Jan-1948,8062,VB000269
Joseph,Thomas,joseph.thomas42@icloud.com,626-514-2988,4245 Jefferson Dr,Oxford,MO,54082,06-07-1959,5545,VB000270
Barbara,Smith,,+15854621860,8647 Forest Ave,Oxford,oh,23125,07/24/1982,4865,VB000271
William,Garcia,,769.942.4519,6435 Hill Rd,Burlington,CO,30782,1970-07-16,5118,VB000272
Nancy,Thompson,nancy.thompson37@yahoo.com,(866) 501-7387,4538 Washington St,Marion,WY,77725,10-Sep-1966,8500,VB000273
Lisa,Torres,lisa.torres12@icloud.com,5916827040,5305 Washington St,Springfield,tn,37297,02-02-1999,2753,VB000274
Susan,Nelson,susan.nelson46@hotmail.com,203-450-1480,7212 Valley Ln,Dayton,Pennsylvania,25379,09/09/1971,5508,VB000275
Nancy,Anderson,nancy.anderson57@yahoo.com,+12836749860,5943 Lincoln Ave,Franklin,ME,67459,1978-01-04,3403,VB000276
Thomas,Thomas,,738.757.9312,8317 Hill Rd,Springfield,mo,71621,27-Nov-1943,7338,VB000277
Nancy,Baker,nancy.baker41@hotmail.com,(906) 250-8158,8173 Lake Rd,Dayton,HI,12530,09-20-1950,9638,VB000278
David,Nelson,david.nelson46@outlook.com,2159712142,846 Jefferson Dr,Salem,RI,83505,01/25/1965,6681,VB000279
John,Thompson,john.thompson30@icloud.com,850-304-8897,1812 Forest Ave,Franklin,ct,22014,1956-07-25,1678,VB000280
Mark,Hall,mark.hall2@gmail.com,+13575839502,9830 Lake Rd,Georgetown,HI,84997,30-Jul-1978,4962,VB000281
Anthony,Harris,,445.723.9850,5426 Washington St,Greenville,ND,69079,08-19-1945,6786,VB000282
Joseph,Davis,joseph.davis60@aol.com,(594) 227-1434,8627 River Dr,Burlington,al,95916,08/28/1983,9589,VB000283
Margaret,Jones,,7213303978,5831 Forest Ave,Madison,MO,51077,1997-07-02,5546,VB000284
Nancy,Torres,nancy.torres88@outlook.com,707-874-2232,9428 Park Blvd,Arlington,SD,45815,14-Jun-1969,6960,VB000285
Mark,Baker,mark.baker82@icloud.com,+15999773451,8240 Maple Dr,Richmond,tn,98065,06-19-1987,5571,VB000286
Patricia,Nelson,patricia.nelson60@hotmail.com,889.845.4255,1971 Washington St,Burlington,HI,23554,01/01/1970,2013,VB000287
Sarah,Walker,sarah.walker8@aol.com,(586) 603-1465,1476 Sunset Blvd,Franklin,WV,99081,1997-12-13,3677,VB000288
Matthew,Nelson,matthew.nelson16@outlook.com,2194104365,4933 Valley Ln,Arlington,ne,33969,22-Mar-1976,2233,VB000289
James,Hill,james.hill89@icloud.com,611-587-6007,7733 Jefferson Dr,Oxford,MS,93358,10-01-1945,3364,VB000290
Anthony,Hill,,+12944097544,3582 Maple Dr,Arlington,OK,79553,02/13/1943,9776,VB000291
Susan,Davis,susan.davis3@icloud.com,202.243.3084,6709 River Dr,Clinton,ar,99037,1997-12-07,5185,VB000292
Susan,Thompson,susan.thompson5@outlook.com,(807) 806-7388,2122 Park Blvd,Fairview,TN,23690,04-Oct-1972,4541,VB000293
John,Davis,,7858461950,9079 Oak Ave,Springfield,PA,14551,04-09-1965,9925,VB000294
Daniel,Thompson,,895-415-6471,3474 Lake Rd,Arlington,sd,44360,02/29/1956,6617,VB000295
Matthew,Walker,matthew.walker60@gmail.com,+15894579459,8069 Maple Dr,Burlington,KS,53832,1987-01-19,4078,VB000296
Charles,Davis,charles.davis29@hotmail.com,236.358.2681,2019 Main St,Madison,MN,49070,10-Mar-1991,9512,VB000297
Betty,Brown,,(609) 825-3670,6697 Washington St,Greenville,co,59368,04-30-1990,5444,VB000298
Daniel,Wilson,,5552848632,9093 River Dr,Fairview,CT,81290,05/06/1998,3941,VB000299
Matthew,Martin,matthew.martin79@aol.com,620-422-1316,1900 Hill Rd,Arlington,WV,85827,1950-06-03,9287,VB000300
William,Nelson,william.nelson54@hotmail.com,+17067439902,3945 Washington St,Oxford,nv,51548,28-Apr-1965,1236,VB000301
Matthew,Baker,,819.799.7733,148 Oak Ave,Oxford,DE,15919,07-22-1976,9556,VB000302
Patricia,Smith,patricia.smith7@icloud.com,(871) 795-7001,9362 Forest Ave,Clinton,FL,62901,11/07/1949,8477,VB000303
David,Jackson,david.jackson37@aol.com,3584684684,9252 Hill Rd,Franklin,wa,61712,1976-02-27,3269,VB000304
Robert,Nelson,robert.nelson29@gmail.com,474-941-9213,967 Valley Ln,Arlington,Georgia,79863,16-Feb-1977,4121,VB000305
Patricia,Thomas,patricia.thomas53@aol.com,+19135964090,4699 Main St,Oxford,CT,82631,08-07-1977,5414,VB000306
John,Davis,john.davis13@outlook.com,767.262.4195,6435 Washington St,Burlington,ks,19163,05/23/1940,8314,VB000307
William,Martin,william.martin8@outlook.com,(511) 851-9366,3188 Maple Dr,Richmond,LA,89178,1982-06-21,5047,VB000308
Mark,Thomas,mark.thomas74@gmail.com,8746971912,6774 Washington St,Dayton,UT,96828,03-Apr-1955,7425,VB000309
Barbara,Scott,barbara.scott43@gmail.com,450-956-5215,711 Forest Ave,Dayton,la,91059,11-30-1947,9240,VB000310
David,Taylor,david.taylor24@yahoo.com,+18545294319,5357 Oak Ave,Franklin,NJ,78994,12/18/2000,4056,VB000311
Anthony,Nguyen,,936.851.6535,3492 River Dr,Greenville,OR,26760,1950-06-06,5017,VB000312
John,Davis,john.davis93@icloud.com,(238) 259-6528,7416 Hill Rd,Arlington,nd,40731,16-May-2004,7094,VB000313
Sandra,Wright,,2677792688,1382 River Dr,Richmond,MA,96294,01-05-1946,6514,VB000314
Joseph,Taylor,joseph.taylor57@outlook.com,519-419-5474,4405 Oak Ave,Springfield,MN,70062,08/04/1992,5907,VB000315
John,Torres,john.torres93@hotmail.com,+19209181989,2967 Hill Rd,Manchester,ok,68075,1941-03-11,4195,VB000316
Sandra,Williams,sandra.williams21@icloud.com,671.314.1162,6615 Oak Ave,Salem,ID,20385,27-May-1948,5317,VB000317
Nancy,Jackson,nancy.jackson66@hotmail.com,(285) 643-4228,5719 Forest Ave,Salem,GA,10892,12-04-1986,8583,VB000318
Michael,Torres,michael.torres81@hotmail.com,4662485047,5066 Main St,Marion,nh,60879,02/04/2001,8820,VB000319
Daniel,Jackson,daniel.jackson80@yahoo.com,625-326-8778,7968 Main St,Oxford,AZ,45952,2002-08-18,9132,VB000320
Christopher,Garcia,christopher.garcia92@hotmail.com,+13145998875,5529 Lake Rd,Arlington,TX,12318,19-Apr-1945,3225,VB000321
Anthony,King,anthony.king99@outlook.com,939.836.3169,7491 Hill Rd,Greenville,ut,91057,01-21-1984,3641,VB000322
Thomas,Torres,thomas.torres18@aol.com,(253) 202-9104,8416 Main St,Clinton,MD,37937,08/29/1984,1716,VB000323
James,Wilson,james.wilson61@outlook.com,5885871725,8721 Maple Dr,Marion,OH,74899,1966-11-05,6258,VB000324
Patricia,Anderson,patricia.anderson43@icloud.com,542-386-5263,494 Lincoln Ave,Greenville,nh,83418,19-Dec-2000,4022,VB000325
William,Wilson,william.wilson54@gmail.com,+19663681673,7919 Forest Ave,Burlington,MA,42517,11-30-1983,4583,VB000326
Margaret,King,margaret.king77@yahoo.com,560.306.5125,5816 Maple Dr,Oxford,MA,24338,04/26/1984,2671,VB000327
Charles,Anderson,charles.anderson89@yahoo.com,(406) 535-5827,3701 Lake Rd,Dayton,ca,31323,1992-10-14,1313,VB000328
Anthony,Anderson,anthony.anderson98@icloud.com,7342675538,292 Hill Rd,Greenville,Ohio,33922,10-May-1966,7647,VB000329
John,Allen,john.allen92@aol.com,207-677-7516,5912 Oak Ave,Georgetown,GA,13355,01-18-1959,6384,VB000330
Patricia,Jones,patricia.jones70@outlook.com,+19186156526,9811 Maple Dr,Manchester,ms,43237,04/15/1940,8596,VB000331
Susan,Baker,susan.baker21@icloud.com,360.825.5477,1932 Hill Rd,Salem,Ohio,56631,2004-06-03,6059,VB000332
Michael,Hill,michael.hill66@outlook.com,(595) 723-4222,1936 Park Blvd,Clinton,MD,85971,16-May-1951,7536,VB000333
Jennifer,Smith,,2226308015,7998 Maple Dr,Oxford,nc,41509,05-21-1977,2390,VB000334
Linda,Scott,linda.scott12@aol.com,722-785-8088,9023 Cedar Ln,Georgetown,MD,14417,01/16/1973,3266,VB000335
David,Brown,david.brown69@gmail.com,+18347224808,5809 Main St,Dayton,WV,74201,1983-10-11,6088,VB000336
Sandra,Jackson,sandra.jackson22@outlook.com,707.287.3541,1749 Main St,Greenville,ar,94989,09-Nov-1983,5984,VB000337
Sarah,Garcia,sarah.garcia96@hotmail.com,(588) 210-8968,2920 Forest Ave,Fairview,VT,58182,04-14-1947,4373,VB000338
Charles,Wilson,charles.wilson95@aol.com,7739823297,7650 River Dr,Burlington,IA,45401,10/31/1958,5311,VB000339
Anthony,Walker,anthony.walker36@outlook.com,816-453-1902,2092 Hill Rd,Fairview,pa,28394,1981-08-05,9905,VB000340
Susan,Harris,susan.harris51@gmail.com,+18165475877,6720 Forest Ave,Greenville,Illinois,88315,08-May-1941,5730,VB000341
Nancy,Jones,,471.763.1197,8134 Park Blvd,Georgetown,NC,19707,02-13-1969,2213,VB000342
Lisa,Adams,lisa.adams41@aol.com,(419) 715-1664,6473 Maple Dr,Burlington,ma,17570,06/09/1953,4927,VB000343
Robert,Torres,robert.torres63@hotmail.com,9116198956,4472 Sunset Blvd,Springfield,OK,50707,1995-12-05,7436,VB000344
Susan,Thomas,,577-333-3500,8610 Oak Ave,Arlington,CA,51268,21-Aug-1993,1969,VB000345
Sarah,Hill,sarah.hill34@outlook.com,+13358854851,2509 Sunset Blvd,Richmond,ct,97571,01-23-1941,3412,VB000346
Thomas,Wright,,653.614.6604,8584 Cedar Ln,Georgetown,AL,13611,11/07/1964,7315,VB000347
Matthew,Anderson,matthew.anderson13@outlook.com,(712) 616-9592,138 Main St,Arlington,ID,37355,1942-05-20,1481,VB000348
Lisa,Torres,lisa.torres94@hotmail.com,6049812521,9601 Lincoln Ave,Burlington,id,21294,02-Nov-1958,2263,VB000349
Lisa,White,lisa.white12@icloud.com,796-828-8819,627 Lake Rd,Burlington,MA,40936,05-14-1978,8816,VB000350
James,Adams,james.adams53@icloud.com,+14524387406,4244 Main St,Manchester,PA,69304,08/12/1976,3402,VB000351
Christopher,Martin,,706.875.3375,7300 Maple Dr,Richmond,ri,73681,1967-09-28,5752,VB000352
Sarah,Hill,sarah.hill53@aol.com,(709) 359-1516,929 River Dr,Madison,KS,98396,26-Apr-1997,6088,VB000353
Barbara,Williams,barbara.williams14@outlook.com,7162295719,8847 River Dr,Arlington,ID,84855,12-01-1984,7666,VB000354
Daniel,Brown,daniel.brown92@outlook.com,869-711-3389,3242 Maple Dr,Manchester,wa,35775,08/11/1955,2713,VB000355
Charles,Wright,charles.wright53@gmail.com,+19783317275,1063 Oak Ave,Marion,NV,77178,1941-10-16,2925,VB000356
William,Scott,william.scott25@hotmail.com,219.355.1813,8765 Main St,Greenville,CT,46977,24-Feb-1964,3048,VB000357
Betty,Torres,,(752) 400-4315,4750 Park Blvd,Madison,nh,12427,05-04-1967,9228,VB000358
Jennifer,Wilson,jennifer.wilson2@aol.com,2806169562,9887 Main St,Burlington,ID,22781,07/18/1982,3417,VB000359
Robert,Anderson,robert.anderson95@icloud.com,717-480-9697,6402 Hill Rd,Oxford,SC,90245,1957-08-23,8126,VB000360
Charles,Hill,,+15006828766,4108 Hill Rd,Oxford,ny,68038,10-Dec-1980,6422,VB000361
Robert,Baker,robert.baker2@icloud.com,667.983.4666,9103 Jefferson Dr,Burlington,HI,73410,08-16-1982,8686,VB000362
Thomas,Scott,thomas.scott5@aol.com,(742) 741-6322,7708 Forest Ave,Georgetown,TN,77783,03/05/1991,1455,VB000363
Barbara,Hill,,7606435500,9568 Oak Ave,Dayton,ma,38321,1971-01-19,1401,VB000364
Patricia,White,patricia.white84@hotmail.com,513-579-6119,8112 Park Blvd,Burlington,LA,82738,27-Jun-1996,9005,VB000365
Betty,Brown,betty.brown42@aol.com,+17044093568,8861 Hill Rd,Dayton,IN,56245,04-07-1943,9655,VB000366
Jessica,Jackson,jessica.jackson31@hotmail.com,259.771.5419,380 Maple Dr,Greenville,fl,55031,10/20/1942,7109,VB000367
David,Johnson,david.johnson55@outlook.com,(283) 525-4969,4509 Washington St,Georgetown,Michigan,73004,1964-05-07,1113,VB000368
Charles,White,charles.white42@aol.com,6606395216,145 Lake Rd,Fairview,UT,96014,09-Nov-1968,7741,VB000369
Patricia,Nguyen,patricia.nguyen25@aol.com,548-685-5328,1000 Washington St,Springfield,nv,63837,11-23-1959,6949,VB000370
Michael,Scott,michael.scott20@hotmail.com,+19647125508,8586 Cedar Ln,Dayton,MO,36574,07/30/1958,6161,VB000371
Patricia,Miller,patricia.miller1@outlook.com,817.732.5355,7962 Forest Ave,Manchester,MI,89216,1978-07-12,6514,VB000372
Joseph,Smith,,(318) 723-5183,5972 Main St,Clinton,ar,58992,03-Jan-1961,1228,VB000373
Patricia,White,patricia.white7@yahoo.com,5127544164,8352 Valley Ln,Clinton,MO,53558,04-02-1957,7465,VB000374
Barbara,Young,barbara.young61@aol.com,953-306-7628,6120 River Dr,Springfield,ND,79404,03/27/1944,5335,VB000375
Margaret,Martin,margaret.martin31@yahoo.com,+13867421966,9728 River Dr,Burlington,nh,28296,1965-11-25,1627,VB000376
David,Martin,david.martin59@gmail.com,565.862.9713,7553 Lincoln Ave,Salem,AK,93504,21-Jul-2001,1621,VB000377
Anthony,Brown,anthony.brown74@gmail.com,(579) 523-3421,9180 Jefferson Dr,Clinton,NV,86703,08-20-1958,4621,VB000378
Mary,King,mary.king65@aol.com,8826871026,7407 Oak Ave,Fairview,wv,93252,07/14/1978,1363,VB000379
Robert,Thomas,robert.thomas61@gmail.com,551-965-7101,3327 Park Blvd,Fairview,MA,41979,1972-07-10,7528,VB000380
James,Martin,james.martin87@yahoo.com,+12653385542,377 Oak Ave,Madison,ME,72253,10-Oct-1971,5850,VB000381
James,Scott,james.scott84@outlook.com,343.444.5347,3631 Valley Ln,Springfield,ne,93077,03-04-1989,4287,VB000382
Ashley,Harris,,(879) 321-4404,5165 Sunset Blvd,Franklin,Illinois,87312,09/08/1971,3411,VB000383
Richard,Scott,richard.scott22@aol.com,5868357240,5137 Maple Dr,Richmond,WV,46922,1948-12-31,6189,VB000384
Charles,King,charles.king14@yahoo.com,311-868-8619,6231 Maple Dr,Springfield,oh,95478,26-Oct-1942,2249,VB000385
Jessica,Martin,jessica.martin87@outlook.com,+13878878951,4672 Cedar Ln,Georgetown,California,21200,12-08-1960,3040,VB000386
Robert,Wilson,robert.wilson40@gmail.com,228.277.2734,5485 Park Blvd,Madison,OK,41043,06/07/1961,3831,VB000387
Jennifer,Johnson,jennifer.johnson23@aol.com,(438) 970-2356,6647 Lake Rd,Franklin,ar,38366,1959-04-01,2117,VB000388
Anthony,Martin,,5143253951,8395 Park Blvd,Fairview,North Carolina,74424,27-Oct-1941,3695,VB000389
Christopher,Allen,christopher.allen32@icloud.com,340-761-4070,9253 Main St,Franklin,VT,81715,03-12-1961,3137,VB000390
Mark,Smith,mark.smith94@aol.com,+15768277318,3122 Lake Rd,Franklin,wy,83333,08/03/1983,6748,VB000391
Nancy,Baker,nancy.baker83@aol.com,800.930.6942,4015 Oak Ave,Greenville,AR,14179,1986-08-19,6435,VB000392
Linda,Garcia,linda.garcia7@icloud.com,(492) 875-5812,3673 Lincoln Ave,Manchester,AK,70762,30-Nov-1961,3205,VB000393
James,King,,6164763885,2420 Forest Ave,Clinton,ky,42138,10-27-1967,6023,VB000394
John,Young,john.young27@aol.com,771-706-3050,1857 Forest Ave,Dayton,Florida,99826,07/25/1988,5019,VB000395
Sarah,Johnson,sarah.johnson5@hotmail.com,+18904431241,6377 Main St,Salem,MI,11293,1994-12-05,3210,VB000396
Christopher,Young,christopher.young32@yahoo.com,625.319.5931,5190 Park Blvd,Fairview,va,17318,15-Aug-1980,7760,VB000397
Betty,Garcia,,(454) 582-7062,6438 Maple Dr,Springfield,Florida,99930,06-23-1998,3076,VB000398
Richard,Young,richard.young18@gmail.com,8992431649,7490 Cedar Ln,Georgetown,RI,14255,11/08/1946,4314,VB000399
David,Martin,david.martin6@yahoo.com,471-270-4762,8953 River Dr,Manchester,ma,19412,1981-08-16,7303,VB000400
Barbara,Young,barbara.young43@icloud.com,+15962228283,1662 Jefferson Dr,Madison,SD,29074,20-Feb-1942,9910,VB000401
Richard,Garcia,,443.327.1166,1567 River Dr,Clinton,NV,87577,08-27-1973,7092,VB000402
Matthew,Walker,matthew.walker62@outlook.com,(704) 967-9580,8617 Hill Rd,Oxford,ky,88388,11/30/1981,9874,VB000403
Robert,Walker,robert.walker66@aol.com,7305458524,5877 Jefferson Dr,Clinton,Florida,88257,1953-02-16,8899,VB000404
Michael,Johnson,michael.johnson6@hotmail.com,517-727-7524,8898 Forest Ave,Madison,AZ,94790,22-Feb-1957,5687,VB000405
Betty,Jackson,,+19405826535,7907 Sunset Blvd,Clinton,md,15259,01-07-1961,9306,VB000406
Mary,Wilson,,810.344.5797,4568 Sunset Blvd,Springfield,DE,20012,11/18/1951,9244,VB000407
Margaret,Taylor,margaret.taylor57@aol.com,(453) 570-7004,5675 Hill Rd,Madison,VA,16560,1942-09-26,7287,VB000408
Christopher,Thomas,,7715485752,405 River Dr,Salem,oh,29517,09-Jan-1975,4486,VB000409
Joseph,Hall,joseph.hall76@outlook.com,512-782-1986,9989 Washington St,Franklin,WI,37235,02-12-1996,4457,VB000410
Barbara,Baker,barbara.baker16@aol.com,+17866937447,2662 Jefferson Dr,Franklin,WI,72957,01/29/1982,5822,VB000411
Michael,Walker,,502.903.6796,4256 Washington St,Manchester,fl,29142,1985-09-28,8726,VB000412
Anthony,Harris,anthony.harris37@gmail.com,(297) 507-4202,7369 Lincoln Ave,Madison,Ohio,20496,22-Jun-1973,4237,VB000413
Mark,Johnson,mark.johnson21@icloud.com,7996958924,1945 Sunset Blvd,Dayton,CT,52033,06-01-1941,7684,VB000414
Susan,Hill,,997-856-8140,5091 Oak Ave,Oxford,mt,67750,06/29/1987,7992,VB000415
Charles,Garcia,,+14669036138,1889 Maple Dr,Clinton,UT,71125,1948-06-20,5152,VB000416
Betty,Williams,betty.williams69@outlook.com,394.736.9151,9036 Maple Dr,Oxford,ME,52283,06-Oct-1976,6276,VB000417
Richard,Jones,richard.jones6@outlook.com,(609) 496-2002,297 Jefferson Dr,Marion,id,45462,12-19-1987,5139,VB000418
Jennifer,Wright,,7524183509,3948 Valley Ln,Dayton,Florida,72489,03/05/1978,4199,VB000419
Robert,Anderson,robert.anderson78@aol.com,787-600-7247,3346 River Dr,Franklin,OH,60650,1956-11-23,8778,VB000420
James,Thompson,,+18842236370,6492 River Dr,Arlington,oh,54305,15-Nov-1964,2474,VB000421
David,Anderson,david.anderson25@hotmail.com,209.592.8447,5976 Park Blvd,Richmond,NV,85641,04-12-1990,7906,VB000422
Daniel,Thompson,daniel.thompson96@icloud.com,(592) 428-1507,7945 Cedar Ln,Salem,HI,29922,12/29/1998,6179,VB000423
Jessica,Harris,,2349841393,426 Maple Dr,Fairview,mi,34809,1944-06-15,2116,VB000424
Patricia,Walker,patricia.walker3@hotmail.com,928-727-3515,4619 River Dr,Marion,MO,95278,19-Feb-1954,9635,VB000425
David,Miller,david.miller18@yahoo.com,+19949636056,5768 Forest Ave,Salem,LA,75095,07-14-1979,5715,VB000426
William,Smith,william.smith57@outlook.com,813.488.7401,2660 Main St,Burlington,nh,28314,03/04/1976,7744,VB000427
Daniel,Taylor,,(251) 980-2868,5482 Forest Ave,Manchester,SD,86905,1950-04-03,2353,VB000428
Lisa,Brown,,4676389150,2600 Forest Ave,Dayton,SD,64716,07-Jul-1945,1649,VB000429
Mark,Wilson,mark.wilson70@aol.com,306-255-6679,6732 Washington St,Oxford,ny,46671,01-14-1947,4335,VB000430
Richard,Torres,richard.torres72@yahoo.com,+17088856173,286 Oak Ave,Madison,OK,26377,06/05/2000,1753,VB000431
William,Garcia,william.garcia58@yahoo.com,570.507.5467,5630 Washington St,Greenville,NM,83494,1976-12-16,2044,VB000432
Jennifer,Miller,jennifer.miller41@icloud.com,(471) 422-4755,7485 Cedar Ln,Burlington,fl,67732,27-Aug-1986,4538,VB000433
Joseph,Baker,joseph.baker96@outlook.com,6975653486,4207 Sunset Blvd,Madison,ID,11848,08-02-1961,2700,VB000434
Richard,Nguyen,,303-609-9145,6168 Sunset Blvd,Franklin,SC,14016,06/10/1959,1804,VB000435
Michael,Miller,michael.miller62@outlook.com,+12204113953,2018 Valley Ln,Franklin,ne,52840,1984-11-25,1619,VB000436
William,Martin,,604.204.5689,2041 Forest Ave,Clinton,ND,48062,07-Aug-1949,6458,VB000437
Richard,Smith,richard.smith60@icloud.com,(496) 748-7755,3722 Sunset Blvd,Dayton,NE,99002,11-17-1981,3217,VB000438
David,Adams,david.adams50@hotmail.com,4668814344,4468 Lincoln Ave,Burlington,wi,48584,10/07/1947,8720,VB000439
William,Nelson,william.nelson33@hotmail.com,863-236-3125,4149 Main St,Manchester,MS,41632,1979-09-18,9112,VB000440
Susan,Wilson,susan.wilson51@aol.com,+16067241171,208 Cedar Ln,Springfield,IN,36264,03-Jun-1979,7849,VB000441
Robert,Jackson,,426.971.5385,4125 Washington St,Manchester,az,39641,08-26-1947,2324,VB000442
Mary,Allen,mary.allen43@icloud.com,(973) 723-4001,7821 Washington St,Dayton,DE,73652,10/09/1957,3215,VB000443
Barbara,Baker,barbara.baker76@gmail.com,2846297207,1718 Forest Ave,Fairview,TN,46101,2002-11-21,9074,VB000444
Jennifer,Walker,jennifer.walker29@outlook.com,795-382-3952,5777 Jefferson Dr,Greenville,nj,47354,31-May-1991,1879,VB000445
Susan,Hill,susan.hill90@yahoo.com,+15775409328,8369 Oak Ave,Richmond,AR,76556,11-10-2003,3197,VB000446
Margaret,Nguyen,margaret.nguyen49@yahoo.com,660.243.8465,3607 Jefferson Dr,Franklin,MS,13261,05/22/1976,2675,VB000447
Patricia,Hall,patricia.hall92@icloud.com,(998) 951-9881,7299 Main St,Franklin,ar,90236,1957-02-10,3116,VB000448
James,Williams,james.williams77@gmail.com,5722303928,4962 Main St,Clinton,MA,18416,07-Dec-1945,8685,VB000449
Susan,Baker,susan.baker37@outlook.com,716-785-7915,31 Park Blvd,Georgetown,NE,67538,09-20-1956,4062,VB000450
Linda,Martin,linda.martin99@icloud.com,+16264095413,5354 Valley Ln,Clinton,hi,66814,05/07/1958,7070,VB000451
Ashley,Davis,ashley.davis9@aol.com,973.216.2448,8154 Forest Ave,Marion,WI,76500,1968-07-13,5979,VB000452
Susan,Davis,susan.davis53@hotmail.com,(780) 768-7604,4980 Washington St,Fairview,HI,31548,05-Oct-1966,1837,VB000453
Daniel,Adams,daniel.adams54@gmail.com,2392981315,5776 River Dr,Manchester,tn,99166,02-12-1948,4612,VB000454
Robert,Johnson,robert.johnson38@yahoo.com,218-967-2436,1480 Hill Rd,Clinton,MT,76941,07/09/1955,8698,VB000455
Patricia,King,patricia.king6@yahoo.com,+17439915300,1927 Lincoln Ave,Fairview,NE,31973,1961-05-19,4496,VB000456
Lisa,King,lisa.king73@yahoo.com,721.407.3301,4846 Valley Ln,Georgetown,ct,24656,18-Jul-1940,7991,VB000457
Betty,Allen,betty.allen35@hotmail.com,(592) 956-2664,3481 River Dr,Greenville,WY,21369,04-19-1946,1225,VB000458
Daniel,Anderson,daniel.anderson44@yahoo.com,6939669121,3245 Lincoln Ave,Manchester,VT,25127,07/24/1989,1990,VB000459
Sandra,Scott,sandra.scott93@gmail.com,481-623-6600,3742 Hill Rd,Oxford,ga,99040,1941-05-30,4835,VB000460
Christopher,Williams,christopher.williams58@aol.com,+17607557785,7614 Jefferson Dr,Madison,KY,86686,15-Jan-1972,8842,VB000461
Ashley,Hall,ashley.hall48@icloud.com,602.831.9083,7257 Sunset Blvd,Salem,AK,88544,08-02-1961,3670,VB000462
Susan,Wilson,susan.wilson93@hotmail.com,(574) 980-1515,7463 Cedar Ln,Marion,ky,92786,07/11/1992,5799,VB000463
Jennifer,Garcia,jennifer.garcia13@gmail.com,3934373696,9005 Hill Rd,Georgetown,Texas,87001,1943-11-17,5734,VB000464
James,Davis,james.davis25@gmail.com,983-289-5581,1086 Oak Ave,Marion,GA,60799,28-Aug-1996,1925,VB000465
Mary,Miller,mary.miller62@hotmail.com,+14349779426,1050 Sunset Blvd,Springfield,va,74052,05-16-1943,5160,VB000466
Karen,Jackson,karen.jackson95@yahoo.com,755.927.5335,1171 Cedar Ln,Salem,AK,67992,10/20/1986,8710,VB000467
John,Thomas,john.thomas82@outlook.com,(624) 830-6977,6924 Valley Ln,Salem,GA,17712,1984-07-20,1920,VB000468
Robert,Hill,robert.hill34@aol.com,8458938909,6035 Maple Dr,Richmond,md,37404,26-Aug-1977,2555,VB000469
Mark,Nguyen,mark.nguyen30@yahoo.com,296-901-9628,1799 Washington St,Clinton,NM,15207,01-25-1967,2702,VB000470
Margaret,Adams,,+18458334363,9762 Sunset Blvd,Oxford,MN,94330,12/27/1988,2997,VB000471
Richard,Torres,richard.torres89@icloud.com,663.255.8715,1317 Maple Dr,Clinton,de,31739,1955-05-22,9772,VB000472
Robert,Davis,robert.davis84@aol.com,(896) 358-9276,3538 Maple Dr,Marion,MN,45235,25-Feb-1971,5538,VB000473
Ashley,Baker,ashley.baker7@gmail.com,9896069584,1364 Oak Ave,Madison,SC,30352,07-25-1947,7387,VB000474
Sarah,Adams,,735-268-8843,701 Main St,Salem,la,96891,02/28/1944,8742,VB000475
Jessica,Smith,jessica.smith90@outlook.com,+15062633292,8709 Lincoln Ave,Arlington,MD,54041,1995-09-23,7018,VB000476
Daniel,White,daniel.white80@aol.com,589.662.3750,7328 Washington St,Clinton,IL,38543,31-Aug-1990,7731,VB000477
William,King,william.king75@icloud.com,(919) 585-1618,7880 Oak Ave,Clinton,nd,39316,09-08-1996,1022,VB000478
Joseph,White,joseph.white79@yahoo.com,9402387944,6860 Lake Rd,Madison,MS,64336,08/31/1997,7890,VB000479
Joseph,Adams,joseph.adams98@hotmail.com,266-793-3327,7910 Main St,Arlington,VA,16741,1976-07-09,7879,VB000480
Susan,Nguyen,susan.nguyen19@yahoo.com,+16598532415,7466 Maple Dr,Clinton,mt,27467,14-Aug-1998,6924,VB000481
Robert,Young,robert.young8@gmail.com,901.266.7716,8488 Hill Rd,Springfield,SC,32271,11-09-1968,7068,VB000482
William,Thomas,,(735) 460-4056,5597 Forest Ave,Arlington,VT,86913,01/03/1978,6852,VB000483
Sarah,Scott,sarah.scott62@icloud.com,6616413426,3724 Cedar Ln,Springfield,nv,74106,1952-02-04,8840,VB000484
Richard,Davis,,458-698-7541,7641 Washington St,Salem,MS,36829,25-Jul-1981,3136,VB000485
Matthew,Hill,matthew.hill15@icloud.com,+12576422717,8610 Cedar Ln,Georgetown,MN,44018,04-26-1994,8146,VB000486
Daniel,Davis,daniel.davis31@outlook.com,304.885.2633,8772 Forest Ave,Georgetown,nj,93101,10/18/1980,4314,VB000487
Patricia,Torres,,(763) 603-6162,4764 Forest Ave,Burlington,CO,55612,1961-02-26,6408,VB000488
Mary,Hall,mary.hall48@hotmail.com,2725781941,9760 Oak Ave,Fairview,WI,23913,29-Aug-1988,3097,VB000489
Thomas,Jones,thomas.jones96@hotmail.com,604-883-2338,9303 Lake Rd,Dayton,co,94217,09-23-1948,5785,VB000490
Robert,Jackson,robert.jackson56@hotmail.com,+15336907876,2248 Main St,Greenville,MS,21915,05/02/1970,3739,VB000491
Susan,Brown,susan.brown19@outlook.com,771.380.8472,2315 Lake Rd,Clinton,WI,42305,1996-01-14,5058,VB000492
Thomas,Allen,,(812) 231-2171,494 Sunset Blvd,Arlington,hi,87759,20-Dec-1967,5347,VB000493
Susan,Nelson,susan.nelson65@yahoo.com,7515075334,2077 Sunset Blvd,Manchester,ND,76287,08-30-1977,7710,VB000494
John,Johnson,john.johnson87@yahoo.com,863-795-9066,3024 Lincoln Ave,Fairview,OH,75852,04/15/1962,6795,VB000495
Sandra,Young,sandra.young8@yahoo.com,+19254683120,247 Hill Rd,Greenville,id,20333,1982-01-31,1109,VB000496
Daniel,Hill,daniel.hill28@outlook.com,429.487.6764,9747 Park Blvd,Manchester,ND,28339,12-Feb-1996,6229,VB000497
Charles,Scott,charles.scott41@aol.com,(947) 352-8270,3915 Lincoln Ave,Oxford,IN,26703,08-24-1972,5845,VB000498
Mark,Adams,mark.adams84@outlook.com,4806619328,9738 Valley Ln,Salem,ks,97541,04/09/1946,6927,VB000499
Robert,Thomas,robert.thomas24@aol.com,309-470-1780,4952 Washington St,Madison,IN,69134,1983-01-17,5235,VB000500
Charles,Miller,charles.miller89@yahoo.com,+12546827742,8251 Jefferson Dr,Franklin,KS,43153,13-Jun-1991,6445,VB000501
Nancy,Brown,nancy.brown79@yahoo.com,797.772.2827,7308 Main St,Burlington,wy,18570,02-25-2000,1363,VB000502
Lisa,Wright,lisa.wright53@hotmail.com,(263) 896-1854,9596 Washington St,Greenville,ND,98466,08/12/1961,1961,VB000503
Charles,Johnson,,9259326248,2396 Sunset Blvd,Springfield,OK,62598,1947-02-22,6228,VB000504
Karen,King,,762-859-1015,9415 Forest Ave,Arlington,ct,95602,21-Mar-1947,7391,VB000505
John,Allen,,+14836205918,4020 Hill Rd,Richmond,IA,75039,04-30-1943,2680,VB000506
Matthew,Harris,matthew.harris18@icloud.com,611.663.6648,721 Cedar Ln,Georgetown,MN,77222,04/14/1990,1686,VB000507
Mark,Thompson,,(608) 894-8735,8178 Forest Ave,Salem,ks,14348,1987-10-09,6116,VB000508
Jessica,Brown,jessica.brown59@gmail.com,3358956385,3941 Main St,Georgetown,KY,49996,28-Apr-1978,9852,VB000509
John,Garcia,john.garcia92@aol.com,857-670-1811,4441 Lincoln Ave,Greenville,SC,68137,09-29-1998,5169,VB000510
Michael,Wilson,michael.wilson21@yahoo.com,+17598685855,1363 Jefferson Dr,Springfield,vt,85457,08/22/1945,1422,VB000511
Daniel,Brown,daniel.brown41@aol.com,590.978.7210,5848 Sunset Blvd,Oxford,CT,15796,1943-05-09,4147,VB000512
Charles,White,charles.white33@gmail.com,(864) 581-9335,9241 Jefferson Dr,Dayton,AL,23416,16-Jul-2000,4142,VB000513
Christopher,Harris,christopher.harris13@yahoo.com,2056256873,3227 Main St,Arlington,mt,44800,02-26-2002,4141,VB000514
Thomas,Garcia,,289-906-7861,3996 Oak Ave,Greenville,MS,85876,10/08/1941,9547,VB000515
Michael,Thompson,michael.thompson57@yahoo.com,+17982021229,8022 Oak Ave,Arlington,TX,37462,1977-06-25,6199,VB000516
Sarah,Thomas,sarah.thomas12@outlook.com,470.661.9010,3577 Lake Rd,Oxford,ks,43078,16-Aug-1966,8459,VB000517
Sarah,Scott,,(243) 667-3351,312 River Dr,Franklin,AL,33766,04-10-1985,4958,VB000518
William,Jackson,william.jackson71@icloud.com,5989574347,8825 River Dr,Madison,MO,20034,06/15/1945,8466,VB000519
Sandra,Hill,sandra.hill89@hotmail.com,654-656-6358,983 Sunset Blvd,Dayton,co,62001,1965-11-13,5032,VB000520
Richard,Thomas,richard.thomas80@gmail.com,+14368102272,5317 Valley Ln,Georgetown,SC,63146,13-Oct-1944,4930,VB000521
James,Jones,james.jones88@yahoo.com,870.804.7957,5032 Main St,Fairview,WV,97427,11-06-1956,6720,VB000522
Richard,King,richard.king42@icloud.com,(496) 657-3731,9299 Washington St,Greenville,ms,74715,01/13/1993,2939,VB000523
Robert,Baker,robert.baker30@hotmail.com,9177457636,5120 Jefferson Dr,Arlington,IA,66944,1994-05-09,5999,VB000524
Robert,Adams,robert.adams76@gmail.com,271-327-7570,9434 Forest Ave,Georgetown,IA,18080,06-Jun-1966,4791,VB000525
Sarah,White,sarah.white16@hotmail.com,+12139949730,8211 Lake Rd,Springfield,ar,31831,10-26-1993,1865,VB000526
Nancy,Adams,nancy.adams9@hotmail.com,676.656.6535,9361 Washington St,Manchester,OK,24749,01/29/1940,5778,VB000527
William,Johnson,william.johnson63@hotmail.com,(469) 319-4722,2983 River Dr,Fairview,VA,10732,1999-12-05,2684,VB000528
Margaret,Wilson,margaret.wilson11@yahoo.com,4114654022,1663 Valley Ln,Salem,wy,83698,17-Feb-1994,4951,VB000529
Sandra,Smith,,644-252-3369,1575 Maple Dr,Burlington,NJ,94208,05-04-1969,8627,VB000530
Sarah,Harris,sarah.harris14@hotmail.com,+18405178542,6180 Lincoln Ave,Fairview,AL,77323,12/17/1997,8400,VB000531
Ashley,Torres,,687.991.5228,8255 Lincoln Ave,Arlington,nc,31236,1993-06-01,7711,VB000532
Richard,Jones,richard.jones7@gmail.com,(735) 370-9882,9212 Forest Ave,Fairview,ND,73044,09-Jun-1983,3639,VB000533
Matthew,Torres,matthew.torres59@icloud.com,8057605754,8828 Lincoln Ave,Salem,AZ,47288,11-02-1969,1293,VB000534
Ashley,Thomas,,486-740-3406,6619 Forest Ave,Dayton,in,81358,01/06/1996,8244,VB000535
James,Johnson,james.johnson41@gmail.com,+19496219593,2181 Cedar Ln,Dayton,WA,42530,1982-08-11,4850,VB000536
Betty,King,betty.king87@gmail.com,266.287.1351,143 Jefferson Dr,Richmond,AR,53451,26-Jan-1948,6133,VB000537
Mark,Torres,mark.torres98@hotmail.com,(274) 731-3026,4306 River Dr,Springfield,ky,96765,05-24-2000,2426,VB000538
Joseph,Jackson,joseph.jackson7@icloud.com,7444176460,7201 Maple Dr,Dayton,Ohio,89065,08/28/1942,2548,VB000539
Linda,Adams,linda.adams19@aol.com,985-386-9369,4334 Maple Dr,Burlington,UT,54914,1980-09-06,2127,VB000540
Mary,Anderson,mary.anderson65@hotmail.com,+15489835525,6278 Hill Rd,Salem,de,50449,19-Jun-1958,9390,VB000541
Linda,Allen,linda.allen84@yahoo.com,868.387.6473,1924 Oak Ave,Greenville,NE,76072,08-26-2000,4488,VB000542
James,Torres,,(716) 306-9952,149 Lincoln Ave,Manchester,TN,93354,06/26/1973,2809,VB000543
Anthony,Baker,anthony.baker93@hotmail.com,7256727871,772 Valley Ln,Clinton,nh,40392,1979-05-25,3789,VB000544
Anthony,Allen,anthony.allen77@gmail.com,571-858-3714,1656 Lake Rd,Greenville,MS,72223,07-Aug-1966,2838,VB000545
Christopher,Thompson,christopher.thompson63@hotmail.com,+17039782052,4342 Lake Rd,Greenville,MA,27555,07-18-1945,5071,VB000546
Susan,Hall,susan.hall11@hotmail.com,574.351.5160,1448 Lake Rd,Burlington,nm,68374,07/27/1993,3764,VB000547
Charles,Garcia,charles.garcia58@gmail.com,(507) 234-3130,5414 Main St,Richmond,UT,41551,1988-05-07,6303,VB000548
Barbara,Nguyen,barbara.nguyen62@yahoo.com,4689203110,7021 Park Blvd,Springfield,RI,29724,03-Aug-1982,7857,VB000549
Margaret,Baker,margaret.baker69@hotmail.com,340-641-9605,5930 Jefferson Dr,Franklin,ny,87313,01-18-1981,4133,VB000550
Karen,Harris,karen.harris17@gmail.com,+17788929575,2164 Lincoln Ave,Franklin,CO,98628,06/29/1953,2636,VB000551
James,Nelson,james.nelson4@outlook.com,441.430.6971,6110 Forest Ave,Marion,MS,11168,1960-08-04,5954,VB000552
William,Smith,william.smith33@aol.com,(211) 421-5709,2732 Jefferson Dr,Greenville,ri,73095,30-Dec-1986,7009,VB000553
Mark,Smith,mark.smith65@outlook.com,3654461882,7078 Washington St,Manchester,Michigan,86213,04-10-1963,1431,VB000554
Mary,Hill,,308-283-2887,6676 Washington St,Georgetown,IL,72376,11/24/1982,6389,VB000555
Joseph,Hill,,+15727186148,7381 Hill Rd,Manchester,ia,98071,1984-07-29,6404,VB000556
Margaret,King,margaret.king14@aol.com,658.832.8846,6732 Lincoln Ave,Fairview,KS,98314,28-Feb-1944,3109,VB000557
John,Jones,,(935) 894-9942,3531 Main St,Marion,KS,39476,10-13-1995,4180,VB000558
James,Thompson,james.thompson39@outlook.com,6173286567,9443 Valley Ln,Clinton,nh,31680,04/20/1962,4228,VB000559
Barbara,Williams,barbara.williams84@hotmail.com,810-663-3038,2524 Valley Ln,Oxford,WV,92855,1958-06-21,3103,VB000560
Margaret,Nguyen,,+17625541837,718 Maple Dr,Burlington,MO,15721,10-Sep-1975,7804,VB000561
Daniel,Adams,daniel.adams23@hotmail.com,358.694.5369,3504 Park Blvd,Franklin,wv,78903,10-17-1963,3068,VB000562
Richard,Hall,richard.hall51@icloud.com,(582) 593-9020,5044 Sunset Blvd,Oxford,California,63580,06/26/1943,3039,VB000563
Matthew,Taylor,,3158887973,9126 Maple Dr,Springfield,NJ,67740,1986-11-07,7037,VB000564
James,Harris,james.harris68@aol.com,256-314-3938,7541 River Dr,Fairview,nh,92554,09-Feb-1985,7401,VB000565
Sarah,Harris,sarah.harris48@hotmail.com,+13632671243,6291 Maple Dr,Oxford,WY,45153,07-01-1997,2522,VB000566
John,Martin,,624.479.7677,9544 Washington St,Greenville,NJ,31683,06/27/2003,5001,VB000567
John,Adams,john.adams23@yahoo.com,(686) 875-2552,9417 River Dr,Arlington,wv,71821,1997-12-30,1217,VB000568
Charles,Nelson,charles.nelson41@hotmail.com,2202346145,4207 Cedar Ln,Georgetown,HI,73747,17-Jan-2002,3385,VB000569
Nancy,Martin,nancy.martin31@icloud.com,391-330-3458,8833 Main St,Salem,LA,17205,05-29-1956,4057,VB000570
Matthew,Wright,matthew.wright84@gmail.com,+16555062473,2319 Sunset Blvd,Springfield,sc,32869,11/09/1953,5400,VB000571
Matthew,White,matthew.white97@outlook.com,642.955.8710,2546 Sunset Blvd,Fairview,Illinois,38339,2001-06-07,8116,VB000572
Charles,Walker,charles.walker25@hotmail.com,(474) 827-2106,6370 Oak Ave,Georgetown,SC,15720,01-Oct-1956,8187,VB000573
Charles,King,charles.king68@yahoo.com,7624205879,4022 Jefferson Dr,Salem,md,89200,04-23-1980,1992,VB000574
Karen,Smith,karen.smith82@hotmail.com,865-648-4789,8909 Oak Ave,Franklin,IA,37376,12/16/1979,2002,VB000575
Daniel,Jones,daniel.jones72@outlook.com,+17019115104,1971 Hill Rd,Arlington,NV,95471,1971-03-28,3916,VB000576
Susan,Williams,,210.339.7611,3808 Cedar Ln,Madison,sc,27549,31-Dec-1952,8259,VB000577
Anthony,Nguyen,anthony.nguyen9@yahoo.com,(736) 530-6052,1116 Cedar Ln,Franklin,VA,70365,04-04-1996,5278,VB000578
Richard,Thomas,richard.thomas12@hotmail.com,9547762205,6893 River Dr,Arlington,MN,54009,01/21/1997,2523,VB000579
Betty,White,betty.white53@outlook.com,288-261-4713,5905 River Dr,Georgetown,ny,45217,1997-07-18,1848,VB000580
Ashley,Nguyen,ashley.nguyen64@aol.com,+17905652748,6984 River Dr,Georgetown,AR,23970,26-Dec-1987,1791,VB000581
Joseph,Anderson,joseph.anderson34@yahoo.com,421.440.5321,1476 Washington St,Manchester,MT,12071,09-23-1954,6810,VB000582
Ashley,King,,(280) 547-5088,6072 River Dr,Dayton,tx,79626,02/24/1988,3712,VB000583
Barbara,Smith,,6418528778,7601 Lincoln Ave,Clinton,Pennsylvania,28654,2002-06-12,2067,VB000584
Daniel,Martin,daniel.martin27@icloud.com,340-861-1250,3553 Park Blvd,Greenville,NH,22047,19-Jun-2002,6281,VB000585
Matthew,King,matthew.king94@icloud.com,+14606212967,4556 Maple Dr,Burlington,nc,49978,09-30-1940,1284,VB000586
Jennifer,Anderson,jennifer.anderson71@hotmail.com,387.653.6444,2531 Forest Ave,Dayton,HI,81215,06/27/1986,6188,VB000587
Sarah,Harris,sarah.harris93@outlook.com,(214) 672-4957,8987 Forest Ave,Oxford,WA,61667,1968-01-31,7138,VB000588
Jennifer,Smith,jennifer.smith69@outlook.com,2606639796,1434 Lake Rd,Richmond,ri,34493,03-Jan-1947,9612,VB000589
Michael,Adams,michael.adams82@hotmail.com,597-981-6414,3969 Cedar Ln,Fairview,MD,68223,09-18-1979,5530,VB000590
Patricia,Thompson,patricia.thompson95@aol.com,+13236301453,1824 Park Blvd,Arlington,AK,96862,04/08/1967,1970,VB000591
Christopher,White,christopher.white37@aol.com,815.677.4293,3305 Washington St,Fairview,ar,50168,1966-08-28,5692,VB000592
Karen,Smith,,(907) 352-9938,591 Jefferson Dr,Georgetown,Pennsylvania,82420,14-Apr-1953,8041,VB000593
Ashley,Anderson,ashley.anderson32@icloud.com,2136636196,8944 Maple Dr,Georgetown,KY,66091,02-10-1982,8214,VB000594
Linda,Martin,,666-624-4185,6292 Forest Ave,Clinton,ks,29342,11/09/1998,1090,VB000595
Richard,Taylor,richard.taylor55@aol.com,+16496685667,4210 Jefferson Dr,Salem,Texas,71048,1965-09-20,3661,VB000596
Linda,Hill,linda.hill92@outlook.com,664.445.2822,80 Main St,Marion,ND,84938,20-Dec-1990,2474,VB000597
Betty,Garcia,betty.garcia35@aol.com,(236) 749-6638,6823 Park Blvd,Fairview,ga,94967,11-04-1940,7739,VB000598
Patricia,Brown,patricia.brown32@outlook.com,8854581676,9212 River Dr,Manchester,AR,16364,07/16/1966,6341,VB000599
Jennifer,Miller,jennifer.miller84@gmail.com,333-821-7589,6244 Cedar Ln,Fairview,AK,88695,1954-10-25,5028,VB000600
Jennifer,Jackson,jennifer.jackson56@gmail.com,+13417398240,5133 Hill Rd,Arlington,ut,56865,07-Jan-1982,6803,VB000601
Nancy,Williams,nancy.williams76@gmail.com,783.673.4992,9035 River Dr,Richmond,AR,41510,08-08-1960,7620,VB000602
Michael,Young,michael.young28@gmail.com,(214) 244-1710,983 Sunset Blvd,Clinton,IN,93117,08/09/1952,6605,VB000603
Linda,Wilson,,3113632622,6162 Lincoln Ave,Marion,mt,16660,1973-12-11,3964,VB000604
Michael,Harris,,615-560-2977,2010 Forest Ave,Oxford,SC,61149,30-Jun-1957,2347,VB000605
Christopher,King,christopher.king44@yahoo.com,+19123733903,2928 Washington St,Clinton,WA,13783,03-25-1985,5753,VB000606
Linda,Nelson,linda.nelson29@aol.com,745.660.8334,6923 Valley Ln,Fairview,pa,91486,04/14/1986,1930,VB000607
Margaret,Wilson,margaret.wilson61@yahoo.com,(663) 743-1741,5270 Cedar Ln,Madison,Georgia,55955,1950-01-02,2632,VB000608
Betty,Miller,betty.miller80@hotmail.com,3748316796,9047 Valley Ln,Greenville,RI,70116,21-May-1978,1143,VB000609
Margaret,Harris,margaret.harris58@outlook.com,371-545-1758,8755 Valley Ln,Springfield,fl,17255,12-31-1946,8379,VB000610
Robert,Williams,robert.williams36@hotmail.com,+15456282257,1512 Park Blvd,Arlington,AZ,48528,09/01/1951,9514,VB000611
Robert,Jones,robert.jones20@aol.com,696.487.1992,4247 Main St,Springfield,VA,14706,1975-03-14,7397,VB000612
Richard,Taylor,,(712) 800-7995,1996 Hill Rd,Dayton,wy,86247,20-May-1958,5563,VB000613
Jennifer,Wright,jennifer.wright65@icloud.com,7497743349,748 Jefferson Dr,Oxford,AR,11950,07-26-1968,9096,VB000614
Lisa,Nguyen,lisa.nguyen64@aol.com,573-832-5858,398 Lake Rd,Franklin,ID,92115,02/19/1959,1004,VB000615
John,Wright,,+15825491646,8885 Park Blvd,Manchester,ia,31452,1957-10-05,5764,VB000616
Karen,Harris,,301.884.6319,9152 Cedar Ln,Clinton,ID,93185,26-Nov-1944,5116,VB000617
Richard,Thompson,richard.thompson30@aol.com,(801) 921-1217,3812 Main St,Oxford,WI,26260,09-16-1967,4873,VB000618
Patricia,Scott,patricia.scott81@hotmail.com,3685311647,7415 Lincoln Ave,Arlington,ct,27396,04/09/1994,4373,VB000619
Charles,Walker,charles.walker91@aol.com,238-947-8022,9763 Lake Rd,Greenville,WI,48281,1967-01-05,3263,VB000620
Margaret,Jones,margaret.jones29@outlook.com,+13732373596,7799 Hill Rd,Oxford,IL,39515,08-Sep-1942,1697,VB000621
Richard,Miller,richard.miller69@gmail.com,875.583.4385,3290 Oak Ave,Dayton,ms,20756,07-07-1996,4271,VB000622
Lisa,White,,(667) 954-1564,9934 Forest Ave,Marion,MS,29553,06/21/1973,5028,VB000623
Sarah,Miller,,6595742492,6998 Main St,Salem,VT,61798,1977-10-08,5206,VB000624
Patricia,Adams,,315-996-9766,2928 Sunset Blvd,Manchester,nj,89404,02-Nov-1988,5978,VB000625
David,Anderson,david.anderson88@aol.com,+17239475568,68 Washington St,Manchester,MO,85106,09-17-1998,5486,VB000626
Daniel,Brown,daniel.brown48@aol.com,924.406.6653,1666 Washington St,Manchester,KS,90277,05/26/1983,5819,VB000627
Karen,Wilson,karen.wilson70@outlook.com,(869) 993-3435,5994 River Dr,Fairview,wy,87280,1966-02-08,3193,VB000628
Barbara,Walker,barbara.walker66@icloud.com,2973387743,972 Park Blvd,Richmond,TN,26631,05-Dec-2002,3174,VB000629
Betty,Nelson,betty.nelson81@outlook.com,218-642-7567,472 Hill Rd,Dayton,TX,64956,08-13-1986,3592,VB000630
Barbara,Davis,barbara.davis33@icloud.com,+14722703306,368 Cedar Ln,Richmond,ga,79769,08/05/1987,7932,VB000631
Jennifer,Harris,,954.796.4897,7069 Valley Ln,Georgetown,North Carolina,47572,1948-12-13,7936,VB000632
Sarah,White,sarah.white91@yahoo.com,(814) 693-3038,6628 Park Blvd,Salem,SC,90653,21-Oct-1940,9073,VB000633
Robert,Wright,,7694619364,8472 River Dr,Richmond,sd,79300,02-16-1977,6435,VB000634
Susan,Brown,,515-655-6896,4420 Oak Ave,Greenville,CO,34561,08/31/1978,8353,VB000635
Jessica,Wright,jessica.wright36@yahoo.com,+12275683372,7424 River Dr,Fairview,MA,45595,2000-05-02,5085,VB000636
Barbara,Nguyen,barbara.nguyen44@outlook.com,267.466.3433,9785 Cedar Ln,Marion,ia,24712,29-Jun-1946,6155,VB000637
Charles,Brown,charles.brown58@hotmail.com,(383) 570-2590,3103 Maple Dr,Manchester,DE,36903,07-10-1997,8260,VB000638
Anthony,Smith,,7438562437,7028 Park Blvd,Richmond,AL,91768,11/23/1988,2977,VB000639
Nancy,Thompson,nancy.thompson30@gmail.com,927-378-1283,6206 Sunset Blvd,Springfield,ma,40145,1992-04-05,6604,VB000640
Matthew,Wilson,matthew.wilson53@gmail.com,+18679769907,7620 Sunset Blvd,Manchester,Florida,83762,17-Apr-1979,3432,VB000641
Mary,Jones,,972.204.1446,7495 Main St,Greenville,NV,66549,01-09-2003,7094,VB000642
Jennifer,Smith,jennifer.smith16@yahoo.com,(549) 926-5106,6380 Valley Ln,Burlington,vt,32232,12/04/1952,5095,VB000643
James,Miller,,8599138195,3780 Maple Dr,Burlington,HI,38534,1952-06-22,3263,VB000644
Sandra,Johnson,sandra.johnson34@gmail.com,296-821-1861,4632 Sunset Blvd,Georgetown,TX,28789,22-Jul-1976,1176,VB000645
Betty,Wright,betty.wright50@gmail.com,+15305514748,8246 Lake Rd,Arlington,mn,55849,07-29-1988,9194,VB000646
Thomas,Nelson,thomas.nelson47@hotmail.com,472.928.7389,3279 Main St,Manchester,Michigan,10788,10/30/1995,1210,VB000647
Richard,Adams,richard.adams63@gmail.com,(530) 980-5749,8986 Maple Dr,Burlington,RI,31807,1994-11-29,9574,VB000648
Jessica,Adams,,7507782408,7847 Cedar Ln,Burlington,mo,88673,17-Feb-1941,8632,VB000649
Anthony,Brown,anthony.brown30@hotmail.com,452-518-3886,9923 Lake Rd,Springfield,CO,65957,04-09-1950,2911,VB000650
Charles,Brown,,+15815442421,7438 Lincoln Ave,Dayton,UT,91596,03/19/1991,5676,VB000651
Lisa,Garcia,,933.705.4307,2770 Oak Ave,Fairview,wi,95127,2002-03-26,9475,VB000652
Richard,Adams,richard.adams13@gmail.com,(734) 945-2253,948 Forest Ave,Dayton,DE,55455,21-Jul-1981,5426,VB000653
Ashley,Garcia,ashley.garcia72@yahoo.com,6289196289,3344 Lincoln Ave,Manchester,IA,70771,02-11-1948,8496,VB000654
Lisa,Scott,lisa.scott30@aol.com,523-547-6311,6162 Sunset Blvd,Oxford,nv,45496,09/10/1989,4438,VB000655
Sarah,Miller,sarah.miller30@aol.com,+15432336704,9420 Lake Rd,Burlington,Illinois,42010,1992-06-05,4816,VB000656
Patricia,Harris,patricia.harris72@icloud.com,562.994.3276,5943 Maple Dr,Dayton,NJ,48468,12-Jul-2001,8422,VB000657
William,Baker,william.baker41@icloud.com,(667) 534-9421,4373 Washington St,Manchester,ga,70577,12-17-1977,9474,VB000658
Jessica,Adams,jessica.adams7@gmail.com,7062146733,9285 Cedar Ln,Oxford,NE,70701,04/27/1943,2753,VB000659
John,Brown,john.brown2@outlook.com,552-582-8670,8808 Lincoln Ave,Clinton,HI,19418,1977-05-07,4521,VB000660
Thomas,Thompson,thomas.thompson47@aol.com,+19413057217,982 Washington St,Burlington,oh,33813,21-Jan-1982,4480,VB000661
Richard,Nelson,richard.nelson21@outlook.com,673.649.6986,9548 Forest Ave,Greenville,NJ,67770,10-27-1981,2795,VB000662
Sandra,Brown,,(472) 518-3077,4314 River Dr,Salem,NV,12547,06/25/1945,5160,VB000663
Nancy,Nelson,nancy.nelson67@icloud.com,9178332560,7092 Sunset Blvd,Burlington,ks,73167,1971-01-07,7305,VB000664
Sandra,Jones,,853-945-8286,7130 Oak Ave,Arlington,California,60420,06-Apr-1950,6089,VB000665
Michael,Taylor,,+17567933490,3305 Main St,Manchester,WA,40114,01-28-2004,9460,VB000666
Jessica,Harris,jessica.harris23@gmail.com,262.584.6266,6056 Lake Rd,Franklin,mi,99434,11/30/2000,2615,VB000667
Betty,Garcia,betty.garcia42@hotmail.com,(796) 671-5794,9760 Lake Rd,Madison,New York,98474,1974-04-11,8228,VB000668
Nancy,Taylor,nancy.taylor86@yahoo.com,5575126865,3779 Lincoln Ave,Clinton,RI,82533,20-Sep-1942,9085,VB000669
Anthony,Walker,anthony.walker18@outlook.com,260-989-6583,1964 Park Blvd,Richmond,ct,68820,11-18-1946,8007,VB000670
Sandra,Wilson,sandra.wilson93@aol.com,+16987912586,2752 Maple Dr,Richmond,North Carolina,86257,01/03/1957,2371,VB000671
Mark,Brown,mark.brown31@icloud.com,587.718.6917,6892 Park Blvd,Franklin,OK,49784,2001-08-06,7285,VB000672
William,Nguyen,william.nguyen77@icloud.com,(953) 480-7842,5506 Jefferson Dr,Franklin,ri,46876,20-Sep-1978,4911,VB000673
Nancy,Thompson,nancy.thompson12@aol.com,3917587669,5252 Park Blvd,Oxford,AZ,70976,02-02-1989,8257,VB000674
Betty,Adams,betty.adams39@hotmail.com,660-570-8975,5657 Lincoln Ave,Manchester,WY,53057,10/24/1957,6380,VB000675
Mark,Jackson,mark.jackson94@outlook.com,+14026933663,7911 Valley Ln,Georgetown,sd,45830,1991-06-30,4764,VB000676
Margaret,Hill,margaret.hill74@icloud.com,253.397.8281,2188 Lincoln Ave,Madison,Georgia,47331,02-Jul-1984,8329,VB000677
David,King,,(310) 538-3910,4363 Maple Dr,Salem,VT,51105,09-22-1999,1964,VB000678
Michael,Miller,michael.miller3@icloud.com,2639354056,7120 Hill Rd,Fairview,pa,70551,12/30/1944,1488,VB000679
Margaret,Torres,margaret.torres99@icloud.com,814-371-8857,6252 River Dr,Marion,AR,84412,1996-05-18,9518,VB000680
Richard,Johnson,richard.johnson78@gmail.com,+18326332861,6950 Oak Ave,Marion,MA,71355,11-Sep-1974,3534,VB000681
Betty,Hill,,775.363.8527,743 Main St,Springfield,wy,92290,01-05-1957,7219,VB000682
Patricia,Johnson,,(877) 410-3421,959 Main St,Springfield,MD,99093,10/12/1954,2707,VB000683
Sarah,Adams,sarah.adams4@aol.com,2394286548,4053 Lincoln Ave,Salem,PA,82816,1949-02-03,9253,VB000684
Robert,Baker,robert.baker80@gmail.com,901-910-6849,7915 Hill Rd,Springfield,de,80782,04-May-1957,5282,VB000685
Christopher,Jackson,,+14155127253,5369 Park Blvd,Marion,MA,88194,02-28-1960,2462,VB000686
Patricia,Smith,patricia.smith76@icloud.com,999.228.9295,7282 Oak Ave,Marion,ID,70709,08/24/1964,7359,VB000687
Jennifer,Thompson,jennifer.thompson58@hotmail.com,(421) 218-1992,4749 Valley Ln,Greenville,md,90197,1969-10-29,2162,VB000688
Anthony,Torres,anthony.torres82@hotmail.com,4193108006,4879 Forest Ave,Springfield,MS,90071,24-Oct-1996,5317,VB000689
David,Nguyen,david.nguyen22@gmail.com,769-691-6952,9951 Cedar Ln,Dayton,PA,22329,06-16-1944,3375,VB000690
Daniel,Hall,,+14472858041,7309 Main St,Burlington,ma,12053,07/15/1982,9430,VB000691
Charles,White,charles.white54@yahoo.com,260.544.6473,512 River Dr,Salem,Florida,76887,1951-10-15,4781,VB000692
Barbara,Wright,,(805) 958-4044,9197 River Dr,Dayton,NJ,99581,15-Feb-1991,6502,VB000693
Patricia,King,,2169447432,5364 Maple Dr,Richmond,il,29975,11-03-1945,2569,VB000694
Nancy,Thompson,nancy.thompson95@icloud.com,625-813-8770,1315 Cedar Ln,Arlington,UT,37521,11/19/1990,8975,VB000695
Matthew,Walker,matthew.walker61@aol.com,+14124748843,3682 River Dr,Richmond,LA,63794,1952-04-30,6730,VB000696
Ashley,Harris,ashley.harris23@icloud.com,582.658.8933,6753 Jefferson Dr,Manchester,de,16729,04-Nov-1994,1814,VB000697
Charles,Brown,charles.brown77@outlook.com,(989) 365-1146,8625 Sunset Blvd,Richmond,California,26263,09-24-2003,5009,VB000698
Joseph,Jones,joseph.jones66@aol.com,7156543467,5549 River Dr,Oxford,IL,97751,01/14/2003,8877,VB000699
Christopher,Miller,christopher.miller25@icloud.com,202-676-1200,24 Jefferson Dr,Arlington,mi,34318,1943-12-09,5171,VB000700
David,Garcia,david.garcia31@aol.com,+15698032986,4398 Lake Rd,Salem,NE,23215,03-Jan-1989,1007,VB000701
Jennifer,Hill,,873.509.6610,1007 River Dr,Richmond,NM,43475,01-05-1970,9916,VB000702
Sarah,Hall,sarah.hall15@hotmail.com,(234) 563-8377,7669 Main St,Greenville,ms,12394,07/20/2002,2401,VB000703
Richard,Young,richard.young51@aol.com,9828496462,7331 Main St,Burlington,WA,92932,1945-05-18,2875,VB000704
Christopher,Young,,273-425-7313,2860 River Dr,Dayton,AR,76678,24-Sep-1965,7542,VB000705
Matthew,Allen,matthew.allen94@gmail.com,+12077228829,1585 Valley Ln,Burlington,ut,78141,10-24-1987,1278,VB000706
Matthew,Wilson,matthew.wilson73@yahoo.com,641.440.3550,3572 Washington St,Franklin,LA,58697,02/13/1972,3956,VB000707
Susan,Young,,(776) 847-3889,2038 Lake Rd,Franklin,MI,66195,1991-12-16,6063,VB000708
Karen,Williams,,7518289873,2274 Valley Ln,Madison,ut,75817,16-Dec-1998,1140,VB000709
John,Nelson,john.nelson25@hotmail.com,324-439-6468,385 Cedar Ln,Fairview,ME,62723,02-09-1941,8756,VB000710
Jennifer,Thomas,,+18428718084,8553 Main St,Madison,VT,21389,11/25/1941,1837,VB000711
Patricia,Anderson,,750.389.7640,324 River Dr,Marion,oh,79479,1983-10-31,2047,VB000712
Jennifer,Walker,jennifer.walker93@hotmail.com,(471) 916-7262,2203 Forest Ave,Clinton,KS,52491,01-Jul-2004,2571,VB000713
Anthony,Davis,,9389258109,4924 River Dr,Salem,OK,99086,12-28-1985,8763,VB000714
Thomas,Johnson,thomas.johnson62@aol.com,427-896-5215,2416 Lincoln Ave,Springfield,mn,18614,01/18/1998,9056,VB000715
Christopher,Smith,christopher.smith94@aol.com,+15834945904,4557 Forest Ave,Richmond,MS,39194,1998-01-02,6642,VB000716
Matthew,Wright,matthew.wright92@hotmail.com,923.735.6621,6214 Sunset Blvd,Richmond,ME,94449,26-Apr-1947,2909,VB000717
Charles,Young,charles.young90@yahoo.com,(853) 871-9358,7380 Main St,Manchester,ky,79294,05-31-1969,6687,VB000718
Jennifer,Thomas,jennifer.thomas24@gmail.com,5799103294,8786 Lake Rd,Franklin,MA,58469,01/11/1945,2918,VB000719
Linda,Davis,linda.davis76@gmail.com,904-267-5995,1876 Lake Rd,Greenville,AK,80571,1969-04-04,1612,VB000720
Robert,Davis,robert.davis45@yahoo.com,+12806946970,8933 Cedar Ln,Arlington,wa,30126,04-Jul-1952,1186,VB000721
Margaret,Taylor,margaret.taylor81@outlook.com,805.952.9739,8840 Main St,Franklin,ID,97971,10-26-1954,6607,VB000722
Margaret,Torres,margaret.torres13@gmail.com,(345) 444-6776,9439 Main St,Madison,HI,62573,02/11/1972,4025,VB000723
Margaret,Davis,,6255185673,9241 Washington St,Georgetown,ms,11229,1983-05-22,8874,VB000724
Mark,Adams,,631-327-8067,545 Lincoln Ave,Franklin,AK,97006,04-Oct-1995,9061,VB000725
Susan,Brown,,+12926668685,1084 Oak Ave,Madison,NV,68727,09-10-1952,7490,VB000726
Patricia,King,patricia.king71@outlook.com,976.378.5453,6075 Lincoln Ave,Salem,ks,13639,06/22/1957,6429,VB000727
Susan,Baker,susan.baker56@gmail.com,(440) 416-4109,3499 Main St,Georgetown,NV,23046,1996-05-25,4723,VB000728
Sarah,Harris,sarah.harris81@aol.com,3114245084,122 Valley Ln,Arlington,OH,41898,07-Oct-1948,5311,VB000729
Mary,Jones,,225-571-1607,6285 Lincoln Ave,Salem,ut,48642,12-20-1989,3857,VB000730
Ashley,Johnson,ashley.johnson80@hotmail.com,+14656831812,830 River Dr,Springfield,KS,84800,02/22/1987,2261,VB000731
Jennifer,Jones,jennifer.jones7@hotmail.com,747.445.6276,9473 Jefferson Dr,Georgetown,SD,72457,1989-08-06,9572,VB000732
Nancy,Miller,nancy.miller75@outlook.com,(561) 499-9084,7615 Valley Ln,Franklin,va,72742,12-Sep-1989,3518,VB000733
Sandra,Wilson,sandra.wilson76@aol.com,6477733276,6485 Cedar Ln,Richmond,ME,85328,02-06-1966,7629,VB000734
Charles,Wilson,charles.wilson92@icloud.com,855-381-3557,6667 River Dr,Manchester,OR,99795,04/05/1998,2820,VB000735
David,Davis,david.davis83@icloud.com,+15756654248,9313 Oak Ave,Clinton,nc,55033,1966-12-03,6182,VB000736
Lisa,White,lisa.white75@yahoo.com,281.552.2961,673 Main St,Greenville,MO,10185,08-Dec-1983,8225,VB000737
Betty,Jackson,betty.jackson95@outlook.com,(319) 494-1657,4521 Jefferson Dr,Clinton,SD,64846,12-11-1940,5641,VB000738
Christopher,Allen,christopher.allen48@gmail.com,9067958237,7815 Cedar Ln,Georgetown,hi,95335,09/27/1953,6484,VB000739
Margaret,Anderson,,487-376-9487,7006 Main St,Greenville,AL,74924,1999-10-17,8048,VB000740
Lisa,Hall,lisa.hall44@gmail.com,+15392345116,990 Lake Rd,Oxford,AR,32370,22-Oct-1995,1773,VB000741
Sandra,Miller,sandra.miller47@aol.com,934.555.3901,6022 River Dr,Arlington,mn,62135,04-27-1954,2047,VB000742
Richard,Davis,richard.davis56@aol.com,(294) 504-7071,5799 Valley Ln,Richmond,AR,37040,07/12/1974,6543,VB000743
Anthony,Jones,anthony.jones56@outlook.com,2268185055,1271 Park Blvd,Franklin,OH,24416,2001-05-12,9984,VB000744
Nancy,Williams,nancy.williams82@aol.com,245-946-7664,1535 Lake Rd,Dayton,wy,41229,03-May-1957,7443,VB000745
Margaret,Thompson,margaret.thompson59@gmail.com,+14504127053,324 Main St,Greenville,SC,75118,09-29-1985,7412,VB000746
Charles,Davis,charles.davis49@outlook.com,570.597.3928,7443 Lake Rd,Manchester,KY,54702,06/26/2000,5234,VB000747
Nancy,Hall,nancy.hall94@aol.com,(521) 955-7484,8487 Lake Rd,Oxford,la,48182,1947-01-23,7887,VB000748
Susan,Anderson,,5343906294,1779 Maple Dr,Manchester,CT,38594,06-Feb-1940,2158,VB000749
Nancy,Wright,nancy.wright10@gmail.com,330-696-8224,9486 Hill Rd,Richmond,NC,54638,09-11-1961,4601,VB000750
Sarah,Walker,,+14154223028,573 Oak Ave,Burlington,ky,83911,01/16/1973,2505,VB000751
Jennifer,Garcia,jennifer.garcia82@outlook.com,599.951.3017,7310 Maple Dr,Salem,LA,64697,1945-03-13,1171,VB000752
Patricia,Thompson,patricia.thompson14@hotmail.com,(935) 665-8951,5917 Main St,Madison,CO,24208,24-Jun-1995,1230,VB000753
Susan,Hill,susan.hill69@icloud.com,6533824800,35 River Dr,Springfield,oh,84837,11-24-2003,2340,VB000754
Lisa,Hill,lisa.hill12@outlook.com,616-447-1353,1739 Valley Ln,Richmond,TN,23440,09/09/1949,6698,VB000755
Mary,White,mary.white63@gmail.com,+13487739168,5805 Washington St,Fairview,IN,97097,1965-11-22,9289,VB000756
Susan,Walker,susan.walker14@hotmail.com,357.229.2328,7541 Jefferson Dr,Burlington,tx,72895,25-Sep-1980,5412,VB000757
William,Walker,william.walker9@hotmail.com,(732) 855-3231,7892 Jefferson Dr,Manchester,MN,95432,07-09-1942,7749,VB000758
John,Scott,john.scott31@icloud.com,8625554066,704 Park Blvd,Marion,MI,14966,05/11/1949,8434,VB000759
Susan,Adams,susan.adams41@yahoo.com,462-992-7692,1323 Sunset Blvd,Clinton,pa,52715,1942-12-22,1869,VB000760
Sandra,Brown,,+15319066967,5956 Lake Rd,Springfield,MN,22472,27-Feb-1996,9911,VB000761
Patricia,Young,patricia.young51@yahoo.com,877.959.7908,6243 Oak Ave,Manchester,NV,80216,12-13-2001,7685,VB000762
Christopher,Torres,christopher.torres78@outlook.com,(316) 525-9297,8630 Lincoln Ave,Fairview,ga,92429,10/05/1965,4228,VB000763
Charles,White,charles.white41@icloud.com,9939036216,8211 Sunset Blvd,Greenville,Ohio,80560,1984-09-21,9547,VB000764
Karen,Thomas,,245-627-8883,9390 Park Blvd,Oxford,NH,54279,06-Nov-1973,8786,VB000765
Susan,Torres,susan.torres9@hotmail.com,+15852779811,2741 Sunset Blvd,Manchester,la,24538,02-19-1987,1282,VB000766
Christopher,Taylor,,534.909.8901,426 Park Blvd,Manchester,UT,46718,10/04/1954,2027,VB000767
Jennifer,Garcia,jennifer.garcia36@icloud.com,(727) 906-2287,6175 Park Blvd,Manchester,LA,86217,1998-08-13,2362,VB000768
Sarah,Baker,sarah.baker38@icloud.com,5096945012,6654 Park Blvd,Salem,ca,17852,07-Mar-1954,8202,VB000769
Anthony,Thompson,,876-845-7357,9642 Main St,Dayton,RI,67387,05-10-1953,8236,VB000770
James,Williams,james.williams41@aol.com,+18917375970,7699 Lake Rd,Franklin,AZ,92094,03/21/1998,9253,VB000771
Lisa,Harris,,838.929.1947,4967 Washington St,Fairview,me,85216,1958-08-23,6235,VB000772
Mary,Jones,,(477) 442-2485,566 River Dr,Clinton,NE,72865,26-Nov-1995,3320,VB000773
Sarah,Anderson,sarah.anderson66@gmail.com,3866646052,4296 River Dr,Marion,OH,29565,05-07-1943,6337,VB000774
Daniel,Hill,daniel.hill73@icloud.com,804-695-7940,6502 Jefferson Dr,Burlington,oh,27980,07/02/1967,9248,VB000775
Joseph,Martin,joseph.martin82@aol.com,+19509403837,7746 Maple Dr,Franklin,AK,50256,1991-07-15,3755,VB000776
Mark,Johnson,mark.johnson6@aol.com,752.944.9711,2522 Maple Dr,Springfield,TN,25718,06-Oct-1987,7870,VB000777
Barbara,Nelson,barbara.nelson11@outlook.com,(226) 265-8559,8028 Lincoln Ave,Salem,ia,74839,05-03-1971,3949,VB000778
Sandra,White,,5857398759,604 Lincoln Ave,Manchester,IA,59747,02/22/1940,8023,VB000779
Barbara,Wright,barbara.wright51@aol.com,491-710-6679,2995 Valley Ln,Georgetown,WY,91964,1960-03-26,4217,VB000780
Jennifer,Thompson,jennifer.thompson23@yahoo.com,+14964897893,3745 Washington St,Arlington,in,32487,02-Mar-1948,2227,VB000781
Nancy,Anderson,nancy.anderson33@gmail.com,959.595.1394,5597 River Dr,Madison,IN,27961,06-21-1994,1176,VB000782
Sandra,White,sandra.white88@aol.com,(677) 707-6922,8475 Lincoln Ave,Springfield,WA,39431,03/18/1944,5553,VB000783
Daniel,White,,8368157899,8036 Valley Ln,Oxford,tn,14454,1949-09-25,4959,VB000784
Robert,Hall,robert.hall52@gmail.com,255-558-9976,538 Oak Ave,Springfield,AR,93075,18-Nov-1941,2028,VB000785
Nancy,Johnson,nancy.johnson62@aol.com,+13746275452,2774 Main St,Dayton,NH,20741,09-04-1955,2218,VB000786
Robert,Walker,robert.walker45@aol.com,606.964.4159,6321 Jefferson Dr,Springfield,fl,57152,11/04/1961,7155,VB000787
Sandra,Harris,sandra.harris6@yahoo.com,(356) 881-4369,9096 Main St,Madison,VA,55876,1960-08-19,6002,VB000788
Matthew,Miller,matthew.miller94@aol.com,6904969428,4767 Jefferson Dr,Oxford,ID,45328,01-Feb-1962,7953,VB000789
Joseph,Harris,joseph.harris46@outlook.com,525-951-8802,9192 Sunset Blvd,Dayton,or,58104,01-22-1964,2935,VB000790
Barbara,Nelson,barbara.nelson32@icloud.com,+13213583421,4189 Cedar Ln,Springfield,WI,92639,08/01/1963,7259,VB000791
Sarah,Hall,,390.275.4649,9082 Jefferson Dr,Oxford,NC,36043,1940-09-21,3710,VB000792
Ashley,White,ashley.white20@aol.com,(400) 427-1853,200 Maple Dr,Manchester,in,32310,11-Sep-1988,6288,VB000793
Susan,Wilson,susan.wilson79@gmail.com,9996522833,718 Washington St,Dayton,NE,42819,10-17-1970,2281,VB000794
Anthony,White,anthony.white58@outlook.com,861-539-3812,7433 Jefferson Dr,Greenville,OK,94478,04/01/1967,6831,VB000795
Mark,Taylor,,+15685437686,6140 Forest Ave,Madison,sc,14083,1954-05-20,7034,VB000796
Jessica,Allen,jessica.allen68@gmail.com,608.531.3437,6789 Forest Ave,Madison,OR,74463,22-Mar-1974,1807,VB000797
William,Walker,william.walker18@gmail.com,(776) 990-5344,678 Sunset Blvd,Springfield,IN,72652,08-31-2000,2196,VB000798
Mark,Miller,,7788318999,2369 Lincoln Ave,Georgetown,mo,76820,02/15/1982,9583,VB000799
James,Nelson,james.nelson88@icloud.com,476-630-9532,278 Oak Ave,Manchester,VT,36288,1950-08-19,5492,VB000800
Mary,Martin,mary.martin89@aol.com,+17176826433,3353 Washington St,Burlington,MS,26330,06-Oct-1973,1347,VB000801
Daniel,Miller,daniel.miller95@hotmail.com,821.524.2390,9343 Park Blvd,Springfield,ks,84121,07-22-1954,5090,VB000802
Matthew,Taylor,matthew.taylor90@aol.com,(970) 835-5517,5119 Jefferson Dr,Greenville,SD,44295,07/07/1961,2167,VB000803
Barbara,Martin,barbara.martin81@aol.com,3064989443,7560 Washington St,Burlington,DE,89070,1956-08-10,1244,VB000804
Lisa,Harris,,732-206-7786,3359 Oak Ave,Salem,ok,89493,12-Apr-1983,9643,VB000805
Richard,Wright,richard.wright43@hotmail.com,+12759162115,2954 Park Blvd,Burlington,ID,28934,09-12-1993,7736,VB000806
Lisa,Wright,lisa.wright38@gmail.com,530.411.3383,7378 Cedar Ln,Dayton,RI,66187,11/12/1986,9672,VB000807
Sarah,King,sarah.king27@outlook.com,(778) 227-2745,4265 Lake Rd,Dayton,ks,55327,1993-04-03,2963,VB000808
John,Harris,john.harris18@yahoo.com,2296173879,4567 Washington St,Marion,AK,70767,20-May-1954,8478,VB000809
Karen,Nguyen,karen.nguyen61@icloud.com,872-572-8414,1869 Oak Ave,Manchester,TX,39064,03-12-1940,6592,VB000810
John,Brown,john.brown20@yahoo.com,+16248157139,9227 River Dr,Clinton,or,55045,12/27/1956,3151,VB000811
Sandra,Williams,sandra.williams39@icloud.com,530.791.5297,3400 Main St,Clinton,OK,35814,1971-08-07,9236,VB000812
William,King,,(343) 423-4800,8926 Sunset Blvd,Manchester,MN,43756,09-Oct-1961,8316,VB000813
Ashley,Walker,ashley.walker14@gmail.com,8407706486,1655 Sunset Blvd,Franklin,sc,68059,12-16-1977,7727,VB000814
Linda,Allen,linda.allen24@outlook.com,682-427-8511,719 Hill Rd,Oxford,TN,63093,11/04/1944,2461,VB000815
Betty,Young,betty.young14@hotmail.com,+12433712100,9213 Valley Ln,Clinton,WY,78030,1989-04-03,3460,VB000816
Sarah,Anderson,,701.550.9728,8471 Valley Ln,Dayton,ca,42976,10-Jun-1996,5394,VB000817
Robert,Nelson,robert.nelson18@outlook.com,(563) 833-7146,1827 River Dr,Fairview,MA,16817,02-01-1956,4691,VB000818
Mary,Torres,mary.torres77@icloud.com,6739535607,3027 Maple Dr,Arlington,WV,42292,10/03/1964,2708,VB000819
James,Nguyen,james.nguyen76@outlook.com,986-468-9965,592 Jefferson Dr,Springfield,ri,33095,1994-10-25,4776,VB000820
Joseph,Miller,joseph.miller3@outlook.com,+13808868669,8954 Washington St,Madison,ID,12819,18-Sep-2000,8168,VB000821
Susan,Allen,susan.allen15@yahoo.com,719.384.7823,9242 Forest Ave,Richmond,UT,73474,03-11-1949,1039,VB000822
Ashley,King,ashley.king79@outlook.com,(779) 944-1981,8557 Cedar Ln,Georgetown,nj,29365,07/25/1961,3465,VB000823
Susan,Anderson,susan.anderson74@yahoo.com,2289123085,6195 Park Blvd,Franklin,MA,61246,1942-02-19,9154,VB000824
Charles,King,charles.king48@aol.com,559-915-1603,4621 Maple Dr,Springfield,TN,46276,19-Sep-1943,7773,VB000825
Jessica,Young,jessica.young82@aol.com,+19768549176,2698 Main St,Greenville,al,43697,11-08-1989,8965,VB000826
Margaret,Baker,margaret.baker75@gmail.com,991.437.9616,4068 Cedar Ln,Clinton,NV,92299,11/20/1966,8174,VB000827
Robert,Hill,,(988) 415-5243,4326 Maple Dr,Salem,AZ,78177,1942-05-04,3097,VB000828
David,Miller,david.miller49@yahoo.com,7466803888,2973 Jefferson Dr,Franklin,de,74589,08-Dec-1964,1905,VB000829
Jennifer,Hall,jennifer.hall42@aol.com,334-795-2563,7738 Valley Ln,Oxford,Pennsylvania,55098,07-18-1944,2345,VB000830
Thomas,Brown,,+18697414631,7224 Hill Rd,Richmond,KY,44181,08/26/1940,2200,VB000831
Susan,Davis,susan.davis7@outlook.com,770.715.1499,7685 Cedar Ln,Franklin,ne,23910,1945-01-17,3139,VB000832
Robert,Hall,,(581) 690-5051,5386 Hill Rd,Arlington,LA,58015,03-Dec-1999,4876,VB000833
Jennifer,Harris,jennifer.harris50@hotmail.com,6753633458,3821 Lake Rd,Fairview,IA,89120,04-04-1954,9864,VB000834
Matthew,Hill,,467-574-1733,1561 Jefferson Dr,Richmond,or,30608,06/09/1952,9037,VB000835
Jessica,Wright,jessica.wright37@aol.com,+16405107051,418 Lake Rd,Dayton,OK,53805,1964-05-23,5193,VB000836
Nancy,Johnson,nancy.johnson46@aol.com,565.995.7424,4437 Forest Ave,Franklin,NC,54831,05-May-1979,4388,VB000837
Sarah,Walker,sarah.walker51@yahoo.com,(211) 588-9761,3149 River Dr,Manchester,mt,18064,01-25-1951,1238,VB000838
Thomas,Brown,thomas.brown92@gmail.com,5337692162,4950 Hill Rd,Salem,MT,87402,02/02/1977,4908,VB000839
Margaret,Nelson,margaret.nelson15@icloud.com,330-308-3789,5941 Jefferson Dr,Fairview,ID,28540,1952-06-22,7037,VB000840
Nancy,Garcia,,+17419774197,6687 Washington St,Greenville,in,13646,24-Jan-1988,2318,VB000841
James,Scott,james.scott56@hotmail.com,773.681.1469,3532 Washington St,Dayton,MD,15280,06-02-1975,3520,VB000842
Ashley,Johnson,ashley.johnson52@hotmail.com,(989) 647-3244,2423 Forest Ave,Marion,MS,67109,03/30/1979,4280,VB000843
Jessica,Young,,5284665400,2316 Hill Rd,Manchester,ms,32682,1970-11-17,1913,VB000844
Charles,Thomas,,938-841-2630,6919 Sunset Blvd,Manchester,California,26732,20-Apr-1992,3434,VB000845
Lisa,Walker,,+13877203848,6489 Forest Ave,Fairview,NM,64226,03-08-1977,7489,VB000846
Matthew,Adams,matthew.adams15@icloud.com,373.575.7764,5568 Maple Dr,Arlington,ks,73254,11/06/1958,5333,VB000847
Barbara,White,barbara.white49@yahoo.com,(793) 924-9234,4544 Sunset Blvd,Springfield,MS,51396,1958-11-02,8968,VB000848
Nancy,Johnson,,9712386799,3663 Valley Ln,Oxford,GA,75409,21-Oct-1994,5130,VB000849
Thomas,Taylor,thomas.taylor76@yahoo.com,804-428-7379,435 River Dr,Burlington,ga,65348,08-12-1957,9893,VB000850
Patricia,Taylor,patricia.taylor87@icloud.com,+18032572011,9314 Park Blvd,Springfield,DE,67913,04/27/1983,5263,VB000851
Patricia,Jackson,patricia.jackson32@yahoo.com,485.203.4228,6011 Forest Ave,Fairview,UT,84950,1971-03-10,3068,VB000852
Thomas,Wilson,,(291) 883-3577,7594 Sunset Blvd,Arlington,tx,74266,17-Feb-1946,1513,VB000853
David,Walker,david.walker15@yahoo.com,4383442679,3193 Lincoln Ave,Springfield,North Carolina,21871,03-05-1956,2548,VB000854
Richard,Anderson,richard.anderson93@outlook.com,311-316-4444,6091 Lincoln Ave,Oxford,SC,74624,03/25/1955,5632,VB000855
Charles,Smith,,+17278939701,9617 Maple Dr,Georgetown,wy,80756,1996-11-30,6315,VB000856
Mark,Johnson,mark.johnson43@outlook.com,232.706.5171,7409 Hill Rd,Dayton,AL,72391,17-May-1982,3611,VB000857
Patricia,Hall,patricia.hall87@hotmail.com,(498) 473-5273,4172 Oak Ave,Springfield,LA,53271,03-02-1963,4875,VB000858
William,Taylor,william.taylor73@outlook.com,4003658158,2084 Main St,Salem,ca,81919,10/03/1990,5506,VB000859
Susan,Scott,,781-802-6606,2858 Valley Ln,Springfield,KS,13556,1977-06-06,6977,VB000860
Nancy,Wilson,nancy.wilson86@aol.com,+19584554990,5835 River Dr,Clinton,KS,77955,06-Apr-1986,3725,VB000861
James,Thomas,james.thomas96@aol.com,971.977.3246,1979 Jefferson Dr,Manchester,ms,18435,06-14-1943,2515,VB000862
William,Nguyen,william.nguyen79@gmail.com,(789) 627-8517,8750 Oak Ave,Oxford,MD,57788,12/06/1974,6511,VB000863
James,Jones,james.jones57@gmail.com,2826319851,7866 Maple Dr,Oxford,TX,63144,1944-12-10,4490,VB000864
Daniel,White,daniel.white5@hotmail.com,759-818-1951,8279 Hill Rd,Arlington,sd,68160,16-Jan-1996,8064,VB000865
Charles,Young,charles.young56@aol.com,+16997714568,3477 Maple Dr,Clinton,HI,26045,08-18-1941,1379,VB000866
James,Nguyen,,640.263.4688,5132 Jefferson Dr,Dayton,VA,64275,02/12/1940,9743,VB000867
Sandra,Smith,,(603) 840-6212,6272 River Dr,Clinton,nv,81449,1958-12-13,3841,VB000868
Christopher,Thompson,christopher.thompson79@hotmail.com,2612676524,4726 Washington St,Franklin,Texas,58195,16-Aug-1941,7536,VB000869
Joseph,Garcia,joseph.garcia40@outlook.com,250-260-9742,5110 River Dr,Georgetown,ME,14600,06-18-1983,1504,VB000870
Sandra,Taylor,,+18844149837,7701 Hill Rd,Franklin,al,62151,12/01/1965,3421,VB000871
Daniel,Hill,daniel.hill45@yahoo.com,603.324.6175,8634 Forest Ave,Arlington,ND,91847,2003-01-30,9586,VB000872
Patricia,Hall,patricia.hall93@outlook.com,(824) 705-4649,7785 Oak Ave,Fairview,AZ,48693,13-Aug-1993,6791,VB000873
Jessica,Brown,jessica.brown43@hotmail.com,4547676656,4031 River Dr,Oxford,mo,49097,09-10-1997,1987,VB000874
Sandra,Jones,sandra.jones89@gmail.com,682-827-6596,9915 River Dr,Oxford,IA,92504,01/14/1979,8170,VB000875
Mary,Thompson,mary.thompson59@aol.com,+15736534376,5895 Main St,Greenville,TX,91390,1991-05-12,1184,VB000876
Joseph,Walker,joseph.walker40@icloud.com,795.218.8247,5171 Main St,Greenville,ks,30716,22-Dec-1988,5656,VB000877
Daniel,Walker,,(462) 798-2139,896 Sunset Blvd,Manchester,WA,18091,05-31-1979,3777,VB000878
Matthew,Young,matthew.young16@gmail.com,3714089109,4905 Forest Ave,Marion,NC,61237,07/02/1942,3977,VB000879
Karen,Taylor,karen.taylor85@aol.com,877-216-2737,4982 Main St,Arlington,mi,66708,1969-11-10,1006,VB000880
Robert,Allen,robert.allen67@gmail.com,+14534092697,7762 Main St,Richmond,North Carolina,68171,19-Jan-1975,1911,VB000881
Lisa,Jackson,lisa.jackson53@aol.com,653.615.2006,3012 Maple Dr,Fairview,MO,46010,06-26-1967,6692,VB000882
Mark,Jones,mark.jones5@aol.com,(582) 623-5057,6891 River Dr,Fairview,al,11489,05/28/2002,8668,VB000883
Lisa,Nguyen,lisa.nguyen55@aol.com,3084233364,2592 Park Blvd,Manchester,CO,24265,1990-03-24,9342,VB000884
Christopher,Smith,christopher.smith30@aol.com,387-260-1889,139 Sunset Blvd,Springfield,IN,87017,23-Jan-1941,2462,VB000885
James,Baker,james.baker61@icloud.com,+18639083219,5348 Hill Rd,Greenville,nj,39830,10-30-1962,1496,VB000886
Jennifer,Torres,,513.683.6828,2063 Main St,Manchester,HI,86417,05/25/1947,1297,VB000887
Mark,Davis,mark.davis81@outlook.com,(298) 288-7282,1541 Maple Dr,Springfield,IL,59497,1965-05-17,9952,VB000888
Matthew,Williams,,7352937276,7433 Jefferson Dr,Burlington,ri,36556,02-Mar-1956,4947,VB000889
John,Davis,john.davis84@gmail.com,409-382-3373,6188 River Dr,Greenville,Ohio,59356,03-03-1989,7011,VB000890
Anthony,Scott,anthony.scott1@hotmail.com,+14757704553,7526 Lincoln Ave,Manchester,MD,62443,05/25/1994,1717,VB000891
Mary,Jones,,522.741.3147,7247 Valley Ln,Fairview,la,64293,1968-03-17,8142,VB000892
Jessica,Jones,jessica.jones36@icloud.com,(398) 333-4901,9702 Forest Ave,Greenville,SC,49226,11-Sep-1948,5076,VB000893
David,King,david.king9@hotmail.com,9973907596,5703 Maple Dr,Salem,MT,51410,05-16-1953,2368,VB000894
Barbara,Jones,barbara.jones60@aol.com,604-981-7237,9905 Jefferson Dr,Dayton,wi,69330,04/30/1985,5280,VB000895
Betty,Jackson,betty.jackson5@aol.com,+19933526955,9297 Park Blvd,Madison,MS,30551,1987-10-21,8263,VB000896
Jessica,Garcia,,855.359.1033,677 Oak Ave,Franklin,MS,29521,14-Mar-1985,6827,VB000897
Lisa,Allen,lisa.allen90@yahoo.com,(644) 575-7879,5087 Washington St,Springfield,tn,30498,08-19-2002,6909,VB000898
Karen,Garcia,karen.garcia33@outlook.com,3432425278,2975 Maple Dr,Clinton,UT,55364,06/19/1960,2548,VB000899
Margaret,Adams,margaret.adams53@gmail.com,454-955-4366,5688 River Dr,Fairview,WI,43026,1989-06-08,4566,VB000900
Mary,Taylor,mary.taylor28@aol.com,+13129798389,1554 Oak Ave,Manchester,oh,31551,04-Nov-1952,4026,VB000901
Susan,Thompson,susan.thompson59@yahoo.com,693.551.5194,7440 River Dr,Manchester,TN,13210,12-05-2000,4623,VB000902
Betty,Thomas,betty.thomas23@gmail.com,(431) 954-5109,3220 Lake Rd,Salem,VT,83194,07/16/2004,1234,VB000903
Mary,Miller,mary.miller26@aol.com,2562163026,3756 Lincoln Ave,Richmond,in,59622,1988-05-23,8312,VB000904
Thomas,White,,894-551-6882,887 Lake Rd,Manchester,MT,74559,16-Sep-1989,5121,VB000905
Anthony,Anderson,anthony.anderson13@hotmail.com,+18006936486,8092 Park Blvd,Oxford,SC,26541,10-02-1971,7319,VB000906
Joseph,Adams,joseph.adams26@aol.com,927.912.2448,5474 Washington St,Springfield,md,83246,03/20/2001,6525,VB000907
David,Hill,david.hill69@icloud.com,(579) 657-3526,8716 Maple Dr,Marion,MA,95664,1995-04-09,8960,VB000908
Charles,Williams,charles.williams54@gmail.com,8604933988,8902 Sunset Blvd,Madison,MO,18933,21-Jun-1983,9792,VB000909
Mark,Hall,mark.hall20@outlook.com,686-395-6347,4961 Jefferson Dr,Oxford,al,50416,01-30-1980,9956,VB000910
Anthony,Young,anthony.young65@outlook.com,+19457395206,2102 Jefferson Dr,Georgetown,MT,38219,12/02/1979,8554,VB000911
Karen,Davis,,334.589.8956,1012 Cedar Ln,Fairview,AR,82690,1981-01-08,9762,VB000912
Anthony,Scott,anthony.scott71@gmail.com,(266) 895-5578,6320 Forest Ave,Springfield,co,46300,19-Feb-2003,2269,VB000913
Susan,Walker,susan.walker45@aol.com,6679404095,559 Oak Ave,Richmond,California,59973,02-10-1940,7876,VB000914
Linda,Scott,linda.scott56@yahoo.com,789-368-5809,2285 Valley Ln,Arlington,TN,18466,09/18/2003,4622,VB000915
Sarah,Nelson,sarah.nelson81@aol.com,+16156624519,7426 Valley Ln,Madison,oh,67653,1950-07-27,5576,VB000916
Robert,Hall,robert.hall7@outlook.com,450.975.6506,4865 Oak Ave,Dayton,VA,66813,17-Oct-1979,9614,VB000917
David,Baker,david.baker71@icloud.com,(898) 817-3166,5296 Jefferson Dr,Springfield,IA,76955,10-23-2000,2445,VB000918
Margaret,Garcia,margaret.garcia27@gmail.com,9032797425,5397 Oak Ave,Dayton,mo,29859,02/25/2003,1797,VB000919
Jessica,Thomas,jessica.thomas3@icloud.com,890-359-6430,6734 Hill Rd,Salem,UT,40889,1963-08-12,4696,VB000920
Ashley,Garcia,ashley.garcia95@gmail.com,+18608457928,1670 Valley Ln,Arlington,ME,38821,19-Aug-1963,9494,VB000921
Linda,Thompson,,539.625.8361,6299 Oak Ave,Fairview,la,33862,12-02-1989,3139,VB000922
Charles,Johnson,charles.johnson84@aol.com,(766) 969-8571,5244 Hill Rd,Franklin,NH,62096,11/05/1974,7368,VB000923
Mark,Scott,,8323905559,1224 Hill Rd,Clinton,TN,20102,1948-09-22,6526,VB000924
Charles,Hall,charles.hall94@aol.com,453-420-6252,9058 Washington St,Salem,mt,82873,07-Mar-1986,8602,VB000925
Karen,Wilson,,+13888512374,1019 Cedar Ln,Richmond,NH,44999,04-24-1992,8393,VB000926
Mark,Davis,mark.davis72@icloud.com,606.296.7971,4520 River Dr,Burlington,KS,44177,10/30/1963,9112,VB000927
Christopher,Taylor,christopher.taylor41@gmail.com,(603) 640-3985,6982 Cedar Ln,Georgetown,nh,52421,1966-08-03,9358,VB000928
Charles,Martin,charles.martin93@gmail.com,5994456011,6609 Sunset Blvd,Burlington,Illinois,89258,05-Sep-1991,9489,VB000929
Anthony,Walker,anthony.walker65@icloud.com,414-253-8437,3254 Sunset Blvd,Madison,VT,79713,09-29-1940,1653,VB000930
Thomas,Hall,,+14792345504,7844 River Dr,Springfield,vt,43166,08/06/1964,1937,VB000931
Jennifer,White,jennifer.white57@yahoo.com,240.755.2414,6736 Valley Ln,Springfield,Illinois,54910,1942-07-27,4395,VB000932
Mark,Hall,mark.hall45@aol.com,(777) 454-6210,7359 Cedar Ln,Madison,ME,62681,01-May-1947,3003,VB000933
Thomas,Hill,,2723933058,6388 Park Blvd,Madison,ny,38263,07-07-1992,5201,VB000934
Ashley,Taylor,ashley.taylor70@icloud.com,852-256-7435,1788 Hill Rd,Richmond,MD,60079,01/19/1967,9093,VB000935
Richard,Jones,,+16912438060,6222 Jefferson Dr,Oxford,SC,88105,1973-02-28,6751,VB000936
Susan,Harris,susan.harris91@yahoo.com,520.824.9911,7572 Maple Dr,Fairview,sc,83764,18-Mar-1984,5528,VB000937
Michael,Davis,michael.davis32@icloud.com,(573) 346-9164,4604 Forest Ave,Richmond,MD,62721,12-05-1948,8322,VB000938
Betty,Allen,betty.allen15@yahoo.com,2579094009,9320 Hill Rd,Fairview,TN,50011,04/18/1946,3406,VB000939
Sarah,Adams,,335-555-3265,7188 Park Blvd,Fairview,wi,44690,1971-01-18,1529,VB000940
John,Anderson,john.anderson60@aol.com,+15467847776,2017 Main St,Madison,Michigan,38278,29-Mar-1965,2932,VB000941
Jessica,Scott,jessica.scott42@icloud.com,562.923.7567,253 Cedar Ln,Salem,KS,23178,10-09-1964,9686,VB000942
Jennifer,Nguyen,jennifer.nguyen22@icloud.com,(344) 779-6643,7608 Jefferson Dr,Dayton,fl,81366,10/17/1973,6458,VB000943
Robert,Anderson,robert.anderson52@gmail.com,7424376809,3519 Washington St,Oxford,RI,45788,1963-03-26,1623,VB000944
Matthew,Johnson,,827-611-6511,5566 Lincoln Ave,Burlington,MS,38065,19-Mar-1966,7259,VB000945
Christopher,Hall,christopher.hall11@icloud.com,+19873699840,2513 Oak Ave,Salem,in,57390,11-15-1956,5307,VB000946
Margaret,Hill,margaret.hill26@hotmail.com,424.835.6504,6383 Maple Dr,Manchester,CT,52553,02/10/1966,3450,VB000947
Mark,Thompson,mark.thompson59@hotmail.com,(274) 315-4927,4915 Hill Rd,Manchester,NV,54497,1980-06-09,7861,VB000948
James,Brown,james.brown22@icloud.com,6949537514,8400 Lake Rd,Georgetown,wy,84671,12-Apr-1976,6279,VB000949
Ashley,Nguyen,ashley.nguyen33@icloud.com,436-520-5711,1823 Maple Dr,Georgetown,HI,27207,11-01-1992,3307,VB000950
Susan,Anderson,susan.anderson29@hotmail.com,+14424435398,5097 Park Blvd,Dayton,LA,49063,12/20/1992,7862,VB000951
Thomas,Thompson,thomas.thompson36@outlook.com,607.442.7991,6257 Maple Dr,Manchester,in,81800,1971-02-15,4844,VB000952
Karen,Thompson,karen.thompson89@outlook.com,(756) 237-6890,8797 Valley Ln,Dayton,CO,24335,09-Apr-1962,6816,VB000953
David,Davis,,5059594820,4260 Oak Ave,Springfield,IN,84103,08-18-1952,9398,VB000954
Linda,White,linda.white73@aol.com,699-943-9839,5902 Oak Ave,Greenville,md,62780,02/18/1946,3698,VB000955
Betty,Harris,betty.harris39@aol.com,+19424181306,7579 Lake Rd,Burlington,MN,79609,2002-06-22,6084,VB000956
Michael,Taylor,michael.taylor80@icloud.com,218.770.5272,7989 Cedar Ln,Springfield,GA,49618,06-Jun-2003,9750,VB000957
Patricia,Davis,,(929) 434-6441,1306 Main St,Richmond,me,57332,08-11-1987,5514,VB000958
Sandra,Martin,sandra.martin55@yahoo.com,3883853046,9978 Main St,Georgetown,KS,38240,12/26/1996,5831,VB000959
Susan,Thompson,,417-235-5226,9709 Sunset Blvd,Clinton,ME,92882,1973-06-21,2985,VB000960
Anthony,Garcia,anthony.garcia38@hotmail.com,+18935207979,1899 Oak Ave,Richmond,wi,16014,12-Nov-1940,3267,VB000961
Daniel,King,daniel.king45@outlook.com,606.447.2435,594 Oak Ave,Springfield,Ohio,88978,06-05-1976,6444,VB000962
Jessica,Smith,jessica.smith66@outlook.com,(452) 456-9754,8052 Lake Rd,Madison,CA,38914,03/02/2002,4196,VB000963
Patricia,Wright,patricia.wright85@outlook.com,3854693645,6713 Lincoln Ave,Franklin,nv,23922,1971-07-16,6326,VB000964
Susan,Martin,susan.martin71@gmail.com,861-668-5211,8594 Valley Ln,Arlington,California,19280,18-Feb-1943,3252,VB000965
Thomas,Wright,thomas.wright67@aol.com,+17296444526,6788 Washington St,Arlington,CO,39468,07-07-1991,6334,VB000966
Mark,Brown,mark.brown39@outlook.com,229.354.9116,8909 Jefferson Dr,Clinton,nc,24347,02/02/1942,3409,VB000967
Robert,Wright,,(310) 502-5282,8664 Oak Ave,Georgetown,California,90195,1943-04-25,4777,VB000968
Jessica,Anderson,,7793261510,3273 River Dr,Manchester,OH,80637,27-May-1940,9257,VB000969
Jessica,Johnson,jessica.johnson75@gmail.com,853-870-1854,8052 Forest Ave,Salem,id,62366,11-21-1997,7167,VB000970
Jessica,Nelson,jessica.nelson3@yahoo.com,+18343557225,6030 River Dr,Arlington,ME,24408,07/25/1985,8548,VB000971
Michael,Taylor,,654.736.1654,4138 Lake Rd,Arlington,AK,13048,1978-03-06,9501,VB000972
Susan,Baker,susan.baker51@outlook.com,(251) 777-3196,167 Maple Dr,Oxford,ri,14564,12-Apr-1950,8507,VB000973
Robert,Thompson,robert.thompson34@aol.com,4603987214,3350 Hill Rd,Georgetown,Pennsylvania,50811,06-05-1951,5798,VB000974
Robert,Martin,robert.martin45@icloud.com,654-931-6869,8589 Park Blvd,Oxford,OK,72320,01/12/1972,6814,VB000975
Barbara,Harris,barbara.harris4@yahoo.com,+19416164720,1400 Park Blvd,Arlington,id,11783,1960-06-17,4317,VB000976
James,Jackson,,388.302.9448,7526 Valley Ln,Salem,VA,52959,26-Jun-1961,8584,VB000977
Anthony,Baker,,(263) 578-2590,9449 River Dr,Manchester,OH,20979,11-17-1967,8034,VB000978
Anthony,Wilson,anthony.wilson83@aol.com,4264589334,6440 Lincoln Ave,Richmond,oh,24865,10/02/1952,9052,VB000979
Daniel,Jackson,daniel.jackson60@aol.com,379-585-3936,32 River Dr,Arlington,WA,74452,1982-01-09,2816,VB000980
David,White,david.white76@outlook.com,+19687973380,4946 Washington St,Madison,NE,80575,04-May-1949,2634,VB000981
David,Baker,david.baker98@hotmail.com,292.755.7499,6085 Valley Ln,Arlington,ca,42284,03-20-1952,9059,VB000982
Joseph,Baker,joseph.baker12@icloud.com,(951) 952-6196,7665 Jefferson Dr,Fairview,IA,40488,10/26/1969,4643,VB000983
Mark,Thomas,mark.thomas62@hotmail.com,3229277306,606 Main St,Madison,TX,54097,1992-06-11,6357,VB000984
William,Garcia,william.garcia72@yahoo.com,283-542-3758,3034 Sunset Blvd,Arlington,or,23614,05-Aug-1996,1275,VB000985
Thomas,Martin,,+19014118707,6014 Lake Rd,Burlington,New York,79638,01-06-1973,5701,VB000986
Karen,Davis,karen.davis36@icloud.com,900.474.1600,2140 River Dr,Dayton,VA,15956,12/10/1999,9402,VB000987
Michael,Martin,michael.martin75@hotmail.com,(359) 754-4424,1454 Hill Rd,Dayton,oh,78858,1998-12-21,7453,VB000988
David,Harris,david.harris75@aol.com,8732308307,3717 Park Blvd,Clinton,MS,27084,15-Aug-1984,6476,VB000989
Sarah,Smith,sarah.smith11@hotmail.com,527-698-9855,1613 Cedar Ln,Dayton,WA,67620,12-19-1957,2275,VB000990
Jessica,Garcia,jessica.garcia53@aol.com,+15215955786,3446 Park Blvd,Salem,mo,16624,06/22/2001,9582,VB000991
James,Wilson,,856.741.3496,2311 Cedar Ln,Oxford,UT,17862,1968-02-16,6037,VB000992
Ashley,Baker,ashley.baker57@gmail.com,(722) 309-1094,1686 Hill Rd,Burlington,PA,57004,22-Nov-1958,2585,VB000993
Matthew,Wright,matthew.wright26@gmail.com,6812599413,8038 Cedar Ln,Springfield,ar,29610,03-02-1948,1257,VB000994
David,Garcia,david.garcia69@outlook.com,340-430-8392,1266 Hill Rd,Salem,VT,79011,02/09/1953,3836,VB000995
Sandra,Adams,sandra.adams40@icloud.com,+19929199372,4032 Washington St,Salem,GA,61717,1990-02-03,8559,VB000996
Anthony,Brown,anthony.brown79@yahoo.com,655.342.7412,5782 Sunset Blvd,Richmond,nj,54029,09-Aug-1972,3833,VB000997
Robert,Walker,robert.walker47@gmail.com,(558) 573-3408,4594 Oak Ave,Franklin,AL,78092,08-30-1983,2432,VB000998
John,Brown,john.brown27@yahoo.com,2443657650,4671 Main St,Springfield,SC,34885,07/16/2001,4888,VB000999
Betty,Thomas,betty.thomas22@yahoo.com,579-796-6452,5516 Oak Ave,Fairview,il,14531,1969-05-16,2102,VB001000
Betty,Johnson,betty.johnson59@aol.com,+12568498095,7637 River Dr,Arlington,NM,17391,08-Oct-1947,5761,VB001001
Lisa,Hill,lisa.hill5@icloud.com,534.689.3283,6684 Cedar Ln,Manchester,AK,36734,11-27-1953,3193,VB001002
John,Davis,,(449) 691-5072,731 Maple Dr,Marion,nh,47596,12/26/1949,8957,VB001003
Linda,White,linda.white67@gmail.com,4372941854,9382 Sunset Blvd,Manchester,WV,33061,1965-11-10,9977,VB001004
Anthony,Jackson,anthony.jackson9@outlook.com,456-827-5146,2249 Forest Ave,Springfield,FL,75598,10-Mar-1956,3742,VB001005
Thomas,Garcia,thomas.garcia9@aol.com,+17458294461,8655 Park Blvd,Madison,nh,78122,11-29-1948,7753,VB001006
Robert,Jones,robert.jones39@yahoo.com,735.637.5841,9315 Main St,Marion,California,15910,01/22/1986,2763,VB001007
Mark,Walker,mark.walker31@icloud.com,(244) 445-2723,9031 Forest Ave,Georgetown,IN,20530,1956-08-20,3916,VB001008
Margaret,Adams,,9492525901,367 Lake Rd,Springfield,va,90374,22-Jan-1955,3620,VB001009
Charles,Jackson,charles.jackson75@outlook.com,425-580-3252,2515 Lake Rd,Richmond,Michigan,96416,01-22-1987,4626,VB001010
Margaret,Johnson,margaret.johnson95@icloud.com,+13016845336,7732 Valley Ln,Clinton,MA,36810,10/22/1957,9994,VB001011
John,Allen,,259.861.1355,3012 Washington St,Oxford,tn,54773,1978-08-08,2629,VB001012
Susan,King,susan.king34@outlook.com,(713) 787-4730,3559 Main St,Georgetown,IN,73688,05-Mar-1965,1702,VB001013
Patricia,Johnson,patricia.johnson58@outlook.com,8239481159,4453 Jefferson Dr,Richmond,NE,10191,07-12-1944,4191,VB001014
Joseph,Brown,joseph.brown62@outlook.com,340-525-6414,4832 Jefferson Dr,Springfield,mo,55643,08/19/1956,4864,VB001015
Matthew,Jackson,matthew.jackson79@yahoo.com,+17403497140,4040 Main St,Clinton,California,51504,1981-04-26,7812,VB001016
Christopher,Davis,christopher.davis25@outlook.com,220.634.1028,3871 River Dr,Greenville,TX,20353,09-Jul-1989,9461,VB001017
Charles,Jackson,charles.jackson16@aol.com,(694) 640-6696,8262 Hill Rd,Clinton,tx,13491,04-02-2003,9977,VB001018
Joseph,Allen,joseph.allen92@hotmail.com,8349412746,4622 Hill Rd,Marion,DE,55554,01/30/2000,2870,VB001019
Daniel,King,daniel.king64@hotmail.com,525-578-3539,1807 Lincoln Ave,Georgetown,PA,69376,1986-06-22,4900,VB001020
James,Young,james.young59@yahoo.com,+18543794699,2459 Valley Ln,Fairview,ut,40937,10-Feb-1962,9508,VB001021
Thomas,Wright,thomas.wright86@gmail.com,519.265.1067,4722 Sunset Blvd,Clinton,Ohio,68639,08-22-1949,6737,VB001022
Jessica,Davis,,(972) 956-1075,5532 Valley Ln,Fairview,MI,39056,06/14/1958,3849,VB001023
Matthew,Brown,matthew.brown15@yahoo.com,6033017275,3171 Washington St,Marion,md,78703,1984-06-12,2875,VB001024
Michael,Martin,michael.martin66@icloud.com,938-475-2393,3978 Washington St,Marion,WV,72069,28-May-2003,9662,VB001025
Jessica,Adams,jessica.adams8@aol.com,+16766874835,7796 Cedar Ln,Dayton,CT,64545,03-28-1991,3346,VB001026
Michael,Walker,michael.walker94@gmail.com,252.511.2535,3 Sunset Blvd,Burlington,id,74709,12/26/1972,6326,VB001027
Linda,Nelson,linda.nelson68@yahoo.com,(687) 272-6834,9918 Main St,Arlington,TN,19665,1986-08-10,4816,VB001028
Jennifer,Jackson,jennifer.jackson36@icloud.com,6729047856,4283 Oak Ave,Salem,KS,20473,01-May-1964,2599,VB001029
Nancy,Johnson,nancy.johnson48@hotmail.com,545-528-1389,948 Lake Rd,Madison,pa,14109,07-05-1985,1597,VB001030
James,Wilson,james.wilson16@icloud.com,+14118209929,3483 Sunset Blvd,Richmond,SD,96000,06/02/1950,6218,VB001031
Robert,Hall,,736.986.1604,140 Maple Dr,Springfield,NV,10645,1952-05-25,1278,VB001032
Sandra,Martin,,(728) 634-1545,5484 River Dr,Burlington,va,62142,09-Sep-1988,9442,VB001033
Jessica,Allen,jessica.allen57@hotmail.com,2714118889,5690 Oak Ave,Georgetown,ND,69685,11-24-1995,3973,VB001034
Betty,Nguyen,,357-416-2132,5795 Cedar Ln,Oxford,LA,31031,03/27/1989,2201,VB001035
David,Thompson,david.thompson80@icloud.com,+16712072567,5980 Main St,Burlington,ct,84120,1978-10-13,9132,VB001036
John,Nguyen,,984.998.6341,6720 Forest Ave,Greenville,KY,37180,26-May-1985,1731,VB001037
Patricia,Brown,,(848) 771-2284,8086 Hill Rd,Fairview,CO,39898,08-08-1969,8512,VB001038
Charles,Johnson,charles.johnson17@yahoo.com,8706157053,6413 Forest Ave,Salem,nd,22071,08/13/1994,5264,VB001039
Thomas,Anderson,thomas.anderson66@gmail.com,869-382-5350,4002 Hill Rd,Dayton,Illinois,21479,1949-05-13,5429,VB001040
William,Anderson,william.anderson41@gmail.com,+16605952956,8379 Hill Rd,Dayton,CO,82269,23-Jul-1990,6856,VB001041
Joseph,Garcia,joseph.garcia71@yahoo.com,262.237.4443,617 River Dr,Fairview,ia,83117,08-24-1973,2708,VB001042
Sarah,Davis,sarah.davis36@yahoo.com,(841) 747-5355,1046 Lincoln Ave,Georgetown,HI,42616,02/06/1972,9531,VB001043
Joseph,King,joseph.king54@yahoo.com,9658934567,3545 Washington St,Richmond,SD,46411,1981-07-20,5220,VB001044
Patricia,Jones,patricia.jones14@outlook.com,838-221-4355,5247 Jefferson Dr,Marion,in,32875,25-Apr-2004,3449,VB001045
Sarah,Thompson,sarah.thompson64@icloud.com,+13369415372,5090 Main St,Richmond,NE,83926,04-13-1970,4139,VB001046
Anthony,Adams,,322.924.9001,6974 Oak Ave,Dayton,AZ,32204,03/09/1955,9851,VB001047
Christopher,Johnson,christopher.johnson93@aol.com,(832) 644-7719,4630 Oak Ave,Marion,az,77234,1944-05-07,7965,VB001048
Ashley,Torres,ashley.torres90@yahoo.com,2675354887,5434 Forest Ave,Madison,AL,22851,18-Nov-2000,6822,VB001049
Ashley,Nelson,,488-668-9459,398 Cedar Ln,Marion,NY,50489,01-04-1959,4378,VB001050
Barbara,Wright,barbara.wright10@aol.com,+19807019631,8997 Oak Ave,Franklin,az,85845,05/07/1942,1201,VB001051
Joseph,Harris,joseph.harris35@aol.com,263.354.2584,1405 Sunset Blvd,Georgetown,Ohio,64262,1992-11-27,4727,VB001052
Patricia,Nelson,patricia.nelson38@hotmail.com,(929) 796-2426,3484 Forest Ave,Arlington,MO,33590,07-Mar-1984,8909,VB001053
John,Wilson,john.wilson12@gmail.com,5257997199,2099 Lake Rd,Madison,tx,49501,12-02-1991,1483,VB001054
Charles,Walker,charles.walker99@yahoo.com,399-660-1533,549 Valley Ln,Georgetown,DE,19103,08/01/1959,2361,VB001055
Lisa,Walker,lisa.walker78@aol.com,+12088251240,8204 Lincoln Ave,Madison,TX,58089,1975-05-28,3350,VB001056
Sarah,Hill,sarah.hill74@aol.com,771.839.5379,7543 Washington St,Fairview,ok,76021,24-May-1945,3999,VB001057
Mary,Thomas,mary.thomas72@outlook.com,(420) 555-9003,4601 Main St,Richmond,OK,76005,04-21-1999,6526,VB001058
Susan,Wilson,,7904582735,1307 Cedar Ln,Oxford,MT,53686,05/31/1963,6703,VB001059
Mary,Taylor,mary.taylor29@icloud.com,448-223-4492,3000 Forest Ave,Salem,me,62372,1961-03-14,7174,VB001060
Betty,Nguyen,betty.nguyen82@hotmail.com,+14045694930,7154 Lake Rd,Oxford,NM,45501,05-Apr-1975,7335,VB001061
John,Martin,,211.857.6098,2419 Valley Ln,Richmond,IN,31356,02-07-1990,6990,VB001062
Thomas,Williams,,(547) 426-6456,2755 Oak Ave,Marion,sd,24945,08/08/1987,9355,VB001063
Betty,Baker,betty.baker54@gmail.com,8233696923,8025 Jefferson Dr,Manchester,MS,11779,1997-08-22,2617,VB001064
William,Young,william.young88@yahoo.com,900-226-4009,4924 Valley Ln,Clinton,TX,28035,09-Dec-1957,1814,VB001065
Jessica,Taylor,jessica.taylor6@icloud.com,+16789691629,964 Forest Ave,Burlington,nh,63848,01-14-1942,3808,VB001066
Jessica,Davis,jessica.davis27@yahoo.com,797.809.6676,722 River Dr,Clinton,VT,63005,08/31/1997,9081,VB001067
Michael,Torres,michael.torres35@icloud.com,(941) 639-4402,6157 Oak Ave,Oxford,MO,33609,1942-02-16,7402,VB001068
Betty,Jones,betty.jones83@aol.com,3813001574,1698 Forest Ave,Greenville,ny,45070,15-Aug-1988,3185,VB001069
Nancy,Williams,nancy.williams60@yahoo.com,544-810-9288,4122 Valley Ln,Madison,WY,24334,03-11-1993,3292,VB001070
Charles,Hill,charles.hill75@yahoo.com,+15007126238,7086 Cedar Ln,Richmond,MS,72088,03/27/1951,3106,VB001071
Joseph,Thompson,,446.668.9076,3792 Forest Ave,Marion,nh,65281,1995-12-29,6502,VB001072
James,Thomas,james.thomas91@yahoo.com,(382) 471-2246,8952 Cedar Ln,Greenville,UT,55914,07-Oct-1956,8387,VB001073
Mary,Baker,mary.baker43@icloud.com,7614911861,4661 Forest Ave,Fairview,NM,42147,10-02-1946,8563,VB001074
Nancy,Baker,nancy.baker61@icloud.com,448-883-7791,2655 Hill Rd,Fairview,fl,46756,10/28/1985,1390,VB001075
James,Garcia,james.garcia62@yahoo.com,+19765823773,3989 Main St,Dayton,AK,92445,1950-09-02,6620,VB001076
Susan,Smith,,521.999.4151,8913 Lincoln Ave,Greenville,OK,65754,11-Oct-1983,2327,VB001077
Betty,Hill,,(768) 827-1560,3491 Washington St,Madison,sd,55379,12-16-1944,3786,VB001078
Christopher,Smith,christopher.smith90@icloud.com,6805828284,8617 Sunset Blvd,Dayton,NH,71915,02/15/1965,7819,VB001079
Barbara,Young,,395-519-6574,3443 Lincoln Ave,Oxford,IL,24503,1996-12-23,8795,VB001080
Barbara,Nelson,,+15776306278,9036 Hill Rd,Dayton,oh,85383,26-Jul-1959,7424,VB001081
Daniel,Thomas,daniel.thomas57@aol.com,735.981.6604,2822 Washington St,Madison,AK,25544,12-13-1959,3108,VB001082
Sandra,Taylor,,(526) 930-9665,586 Main St,Burlington,OH,99518,11/12/1948,8779,VB001083
Lisa,King,lisa.king10@outlook.com,9179067334,7404 Forest Ave,Richmond,id,15529,1973-07-22,4193,VB001084
Susan,Brown,susan.brown35@outlook.com,213-769-6545,8856 Hill Rd,Springfield,CO,99511,11-Jul-1952,2361,VB001085
John,Johnson,,+14588803374,5470 Oak Ave,Arlington,MO,81017,03-13-1959,2659,VB001086
Jessica,Wilson,jessica.wilson8@yahoo.com,770.861.2570,4605 Main St,Fairview,de,37454,07/22/1979,5248,VB001087
Lisa,Nelson,lisa.nelson31@yahoo.com,(753) 433-4423,5128 Oak Ave,Manchester,KY,86501,1992-03-15,9173,VB001088
Nancy,Nguyen,nancy.nguyen27@aol.com,5265222628,7653 Valley Ln,Springfield,IA,92741,20-Sep-1972,8020,VB001089
Joseph,Baker,joseph.baker78@gmail.com,626-519-5474,9449 Oak Ave,Arlington,ma,35085,05-31-1953,2862,VB001090
Matthew,Taylor,matthew.taylor87@outlook.com,+18917557681,5904 River Dr,Franklin,RI,43187,05/07/1952,6452,VB001091
Mary,Nelson,,634.399.5027,4427 Lincoln Ave,Springfield,DE,44315,2002-01-02,3182,VB001092
Barbara,Thomas,barbara.thomas82@aol.com,(301) 302-9661,7026 Forest Ave,Clinton,ct,33132,03-Sep-1989,8843,VB001093
James,Hall,james.hall34@yahoo.com,5497939444,3430 Valley Ln,Marion,Michigan,92139,02-17-1997,1887,VB001094
Jessica,Hall,jessica.hall98@gmail.com,717-641-4723,870 Hill Rd,Oxford,OH,96689,07/23/1971,6476,VB001095
Thomas,White,,+17738212879,3361 Jefferson Dr,Georgetown,md,62184,2003-05-20,7610,VB001096
Mary,Jones,mary.jones12@gmail.com,437.732.7767,6103 Forest Ave,Burlington,CO,86122,28-Jul-1948,9280,VB001097
Lisa,Hill,,(400) 949-3379,3605 Oak Ave,Burlington,MD,55674,11-24-1973,4841,VB001098
Charles,Thomas,charles.thomas62@aol.com,6425338162,2717 Hill Rd,Springfield,ny,35857,12/24/1959,7124,VB001099
William,Adams,william.adams74@aol.com,438-233-7140,2880 Oak Ave,Richmond,NV,85836,1940-09-14,4396,VB001100
Michael,Scott,,+14468359446,7173 Oak Ave,Dayton,TX,48139,09-Nov-1985,5737,VB001101
David,White,david.white53@hotmail.com,693.671.2093,9325 River Dr,Franklin,ma,19206,08-02-1960,4522,VB001102
Matthew,Davis,matthew.davis34@hotmail.com,(415) 539-3623,6155 Lake Rd,Fairview,SC,67457,08/19/1977,5847,VB001103
Mark,Scott,mark.scott85@yahoo.com,9833898780,2765 Lake Rd,Madison,ME,98794,1991-02-23,6992,VB001104
Sandra,Nguyen,sandra.nguyen68@hotmail.com,582-785-5074,9492 Jefferson Dr,Arlington,fl,11119,21-Nov-1993,9279,VB001105
Nancy,Davis,nancy.davis53@outlook.com,+14532618369,2464 Lake Rd,Marion,UT,68447,01-07-1975,4372,VB001106
Mary,Thompson,,619.229.8115,7748 Hill Rd,Madison,MD,87044,05/04/1977,5285,VB001107
Linda,Walker,,(691) 918-6579,9949 Valley Ln,Springfield,ms,75810,1987-07-01,5925,VB001108
Nancy,Adams,,6078541911,7826 Main St,Springfield,WY,98278,12-Oct-1991,7318,VB001109
Mark,Torres,mark.torres78@yahoo.com,233-224-5994,9307 Washington St,Marion,OR,13744,11-17-1976,5122,VB001110
Lisa,King,lisa.king94@yahoo.com,+13676737216,4423 Sunset Blvd,Burlington,ok,38785,06/02/2001,6313,VB001111
Thomas,Harris,thomas.harris88@aol.com,238.469.2085,8508 River Dr,Georgetown,NV,70072,1958-01-13,9978,VB001112
Patricia,Williams,,(372) 832-4545,1430 Maple Dr,Arlington,ID,27714,18-Aug-1943,7359,VB001113
Mary,White,mary.white46@aol.com,9669912738,6306 Hill Rd,Clinton,ne,24968,08-07-2001,3081,VB001114
Charles,Hall,charles.hall79@outlook.com,343-393-5037,4993 Park Blvd,Springfield,UT,57694,10/28/1990,5003,VB001115
Nancy,Thomas,nancy.thomas21@hotmail.com,+19745521969,6075 Valley Ln,Springfield,NM,71881,1992-11-14,6911,VB001116
Lisa,Davis,lisa.davis62@outlook.com,267.548.4411,9683 River Dr,Manchester,nv,84345,13-Sep-1970,9921,VB001117
Mark,Brown,mark.brown51@hotmail.com,(723) 760-7203,9017 Main St,Greenville,HI,65624,06-24-1960,5578,VB001118
William,White,william.white24@icloud.com,7843705742,8377 Oak Ave,Richmond,RI,83706,07/14/1990,1193,VB001119
Barbara,Adams,barbara.adams72@aol.com,218-395-5636,480 Main St,Salem,wi,45272,1965-04-08,1671,VB001120
Thomas,Harris,thomas.harris24@outlook.com,+17697412341,8073 River Dr,Springfield,North Carolina,48135,13-Nov-2004,3368,VB001121
Matthew,Martin,,220.423.5777,5535 River Dr,Greenville,CA,56657,03-27-1972,6415,VB001122
Michael,Thomas,,(726) 972-7571,9461 Forest Ave,Madison,md,67061,03/16/1952,7077,VB001123
Margaret,Brown,margaret.brown31@hotmail.com,4082289107,8534 Jefferson Dr,Greenville,New York,90851,1992-02-23,2902,VB001124
John,White,john.white27@icloud.com,457-257-7810,2606 Park Blvd,Georgetown,TX,79598,12-Nov-1991,2090,VB001125
Daniel,Walker,daniel.walker41@aol.com,+12435334459,7616 Lake Rd,Manchester,wy,94260,06-04-2000,5433,VB001126
Robert,Brown,,613.440.3788,7166 Forest Ave,Arlington,IA,86973,05/18/1973,9530,VB001127
William,King,william.king68@hotmail.com,(271) 979-3574,1926 Maple Dr,Clinton,MT,81335,1968-07-09,4339,VB001128
Anthony,Hill,anthony.hill79@hotmail.com,3817831614,671 River Dr,Madison,al,46374,09-Jun-1991,9798,VB001129
Mary,Garcia,mary.garcia47@gmail.com,370-205-6749,1724 Valley Ln,Marion,ID,30865,10-17-1952,5818,VB001130
David,Nelson,david.nelson79@aol.com,+19556743931,4065 Oak Ave,Manchester,OK,33891,11/20/1960,6784,VB001131
Patricia,Nelson,,310.387.7420,7388 Maple Dr,Fairview,nm,80808,1949-12-28,1384,VB001132
Susan,Harris,susan.harris28@outlook.com,(201) 823-6558,178 River Dr,Greenville,UT,95805,11-Dec-1969,1840,VB001133
Sarah,Nelson,,2895246191,8846 Forest Ave,Franklin,OK,71807,04-19-1951,6098,VB001134
Patricia,Torres,patricia.torres94@gmail.com,817-302-7191,6292 Main St,Franklin,al,94473,12/04/1943,3165,VB001135
Lisa,Hall,,+16395529375,9862 Lake Rd,Franklin,New York,31736,1968-12-02,3188,VB001136
Nancy,Jackson,nancy.jackson10@gmail.com,632.759.1414,1171 Forest Ave,Salem,WI,12533,20-May-1959,2317,VB001137
Mark,Torres,mark.torres48@aol.com,(304) 229-8272,6149 Valley Ln,Fairview,oh,21364,01-28-2001,5064,VB001138
Susan,Scott,susan.scott58@gmail.com,6454544746,1511 Maple Dr,Franklin,NE,23975,02/15/1990,9265,VB001139
Lisa,King,lisa.king92@icloud.com,803-919-6280,7933 Maple Dr,Madison,AL,14388,1960-09-04,1962,VB001140
Mark,Brown,,+19264044031,3640 Hill Rd,Dayton,oh,63764,31-Mar-1978,4483,VB001141
Mark,Nelson,mark.nelson65@outlook.com,509.339.2150,4163 Washington St,Marion,Illinois,64732,05-23-1997,4701,VB001142
Charles,Davis,charles.davis42@icloud.com,(908) 474-1247,6927 River Dr,Marion,OK,77299,07/26/1982,1254,VB001143
Jessica,Walker,jessica.walker83@hotmail.com,6978079686,8987 Forest Ave,Salem,md,84350,1951-11-02,6021,VB001144
Charles,Smith,charles.smith62@aol.com,628-804-3598,1381 Hill Rd,Fairview,Florida,37269,24-Apr-1963,8654,VB001145
James,Anderson,james.anderson19@hotmail.com,+12032333664,7998 Valley Ln,Arlington,MN,58801,06-13-1957,4770,VB001146
Robert,Taylor,,544.315.9100,5356 Hill Rd,Manchester,mt,38540,08/24/1980,4452,VB001147
James,White,,(929) 869-2235,5430 Main St,Salem,ID,84655,1949-04-30,7879,VB001148
Matthew,Allen,matthew.allen28@yahoo.com,7572187197,8023 Main St,Marion,IA,91996,23-Jun-1955,9020,VB001149
Charles,Scott,charles.scott14@aol.com,765-903-7764,2989 Forest Ave,Marion,ne,33224,08-14-1992,2508,VB001150
Margaret,Davis,,+13439196857,8521 Lincoln Ave,Marion,North Carolina,44085,11/11/1997,1284,VB001151
Jessica,Wright,jessica.wright71@gmail.com,587.688.9622,5070 Jefferson Dr,Fairview,MD,98760,1943-06-30,9008,VB001152
John,Anderson,john.anderson8@yahoo.com,(354) 764-3440,7123 Maple Dr,Madison,nj,53588,12-Aug-1961,7657,VB001153
Matthew,Baker,matthew.baker83@hotmail.com,5774691757,4208 Oak Ave,Burlington,WV,81373,08-02-1967,6897,VB001154
Matthew,White,matthew.white72@gmail.com,617-837-1376,9141 Forest Ave,Greenville,MT,93917,07/24/1950,8490,VB001155
Thomas,Anderson,thomas.anderson71@icloud.com,+17488567882,1030 Main St,Arlington,wi,78648,1970-10-10,8770,VB001156
Ashley,Scott,ashley.scott16@hotmail.com,476.465.2482,9221 Lincoln Ave,Franklin,KY,75072,10-Jan-1990,8425,VB001157
William,Hill,william.hill64@outlook.com,(265) 660-6240,5417 Main St,Manchester,MD,55703,01-21-1950,6756,VB001158
Anthony,Torres,,5943652098,973 Washington St,Dayton,vt,63097,10/22/1971,2380,VB001159
Ashley,Smith,ashley.smith62@icloud.com,394-652-7633,7792 Jefferson Dr,Greenville,OK,15131,1958-03-15,7697,VB001160
Charles,Jackson,,+14816428550,4821 River Dr,Clinton,NH,28861,13-May-1987,4512,VB001161
Linda,Torres,linda.torres97@outlook.com,467.596.7518,6535 Main St,Madison,vt,58284,08-24-1989,5100,VB001162
Michael,Hill,michael.hill35@yahoo.com,(348) 951-1825,856 River Dr,Dayton,AL,94949,05/29/1989,5039,VB001163
Karen,Thompson,karen.thompson13@yahoo.com,8436538393,945 Maple Dr,Clinton,NV,23308,1947-04-26,8451,VB001164
Thomas,Johnson,thomas.johnson45@aol.com,785-934-4423,4287 Jefferson Dr,Salem,mi,88364,18-Nov-1980,4330,VB001165
Patricia,White,patricia.white81@icloud.com,+19989107419,7458 Maple Dr,Madison,AL,76250,06-11-1994,7216,VB001166
Matthew,Baker,matthew.baker38@icloud.com,862.722.7874,1472 Sunset Blvd,Franklin,MD,20281,09/29/1976,4565,VB001167
James,Garcia,james.garcia33@gmail.com,(397) 820-1484,8782 Main St,Marion,nc,29968,1959-05-28,6978,VB001168
Linda,Anderson,linda.anderson94@hotmail.com,9032475520,5099 Park Blvd,Marion,SD,16871,30-Sep-1952,4453,VB001169
Nancy,Allen,,696-283-5948,7198 Sunset Blvd,Richmond,TN,75101,08-18-1944,1728,VB001170
Richard,Davis,richard.davis90@hotmail.com,+13515829349,8206 Hill Rd,Georgetown,tn,76891,09/03/1951,2049,VB001171
Nancy,Thomas,,747.866.7181,8374 Sunset Blvd,Fairview,LA,32183,1964-01-15,7553,VB001172
Jessica,Anderson,,(312) 678-1811,3340 Lincoln Ave,Dayton,NH,61830,15-Feb-1946,4554,VB001173
Margaret,Nelson,margaret.nelson94@aol.com,9692853348,4735 Washington St,Arlington,tx,28647,02-12-1965,2793,VB001174
Mary,Wilson,mary.wilson33@outlook.com,317-351-9656,8197 Lincoln Ave,Georgetown,NH,27071,08/08/1959,6923,VB001175
Jessica,Walker,jessica.walker83@yahoo.com,+14615242140,6079 Lincoln Ave,Burlington,VA,18025,1954-10-07,6241,VB001176
Linda,Jones,linda.jones14@hotmail.com,336.852.1554,4327 Lincoln Ave,Franklin,ny,87109,13-Jan-1959,6374,VB001177
Patricia,Hall,patricia.hall5@outlook.com,(900) 350-4334,7313 Hill Rd,Oxford,Michigan,99870,06-08-1966,1855,VB001178
Michael,Smith,michael.smith6@icloud.com,6295943742,3251 Washington St,Manchester,PA,60985,07/13/1959,4067,VB001179
Linda,Garcia,linda.garcia76@hotmail.com,947-903-8046,2767 Sunset Blvd,Clinton,wy,67350,1958-11-05,4148,VB001180
Charles,Harris,,+15632873684,4373 Sunset Blvd,Springfield,SC,34817,29-Nov-1967,3053,VB001181
Jennifer,Nguyen,jennifer.nguyen83@icloud.com,737.883.3795,4527 Maple Dr,Manchester,IN,28312,11-09-1957,3038,VB001182
Mary,Wilson,mary.wilson63@icloud.com,(829) 574-4422,8332 Lincoln Ave,Manchester,ok,28323,06/06/1942,7171,VB001183
James,Thomas,james.thomas3@aol.com,4837165392,4563 Valley Ln,Richmond,WV,42027,1941-08-24,9806,VB001184
Ashley,Baker,ashley.baker38@outlook.com,434-922-3334,9874 Cedar Ln,Greenville,WI,54603,14-Jul-1986,9598,VB001185
Joseph,Jackson,joseph.jackson78@aol.com,+12653126426,4798 Valley Ln,Springfield,wv,47386,05-27-1996,5239,VB001186
William,Adams,william.adams31@aol.com,207.870.5123,4612 Lincoln Ave,Greenville,California,18076,08/19/1945,9092,VB001187
Karen,Anderson,karen.anderson82@icloud.com,(897) 858-2083,5082 Washington St,Clinton,WA,41278,1945-03-12,5005,VB001188
Patricia,Walker,patricia.walker42@yahoo.com,6052765542,5777 Lincoln Ave,Dayton,nh,93896,09-Jun-1986,3792,VB001189
William,Nelson,,260-440-3895,9629 Cedar Ln,Madison,WY,28179,12-14-2003,4697,VB001190
Margaret,Davis,,+18879178473,6549 Park Blvd,Burlington,IN,72014,03/06/1979,7361,VB001191
William,Jones,william.jones5@gmail.com,774.574.2006,5732 Maple Dr,Salem,ia,24556,1947-01-06,8184,VB001192
Barbara,Wright,,(575) 878-3188,1861 Oak Ave,Greenville,SC,50898,23-Oct-1964,4362,VB001193
Matthew,Garcia,,2776063022,3382 Jefferson Dr,Franklin,NM,69006,07-19-1993,1242,VB001194
Mary,Walker,mary.walker53@outlook.com,276-421-8574,265 Maple Dr,Manchester,wy,77022,11/26/1963,4552,VB001195
Barbara,Walker,barbara.walker64@aol.com,+19373554112,4091 Sunset Blvd,Fairview,ID,70446,1964-07-28,6119,VB001196
Linda,Smith,linda.smith19@icloud.com,619.332.5965,8450 River Dr,Madison,AK,89959,07-Sep-1962,7592,VB001197
Matthew,Garcia,,(507) 427-5190,2852 Maple Dr,Springfield,nd,28013,08-27-1966,2386,VB001198
Christopher,Martin,christopher.martin76@yahoo.com,7014901085,8119 Park Blvd,Marion,HI,41552,09/06/1988,9138,VB001199
Sandra,Wilson,sandra.wilson41@yahoo.com,734-720-7011,9589 Maple Dr,Springfield,MN,57279,1983-08-07,1667,VB001200
Barbara,Wilson,barbara.wilson87@outlook.com,+12634235078,5574 Hill Rd,Oxford,ct,55900,01-Nov-1963,7697,VB001201
Mark,Martin,mark.martin30@icloud.com,475.306.8359,1851 Cedar Ln,Salem,NJ,36464,03-30-1951,7052,VB001202
Richard,Jackson,richard.jackson60@aol.com,(457) 766-1188,1877 Sunset Blvd,Arlington,OH,44973,07/03/1997,6573,VB001203
John,Smith,,9692674053,4257 Maple Dr,Clinton,ct,30459,1998-11-09,9956,VB001204
Charles,Walker,charles.walker90@gmail.com,399-741-8818,2299 Jefferson Dr,Clinton,Florida,26231,23-Oct-1981,9261,VB001205
Mary,Thomas,mary.thomas5@yahoo.com,+18857739959,21 Maple Dr,Salem,IN,11084,09-09-1963,3338,VB001206
James,Thompson,james.thompson40@gmail.com,209.315.8047,8105 Maple Dr,Richmond,hi,27159,04/03/1948,7993,VB001207
Sandra,Martin,sandra.martin35@icloud.com,(547) 459-3999,195 Oak Ave,Richmond,WY,45909,1984-04-13,6542,VB001208
Margaret,Nguyen,margaret.nguyen63@outlook.com,2548766773,6619 River Dr,Dayton,GA,69564,29-Dec-1982,2942,VB001209
John,Harris,,406-786-8531,6182 Forest Ave,Greenville,wi,70803,12-21-1979,1234,VB001210
Betty,Davis,betty.davis5@hotmail.com,+14233912803,5830 Washington St,Manchester,RI,60202,07/15/1957,7813,VB001211
Robert,Walker,robert.walker59@icloud.com,538.880.2733,1999 Main St,Burlington,FL,36151,1947-04-13,4040,VB001212
Sandra,Miller,sandra.miller51@outlook.com,(627) 954-4708,1646 Oak Ave,Madison,ks,20375,05-Jul-1945,8516,VB001213
James,Wright,,9669721052,5585 River Dr,Springfield,Michigan,51228,12-16-1982,4443,VB001214
Jessica,King,jessica.king48@hotmail.com,489-314-8113,6997 Main St,Springfield,MA,86020,07/04/1978,5050,VB001215
Nancy,Wilson,nancy.wilson96@aol.com,+12474819201,2040 Park Blvd,Marion,pa,90859,1987-02-16,5164,VB001216
Sandra,King,sandra.king88@yahoo.com,540.328.3747,7489 Washington St,Salem,KY,79017,09-May-1943,8940,VB001217
Susan,Anderson,susan.anderson30@aol.com,(982) 215-4617,3380 Washington St,Madison,NC,30161,10-10-1976,5218,VB001218
Ashley,Jackson,,4774651343,2497 Cedar Ln,Manchester,wy,14473,11/20/1977,1028,VB001219
Karen,Miller,karen.miller74@yahoo.com,684-460-6572,9299 River Dr,Salem,MT,72913,1967-07-13,3930,VB001220
Robert,Wilson,robert.wilson53@icloud.com,+15546017676,7991 Jefferson Dr,Clinton,OK,48231,04-May-2001,1429,VB001221
Mark,Brown,mark.brown55@gmail.com,726.463.9613,1942 Hill Rd,Manchester,tn,67943,03-11-1975,3617,VB001222
Christopher,Jones,christopher.jones31@icloud.com,(295) 829-3597,374 Hill Rd,Dayton,WY,42468,08/03/1978,6875,VB001223
John,Nguyen,john.nguyen16@outlook.com,7384736454,9320 Hill Rd,Arlington,HI,59547,1959-07-19,6083,VB001224
Karen,Walker,karen.walker90@gmail.com,771-212-5619,9761 Oak Ave,Dayton,la,59616,14-Jan-1973,7687,VB001225
Patricia,White,patricia.white42@yahoo.com,+15882472934,8944 Oak Ave,Franklin,TN,71655,01-10-1940,4352,VB001226
Joseph,Young,,600.212.4049,811 Oak Ave,Georgetown,OK,24332,09/03/1956,9450,VB001227
Susan,Martin,susan.martin9@gmail.com,(603) 237-7581,8208 Oak Ave,Madison,nj,98808,1963-11-17,3369,VB001228
Richard,Davis,,7209163394,9471 Maple Dr,Dayton,KY,93557,11-Feb-1990,3282,VB001229
Lisa,Hill,lisa.hill77@hotmail.com,567-385-4641,1353 Lake Rd,Dayton,OH,28258,02-18-1987,7338,VB001230
Ashley,Scott,ashley.scott12@gmail.com,+15578979986,3475 Sunset Blvd,Manchester,wv,42048,10/01/1940,8088,VB001231
Robert,Anderson,robert.anderson5@gmail.com,963.954.4461,5972 Sunset Blvd,Arlington,DE,97021,1989-09-14,9351,VB001232
Thomas,Nelson,thomas.nelson63@gmail.com,(644) 248-6057,4379 River Dr,Greenville,AK,37626,26-Sep-1979,5614,VB001233
Christopher,Williams,christopher.williams5@outlook.com,3889727192,5015 Maple Dr,Salem,id,52321,09-15-1945,7536,VB001234
Michael,Walker,michael.walker17@icloud.com,541-255-2481,5068 Lincoln Ave,Manchester,Georgia,55364,02/25/1981,7487,VB001235
James,White,james.white13@outlook.com,+12298379320,5094 Washington St,Franklin,SD,43008,1972-10-06,5153,VB001236
Christopher,Miller,christopher.miller57@aol.com,345.640.7003,8474 Forest Ave,Madison,ky,18278,18-Sep-1995,3576,VB001237
Karen,Young,karen.young89@icloud.com,(340) 759-2946,8488 Hill Rd,Oxford,MT,60258,09-30-1980,3457,VB001238
Barbara,Garcia,barbara.garcia34@gmail.com,5943985632,3634 Park Blvd,Georgetown,NH,97403,06/25/1979,5480,VB001239
Linda,Adams,linda.adams44@hotmail.com,717-375-2396,4359 Lake Rd,Burlington,wi,64396,1972-05-09,5021,VB001240
Patricia,Thomas,patricia.thomas57@yahoo.com,+16094974736,5352 Washington St,Springfield,TN,71522,11-Mar-1944,2860,VB001241
Ashley,Davis,,638.247.3012,5702 River Dr,Richmond,MI,40743,10-16-1990,7070,VB001242
Patricia,Anderson,patricia.anderson78@yahoo.com,(553) 253-2569,8023 Oak Ave,Georgetown,ne,67937,10/31/1990,6346,VB001243
William,Wright,,5434762996,3142 Cedar Ln,Dayton,Illinois,66983,1975-03-05,6892,VB001244
Margaret,Martin,margaret.martin73@gmail.com,806-789-9749,4627 Oak Ave,Dayton,ID,27761,21-Apr-1947,2618,VB001245
Linda,Taylor,linda.taylor57@outlook.com,+13958926984,8404 Jefferson Dr,Burlington,nj,35282,09-17-1948,2430,VB001246
Susan,Allen,susan.allen20@hotmail.com,737.713.2492,1097 Park Blvd,Marion,WY,16841,10/21/1961,1982,VB001247
Lisa,Hill,lisa.hill88@yahoo.com,(273) 492-2087,7509 Sunset Blvd,Fairview,VT,42625,1974-12-13,2844,VB001248
William,Allen,,4465274438,4830 Lake Rd,Clinton,md,26164,10-Mar-1997,7037,VB001249
Sarah,Wilson,sarah.wilson74@hotmail.com,788-686-6484,2402 Oak Ave,Fairview,MN,93385,01-01-1958,2329,VB001250
Patricia,Nelson,patricia.nelson51@aol.com,+19589353982,8449 Lincoln Ave,Salem,NC,42440,06/16/1982,7025,VB001251
Charles,Adams,charles.adams11@gmail.com,611.902.6080,6072 Forest Ave,Dayton,mt,74428,1999-11-15,8374,VB001252
Thomas,Taylor,thomas.taylor9@outlook.com,(553) 376-5568,4164 Park Blvd,Arlington,Texas,57115,22-Jun-1963,5290,VB001253
Michael,Baker,michael.baker26@aol.com,4675278502,1916 Oak Ave,Richmond,MO,34874,04-13-1982,1908,VB001254
James,Johnson,,443-304-7920,4548 Washington St,Arlington,ne,15121,11/11/1975,7583,VB001255
Charles,Martin,charles.martin28@icloud.com,+12723874115,6927 Hill Rd,Oxford,ID,91595,1983-05-01,6483,VB001256
John,King,john.king61@outlook.com,442.838.4826,3400 Forest Ave,Greenville,OH,57983,31-Jul-1960,7038,VB001257
Betty,White,betty.white46@hotmail.com,(861) 328-2387,7998 Park Blvd,Salem,va,14191,12-03-1943,5601,VB001258
Sarah,Allen,,5432542282,3917 Hill Rd,Springfield,IA,91881,04/05/1944,7682,VB001259
John,Smith,john.smith83@yahoo.com,919-864-1700,6778 Maple Dr,Springfield,AZ,21450,1940-03-28,5671,VB001260
James,Davis,,+19842095604,4412 Lincoln Ave,Arlington,ok,59951,04-Aug-1998,1801,VB001261
Jessica,Anderson,jessica.anderson40@outlook.com,865.677.8732,6590 Washington St,Greenville,OR,76926,06-22-1959,8971,VB001262
Michael,Wright,michael.wright83@gmail.com,(637) 363-7778,3743 Oak Ave,Oxford,NC,32193,03/24/1981,1408,VB001263
Nancy,Davis,nancy.davis60@gmail.com,8703919827,1087 Jefferson Dr,Oxford,in,96696,1985-09-27,4023,VB001264
Richard,Jones,richard.jones42@hotmail.com,670-544-4430,1908 Lincoln Ave,Madison,OR,92451,07-May-1982,8099,VB001265
David,Wright,david.wright31@aol.com,+13447464518,9967 Sunset Blvd,Fairview,OK,63803,08-17-1957,1657,VB001266
Patricia,Baker,patricia.baker42@yahoo.com,425.285.3073,4385 Park Blvd,Salem,il,22054,04/09/1971,5822,VB001267
Thomas,Baker,thomas.baker94@outlook.com,(832) 755-6491,1132 Valley Ln,Georgetown,Ohio,58285,2002-10-13,7809,VB001268
Barbara,Williams,,7838345496,8300 Forest Ave,Fairview,ID,93390,27-Feb-1980,3308,VB001269
William,Walker,william.walker85@outlook.com,273-300-2703,7332 Maple Dr,Madison,nh,99132,03-12-2004,2985,VB001270
William,Jackson,william.jackson39@hotmail.com,+15695847707,9604 Oak Ave,Georgetown,WV,92483,06/16/1991,2304,VB001271
Mary,Wilson,,796.760.3748,410 Sunset Blvd,Clinton,IL,42278,1948-07-19,6381,VB001272
Joseph,Baker,joseph.baker74@aol.com,(790) 456-7621,6049 Jefferson Dr,Springfield,co,34418,30-Apr-1957,6513,VB001273
David,Taylor,david.taylor66@yahoo.com,3417056602,219 Washington St,Springfield,SC,67013,03-27-1971,8812,VB001274
Ashley,Allen,,869-789-6923,8101 Lincoln Ave,Dayton,NJ,85575,01/21/1976,5333,VB001275
Sarah,Brown,sarah.brown35@outlook.com,+12768738210,3107 Maple Dr,Salem,md,41875,1942-04-10,8274,VB001276
Karen,White,karen.white66@icloud.com,631.329.4504,7596 River Dr,Springfield,AL,75562,23-Feb-1987,5411,VB001277
Matthew,Scott,,(203) 214-5019,7382 Hill Rd,Manchester,NM,44527,09-24-1998,3010,VB001278
Sandra,Wilson,,8212834406,5549 Lincoln Ave,Madison,ms,50165,07/13/1956,4059,VB001279
Sandra,Brown,sandra.brown69@hotmail.com,584-281-4940,7424 Washington St,Fairview,KY,18016,2000-05-24,6472,VB001280
Susan,Johnson,susan.johnson61@yahoo.com,+16134706708,5003 Hill Rd,Manchester,LA,36925,23-Apr-1980,7762,VB001281
Anthony,Wright,anthony.wright40@icloud.com,756.354.8271,4011 Sunset Blvd,Oxford,ms,43881,04-16-1989,2617,VB001282
James,Miller,james.miller5@hotmail.com,(550) 641-1440,7847 Sunset Blvd,Manchester,MA,71076,07/28/1991,2495,VB001283
Margaret,Scott,,4815376154,3435 Forest Ave,Manchester,WY,51514,1988-01-10,3526,VB001284
Karen,Walker,karen.walker59@icloud.com,851-364-1683,4551 Hill Rd,Salem,ia,15090,30-Aug-1964,6918,VB001285
John,Williams,,+16562522313,3901 Valley Ln,Franklin,AR,18909,01-21-1962,5149,VB001286
Lisa,Johnson,lisa.johnson29@gmail.com,978.951.2315,6403 Washington St,Dayton,NC,65287,02/29/1980,5324,VB001287
Mary,Hill,,(952) 725-3798,8654 Oak Ave,Franklin,co,57490,1978-06-18,9067,VB001288
Nancy,Thomas,,6672613341,6203 Forest Ave,Springfield,New York,12800,01-Jun-2004,8038,VB001289
Mary,Wilson,mary.wilson86@yahoo.com,801-275-3596,9409 Lincoln Ave,Georgetown,AL,38499,11-28-1965,4090,VB001290
Sarah,Jackson,sarah.jackson32@outlook.com,+15033781655,6749 Main St,Burlington,ca,29600,03/26/1988,3536,VB001291
Sarah,Walker,sarah.walker2@aol.com,263.982.2142,597 Lincoln Ave,Manchester,MA,24027,1984-07-23,8523,VB001292
David,Hill,david.hill7@yahoo.com,(375) 716-7491,2242 Washington St,Greenville,TX,50765,05-Jul-1994,7921,VB001293
Patricia,Jackson,patricia.jackson26@hotmail.com,9358351705,6096 Forest Ave,Madison,in,31805,11-25-1987,6155,VB001294
Jennifer,Hill,jennifer.hill82@outlook.com,449-629-1559,4941 Oak Ave,Richmond,WY,48082,03/22/1967,3725,VB001295
Christopher,Walker,christopher.walker97@gmail.com,+19398469825,5283 Cedar Ln,Marion,NH,67799,1955-03-15,3216,VB001296
William,Hill,william.hill92@hotmail.com,803.795.4361,2671 Hill Rd,Oxford,wv,33062,29-Jan-1978,3642,VB001297
Ashley,Miller,ashley.miller7@hotmail.com,(961) 715-6552,6063 Oak Ave,Fairview,CT,39058,06-26-1987,5192,VB001298
Margaret,Jones,,7075076992,1779 Lincoln Ave,Fairview,IN,75441,07/21/1971,4248,VB001299
Patricia,Allen,patricia.allen85@yahoo.com,818-744-7820,2066 Park Blvd,Marion,fl,91665,2000-05-10,3960,VB001300
Mary,Hall,mary.hall90@outlook.com,+12764391841,4928 Park Blvd,Clinton,Georgia,40886,21-Jan-1978,5552,VB001301
Mary,Anderson,mary.anderson82@hotmail.com,286.578.6338,6879 Forest Ave,Manchester,LA,11260,08-06-1990,3855,VB001302
Robert,Jones,robert.jones61@icloud.com,(895) 529-2297,2126 Main St,Oxford,vt,15788,11/24/1945,9981,VB001303
Matthew,Thompson,matthew.thompson50@icloud.com,9703225176,6023 Cedar Ln,Georgetown,RI,16303,1972-04-27,6492,VB001304
Charles,Young,charles.young99@aol.com,227-944-8563,3435 Forest Ave,Manchester,ME,19064,14-Sep-1976,9180,VB001305
Jennifer,White,jennifer.white1@gmail.com,+17456989079,8785 Main St,Burlington,vt,47967,02-17-1960,8580,VB001306
Nancy,Martin,nancy.martin60@icloud.com,238.541.3163,5194 Main St,Dayton,California,81252,07/03/1996,9769,VB001307
James,Young,james.young94@yahoo.com,(429) 679-4750,5619 Park Blvd,Arlington,OH,99666,1997-05-02,8163,VB001308
William,Thompson,william.thompson9@icloud.com,6378616402,7852 River Dr,Greenville,nc,51216,15-Dec-1983,9117,VB001309
Ashley,King,ashley.king78@hotmail.com,838-447-6440,7162 Sunset Blvd,Georgetown,WV,95128,05-31-1985,1667,VB001310
Margaret,Thomas,margaret.thomas7@outlook.com,+16793525021,8472 Maple Dr,Clinton,NH,95643,11/24/1940,4750,VB001311
John,Martin,john.martin19@yahoo.com,442.467.3200,6879 Jefferson Dr,Burlington,ny,75841,1981-10-25,1647,VB001312
Michael,Martin,michael.martin58@yahoo.com,(831) 809-9239,6113 Cedar Ln,Dayton,NH,45418,02-Nov-1943,6398,VB001313
Robert,Hall,robert.hall53@gmail.com,6299298769,9701 Park Blvd,Clinton,WV,68340,11-07-1997,8409,VB001314
Patricia,Torres,,422-742-9495,492 Lake Rd,Manchester,ok,52745,05/18/1990,6291,VB001315
David,Taylor,david.taylor91@aol.com,+19727835952,2828 River Dr,Greenville,KY,78492,1942-12-23,1481,VB001316
Robert,Thompson,robert.thompson8@aol.com,547.700.5134,4570 Cedar Ln,Springfield,ME,85277,26-Nov-1947,6894,VB001317
Mark,Wright,,(306) 458-4513,7162 Jefferson Dr,Fairview,ca,28842,10-04-1971,9869,VB001318
Jessica,Williams,,8876777923,3720 Cedar Ln,Dayton,NH,39960,05/21/1949,6058,VB001319
Linda,Young,linda.young93@hotmail.com,898-858-6456,3595 River Dr,Marion,OR,37008,1965-05-27,7507,VB001320
Matthew,Walker,matthew.walker10@yahoo.com,+19867102545,5385 Main St,Madison,ut,99212,11-Dec-1950,7458,VB001321
Barbara,Hall,,623.613.2548,870 Jefferson Dr,Fairview,VA,65397,05-14-1965,9050,VB001322
Sarah,Baker,sarah.baker71@yahoo.com,(752) 673-8696,143 Main St,Manchester,LA,11171,10/01/1988,6457,VB001323
Susan,Wilson,susan.wilson78@yahoo.com,9227528730,5130 Washington St,Oxford,il,39782,1982-11-25,3443,VB001324
Margaret,Miller,margaret.miller67@yahoo.com,487-557-3120,3938 Lake Rd,Manchester,ND,76053,03-Jun-1940,7183,VB001325
Barbara,Nguyen,barbara.nguyen45@yahoo.com,+16274185923,8230 Hill Rd,Marion,GA,35614,04-26-1984,3442,VB001326
Patricia,Torres,,664.967.3661,9157 Jefferson Dr,Manchester,md,38351,04/28/1955,6180,VB001327
Karen,Garcia,karen.garcia74@yahoo.com,(800) 205-9547,4787 Hill Rd,Springfield,AZ,31603,1960-02-20,6965,VB001328
Sandra,Hall,sandra.hall76@icloud.com,5586614634,618 Main St,Oxford,NM,48344,12-Dec-1976,6955,VB001329
Sandra,Young,,433-551-1627,740 Maple Dr,Greenville,ok,71990,12-27-1963,1209,VB001330
David,Young,,+14484822270,1585 Valley Ln,Manchester,DE,63104,01/23/1943,3336,VB001331
James,Torres,,933.478.1007,7796 Lake Rd,Manchester,NH,65867,1956-08-23,8889,VB001332
Mark,Jones,mark.jones31@gmail.com,(502) 928-5629,8137 Forest Ave,Richmond,ma,49559,31-Mar-1957,8792,VB001333
Thomas,Wright,,3445418472,8795 Lake Rd,Burlington,ID,35202,04-19-1968,3479,VB001334
David,Hall,david.hall12@yahoo.com,640-753-7629,4679 Washington St,Oxford,OH,64214,11/26/1962,8847,VB001335
Susan,Wright,susan.wright27@yahoo.com,+15003003779,3227 Washington St,Burlington,ca,57063,1944-07-10,4402,VB001336
Susan,Hall,susan.hall38@hotmail.com,278.256.2764,5844 Valley Ln,Marion,KY,54551,18-May-1972,6711,VB001337
Barbara,Jackson,barbara.jackson5@gmail.com,(993) 788-9946,7587 Forest Ave,Salem,KS,56759,06-15-1976,5422,VB001338
Mary,Miller,mary.miller17@gmail.com,4233624787,587 Hill Rd,Richmond,ri,86438,05/17/1952,4679,VB001339
Karen,Nelson,karen.nelson93@icloud.com,409-336-9080,8467 River Dr,Clinton,ND,65791,1988-08-16,9604,VB001340
Christopher,Hall,christopher.hall90@outlook.com,+12494254461,8534 Sunset Blvd,Salem,WV,80910,26-Jul-1986,6779,VB001341
Linda,Davis,linda.davis49@outlook.com,512.440.7342,4005 Washington St,Manchester,sd,49440,09-26-1949,9423,VB001342
Charles,Baker,,(830) 784-1166,834 Forest Ave,Marion,ID,75954,09/08/1950,7557,VB001343
Matthew,Jackson,matthew.jackson62@gmail.com,6838699171,5133 Lincoln Ave,Springfield,ID,45126,1985-05-13,4174,VB001344
John,Jones,john.jones95@aol.com,624-802-5253,4937 Lincoln Ave,Madison,nm,43367,10-Sep-1943,1747,VB001345
Charles,Baker,charles.baker11@outlook.com,+16103351121,1622 River Dr,Georgetown,MN,51766,05-03-1980,9299,VB001346
Lisa,Harris,lisa.harris93@gmail.com,705.881.5418,1371 Forest Ave,Georgetown,NC,61057,09/18/1995,8895,VB001347
William,Baker,william.baker98@icloud.com,(980) 806-4947,7179 Sunset Blvd,Madison,ma,72247,1945-02-02,9936,VB001348
Michael,Taylor,michael.taylor84@yahoo.com,9689251695,7437 Oak Ave,Marion,WA,29904,16-Dec-1948,9705,VB001349
Christopher,Young,christopher.young13@gmail.com,587-843-5209,1988 Main St,Springfield,VT,91107,07-12-1940,4256,VB001350
Jennifer,Johnson,jennifer.johnson34@outlook.com,+17719235776,965 Valley Ln,Greenville,fl,24310,11/27/2000,1575,VB001351
Patricia,Thomas,,486.652.4948,9293 Washington St,Arlington,OR,11221,1969-03-25,4663,VB001352
Jennifer,Thomas,jennifer.thomas58@aol.com,(676) 911-5105,7689 Forest Ave,Marion,OH,44192,06-Apr-1941,8233,VB001353
Joseph,Harris,joseph.harris11@outlook.com,2696555589,3820 Lake Rd,Georgetown,nh,84029,04-26-1960,9012,VB001354
Jennifer,Walker,jennifer.walker70@hotmail.com,432-545-4294,8349 Hill Rd,Arlington,Georgia,58011,01/28/1963,7877,VB001355
David,Hill,,+16065098318,2978 Oak Ave,Richmond,KS,11775,1980-08-28,5524,VB001356
Daniel,Scott,,880.506.4169,7316 Main St,Richmond,az,88025,19-Apr-1985,6299,VB001357
Mark,Jackson,mark.jackson58@hotmail.com,(943) 511-3536,4137 Jefferson Dr,Salem,Georgia,26743,09-05-1948,6537,VB001358
Jennifer,Davis,jennifer.davis15@hotmail.com,9174538031,3251 Forest Ave,Burlington,CT,75841,10/28/1994,3968,VB001359
Barbara,Williams,barbara.williams23@gmail.com,615-559-4224,3828 River Dr,Fairview,ar,91622,1970-01-09,9059,VB001360
Margaret,Hill,margaret.hill64@yahoo.com,+15138036196,8253 Main St,Clinton,RI,57361,31-Jan-1959,1182,VB001361
Richard,Taylor,richard.taylor17@gmail.com,890.909.4120,3413 Oak Ave,Marion,OH,91178,03-08-1974,7883,VB001362
Ashley,Wilson,ashley.wilson72@yahoo.com,(662) 271-2149,2395 Valley Ln,Springfield,va,59217,03/15/1961,3026,VB001363
David,Allen,david.allen80@aol.com,5113385713,1390 Washington St,Richmond,AZ,93927,1982-06-05,5874,VB001364
Robert,Anderson,robert.anderson12@icloud.com,547-324-9932,6309 River Dr,Madison,AZ,37466,11-Aug-1982,9841,VB001365
Jennifer,Hall,jennifer.hall74@gmail.com,+15347836846,271 Jefferson Dr,Salem,wv,23198,02-16-1978,3054,VB001366
Daniel,Young,,449.390.1992,2251 Maple Dr,Madison,AL,22984,09/03/1983,4643,VB001367
Sarah,Wright,sarah.wright44@hotmail.com,(218) 789-6915,2773 River Dr,Arlington,TX,61679,1972-09-10,1700,VB001368
John,Wilson,john.wilson70@outlook.com,7317967496,2212 Hill Rd,Oxford,ks,10975,28-Jul-1997,4065,VB001369
Thomas,Nelson,thomas.nelson51@aol.com,857-884-1567,3547 River Dr,Springfield,WY,15379,07-18-1950,9223,VB001370
Joseph,Torres,joseph.torres48@outlook.com,+19187628714,8807 Lincoln Ave,Dayton,IN,42435,01/13/2001,2341,VB001371
Joseph,Nguyen,joseph.nguyen24@hotmail.com,209.744.5620,3018 Cedar Ln,Burlington,ga,42837,1955-08-15,4483,VB001372
Patricia,Walker,patricia.walker96@yahoo.com,(226) 809-5012,8030 Cedar Ln,Burlington,DE,34944,07-Dec-1962,1935,VB001373
Patricia,Martin,,3756329301,8907 Washington St,Manchester,SC,78243,01-15-1973,2344,VB001374
Betty,Nguyen,betty.nguyen40@gmail.com,588-922-5703,2917 Park Blvd,Greenville,or,51358,02/20/1977,4702,VB001375
Karen,Taylor,karen.taylor22@hotmail.com,+13766456663,8216 Main St,Salem,SD,59429,1958-08-09,6245,VB001376
Richard,Anderson,richard.anderson59@hotmail.com,836.534.5668,6029 Main St,Manchester,ND,86758,23-Jan-1951,8182,VB001377
Nancy,Adams,nancy.adams88@aol.com,(848) 282-5360,9343 Main St,Burlington,ok,82576,08-26-1993,3072,VB001378
Jessica,Wright,jessica.wright98@yahoo.com,6188674157,2406 Hill Rd,Greenville,WY,16635,03/10/1981,1194,VB001379
Mark,Walker,mark.walker38@icloud.com,206-835-6031,8644 Valley Ln,Georgetown,MD,74406,1994-03-22,3829,VB001380
John,Nguyen,john.nguyen15@aol.com,+17715832009,4594 Lake Rd,Greenville,ak,55321,02-Oct-2001,7742,VB001381
David,King,david.king74@hotmail.com,322.522.5427,1727 Park Blvd,Fairview,NE,17082,12-02-1965,4930,VB001382
Linda,Taylor,,(487) 969-2982,4766 Forest Ave,Georgetown,LA,20482,10/24/1962,1255,VB001383
Daniel,King,daniel.king91@icloud.com,2367243572,1617 Cedar Ln,Dayton,ma,89835,1947-06-08,3807,VB001384
Mary,Torres,mary.torres68@hotmail.com,855-720-4297,7864 Valley Ln,Salem,Georgia,85407,17-Nov-1944,7578,VB001385
Patricia,Baker,,+15959799121,7765 Sunset Blvd,Dayton,NJ,54203,11-16-1956,3285,VB001386
Susan,Davis,susan.davis94@outlook.com,523.900.7035,5145 River Dr,Springfield,mi,86938,12/06/1955,4104,VB001387
Jennifer,Nelson,,(276) 883-8069,2264 Maple Dr,Dayton,SC,23109,1987-07-06,4822,VB001388
Thomas,Hall,thomas.hall22@aol.com,7748883947,8469 Oak Ave,Salem,AZ,31324,20-Apr-1978,3166,VB001389
Jessica,Brown,jessica.brown92@outlook.com,701-931-5634,4231 Park Blvd,Franklin,mn,59492,04-17-1972,8368,VB001390
Christopher,Johnson,,+13683532338,6678 Jefferson Dr,Marion,NE,88232,04/13/1957,7685,VB001391
Mary,Davis,mary.davis41@outlook.com,797.534.1681,7891 Main St,Georgetown,WV,96415,2000-06-13,8132,VB001392
Karen,Thomas,karen.thomas27@yahoo.com,(476) 393-8289,28 Park Blvd,Springfield,in,81700,06-Mar-1943,2059,VB001393
Betty,Nelson,betty.nelson27@yahoo.com,2215509666,7703 Jefferson Dr,Burlington,MS,65363,11-09-1956,9353,VB001394
Daniel,Davis,daniel.davis18@icloud.com,765-249-6314,8245 Jefferson Dr,Marion,IL,69772,02/16/1998,8291,VB001395
Patricia,Adams,patricia.adams91@icloud.com,+18373734669,3477 Sunset Blvd,Richmond,or,71695,1948-04-20,8357,VB001396
Charles,Wright,charles.wright47@icloud.com,812.558.1298,1889 Maple Dr,Franklin,IN,57742,27-Oct-1969,4094,VB001397
Sarah,Hill,sarah.hill86@gmail.com,(466) 698-5852,7480 Oak Ave,Manchester,TX,27113,10-14-1967,9930,VB001398
John,Miller,john.miller7@outlook.com,8623313261,9693 Main St,Arlington,co,22804,05/12/1957,7261,VB001399
Thomas,Williams,thomas.williams62@yahoo.com,416-254-1467,2906 Forest Ave,Dayton,MO,41347,2004-02-06,3272,VB001400
Betty,Harris,betty.harris69@aol.com,+19506847875,1960 Oak Ave,Marion,CT,75664,07-Jan-1987,2689,VB001401
Lisa,Baker,lisa.baker66@gmail.com,941.458.7486,6103 Lincoln Ave,Arlington,ok,90864,01-03-1981,4425,VB001402
Susan,Nguyen,susan.nguyen34@icloud.com,(497) 566-5465,2754 Oak Ave,Springfield,VA,49280,08/13/1954,1273,VB001403
Thomas,Miller,thomas.miller54@aol.com,3093304645,285 Lake Rd,Burlington,IA,29464,1969-05-13,3267,VB001404
Linda,Walker,,692-749-2221,2845 Hill Rd,Marion,tx,41895,08-Nov-1979,4627,VB001405
John,Thomas,john.thomas84@yahoo.com,+16506622831,3073 River Dr,Arlington,SC,94019,02-21-2000,8848,VB001406
Lisa,Brown,lisa.brown73@aol.com,630.911.5834,8548 Oak Ave,Manchester,SC,25473,11/17/1996,6195,VB001407
Betty,Miller,betty.miller79@gmail.com,(312) 944-6168,6376 Valley Ln,Oxford,nh,21032,1972-04-02,1565,VB001408
William,Wright,william.wright53@yahoo.com,6186681064,1086 Park Blvd,Greenville,TN,10944,15-Dec-1999,3399,VB001409
Linda,Young,linda.young19@aol.com,267-529-8649,8788 Main St,Springfield,WA,71202,06-23-1998,7293,VB001410
Patricia,Wright,patricia.wright35@aol.com,+19629879644,5785 Lake Rd,Salem,ct,52339,10/05/1947,8244,VB001411
Lisa,Jones,lisa.jones71@hotmail.com,355.952.6503,5086 Cedar Ln,Franklin,NV,62644,1992-02-16,4665,VB001412
Matthew,Hill,matthew.hill45@hotmail.com,(343) 573-7673,1569 Valley Ln,Arlington,ID,57465,07-Aug-1999,4894,VB001413
James,Jackson,james.jackson51@gmail.com,8102699955,3021 Forest Ave,Salem,ut,83851,10-31-1953,1254,VB001414
Nancy,Hall,nancy.hall83@gmail.com,813-734-9007,2073 Hill Rd,Madison,WY,78584,05/10/1946,9386,VB001415
Joseph,Torres,joseph.torres75@icloud.com,+16888801819,4377 Main St,Oxford,MN,40059,2004-01-01,2931,VB001416
Matthew,Williams,matthew.williams67@hotmail.com,246.476.8801,8710 Hill Rd,Greenville,mi,57515,31-Jul-1974,7891,VB001417
Robert,Nelson,,(791) 817-5889,5425 Oak Ave,Springfield,CT,64651,12-28-1955,3643,VB001418
Barbara,Walker,barbara.walker2@icloud.com,3706854826,3046 Cedar Ln,Burlington,VT,88589,12/03/1953,5008,VB001419
Robert,Harris,robert.harris64@icloud.com,296-944-4181,2276 Maple Dr,Georgetown,ca,55148,1982-06-27,6189,VB001420
Jessica,Johnson,jessica.johnson28@gmail.com,+19447422117,8857 Lake Rd,Arlington,MS,86632,21-Aug-2000,2165,VB001421
Matthew,Walker,matthew.walker43@hotmail.com,919.853.1680,4925 Washington St,Madison,SD,54138,08-05-1941,4810,VB001422
Thomas,Adams,thomas.adams33@aol.com,(732) 869-6835,9737 Cedar Ln,Madison,ma,31783,10/15/1996,1791,VB001423
Linda,Torres,linda.torres19@hotmail.com,2877141313,8423 Oak Ave,Manchester,LA,73283,2000-08-08,6070,VB001424
Jennifer,Wright,jennifer.wright61@icloud.com,680-346-3563,9367 Park Blvd,Georgetown,RI,90714,14-Feb-1952,4986,VB001425
Susan,Hall,susan.hall98@gmail.com,+12464843169,2661 Lake Rd,Burlington,oh,37314,04-23-1974,9629,VB001426
David,Baker,david.baker10@gmail.com,753.889.1277,1917 Lake Rd,Richmond,IN,37093,01/01/1981,5590,VB001427
Christopher,Taylor,,(600) 948-3381,1533 Hill Rd,Salem,MI,47132,2001-07-05,1351,VB001428
Susan,Torres,susan.torres90@hotmail.com,7649347772,1128 Washington St,Marion,nd,76399,13-Apr-1948,8801,VB001429
Charles,Nguyen,charles.nguyen16@icloud.com,438-793-6946,9145 Maple Dr,Madison,Ohio,46864,04-18-1969,3567,VB001430
Jennifer,Harris,jennifer.harris41@hotmail.com,+18357736310,8045 Washington St,Marion,OH,68314,12/09/1954,9970,VB001431
Daniel,Walker,daniel.walker10@icloud.com,461.226.4983,3609 Washington St,Oxford,wv,20384,1979-06-23,1630,VB001432
Jennifer,Young,jennifer.young83@icloud.com,(526) 776-9935,3648 Park Blvd,Richmond,AZ,26935,25-Jul-1961,4403,VB001433
Sarah,Baker,,7706995299,3983 Cedar Ln,Arlington,IL,57708,09-15-2001,7807,VB001434
Daniel,Jackson,,936-263-5650,8175 Sunset Blvd,Clinton,ca,89407,11/20/1965,6976,VB001435
Jennifer,Jackson,,+19724688909,8385 Sunset Blvd,Georgetown,SC,66708,1997-12-05,4303,VB001436
James,Jackson,james.jackson23@hotmail.com,419.391.5505,4586 Forest Ave,Arlington,GA,14541,04-Feb-1995,5026,VB001437
Mark,Nelson,mark.nelson66@hotmail.com,(748) 530-9269,9401 Valley Ln,Arlington,me,25051,11-11-1966,2412,VB001438
Robert,Garcia,,5164409964,995 Valley Ln,Burlington,WI,92422,11/09/1949,8148,VB001439
Anthony,Martin,anthony.martin2@gmail.com,410-364-6210,3847 Oak Ave,Fairview,OK,11875,1999-01-17,1578,VB001440
Thomas,Smith,thomas.smith33@gmail.com,+14628834173,2704 Sunset Blvd,Arlington,wy,64767,11-Jul-2001,6118,VB001441
David,Wilson,david.wilson68@hotmail.com,251.959.6208,8513 River Dr,Georgetown,MS,94587,02-25-1984,7109,VB001442
David,Garcia,david.garcia86@gmail.com,(270) 523-1219,8189 Cedar Ln,Greenville,ME,94988,01/07/1992,8217,VB001443
William,Adams,,4342077856,3193 Park Blvd,Fairview,wy,97959,1992-05-20,9210,VB001444
Matthew,Young,matthew.young78@yahoo.com,711-634-6698,6331 Forest Ave,Arlington,DE,96479,04-Apr-1944,8929,VB001445
Matthew,Nelson,matthew.nelson30@outlook.com,+19369453206,3579 Hill Rd,Greenville,WI,31548,04-15-1943,7089,VB001446
Susan,Jackson,susan.jackson41@gmail.com,756.838.1315,2061 Lincoln Ave,Dayton,vt,47948,08/09/1979,3771,VB001447
Charles,Smith,charles.smith35@hotmail.com,(301) 375-7107,7972 Lake Rd,Arlington,WV,40418,1944-01-27,2993,VB001448
Thomas,Baker,thomas.baker64@gmail.com,3577086545,48 Forest Ave,Salem,MT,72993,26-Nov-1980,5185,VB001449
Betty,King,betty.king7@outlook.com,264-215-2125,6338 Jefferson Dr,Clinton,ks,87230,03-21-1956,6853,VB001450
Jennifer,Adams,jennifer.adams89@hotmail.com,+13305058071,9157 Park Blvd,Arlington,NM,41959,03/24/1953,6901,VB001451
Ashley,Nguyen,ashley.nguyen76@hotmail.com,398.884.4249,2226 Maple Dr,Arlington,UT,82907,1978-12-22,2275,VB001452
Betty,Wright,betty.wright24@outlook.com,(349) 229-5754,4290 Cedar Ln,Oxford,nh,42547,28-Feb-1973,8506,VB001453
Linda,Wilson,,8584218717,4723 Oak Ave,Manchester,IN,13168,01-05-1976,5290,VB001454
Patricia,Thompson,patricia.thompson90@aol.com,582-714-1845,980 Oak Ave,Burlington,VT,80243,02/06/1983,4984,VB001455
Barbara,Nguyen,,+19407638916,1450 Maple Dr,Oxford,nm,16385,1985-10-04,6225,VB001456
Karen,Thompson,karen.thompson65@aol.com,922.905.9452,1530 Hill Rd,Franklin,CT,88858,27-Aug-1995,5428,VB001457
Mark,Davis,,(998) 851-9658,2851 Main St,Arlington,MD,75405,11-27-1940,2280,VB001458
Lisa,Jackson,lisa.jackson68@outlook.com,9205514917,4508 Maple Dr,Marion,hi,81659,08/11/1990,9009,VB001459
Joseph,King,joseph.king2@gmail.com,458-705-8882,4917 Valley Ln,Georgetown,UT,80580,1970-12-04,8718,VB001460
Daniel,Adams,,+17249501287,4253 Maple Dr,Oxford,AR,29154,05-Sep-1968,8553,VB001461
Christopher,Harris,christopher.harris70@yahoo.com,999.807.5534,6147 Valley Ln,Dayton,wa,47024,04-05-1965,5505,VB001462
Margaret,Hill,margaret.hill92@aol.com,(775) 359-8554,9447 River Dr,Fairview,California,10239,12/18/1949,3599,VB001463
John,Nguyen,,6239846929,6445 Sunset Blvd,Marion,MO,30155,1946-07-07,6945,VB001464
Jessica,Adams,,273-200-8007,2862 Maple Dr,Salem,in,37700,23-Feb-1979,4683,VB001465
Barbara,Thompson,,+14599919898,3335 Cedar Ln,Manchester,IN,65425,06-29-1980,7242,VB001466
Barbara,Taylor,barbara.taylor97@yahoo.com,365.764.4145,7298 Jefferson Dr,Greenville,CA,35746,09/18/1940,4033,VB001467
Lisa,Torres,lisa.torres61@gmail.com,(973) 293-6313,9675 Hill Rd,Springfield,vt,95364,1980-07-23,4062,VB001468
Mark,Brown,,7144817727,7394 Sunset Blvd,Richmond,ME,40327,22-Jul-1978,5726,VB001469
Sarah,Adams,sarah.adams47@outlook.com,615-236-2837,8509 Hill Rd,Clinton,TX,74521,11-18-1989,3889,VB001470
William,Jones,william.jones36@hotmail.com,+12149592827,9894 Maple Dr,Arlington,pa,29809,02/19/1999,8317,VB001471
Sandra,King,sandra.king94@outlook.com,311.388.7460,4231 Cedar Ln,Franklin,AL,38648,1999-08-29,3884,VB001472
David,Williams,david.williams24@icloud.com,(505) 828-4835,8020 Maple Dr,Oxford,RI,51370,23-Nov-2001,3222,VB001473
James,Miller,,6939967469,4770 Forest Ave,Arlington,nm,16056,05-29-1991,1173,VB001474
Anthony,Wilson,anthony.wilson68@outlook.com,896-523-3680,560 Hill Rd,Dayton,IN,54220,06/29/1989,2345,VB001475
Christopher,Wright,christopher.wright68@gmail.com,+12812009432,7298 Lake Rd,Franklin,SC,95373,1990-12-27,9958,VB001476
Ashley,White,ashley.white32@hotmail.com,477.577.3905,9196 Main St,Dayton,ok,51267,08-Sep-1979,5242,VB001477
Margaret,Wright,margaret.wright11@yahoo.com,(989) 755-5846,5531 Valley Ln,Clinton,AZ,90681,08-09-1964,6926,VB001478
Linda,Johnson,linda.johnson44@hotmail.com,3022201152,3304 Oak Ave,Clinton,PA,89377,12/23/1974,3558,VB001479
Richard,Anderson,,393-899-7057,9735 Oak Ave,Madison,nv,24850,1996-06-19,3740,VB001480
Barbara,Nguyen,barbara.nguyen76@yahoo.com,+12012076618,6896 Lake Rd,Fairview,Illinois,63696,12-May-1984,2287,VB001481
Richard,Martin,,889.972.1934,4473 Sunset Blvd,Franklin,AZ,28965,06-24-1951,7571,VB001482
Matthew,Baker,,(999) 604-6370,3262 Lincoln Ave,Manchester,la,66056,03/20/1952,5782,VB001483
Michael,Taylor,michael.taylor16@icloud.com,7247902220,1855 Forest Ave,Oxford,NM,31602,1944-03-16,4262,VB001484
Richard,Miller,richard.miller26@outlook.com,239-466-5388,523 Valley Ln,Greenville,VT,61156,12-Nov-1974,3978,VB001485
Robert,Harris,robert.harris30@icloud.com,+19716717750,1436 Forest Ave,Georgetown,al,79993,11-30-1961,2410,VB001486
Joseph,Nguyen,,329.786.7180,9882 Forest Ave,Greenville,ME,71199,09/08/1957,6453,VB001487
Charles,Miller,charles.miller20@icloud.com,(200) 268-6418,880 Sunset Blvd,Burlington,KY,20780,1952-03-14,2490,VB001488
William,Williams,,8514989627,6321 Sunset Blvd,Arlington,hi,66169,24-Oct-1979,6295,VB001489
Mary,Walker,,725-364-2930,8404 Valley Ln,Dayton,WA,68699,01-07-1954,3529,VB001490
James,Nelson,james.nelson51@hotmail.com,+15918955349,2992 Cedar Ln,Greenville,MD,58434,07/17/1962,6302,VB001491
David,Hall,david.hall97@yahoo.com,906.882.7171,1466 River Dr,Franklin,ct,42236,1978-04-23,5421,VB001492
William,Taylor,,(875) 272-9606,2447 Valley Ln,Springfield,UT,73343,24-Sep-1969,6260,VB001493
Susan,Garcia,susan.garcia14@outlook.com,9948961434,3459 Washington St,Fairview,MS,41955,02-11-1940,1907,VB001494
Mary,Martin,mary.martin61@gmail.com,517-871-7327,5405 Sunset Blvd,Springfield,tn,98488,05/31/1953,7912,VB001495
Mark,Martin,mark.martin16@outlook.com,+16582602298,8363 Oak Ave,Burlington,ID,39569,1963-12-05,5940,VB001496
Ashley,Hill,ashley.hill96@yahoo.com,797.829.4331,9177 Main St,Springfield,RI,19171,05-May-1972,1497,VB001497
Daniel,Davis,daniel.davis31@hotmail.com,(603) 639-4191,9475 Forest Ave,Madison,de,12634,09-06-1955,5080,VB001498
Christopher,Jackson,christopher.jackson78@yahoo.com,8744239316,673 Park Blvd,Franklin,VA,90343,12/01/1945,8880,VB001499
Mark,Thomas,,643-401-1651,5448 Forest Ave,Burlington,MN,70729,2001-09-05,9284,VB001500
Karen,Williams,karen.williams25@yahoo.com,+13909269203,7796 River Dr,Clinton,va,36845,13-Sep-1956,9027,VB001501
Christopher,Brown,christopher.brown52@aol.com,249.495.6886,506 Lake Rd,Greenville,CO,18533,08-24-1952,1802,VB001502
Anthony,Garcia,anthony.garcia84@icloud.com,(370) 439-6220,6945 River Dr,Greenville,SD,52724,05/04/1981,4476,VB001503
Ashley,Scott,ashley.scott86@yahoo.com,7854115651,704 Park Blvd,Salem,hi,22213,1946-07-05,8685,VB001504
Betty,Baker,betty.baker17@outlook.com,606-556-4073,3293 Main St,Clinton,NH,69302,22-Aug-1959,6291,VB001505
Sandra,Young,sandra.young87@yahoo.com,+18554012309,7272 Lincoln Ave,Franklin,ME,61170,08-03-1946,6553,VB001506
Sarah,Wright,sarah.wright85@icloud.com,917.869.4769,7823 Maple Dr,Manchester,ny,32323,11/28/1970,1465,VB001507
Betty,Johnson,betty.johnson69@gmail.com,(464) 594-4097,4246 Maple Dr,Burlington,RI,32681,1967-12-20,3572,VB001508
James,Miller,,7496493933,8148 Forest Ave,Richmond,OR,64811,29-Nov-1944,7714,VB001509
Matthew,White,,769-411-9218,9985 River Dr,Dayton,in,38113,05-23-1983,7676,VB001510
Charles,Hall,charles.hall10@icloud.com,+15326943832,8000 Jefferson Dr,Arlington,VT,85527,07/21/1948,5921,VB001511
James,Allen,james.allen93@outlook.com,878.739.8420,2768 Jefferson Dr,Arlington,CA,85558,1948-12-05,7281,VB001512
Mary,Wright,mary.wright24@outlook.com,(558) 802-8131,4641 Forest Ave,Richmond,nj,74336,30-Oct-1992,6263,VB001513
Daniel,Baker,daniel.baker83@aol.com,2429083492,9055 Lake Rd,Oxford,AK,64243,05-05-1959,6825,VB001514
Sandra,Thomas,sandra.thomas12@yahoo.com,966-449-4967,4351 Valley Ln,Burlington,IL,33220,03/20/1951,1689,VB001515
Robert,Thompson,,+15824374857,5398 Jefferson Dr,Georgetown,id,65512,2001-11-11,3812,VB001516
Daniel,Thompson,daniel.thompson76@outlook.com,720.462.3177,8097 Lake Rd,Burlington,OK,48360,09-Aug-2000,7359,VB001517
Patricia,Garcia,patricia.garcia76@gmail.com,(335) 220-6299,8815 Jefferson Dr,Manchester,TX,38661,01-29-1996,5689,VB001518
Patricia,Anderson,patricia.anderson85@outlook.com,3402488202,5796 Main St,Richmond,mo,59217,04/05/1995,2701,VB001519
Daniel,Smith,,586-226-5175,7710 Park Blvd,Greenville,IN,97269,1940-06-30,7239,VB001520
Richard,Thompson,richard.thompson32@yahoo.com,+17085571468,8479 Jefferson Dr,Salem,TX,94594,06-Apr-1946,1941,VB001521
Sandra,King,,348.293.2626,4562 Main St,Salem,tn,83177,12-18-1946,4784,VB001522
Thomas,Smith,thomas.smith4@aol.com,(363) 753-9878,9511 Cedar Ln,Springfield,MA,86555,10/24/1994,8250,VB001523
Michael,Harris,,6316826138,5382 Lincoln Ave,Salem,PA,25501,1951-11-10,1493,VB001524
David,Garcia,david.garcia38@yahoo.com,200-916-1174,3595 Valley Ln,Marion,ny,75629,27-Feb-1997,1655,VB001525
Charles,Walker,charles.walker95@aol.com,+14755223251,4432 Main St,Fairview,HI,23879,08-19-1945,6797,VB001526
Anthony,Adams,anthony.adams92@hotmail.com,507.953.8682,5340 Sunset Blvd,Oxford,NH,19096,04/01/1949,4777,VB001527
Karen,Anderson,karen.anderson78@gmail.com,(458) 327-7169,9023 River Dr,Springfield,ca,34763,1962-11-10,9110,VB001528
Susan,Smith,susan.smith91@outlook.com,2302487534,9349 Jefferson Dr,Dayton,Illinois,52893,09-Apr-1957,4718,VB001529
Anthony,Allen,anthony.allen56@hotmail.com,508-759-8081,7200 Valley Ln,Manchester,NJ,98788,05-07-1940,7104,VB001530
Ashley,Williams,,+16816117276,762 Main St,Greenville,hi,11799,03/26/1942,5095,VB001531
Daniel,Allen,daniel.allen99@hotmail.com,206.884.2757,9350 Valley Ln,Madison,North Carolina,45141,1977-06-15,6623,VB001532
Richard,Anderson,richard.anderson35@gmail.com,(943) 275-2136,1600 Valley Ln,Clinton,WY,83046,08-Feb-1957,9879,VB001533
Mark,Torres,mark.torres71@outlook.com,2788189421,6567 Lincoln Ave,Oxford,wv,84427,08-02-1989,1428,VB001534
Mark,Jackson,mark.jackson37@hotmail.com,862-426-5898,2277 Forest Ave,Burlington,KS,67266,07/11/1991,4192,VB001535
William,Anderson,william.anderson49@hotmail.com,+19153743257,9560 Forest Ave,Franklin,FL,51855,1953-04-11,7771,VB001536
Linda,Wright,linda.wright7@yahoo.com,499.807.5437,6347 Forest Ave,Manchester,az,27344,23-Jan-1999,9000,VB001537
Michael,White,michael.white54@outlook.com,(275) 363-2289,2651 Park Blvd,Oxford,OK,68424,10-23-1978,5928,VB001538
Daniel,Walker,,6646298004,2165 Forest Ave,Springfield,HI,32864,09/06/1975,1549,VB001539
Linda,Johnson,linda.johnson27@aol.com,211-762-4491,4759 Cedar Ln,Oxford,pa,91142,1981-01-12,9971,VB001540
Mark,Miller,mark.miller64@hotmail.com,+13745567948,2136 Hill Rd,Richmond,MS,84707,31-Aug-1999,7593,VB001541
Jennifer,Nelson,,622.988.2736,2190 Lincoln Ave,Burlington,NC,28955,04-11-1978,2730,VB001542
Michael,Adams,michael.adams17@hotmail.com,(767) 704-6892,7806 Jefferson Dr,Oxford,va,29970,04/27/1942,5535,VB001543
Christopher,Baker,christopher.baker52@yahoo.com,9834382484,1637 Valley Ln,Manchester,California,66459,2002-07-12,2528,VB001544
Charles,King,charles.king21@hotmail.com,370-563-6271,9125 Main St,Richmond,KS,24817,14-May-1969,4618,VB001545
David,Smith,david.smith31@outlook.com,+14052451927,1621 River Dr,Fairview,ok,81290,04-26-1946,8771,VB001546
Karen,Martin,karen.martin38@outlook.com,703.280.4743,5046 Oak Ave,Greenville,Michigan,41241,07/11/1997,9497,VB001547
Jessica,Jones,jessica.jones85@icloud.com,(285) 554-5620,3684 Lincoln Ave,Madison,ME,91874,1947-01-24,9061,VB001548
Daniel,Anderson,daniel.anderson90@icloud.com,2542719944,2360 Sunset Blvd,Franklin,nv,67775,06-Oct-1946,2630,VB001549
Ashley,Jones,ashley.jones70@gmail.com,554-370-9345,8456 Sunset Blvd,Marion,MO,78404,10-02-1958,2719,VB001550
Ashley,Davis,ashley.davis55@outlook.com,+16945532106,7064 Lake Rd,Fairview,NH,60845,01/11/1981,1412,VB001551
Mary,Smith,,793.887.1910,573 Forest Ave,Fairview,nd,76383,1968-09-23,5221,VB001552
Thomas,Hill,,(972) 256-5789,4546 Lake Rd,Dayton,AZ,68155,08-Mar-2003,3301,VB001553
Joseph,Jones,joseph.jones89@hotmail.com,7355609818,8366 Cedar Ln,Burlington,CT,96850,01-05-1944,4884,VB001554
Charles,Nelson,charles.nelson89@aol.com,378-360-7830,6798 Jefferson Dr,Springfield,sc,47242,04/13/2000,7954,VB001555
Matthew,Anderson,,+16346984369,9058 Jefferson Dr,Dayton,Ohio,54455,2003-02-08,7808,VB001556
Barbara,Torres,barbara.torres89@gmail.com,503.784.5797,4626 Oak Ave,Franklin,DE,62108,20-May-2003,5290,VB001557
Margaret,Smith,margaret.smith61@gmail.com,(952) 347-7679,762 Hill Rd,Clinton,wi,88447,10-26-2004,9604,VB001558
Richard,Nelson,richard.nelson33@hotmail.com,4013812939,2371 Forest Ave,Georgetown,KS,76729,07/29/1944,7669,VB001559
Mary,Williams,mary.williams20@outlook.com,204-905-7543,3033 Main St,Franklin,DE,90611,1994-02-14,1128,VB001560
Jennifer,Smith,jennifer.smith74@yahoo.com,+19357804306,7261 Cedar Ln,Clinton,mt,95790,15-May-1943,5411,VB001561
Linda,Nguyen,,760.595.7301,6172 Park Blvd,Dayton,AK,27582,07-29-1992,3703,VB001562
John,Williams,john.williams73@hotmail.com,(825) 276-6024,4383 Oak Ave,Greenville,MD,62827,05/19/1951,8530,VB001563
Mark,Jackson,mark.jackson85@yahoo.com,8898529441,4650 Cedar Ln,Burlington,ri,98325,1978-09-10,6665,VB001564
Ashley,Thompson,ashley.thompson97@outlook.com,497-864-2645,6520 Park Blvd,Georgetown,AZ,79253,05-Aug-1974,3362,VB001565
Margaret,Thompson,margaret.thompson91@hotmail.com,+16124956080,4322 Lincoln Ave,Salem,MT,56235,10-25-1973,4426,VB001566
William,Hall,william.hall12@hotmail.com,876.894.6571,6011 Lincoln Ave,Clinton,mt,71586,09/17/1976,5652,VB001567
Linda,Davis,,(279) 548-7612,4834 Washington St,Marion,IA,52434,1977-03-16,3911,VB001568
Ashley,Wilson,,6052969865,2843 Lake Rd,Oxford,KY,97594,26-Dec-1995,5384,VB001569
Margaret,Allen,margaret.allen1@hotmail.com,858-715-7043,2416 Jefferson Dr,Arlington,va,74189,03-28-1981,6738,VB001570
Barbara,Smith,,+12714672683,7843 River Dr,Greenville,MN,66789,10/20/2003,4161,VB001571
Charles,Walker,charles.walker53@hotmail.com,477.623.7348,2501 Hill Rd,Oxford,NY,35513,1972-03-24,2634,VB001572
Mark,Nguyen,mark.nguyen24@icloud.com,(770) 935-9634,2283 Maple Dr,Salem,ma,37807,07-Oct-1954,7777,VB001573
Richard,Torres,richard.torres11@hotmail.com,7903853375,9730 Oak Ave,Dayton,TN,31976,04-17-1983,1944,VB001574
Richard,Taylor,richard.taylor22@gmail.com,949-282-9778,6289 Cedar Ln,Springfield,OK,53309,03/28/1974,3413,VB001575
Mark,Young,mark.young49@aol.com,+17138417851,2876 Main St,Madison,in,93719,1980-07-28,9423,VB001576
Anthony,White,anthony.white89@hotmail.com,715.302.9651,8420 Lake Rd,Fairview,MO,67267,05-Nov-1980,8446,VB001577
Jessica,Walker,jessica.walker55@yahoo.com,(237) 455-2839,5793 Jefferson Dr,Oxford,DE,53142,10-21-1981,4204,VB001578
William,Johnson,william.johnson34@aol.com,5626648889,9161 Maple Dr,Burlington,mt,34608,12/20/1968,4785,VB001579
Robert,Torres,robert.torres1@icloud.com,921-452-4461,5287 Forest Ave,Burlington,NH,60855,1982-09-22,6089,VB001580
Barbara,Nelson,barbara.nelson23@icloud.com,+18829823847,9144 Hill Rd,Springfield,RI,92313,13-Apr-1976,9690,VB001581
Anthony,Brown,anthony.brown31@outlook.com,947.386.1377,7503 Main St,Georgetown,ok,20102,05-13-1943,1459,VB001582
Linda,Thompson,linda.thompson72@aol.com,(904) 789-4621,7304 Lake Rd,Clinton,NJ,99070,10/20/1992,9199,VB001583
Mark,Thomas,mark.thomas76@icloud.com,6877131790,4157 Cedar Ln,Greenville,LA,44396,1980-12-24,9458,VB001584
William,Brown,,484-854-5644,8003 Park Blvd,Richmond,ny,41515,12-May-1961,5382,VB001585
Christopher,Thomas,christopher.thomas52@outlook.com,+17159127508,4517 Sunset Blvd,Dayton,WY,34344,04-26-1957,6750,VB001586
Ashley,Anderson,ashley.anderson24@icloud.com,667.433.4078,5461 Sunset Blvd,Arlington,FL,83949,01/03/1964,9779,VB001587
Patricia,Anderson,patricia.anderson97@hotmail.com,(566) 708-2986,6428 River Dr,Manchester,ia,32764,1986-03-13,3153,VB001588
Robert,White,,2499897620,6641 Park Blvd,Clinton,AR,95335,13-Sep-1972,9467,VB001589
Michael,Taylor,michael.taylor58@icloud.com,743-982-9292,784 Jefferson Dr,Manchester,AL,44333,04-02-1981,3865,VB001590
James,Nguyen,james.nguyen46@icloud.com,+13184732900,4340 Hill Rd,Fairview,mn,19433,10/18/1969,7605,VB001591
Sarah,Williams,sarah.williams57@icloud.com,394.343.1584,3164 Main St,Burlington,Pennsylvania,41258,1983-11-22,7369,VB001592
Thomas,White,thomas.white39@outlook.com,(984) 695-1127,1861 River Dr,Oxford,MO,28154,25-Jun-1941,3473,VB001593
Jessica,Garcia,,5279741705,2101 Lake Rd,Manchester,ma,18627,09-24-1961,1768,VB001594
Patricia,Scott,patricia.scott82@hotmail.com,959-469-9918,9342 Maple Dr,Clinton,TN,59613,10/09/1972,2275,VB001595
Lisa,Walker,,+12882183108,8610 Park Blvd,Oxford,TN,37209,1987-03-11,4113,VB001596
Barbara,Hall,,856.326.2067,7994 Jefferson Dr,Arlington,wi,80407,25-Feb-1942,5969,VB001597
Sarah,Walker,sarah.walker60@yahoo.com,(525) 838-4944,3418 Cedar Ln,Burlington,SD,94228,04-14-1981,7276,VB001598
Michael,Williams,michael.williams83@gmail.com,5442584043,5465 Maple Dr,Franklin,SC,19267,02/05/1966,9015,VB001599
Susan,White,susan.white16@hotmail.com,232-972-9897,9563 Lake Rd,Franklin,me,60000,2002-11-29,4812,VB001600
Mark,Adams,,+18958096159,2704 Lake Rd,Clinton,SC,13940,01-Jan-1997,3879,VB001601
Betty,Harris,,630.600.2713,9804 Jefferson Dr,Franklin,MS,73802,03-13-1955,7397,VB001602
Charles,Taylor,charles.taylor92@gmail.com,(974) 323-3684,7543 Valley Ln,Greenville,al,55940,12/17/1966,6317,VB001603
Mary,Anderson,mary.anderson18@yahoo.com,5868545642,7835 Park Blvd,Marion,KS,10191,1994-12-26,3077,VB001604
William,Garcia,,889-996-1548,5449 Park Blvd,Dayton,NC,76337,06-Aug-2004,3507,VB001605
Daniel,Williams,daniel.williams39@yahoo.com,+14049322624,6375 Lake Rd,Madison,me,25244,08-22-1957,8532,VB001606
Thomas,Jackson,thomas.jackson39@aol.com,587.993.9500,9682 Park Blvd,Marion,KY,77733,03/22/1946,8656,VB001607
James,Scott,james.scott43@outlook.com,(621) 346-8244,4098 Lake Rd,Manchester,UT,23641,1947-11-15,7374,VB001608
Mark,Walker,mark.walker71@icloud.com,6222204415,5869 Sunset Blvd,Clinton,ut,82782,02-Dec-1991,8799,VB001609
Richard,Harris,richard.harris43@yahoo.com,443-610-4671,3980 Jefferson Dr,Springfield,CO,84867,07-31-1998,7996,VB001610
Charles,Hill,charles.hill17@gmail.com,+17085414188,3943 Washington St,Clinton,CO,45907,12/23/1988,6804,VB001611
Margaret,Nguyen,margaret.nguyen36@gmail.com,509.815.7213,3230 Park Blvd,Franklin,va,75924,1976-02-08,7884,VB001612
David,Davis,david.davis76@yahoo.com,(388) 880-3885,774 Lake Rd,Clinton,Florida,95854,21-Jun-1942,2566,VB001613
Christopher,Wilson,christopher.wilson53@hotmail.com,8304661951,8320 Forest Ave,Burlington,VA,17059,06-03-1990,1598,VB001614
Lisa,Thompson,lisa.thompson83@icloud.com,457-555-5478,1425 Hill Rd,Fairview,il,75034,03/31/1990,9534,VB001615
Anthony,White,anthony.white29@icloud.com,+13134104247,6724 Oak Ave,Springfield,TN,90900,1963-03-27,5638,VB001616
James,Thompson,,893.900.5944,6563 River Dr,Greenville,HI,40544,25-Aug-1943,9877,VB001617
Joseph,Torres,joseph.torres47@icloud.com,(909) 848-7627,6143 Sunset Blvd,Burlington,co,13669,05-24-1975,4374,VB001618
Michael,Nelson,michael.nelson84@aol.com,6197129948,5307 River Dr,Springfield,VA,63643,10/18/1994,5397,VB001619
Margaret,Young,,319-968-9812,3120 Forest Ave,Georgetown,SD,87767,1993-03-31,7607,VB001620
Susan,Walker,susan.walker42@yahoo.com,+17935423698,5660 Lake Rd,Springfield,nj,55251,22-Feb-1967,3909,VB001621
Sandra,Thompson,sandra.thompson19@hotmail.com,469.851.9599,826 Lake Rd,Burlington,NJ,55257,06-01-1995,6385,VB001622
Nancy,Walker,nancy.walker66@aol.com,(341) 600-5369,8597 Oak Ave,Fairview,TX,42420,07/17/1973,3109,VB001623
Christopher,Hill,christopher.hill97@aol.com,5832026799,668 Jefferson Dr,Marion,ne,61125,1947-01-24,1116,VB001624
Mary,Thompson,,421-608-6331,7560 Oak Ave,Franklin,NJ,10894,19-May-1977,1763,VB001625
Lisa,Jackson,lisa.jackson79@icloud.com,+19919581445,1339 Main St,Arlington,NH,90236,10-01-1960,3981,VB001626
Sandra,Young,sandra.young31@hotmail.com,735.514.7747,5880 Lake Rd,Fairview,nv,24167,08/18/1981,4126,VB001627
Nancy,Davis,nancy.davis76@outlook.com,(887) 973-2072,1571 River Dr,Marion,NM,74478,1979-03-21,8327,VB001628
Karen,Nelson,karen.nelson71@aol.com,7708796661,9717 Maple Dr,Richmond,OK,72564,26-Jul-1981,2101,VB001629
Jessica,Davis,jessica.davis83@gmail.com,827-918-2872,537 Cedar Ln,Richmond,ia,75663,05-28-1991,3661,VB001630
Betty,Williams,,+18879621898,5169 Lincoln Ave,Arlington,VT,67605,10/12/1942,4079,VB001631
Daniel,Young,daniel.young27@outlook.com,795.732.3841,1921 Washington St,Burlington,ME,93701,1962-02-28,4370,VB001632
Susan,Williams,susan.williams7@aol.com,(604) 723-4830,6307 Jefferson Dr,Manchester,nm,80189,03-Dec-1989,2942,VB001633
Thomas,King,,2193426599,2486 Lincoln Ave,Greenville,Georgia,66737,08-21-1976,5294,VB001634
Sarah,Nguyen,,891-702-9837,9376 Forest Ave,Salem,OK,30487,06/16/1985,1913,VB001635
Jennifer,Scott,jennifer.scott60@aol.com,+19843382633,8191 Hill Rd,Oxford,ga,92732,1971-04-02,9927,VB001636
James,Wilson,,719.800.4281,9982 Washington St,Madison,HI,44881,09-Sep-1950,9582,VB001637
Daniel,Miller,,(678) 493-9761,3405 Jefferson Dr,Salem,SD,77955,05-06-1967,8170,VB001638
Susan,Thompson,,4795547273,9727 Lincoln Ave,Marion,ca,92722,05/26/1961,2622,VB001639
Mary,Nguyen,mary.nguyen26@yahoo.com,583-444-4276,1498 Main St,Clinton,AK,11908,1970-03-30,4148,VB001640
William,Wright,william.wright87@aol.com,+17258511643,8746 Washington St,Salem,RI,90963,19-Oct-1948,7677,VB001641
Joseph,Allen,,426.451.8881,5538 Lake Rd,Dayton,nc,64871,03-03-1946,2235,VB001642
Thomas,White,,(841) 586-2171,3907 Park Blvd,Arlington,NH,18966,08/19/1984,7581,VB001643
Linda,Williams,linda.williams67@aol.com,6717666286,3430 Cedar Ln,Oxford,MN,66690,1986-11-21,4023,VB001644
Joseph,Scott,joseph.scott38@outlook.com,481-258-9515,5465 Sunset Blvd,Marion,mn,79113,02-Aug-1987,4147,VB001645
Lisa,Torres,,+14365564845,9057 Park Blvd,Burlington,KY,74579,12-05-1940,5093,VB001646
Linda,Wilson,linda.wilson63@yahoo.com,687.522.9784,3778 River Dr,Marion,KS,93181,03/17/1982,3535,VB001647
James,Taylor,,(273) 935-5977,8041 Hill Rd,Salem,mt,44557,1954-10-22,5225,VB001648
Ashley,Wright,ashley.wright19@yahoo.com,9113057220,3925 Lincoln Ave,Manchester,NH,31210,15-Aug-1998,2130,VB001649
Michael,Baker,michael.baker91@aol.com,389-551-8142,1662 Valley Ln,Dayton,MD,34781,12-10-1972,5851,VB001650
Michael,Martin,michael.martin53@gmail.com,+15412393189,4614 Park Blvd,Clinton,sc,37634,01/30/1961,7950,VB001651
Nancy,King,,924.588.5622,9019 Sunset Blvd,Springfield,WI,74782,2001-02-14,3822,VB001652
Thomas,Jones,thomas.jones10@aol.com,(869) 227-2387,5040 Maple Dr,Richmond,CT,67143,02-Jul-1948,2004,VB001653
Mary,Williams,mary.williams51@icloud.com,8566829680,7377 Cedar Ln,Arlington,nc,77624,02-22-1945,2934,VB001654
Betty,Taylor,betty.taylor24@hotmail.com,882-258-6974,8711 Cedar Ln,Fairview,KS,44175,02/24/1958,1569,VB001655
Ashley,Williams,ashley.williams33@hotmail.com,+14477782906,5597 Sunset Blvd,Manchester,RI,37812,1998-02-10,7692,VB001656
Richard,Nelson,richard.nelson46@outlook.com,747.305.7327,6043 Forest Ave,Manchester,me,59137,24-Dec-1985,1359,VB001657
Lisa,King,lisa.king91@yahoo.com,(396) 989-4574,6232 Main St,Fairview,HI,43843,09-26-2003,4784,VB001658
Lisa,Nelson,lisa.nelson83@icloud.com,8944593738,3113 River Dr,Franklin,DE,95394,03/04/1978,8534,VB001659
Anthony,Scott,anthony.scott9@icloud.com,406-891-8898,6146 Washington St,Fairview,mi,31105,1995-03-06,5658,VB001660
Robert,Adams,robert.adams33@outlook.com,+12316503348,6507 Maple Dr,Georgetown,Texas,23651,25-May-2003,8813,VB001661
Richard,Young,,625.680.1562,4311 Hill Rd,Springfield,IL,80125,08-15-1958,5776,VB001662
Thomas,Miller,thomas.miller76@gmail.com,(388) 452-9751,9702 Park Blvd,Manchester,ut,17342,04/17/1969,8156,VB001663
Sandra,Nguyen,sandra.nguyen87@gmail.com,7697224902,9969 Jefferson Dr,Madison,WV,20064,1946-07-20,9705,VB001664
Charles,Allen,charles.allen26@hotmail.com,755-701-6049,4402 Hill Rd,Georgetown,IL,25827,12-Jun-1952,5391,VB001665
Thomas,Young,thomas.young47@aol.com,+18637178627,9174 Hill Rd,Madison,pa,26244,06-23-1956,4532,VB001666
Ashley,Baker,,559.809.1201,1594 Lake Rd,Marion,Georgia,70569,02/09/1985,6534,VB001667
Linda,Thomas,linda.thomas63@icloud.com,(926) 416-8691,1537 Oak Ave,Oxford,CO,76632,2001-01-05,3512,VB001668
Jennifer,Nelson,jennifer.nelson96@gmail.com,5407049794,89 Oak Ave,Burlington,ky,72928,05-Jan-1951,4383,VB001669
Robert,Miller,,953-658-3740,818 Lake Rd,Springfield,UT,91734,11-16-1946,5539,VB001670
Karen,Hill,karen.hill76@gmail.com,+17518662545,5423 Maple Dr,Richmond,IN,92195,07/18/1961,3927,VB001671
Susan,Nelson,susan.nelson23@aol.com,401.951.7761,9572 Maple Dr,Franklin,ok,90869,1988-08-08,5733,VB001672
Sarah,Taylor,sarah.taylor86@gmail.com,(500) 890-9487,6306 Maple Dr,Oxford,Texas,73816,06-Aug-1985,4098,VB001673
William,Adams,,6965529752,1268 Forest Ave,Oxford,PA,75229,11-27-1952,3867,VB001674
Charles,Nguyen,,778-964-3709,3896 Jefferson Dr,Oxford,ca,27534,01/10/1945,1582,VB001675
Patricia,Harris,patricia.harris65@aol.com,+19018852807,2835 Hill Rd,Oxford,ME,34537,2002-07-12,3116,VB001676
Michael,Taylor,,349.591.6472,888 Lake Rd,Marion,GA,52151,13-May-1962,7784,VB001677
Charles,Anderson,charles.anderson25@yahoo.com,(334) 467-7085,1223 Hill Rd,Greenville,ms,61763,06-15-1994,7620,VB001678
Sandra,King,sandra.king28@yahoo.com,4112521057,1217 Forest Ave,Franklin,RI,56379,12/11/1971,8815,VB001679
Jennifer,Harris,,964-425-5341,2343 Park Blvd,Salem,AR,64537,1999-11-17,5871,VB001680
Michael,Hall,michael.hall73@hotmail.com,+13066869775,9175 Main St,Burlington,ca,44205,05-Apr-1958,2261,VB001681
Barbara,Adams,barbara.adams27@gmail.com,984.285.2427,5241 River Dr,Manchester,SD,81031,07-02-1968,6114,VB001682
Christopher,Johnson,christopher.johnson44@yahoo.com,(510) 349-8504,8618 Park Blvd,Marion,DE,84238,01/05/1955,9401,VB001683
Mark,Jones,,3507161494,4725 Oak Ave,Burlington,mi,70935,1964-07-06,9971,VB001684
Margaret,Hall,margaret.hall78@gmail.com,753-460-2332,5222 Washington St,Greenville,New York,69200,23-Jun-2002,2736,VB001685
Patricia,Anderson,patricia.anderson58@icloud.com,+15112953808,1710 Sunset Blvd,Marion,ID,14202,10-24-2001,9005,VB001686
William,White,william.white14@outlook.com,901.505.2254,5746 Forest Ave,Fairview,il,72281,03/03/1978,9482,VB001687
Sandra,Anderson,,(970) 996-9048,1858 Washington St,Oxford,MT,16238,1947-06-30,7436,VB001688
Susan,Martin,susan.martin66@icloud.com,2984161371,4677 Valley Ln,Oxford,MN,17515,15-Mar-1967,4852,VB001689
Margaret,Scott,margaret.scott59@gmail.com,607-981-2307,3978 Lake Rd,Oxford,id,99205,04-21-2004,5407,VB001690
Thomas,Smith,thomas.smith24@aol.com,+19025746763,8226 Park Blvd,Dayton,LA,51531,02/21/1980,4100,VB001691
Michael,King,michael.king36@icloud.com,578.990.2605,8272 Main St,Clinton,PA,16279,1961-12-24,6518,VB001692
Jessica,Nguyen,jessica.nguyen32@yahoo.com,(417) 823-5800,7659 Maple Dr,Greenville,ky,36797,18-Jul-2000,9945,VB001693
Sarah,Davis,sarah.davis80@hotmail.com,2178622936,8974 Main St,Arlington,Texas,53508,02-08-1947,1150,VB001694
David,Adams,,829-540-9488,9231 Maple Dr,Franklin,SC,23264,08/14/1996,8775,VB001695
Sarah,Johnson,sarah.johnson13@gmail.com,+13539683301,2170 Washington St,Franklin,hi,61873,1990-03-16,4574,VB001696
James,Anderson,james.anderson92@icloud.com,543.349.3254,628 Park Blvd,Arlington,NM,28191,19-Apr-2003,8685,VB001697
Karen,Scott,karen.scott80@outlook.com,(458) 618-4186,3805 Lake Rd,Springfield,VT,13272,10-03-1984,5209,VB001698
Mary,Brown,mary.brown6@icloud.com,6648039297,3700 Park Blvd,Springfield,al,68944,11/27/1979,2236,VB001699
Daniel,Smith,daniel.smith60@outlook.com,649-253-8023,4217 Park Blvd,Richmond,AL,88318,1958-10-26,1487,VB001700
Linda,Jones,linda.jones32@icloud.com,+16027013329,9461 Sunset Blvd,Madison,SD,64293,28-Aug-1973,8405,VB001701
Lisa,Johnson,lisa.johnson1@gmail.com,839.655.5703,1012 Forest Ave,Arlington,ks,41395,01-03-1991,8988,VB001702
Lisa,Wilson,lisa.wilson59@gmail.com,(897) 527-5267,7674 Cedar Ln,Clinton,WI,57747,10/02/1957,1749,VB001703
Susan,Hill,susan.hill24@outlook.com,6566389248,8495 Sunset Blvd,Oxford,NJ,87290,1988-08-08,9597,VB001704
Mark,Brown,mark.brown55@aol.com,200-263-9531,5204 Cedar Ln,Madison,va,71125,11-May-1969,6155,VB001705
Christopher,Nguyen,christopher.nguyen9@aol.com,+17849734136,7131 Park Blvd,Georgetown,SC,90955,08-25-1957,9772,VB001706
Anthony,Nguyen,anthony.nguyen76@aol.com,705.209.7625,5688 Lincoln Ave,Marion,CA,23430,10/01/1951,5545,VB001707
Sarah,Walker,sarah.walker43@icloud.com,(750) 737-4399,850 Hill Rd,Burlington,md,29611,1966-01-08,2049,VB001708
Daniel,Baker,daniel.baker91@outlook.com,4094335989,2526 Forest Ave,Oxford,VA,55268,17-Oct-1949,4082,VB001709
Lisa,King,lisa.king48@gmail.com,858-417-2186,8163 Hill Rd,Marion,OH,15334,10-30-1940,3595,VB001710
Mark,Garcia,mark.garcia53@hotmail.com,+16633386247,4374 Washington St,Fairview,vt,85352,12/30/1955,5675,VB001711
Anthony,Garcia,anthony.garcia91@aol.com,294.217.9983,5789 Main St,Richmond,AZ,14176,1993-10-17,2601,VB001712
Betty,Jones,betty.jones88@icloud.com,(791) 786-3644,6310 River Dr,Manchester,VT,86550,19-Jun-1960,7969,VB001713
Nancy,Scott,nancy.scott57@hotmail.com,4798243765,5098 River Dr,Marion,nh,96999,12-03-1947,6012,VB001714
Karen,Wright,,288-974-4515,2595 Park Blvd,Salem,AR,73033,11/13/1956,1928,VB001715
Mark,Adams,mark.adams97@yahoo.com,+16875988630,6880 Hill Rd,Salem,ME,13279,1963-10-15,3462,VB001716
Daniel,Hall,,707.766.7239,3997 Oak Ave,Franklin,ia,96783,22-Apr-1944,2073,VB001717
James,Anderson,james.anderson41@gmail.com,(573) 878-4644,3648 Maple Dr,Manchester,MA,60798,03-21-1940,1507,VB001718
William,Jones,william.jones62@outlook.com,4919229619,7186 Oak Ave,Richmond,WI,19576,06/16/1999,1430,VB001719
Charles,Anderson,charles.anderson3@icloud.com,211-228-5889,1671 River Dr,Greenville,ut,59439,1983-10-17,6907,VB001720
Mary,King,mary.king81@outlook.com,+15177558358,6507 River Dr,Georgetown,AL,41653,24-Jul-1978,6289,VB001721
Mary,Brown,mary.brown96@outlook.com,355.726.1233,3861 Cedar Ln,Burlington,MT,50841,08-09-1994,1804,VB001722
Sandra,Thomas,sandra.thomas56@icloud.com,(264) 792-3128,9564 Washington St,Greenville,wi,32639,08/24/1946,5239,VB001723
Margaret,Harris,margaret.harris24@icloud.com,2884843372,7325 Main St,Dayton,Texas,70570,1996-10-23,5135,VB001724
Matthew,Nguyen,matthew.nguyen63@gmail.com,717-937-8912,698 Valley Ln,Greenville,AZ,99063,15-Mar-2004,2924,VB001725
Patricia,Smith,patricia.smith16@gmail.com,+13325427355,4881 Sunset Blvd,Springfield,la,18147,01-01-1995,9133,VB001726
Mary,Hall,mary.hall98@aol.com,601.467.6634,9971 Main St,Madison,CT,25564,12/17/1945,5344,VB001727
William,Young,william.young50@yahoo.com,(406) 972-5198,5481 Cedar Ln,Georgetown,KY,61463,1950-09-09,5675,VB001728
William,Nelson,,7582129049,4588 Valley Ln,Marion,al,98735,11-Apr-1941,7769,VB001729
Jennifer,Baker,jennifer.baker47@outlook.com,232-490-5520,4364 Lake Rd,Georgetown,VA,25360,07-13-1998,6021,VB001730
Matthew,Williams,,+13036931727,4066 Hill Rd,Greenville,MA,52341,09/03/1966,1772,VB001731
Daniel,Thompson,,426.649.8860,7049 Park Blvd,Fairview,co,69326,1949-05-21,7003,VB001732
Anthony,Jackson,anthony.jackson87@aol.com,(972) 310-6502,6417 Lake Rd,Manchester,North Carolina,59176,16-May-1977,9598,VB001733
Daniel,Thompson,daniel.thompson42@gmail.com,5437447363,7227 Main St,Fairview,MI,16279,11-06-1952,9419,VB001734
Margaret,Anderson,margaret.anderson93@yahoo.com,253-989-8958,3442 Forest Ave,Salem,nh,20550,09/10/1977,1913,VB001735
Lisa,Torres,,+17244655368,9115 Sunset Blvd,Arlington,WI,16279,1962-03-08,7314,VB001736
Joseph,Miller,joseph.miller53@hotmail.com,671.324.7463,4499 Lake Rd,Richmond,NE,33117,04-Nov-1984,1021,VB001737
Betty,Garcia,,(939) 424-7912,795 Hill Rd,Springfield,mo,15923,05-18-1990,4648,VB001738
Karen,King,,3424107493,1340 Jefferson Dr,Clinton,DE,75717,10/20/1988,1687,VB001739
Matthew,Thomas,matthew.thomas2@gmail.com,471-242-6743,2119 Sunset Blvd,Madison,AK,21996,1983-03-17,4902,VB001740
Linda,Taylor,linda.taylor11@icloud.com,+14446932494,5261 Oak Ave,Dayton,ct,34059,04-Aug-1967,7582,VB001741
Lisa,Hill,lisa.hill57@hotmail.com,395.843.8578,6642 Oak Ave,Fairview,IN,30290,06-06-1962,9983,VB001742
Sarah,Miller,,(873) 367-4119,4353 Main St,Manchester,NV,29295,07/26/1950,5050,VB001743
Sandra,Martin,,9814311869,5711 Park Blvd,Madison,wy,55979,1998-07-30,5684,VB001744
William,Adams,william.adams36@gmail.com,785-442-9406,3713 Main St,Salem,MO,47190,02-May-1941,5130,VB001745
Jessica,Jones,jessica.jones80@hotmail.com,+18924377495,5119 Park Blvd,Franklin,LA,80620,06-30-1982,9028,VB001746
David,Hill,david.hill67@yahoo.com,233.556.1903,4948 Main St,Arlington,nj,67939,05/30/1995,5146,VB001747
Robert,Adams,robert.adams87@hotmail.com,(422) 336-7576,1583 Hill Rd,Georgetown,VA,85558,1958-03-21,7615,VB001748
Christopher,Scott,christopher.scott94@aol.com,5675613429,2828 Sunset Blvd,Fairview,NV,25862,09-Apr-1973,2863,VB001749
Barbara,Martin,barbara.martin16@icloud.com,546-738-7536,9096 Lake Rd,Oxford,ky,30424,05-09-1948,8939,VB001750
Daniel,Thomas,,+17865334739,7587 Maple Dr,Fairview,LA,65529,02/01/1948,8285,VB001751
Patricia,Davis,patricia.davis1@aol.com,982.896.8187,1529 Main St,Clinton,GA,38805,1970-02-14,2795,VB001752
Susan,Scott,susan.scott93@outlook.com,(780) 720-2212,636 Lake Rd,Fairview,wa,50518,02-Nov-1940,6958,VB001753
Margaret,Johnson,margaret.johnson68@hotmail.com,5625124462,5186 Park Blvd,Arlington,CT,33528,01-30-1989,7061,VB001754
Sandra,Young,,286-256-8876,5914 Maple Dr,Springfield,MT,39942,02/25/1979,3194,VB001755
Jennifer,Hill,,+18125772425,7731 Lincoln Ave,Clinton,ks,57383,1956-05-03,5321,VB001756
Daniel,Thomas,daniel.thomas21@yahoo.com,571.969.4735,1979 Washington St,Oxford,AR,39370,21-Jun-1983,9634,VB001757
Anthony,Johnson,anthony.johnson70@icloud.com,(354) 834-1840,9320 Washington St,Arlington,CO,66356,11-03-1943,8667,VB001758
James,Brown,james.brown11@outlook.com,5535449619,6534 Lake Rd,Franklin,co,55385,08/12/1942,4896,VB001759
Mary,Jones,,213-889-4446,628 Sunset Blvd,Burlington,ND,20455,1941-02-28,4413,VB001760
Mary,Miller,,+13529018772,8152 Maple Dr,Greenville,TX,15651,05-Nov-1944,6966,VB001761
Susan,Johnson,,689.556.5550,7397 Jefferson Dr,Georgetown,az,38892,10-31-1997,2247,VB001762
Charles,Thompson,charles.thompson80@aol.com,(779) 500-1877,6434 Maple Dr,Clinton,Texas,10780,07/09/1981,9487,VB001763
Charles,Allen,charles.allen34@yahoo.com,6416999512,6786 Washington St,Franklin,NH,75564,1965-02-04,1153,VB001764
David,Torres,david.torres3@outlook.com,278-664-1770,4801 Jefferson Dr,Springfield,ct,78622,27-Aug-1986,3012,VB001765
Sarah,Torres,sarah.torres54@icloud.com,+16542843472,417 Washington St,Richmond,California,77787,07-13-1999,5756,VB001766
Michael,Brown,michael.brown31@aol.com,983.487.1803,3685 Lake Rd,Dayton,HI,35171,06/29/1951,8797,VB001767
Karen,Thomas,karen.thomas88@icloud.com,(259) 364-5756,618 River Dr,Greenville,wi,92579,1985-03-11,9627,VB001768
Richard,Adams,richard.adams89@yahoo.com,4496565118,7493 Maple Dr,Franklin,SC,41727,20-Aug-1949,7762,VB001769
Richard,Jackson,,798-287-2374,7067 Cedar Ln,Manchester,HI,40587,10-21-1974,3597,VB001770
Betty,Davis,betty.davis59@aol.com,+15044248464,646 Lincoln Ave,Franklin,ut,19640,07/10/1985,1751,VB001771
Michael,Scott,michael.scott50@gmail.com,883.887.9463,4430 Park Blvd,Franklin,AR,34439,1993-03-27,8560,VB001772
Margaret,Allen,margaret.allen92@gmail.com,(321) 347-3142,3108 Cedar Ln,Marion,MO,59054,10-Jul-1968,8037,VB001773
Sandra,Brown,sandra.brown4@hotmail.com,7204501137,7397 River Dr,Oxford,ak,96338,07-28-1966,7154,VB001774
Sandra,Jones,sandra.jones78@aol.com,302-571-2857,1560 Park Blvd,Manchester,Michigan,51721,02/06/1951,3992,VB001775
Nancy,Hall,nancy.hall47@aol.com,+13015966109,1161 Cedar Ln,Oxford,IA,99991,1986-08-16,2743,VB001776
Charles,Wilson,charles.wilson46@icloud.com,782.403.7480,2606 Oak Ave,Richmond,ok,78184,23-Mar-1953,4348,VB001777
Michael,Torres,michael.torres89@aol.com,(795) 347-8536,3624 Lincoln Ave,Clinton,Texas,72625,02-03-1988,7804,VB001778
Barbara,Nguyen,barbara.nguyen83@hotmail.com,4214215888,4889 Cedar Ln,Manchester,IN,94558,03/22/1972,5353,VB001779
Charles,Garcia,charles.garcia41@yahoo.com,632-611-8128,7130 Maple Dr,Georgetown,mo,13628,1970-11-08,4732,VB001780
David,Allen,david.allen31@gmail.com,+18922287261,1969 Sunset Blvd,Salem,New York,80313,20-Dec-1997,5601,VB001781
Patricia,Smith,,470.568.6916,3309 Sunset Blvd,Franklin,WA,17842,12-21-1986,7963,VB001782
David,King,david.king11@outlook.com,(568) 983-3134,7093 Lincoln Ave,Clinton,tn,65054,07/09/1989,6852,VB001783
Jessica,Jones,jessica.jones88@hotmail.com,4755522155,6485 Valley Ln,Clinton,CO,38202,1983-10-27,1237,VB001784
Mary,Brown,mary.brown59@gmail.com,952-293-7758,5057 Jefferson Dr,Marion,KY,21828,09-Jun-1964,2394,VB001785
Betty,Walker,betty.walker11@outlook.com,+15386841918,7248 Valley Ln,Madison,il,29042,09-17-1949,9650,VB001786
James,Young,,497.650.4185,9596 Lincoln Ave,Georgetown,AZ,13890,11/11/1957,4241,VB001787
William,Johnson,william.johnson70@outlook.com,(413) 570-5979,4148 Lake Rd,Fairview,KY,53293,1945-11-19,5598,VB001788
Nancy,Hill,nancy.hill89@icloud.com,6545468274,6681 Sunset Blvd,Marion,de,24534,06-Aug-1954,1127,VB001789
Linda,Baker,linda.baker6@hotmail.com,944-694-7150,3773 Main St,Burlington,LA,59765,03-28-1952,9013,VB001790
Betty,Johnson,betty.johnson50@yahoo.com,+16286074557,1272 Valley Ln,Manchester,WY,97515,03/04/1944,5661,VB001791
Charles,Nelson,charles.nelson96@outlook.com,798.456.4846,601 Washington St,Burlington,mi,78513,1960-05-26,8050,VB001792
Daniel,Adams,daniel.adams57@yahoo.com,(487) 991-3522,637 Main St,Oxford,HI,99707,05-Dec-2003,7772,VB001793
Nancy,Garcia,nancy.garcia31@yahoo.com,8742038838,3060 Lake Rd,Greenville,FL,19990,01-10-1972,3731,VB001794
Nancy,Thomas,nancy.thomas97@aol.com,645-203-3818,4241 Maple Dr,Greenville,al,39648,03/08/1963,1143,VB001795
Nancy,Wright,nancy.wright64@outlook.com,+16689031393,825 Forest Ave,Marion,Georgia,50724,1967-03-23,7541,VB001796
Jessica,White,jessica.white71@outlook.com,600.406.2344,5856 Maple Dr,Dayton,NY,22850,16-Oct-1979,8240,VB001797
Betty,Martin,betty.martin73@outlook.com,(864) 453-1900,95 Washington St,Greenville,pa,97803,07-29-1989,7196,VB001798
Margaret,Davis,margaret.davis69@gmail.com,7185431775,4606 Oak Ave,Oxford,Michigan,57541,07/04/1979,4562,VB001799
Sandra,Smith,sandra.smith84@hotmail.com,395-207-6109,1274 Valley Ln,Oxford,WY,12409,1955-02-05,2352,VB001800
Mark,Miller,,+16685615266,7652 Valley Ln,Marion,mi,24232,22-Nov-1998,7643,VB001801
Susan,Young,,303.504.2582,8915 Lincoln Ave,Richmond,MS,91549,09-01-1966,1929,VB001802
Margaret,Davis,margaret.davis14@gmail.com,(353) 256-4467,1734 Park Blvd,Greenville,FL,20496,12/06/1981,4809,VB001803
William,Harris,william.harris81@aol.com,6298831840,5454 River Dr,Greenville,ks,38433,1943-02-27,5187,VB001804
Joseph,Scott,joseph.scott12@outlook.com,306-944-9722,2093 Forest Ave,Springfield,NV,92661,27-Jun-1988,9077,VB001805
David,Baker,david.baker70@gmail.com,+16942152667,1707 Lake Rd,Dayton,AZ,65149,04-19-1971,6816,VB001806
Christopher,Baker,christopher.baker74@aol.com,717.684.6093,7691 River Dr,Richmond,id,68062,03/30/1983,5717,VB001807
Daniel,Garcia,daniel.garcia71@outlook.com,(269) 537-4745,4217 Washington St,Arlington,UT,87866,1967-12-28,7657,VB001808
Mark,Torres,mark.torres65@outlook.com,5717758857,2567 Lake Rd,Springfield,WA,36094,16-Dec-1944,9304,VB001809
Daniel,Miller,daniel.miller82@yahoo.com,214-440-2734,8586 River Dr,Salem,nv,70586,02-15-1965,6033,VB001810
Christopher,Hill,christopher.hill7@hotmail.com,+18368681476,2348 Hill Rd,Springfield,Georgia,44889,07/09/1943,2598,VB001811
Charles,Miller,charles.miller10@yahoo.com,722.254.1462,1656 Park Blvd,Greenville,MI,38932,1998-01-16,2188,VB001812
James,King,james.king10@hotmail.com,(436) 453-9566,7981 Lake Rd,Franklin,oh,56749,08-Oct-1990,7102,VB001813
Thomas,Smith,thomas.smith74@hotmail.com,2586033166,7174 Valley Ln,Fairview,AZ,54049,09-28-1981,7387,VB001814
Ashley,Baker,,615-233-2560,6391 Main St,Georgetown,GA,99466,01/11/1945,3353,VB001815
Christopher,Garcia,,+14277195491,8442 Forest Ave,Salem,ms,60264,1946-07-10,2333,VB001816
Thomas,Harris,thomas.harris47@gmail.com,777.314.2011,8973 Hill Rd,Fairview,OR,80341,11-Jun-1953,3695,VB001817
Robert,Miller,,(483) 810-4085,2989 Washington St,Arlington,CA,39350,02-14-1987,4490,VB001818
Richard,Nguyen,,2545511981,6878 Park Blvd,Springfield,mn,22516,11/27/1947,9853,VB001819
Lisa,White,lisa.white20@gmail.com,576-374-2922,232 Washington St,Marion,NV,69468,2000-06-06,9096,VB001820
Joseph,Wilson,joseph.wilson54@outlook.com,+16069978628,7931 Lincoln Ave,Springfield,CO,54740,19-Jul-1965,1517,VB001821
Barbara,Brown,barbara.brown64@gmail.com,466.206.9392,8491 Forest Ave,Salem,or,55779,12-15-1946,6296,VB001822
Karen,Torres,karen.torres72@aol.com,(572) 846-7138,6620 Cedar Ln,Richmond,New York,89016,07/10/1974,7101,VB001823
James,Johnson,james.johnson5@outlook.com,2712968046,9472 Jefferson Dr,Franklin,NH,46534,1948-12-23,8188,VB001824
Patricia,Allen,patricia.allen66@outlook.com,407-465-6172,2426 River Dr,Greenville,id,93401,04-Sep-1999,2740,VB001825
Michael,Williams,michael.williams23@icloud.com,+17563083190,3120 Jefferson Dr,Franklin,Florida,36238,06-02-1994,3346,VB001826
Thomas,Walker,thomas.walker3@yahoo.com,841.697.5508,2218 Cedar Ln,Fairview,UT,79947,12/14/1958,3033,VB001827
Betty,Anderson,betty.anderson38@outlook.com,(585) 803-7388,1747 Jefferson Dr,Madison,tx,72149,1991-12-12,8472,VB001828
Betty,Hill,betty.hill72@gmail.com,3583075762,6158 Maple Dr,Oxford,MT,19565,04-Jan-1960,7360,VB001829
David,Baker,david.baker66@icloud.com,491-527-9079,7070 Valley Ln,Madison,CO,51095,02-16-1989,7753,VB001830
Daniel,Nelson,,+17143085748,4938 Valley Ln,Franklin,me,67367,03/21/1974,7473,VB001831
Jessica,King,jessica.king12@hotmail.com,508.810.2828,2338 Hill Rd,Clinton,MA,66676,2001-04-23,8711,VB001832
Charles,Hall,charles.hall75@yahoo.com,(948) 375-7275,4630 Cedar Ln,Madison,WV,68940,04-Jan-1943,1527,VB001833
Sandra,King,sandra.king91@outlook.com,7408044446,5594 Main St,Manchester,mn,97645,07-15-1997,4005,VB001834
Jessica,Williams,jessica.williams64@aol.com,470-783-7785,4302 Lake Rd,Arlington,MD,89232,09/05/2002,6805,VB001835
John,Martin,john.martin83@hotmail.com,+17792979653,698 Cedar Ln,Fairview,VT,84289,1982-08-29,5441,VB001836
Betty,Wright,,537.478.1634,7420 Washington St,Richmond,tx,11421,26-Jan-1948,5785,VB001837
Karen,Nguyen,karen.nguyen57@icloud.com,(483) 435-5610,1935 Jefferson Dr,Dayton,California,41767,08-06-1956,6444,VB001838
Matthew,Torres,matthew.torres94@aol.com,7042656134,7212 Main St,Dayton,WV,87175,03/11/1947,2974,VB001839
Daniel,Thompson,daniel.thompson45@gmail.com,258-542-5503,1124 Cedar Ln,Franklin,mo,51623,1987-03-18,8603,VB001840
Patricia,Walker,patricia.walker61@gmail.com,+13665706034,6157 Oak Ave,Clinton,North Carolina,43289,30-Mar-1966,5555,VB001841
Patricia,Jackson,patricia.jackson3@aol.com,708.535.7020,6154 Cedar Ln,Madison,AK,12217,09-06-1941,4255,VB001842
Lisa,Davis,lisa.davis1@gmail.com,(252) 610-3462,2767 Valley Ln,Georgetown,ri,43647,08/29/1986,9241,VB001843
Charles,Walker,charles.walker13@aol.com,8779643676,4745 Cedar Ln,Greenville,MS,60360,1970-06-08,1248,VB001844
John,Johnson,,860-654-6238,4665 Washington St,Dayton,MT,67020,27-Jul-1947,6153,VB001845
Sandra,Nguyen,sandra.nguyen4@outlook.com,+13504115494,7151 River Dr,Manchester,de,91460,04-15-1971,3080,VB001846
Ashley,Johnson,,608.579.6469,2191 River Dr,Madison,Michigan,53222,06/26/1979,7109,VB001847
Matthew,Jones,matthew.jones84@gmail.com,(562) 370-7775,8058 Cedar Ln,Marion,TN,76915,1994-10-29,1202,VB001848
Lisa,Torres,lisa.torres56@yahoo.com,4364255370,9055 Lake Rd,Richmond,ks,29884,22-Jan-1942,6189,VB001849
Jennifer,Anderson,,955-602-1050,1923 Valley Ln,Dayton,WA,44530,12-24-1975,2684,VB001850
Barbara,Johnson,barbara.johnson25@outlook.com,+16335276980,2070 Hill Rd,Dayton,RI,87434,12/06/1959,2746,VB001851
Charles,Young,charles.young73@gmail.com,529.653.4568,7545 River Dr,Manchester,nm,24930,1942-05-31,6881,VB001852
Margaret,Thomas,margaret.thomas25@icloud.com,(771) 789-6762,4973 Lake Rd,Clinton,Georgia,35500,13-Jun-1971,7210,VB001853
David,White,david.white26@icloud.com,5378147989,2072 Forest Ave,Marion,KS,92034,12-16-1989,8763,VB001854
Daniel,Martin,daniel.martin21@gmail.com,646-983-5014,1405 Main St,Greenville,nc,57082,06/04/1983,4231,VB001855
Daniel,Adams,,+15893456659,8965 Oak Ave,Salem,TN,25221,1998-05-09,8808,VB001856
Sandra,Adams,sandra.adams69@outlook.com,639.207.8323,6609 Park Blvd,Madison,TN,97741,23-May-1951,1057,VB001857
Joseph,Scott,joseph.scott25@aol.com,(669) 521-4615,8322 Park Blvd,Springfield,ny,42334,10-17-1946,2474,VB001858
Thomas,Garcia,thomas.garcia63@icloud.com,9165764767,7207 Lake Rd,Burlington,IN,68157,07/02/1962,5538,VB001859
Barbara,King,barbara.king9@hotmail.com,597-859-9076,1619 Cedar Ln,Marion,VA,37097,1981-11-27,8272,VB001860
Robert,Smith,,+13286711014,2723 Valley Ln,Madison,md,34353,18-Jan-1981,8054,VB001861
Mark,Anderson,mark.anderson11@outlook.com,889.671.6479,3535 Sunset Blvd,Springfield,UT,96265,06-01-1966,6096,VB001862
Nancy,Garcia,nancy.garcia19@gmail.com,(833) 333-8044,7125 Lake Rd,Madison,GA,17387,07/08/1960,5835,VB001863
Matthew,Torres,,9089805561,1825 Lake Rd,Oxford,ny,10218,1998-03-30,6776,VB001864
William,White,,849-763-8710,8732 Forest Ave,Dayton,SD,35108,25-Jun-1956,2052,VB001865
Richard,Harris,richard.harris91@yahoo.com,+18455169128,4638 Cedar Ln,Richmond,MT,85032,10-23-1960,1531,VB001866
Jessica,Hill,jessica.hill55@hotmail.com,777.514.2436,8856 River Dr,Marion,tn,49849,12/03/1993,9375,VB001867
Barbara,Williams,barbara.williams2@icloud.com,(925) 421-4966,3701 Cedar Ln,Salem,Georgia,39718,1980-04-29,9271,VB001868
Sandra,Martin,sandra.martin15@hotmail.com,6882657715,2142 Oak Ave,Clinton,OR,90526,09-Dec-2001,9609,VB001869
Betty,Wilson,betty.wilson30@aol.com,520-746-3307,8805 Lake Rd,Manchester,ma,23337,09-14-1983,4032,VB001870
Betty,Hill,,+18078326704,6993 Forest Ave,Springfield,Georgia,97509,06/18/1964,9807,VB001871
Betty,Hill,,824.638.3102,5204 Lincoln Ave,Fairview,KS,63413,1943-07-01,2624,VB001872
Thomas,Adams,thomas.adams97@icloud.com,(964) 732-9548,7715 Valley Ln,Greenville,la,42844,12-Mar-1994,5174,VB001873
Ashley,Garcia,,3525602688,5458 Washington St,Dayton,ME,36277,07-23-1957,8784,VB001874
Sandra,Nguyen,,731-811-1680,9290 Forest Ave,Burlington,UT,79931,10/03/1993,3997,VB001875
Charles,Wright,charles.wright30@icloud.com,+12484267946,5820 Valley Ln,Burlington,wi,14592,1981-09-24,8674,VB001876
Susan,Torres,susan.torres48@outlook.com,929.368.9457,6140 Hill Rd,Richmond,MN,81627,14-Mar-1973,1772,VB001877
Christopher,Johnson,christopher.johnson25@aol.com,(924) 796-1875,1387 River Dr,Manchester,SD,93691,04-06-1962,6813,VB001878
Sandra,Wright,sandra.wright78@hotmail.com,4673831425,6486 Valley Ln,Greenville,sd,57418,06/11/1974,6982,VB001879
Patricia,Garcia,,301-335-5059,8295 Park Blvd,Dayton,NJ,64887,1994-12-26,1465,VB001880
Sarah,Scott,sarah.scott16@aol.com,+19112829522,7357 Cedar Ln,Fairview,AK,84066,02-Sep-1968,7987,VB001881
Margaret,Williams,margaret.williams43@outlook.com,808.357.4753,2205 River Dr,Salem,ca,45113,07-16-1999,9708,VB001882
Michael,Taylor,michael.taylor46@hotmail.com,(626) 580-3598,4758 Forest Ave,Clinton,OK,27837,12/05/2001,6181,VB001883
Michael,Young,,7199534485,580 Oak Ave,Burlington,OH,23881,1995-06-19,9161,VB001884
Michael,Baker,michael.baker28@hotmail.com,904-671-9971,3581 Hill Rd,Springfield,sd,13844,27-Mar-1968,7740,VB001885
William,Jones,william.jones23@hotmail.com,+13506368246,4022 Valley Ln,Springfield,UT,43198,12-14-1949,4535,VB001886
Linda,Thompson,linda.thompson65@icloud.com,983.277.7648,5994 Forest Ave,Burlington,GA,67680,10/23/1996,4765,VB001887
Anthony,Johnson,anthony.johnson60@yahoo.com,(221) 515-7368,3956 Main St,Dayton,ne,92924,1985-12-04,3286,VB001888
Margaret,Taylor,margaret.taylor22@hotmail.com,4108882643,7037 Park Blvd,Oxford,Ohio,33310,26-Aug-1986,5006,VB001889
Margaret,Brown,margaret.brown69@yahoo.com,766-313-5423,3490 Hill Rd,Madison,NY,46075,05-05-1940,7880,VB001890
Betty,Nguyen,betty.nguyen90@yahoo.com,+19719624693,5251 Lake Rd,Arlington,la,76003,01/09/2001,7929,VB001891
Jessica,Garcia,jessica.garcia67@icloud.com,713.672.1477,5854 Lincoln Ave,Clinton,CO,73810,1944-04-17,8623,VB001892
Joseph,Wright,joseph.wright12@aol.com,(780) 319-1606,485 Park Blvd,Dayton,PA,33518,23-Nov-1962,7586,VB001893
Lisa,Taylor,lisa.taylor25@yahoo.com,2027777773,9032 Lincoln Ave,Richmond,in,97138,05-29-1999,9346,VB001894
Margaret,Adams,margaret.adams69@gmail.com,854-460-2323,7174 Maple Dr,Greenville,AZ,41968,12/31/1972,8095,VB001895
Lisa,Thomas,,+19467581771,4906 Washington St,Clinton,NE,10881,2002-02-19,7385,VB001896
John,Wright,john.wright45@outlook.com,316.311.8279,79 Maple Dr,Salem,nc,47949,06-Aug-1982,4074,VB001897
Jessica,Thomas,jessica.thomas96@outlook.com,(228) 924-4919,4185 Forest Ave,Greenville,WV,95445,04-20-1972,5786,VB001898
Jessica,Brown,jessica.brown26@yahoo.com,9645927061,7896 River Dr,Franklin,AZ,45929,09/25/1942,6624,VB001899
Ashley,Torres,ashley.torres65@outlook.com,860-431-6854,1345 Hill Rd,Arlington,wv,99385,2002-10-09,7656,VB001900
Karen,Young,karen.young40@aol.com,+15529927522,2263 Jefferson Dr,Richmond,Texas,25608,12-Aug-1960,8317,VB001901
James,Garcia,james.garcia81@aol.com,415.211.3375,4529 Lincoln Ave,Franklin,HI,58880,04-07-1968,4692,VB001902
Charles,Harris,,(463) 596-1554,1713 Cedar Ln,Georgetown,ia,49572,06/14/2003,7117,VB001903
Lisa,Miller,lisa.miller42@icloud.com,3945857298,6415 Forest Ave,Marion,KS,37700,1979-02-08,9886,VB001904
Robert,Baker,robert.baker49@gmail.com,854-280-6456,2388 Washington St,Manchester,RI,56969,04-Jan-1943,7810,VB001905
James,Nelson,james.nelson60@icloud.com,+15549457948,3503 Valley Ln,Marion,il,60129,07-27-1973,3932,VB001906
Linda,Martin,linda.martin79@outlook.com,361.975.9970,8401 Forest Ave,Manchester,North Carolina,28107,04/09/1955,9973,VB001907
Ashley,King,ashley.king76@hotmail.com,(450) 840-8991,4660 Forest Ave,Georgetown,AR,66311,1958-09-02,7590,VB001908
Richard,Torres,richard.torres56@outlook.com,7658399108,5792 Park Blvd,Clinton,md,11502,11-Jun-1959,1373,VB001909
Christopher,Brown,,916-722-2122,347 Cedar Ln,Georgetown,MO,91798,03-02-1950,9087,VB001910
Michael,King,michael.king76@hotmail.com,+15096666456,3389 Lincoln Ave,Fairview,PA,79692,06/16/1950,8744,VB001911
Richard,Davis,richard.davis17@aol.com,448.783.1174,5626 Valley Ln,Richmond,nd,18707,1951-12-19,2168,VB001912
Richard,Baker,richard.baker90@outlook.com,(472) 534-5303,5170 Main St,Manchester,OR,27661,13-Dec-1965,4356,VB001913
James,Adams,james.adams47@gmail.com,2677143428,8671 Sunset Blvd,Burlington,WY,14673,05-29-1996,2358,VB001914
Margaret,Miller,margaret.miller33@icloud.com,218-835-2415,1040 Maple Dr,Greenville,mi,31016,11/02/1986,9762,VB001915
Nancy,Jones,nancy.jones95@gmail.com,+13302364405,831 Park Blvd,Arlington,VA,29564,1959-08-25,3149,VB001916
Ashley,Anderson,ashley.anderson81@aol.com,396.510.9365,6177 Sunset Blvd,Richmond,MD,74496,23-Nov-1999,7207,VB001917
Patricia,Jackson,,(489) 792-2360,409 Main St,Richmond,md,96003,06-29-1954,1633,VB001918
Robert,Wilson,robert.wilson58@gmail.com,5472786190,5526 Washington St,Salem,ND,93619,12/22/1951,7593,VB001919
Betty,Wright,,759-250-9844,7868 Lake Rd,Clinton,WV,50697,1971-06-16,1418,VB001920
Karen,Scott,karen.scott75@outlook.com,+14698681491,529 Lake Rd,Clinton,ky,36281,05-Jan-1970,1973,VB001921
Ashley,Smith,ashley.smith34@outlook.com,764.532.2865,1622 Cedar Ln,Richmond,MT,86218,12-01-1977,7603,VB001922
Karen,Garcia,karen.garcia1@aol.com,(573) 679-4400,4359 Jefferson Dr,Burlington,SD,61932,11/08/1974,1743,VB001923
Anthony,Johnson,anthony.johnson9@icloud.com,9146815955,5579 Jefferson Dr,Richmond,ok,15277,1995-03-11,8709,VB001924
Barbara,Davis,,538-488-6960,8967 Maple Dr,Dayton,MT,34204,30-Jul-1981,2220,VB001925
Jessica,King,,+17825796137,1957 Washington St,Clinton,DE,19404,08-27-1959,4392,VB001926
James,Johnson,,951.571.6623,5773 Park Blvd,Oxford,vt,51266,06/22/1984,4283,VB001927
Nancy,Torres,nancy.torres8@icloud.com,(560) 342-2001,6939 Jefferson Dr,Manchester,DE,13997,1987-01-12,5706,VB001928
Jennifer,Miller,jennifer.miller14@yahoo.com,4435404562,9814 Lake Rd,Greenville,LA,88426,25-Oct-1951,2524,VB001929
Barbara,Adams,barbara.adams97@aol.com,749-321-7338,254 Sunset Blvd,Fairview,ms,42547,09-28-1967,2767,VB001930
Mary,Johnson,mary.johnson94@outlook.com,+18888183079,585 Lake Rd,Franklin,AR,35334,07/15/1962,2226,VB001931
Jessica,Baker,jessica.baker65@yahoo.com,255.717.7566,9887 Lake Rd,Oxford,TX,66853,1956-12-14,4564,VB001932
Ashley,Thompson,ashley.thompson58@yahoo.com,(240) 331-2286,2726 Lincoln Ave,Arlington,fl,86210,06-Apr-1953,3853,VB001933
Betty,Scott,,4789249271,7693 Main St,Arlington,OK,68563,07-23-1954,9571,VB001934
Susan,Davis,,420-427-9795,3746 Hill Rd,Marion,NJ,61004,06/23/1942,4000,VB001935
Matthew,Taylor,matthew.taylor32@yahoo.com,+19487291328,2632 Lake Rd,Arlington,la,75405,1948-01-09,3884,VB001936
Margaret,Taylor,margaret.taylor95@hotmail.com,990.486.7927,7579 Forest Ave,Greenville,AZ,56937,19-Oct-1945,8234,VB001937
Michael,Wright,michael.wright91@yahoo.com,(217) 494-8380,7600 Maple Dr,Richmond,HI,85639,02-15-1982,6675,VB001938
Mark,Williams,mark.williams62@gmail.com,9112472074,7556 Park Blvd,Oxford,il,22094,06/17/1980,6889,VB001939
Nancy,Nelson,nancy.nelson86@aol.com,575-712-9095,2720 Sunset Blvd,Georgetown,AZ,15232,1976-10-12,7517,VB001940
Daniel,Allen,daniel.allen57@gmail.com,+19368512871,5989 River Dr,Manchester,AL,77653,30-Jun-1966,2266,VB001941
Nancy,Allen,nancy.allen94@outlook.com,972.253.3933,3062 Valley Ln,Oxford,mt,20329,08-06-1958,8683,VB001942
Lisa,Baker,lisa.baker97@icloud.com,(920) 752-1122,6132 Cedar Ln,Dayton,AZ,35498,08/22/1975,2940,VB001943
Betty,Smith,betty.smith1@hotmail.com,2683984355,9365 Oak Ave,Richmond,MS,42568,1946-03-02,8247,VB001944
Margaret,Nguyen,margaret.nguyen16@hotmail.com,363-998-9796,642 Valley Ln,Manchester,ny,10209,24-Jun-1954,1131,VB001945
Karen,Walker,karen.walker84@aol.com,+19413072732,5439 Main St,Marion,WV,18141,03-03-1960,5029,VB001946
John,Hill,,932.609.1091,5181 Oak Ave,Oxford,MS,67635,10/18/1973,2281,VB001947
Karen,Taylor,karen.taylor57@gmail.com,(475) 603-8713,3830 Cedar Ln,Dayton,pa,16360,1995-11-14,3521,VB001948
Karen,Young,karen.young68@gmail.com,4702911127,1600 Lake Rd,Arlington,AL,62841,28-Oct-1958,2697,VB001949
Daniel,Walker,daniel.walker3@outlook.com,903-861-7351,1229 Cedar Ln,Dayton,FL,50649,07-22-1942,6450,VB001950
Jessica,Thomas,,+17656573429,8252 Washington St,Manchester,oh,44061,05/15/1958,6433,VB001951
Susan,Adams,susan.adams49@outlook.com,288.920.5773,5012 Sunset Blvd,Clinton,MO,58910,1986-08-07,5392,VB001952
Ashley,Young,ashley.young56@outlook.com,(602) 884-4554,2982 Valley Ln,Manchester,MN,43095,25-Jun-1943,7688,VB001953
Sandra,King,sandra.king50@hotmail.com,7458365332,5773 River Dr,Dayton,va,30157,12-15-1956,2710,VB001954
Susan,Taylor,susan.taylor12@gmail.com,691-885-5994,2651 Washington St,Salem,OR,86501,03/10/1942,8452,VB001955
Mark,Brown,mark.brown21@outlook.com,+19957102791,1898 Park Blvd,Marion,OK,22731,1974-05-01,1909,VB001956
Nancy,White,nancy.white91@aol.com,837.485.6369,4261 Maple Dr,Salem,ne,26510,16-Oct-1994,5036,VB001957
David,Wright,,(922) 448-5431,3347 Oak Ave,Richmond,NV,30127,09-03-1994,3903,VB001958
Mark,Torres,mark.torres73@hotmail.com,3943333082,3705 Main St,Salem,GA,45548,07/29/1989,9015,VB001959
Sarah,Nguyen,sarah.nguyen40@aol.com,927-943-4694,6165 Park Blvd,Dayton,nd,22431,1947-06-18,7730,VB001960
James,Martin,james.martin90@gmail.com,+18146322371,2519 Valley Ln,Fairview,IN,28415,29-Aug-1946,4190,VB001961
Thomas,Martin,thomas.martin38@gmail.com,987.289.2300,3971 Valley Ln,Salem,WA,40456,12-31-1940,4469,VB001962
David,Walker,david.walker19@hotmail.com,(738) 411-1053,2829 Cedar Ln,Arlington,ia,38665,07/14/1968,4887,VB001963
Richard,Hill,richard.hill52@outlook.com,9807325601,1807 Sunset Blvd,Greenville,KS,24727,1970-04-27,7146,VB001964
Anthony,Jones,anthony.jones15@yahoo.com,524-980-1024,3336 Jefferson Dr,Marion,UT,37599,03-Sep-1964,2604,VB001965
Michael,Johnson,,+14932638475,6648 Park Blvd,Clinton,ok,85059,05-13-1951,7213,VB001966
Betty,Thompson,,305.782.3278,2397 Forest Ave,Franklin,WI,64846,03/29/1977,3806,VB001967
Margaret,Allen,margaret.allen63@outlook.com,(990) 958-1928,4748 Jefferson Dr,Dayton,MN,64797,1971-12-18,2022,VB001968
Margaret,Nguyen,,8504682714,1955 Jefferson Dr,Georgetown,wi,97779,21-Nov-1976,4839,VB001969
Anthony,Baker,anthony.baker69@icloud.com,797-307-8380,8906 Main St,Burlington,VT,40740,10-22-1963,7229,VB001970
Michael,Brown,michael.brown36@hotmail.com,+13719592661,2766 Lake Rd,Burlington,OK,66785,01/26/1944,7951,VB001971
Mark,Nelson,mark.nelson16@hotmail.com,428.364.6541,4811 Forest Ave,Springfield,ar,19036,1971-01-10,9228,VB001972
Nancy,Nelson,nancy.nelson11@aol.com,(600) 397-9270,2126 Lake Rd,Madison,Illinois,61835,27-Jul-1971,8867,VB001973
Margaret,Wright,margaret.wright73@hotmail.com,9899876381,9535 Lincoln Ave,Marion,AR,65114,10-29-1948,8501,VB001974
Richard,Williams,richard.williams38@icloud.com,726-991-8206,1204 Washington St,Oxford,mi,53732,01/08/1950,5333,VB001975
James,Jackson,james.jackson15@hotmail.com,+15259771544,5129 Hill Rd,Arlington,MA,52640,1985-02-08,2107,VB001976
Jessica,Brown,,575.246.3780,6806 Maple Dr,Salem,IL,83069,15-Jan-1982,6621,VB001977
Susan,Garcia,susan.garcia90@hotmail.com,(994) 336-6737,2952 Oak Ave,Fairview,nd,25555,10-21-1951,7048,VB001978
Betty,Nelson,betty.nelson95@icloud.com,5155903512,8952 Washington St,Greenville,LA,48508,11/08/1973,7145,VB001979
Jennifer,Thomas,jennifer.thomas16@gmail.com,864-924-4174,9761 Hill Rd,Arlington,NY,70685,1986-01-05,8241,VB001980
Ashley,Young,ashley.young79@gmail.com,+19196378310,2653 Lincoln Ave,Fairview,wy,20564,02-Aug-1943,4839,VB001981
James,Johnson,james.johnson92@aol.com,641.655.3640,486 Maple Dr,Manchester,ND,82221,09-29-1969,9052,VB001982
Susan,Davis,susan.davis56@yahoo.com,(816) 355-6909,8772 Sunset Blvd,Springfield,WA,88189,07/22/1993,5521,VB001983
Jessica,Hall,jessica.hall61@icloud.com,9163027305,4815 Valley Ln,Fairview,va,28764,1986-08-28,9267,VB001984
Matthew,Wright,,756-917-3069,1690 Lincoln Ave,Salem,Ohio,59536,20-Feb-1970,8040,VB001985
Sandra,Torres,sandra.torres28@aol.com,+17383939024,4745 Lake Rd,Fairview,NH,44937,09-11-1944,2230,VB001986
Christopher,Walker,christopher.walker75@icloud.com,767.320.6571,1848 Sunset Blvd,Marion,mn,61073,09/27/1958,5610,VB001987
Sandra,Nguyen,sandra.nguyen98@aol.com,(782) 745-6880,9518 Jefferson Dr,Springfield,WI,62426,1961-11-03,5081,VB001988
Mary,Walker,mary.walker27@aol.com,6913372944,1547 Maple Dr,Arlington,AK,38250,24-Nov-1985,3474,VB001989
Lisa,Smith,lisa.smith38@icloud.com,585-211-8412,336 Valley Ln,Franklin,ny,31033,02-26-1980,9004,VB001990
Mary,Davis,mary.davis37@icloud.com,+16642724824,4335 Lincoln Ave,Manchester,SD,87304,04/26/1999,4241,VB001991
David,Thomas,david.thomas37@yahoo.com,221.568.3859,251 Valley Ln,Burlington,MT,94149,1982-04-03,4990,VB001992
Christopher,Williams,christopher.williams42@hotmail.com,(832) 236-1872,5280 Cedar Ln,Manchester,ny,65512,16-Feb-1998,2626,VB001993
Lisa,Anderson,lisa.anderson7@outlook.com,3695365174,6090 Forest Ave,Richmond,AL,31873,04-03-1984,4009,VB001994
Robert,Miller,robert.miller16@aol.com,926-289-9803,4311 River Dr,Georgetown,MS,17106,11/07/1976,4560,VB001995
Christopher,Wright,christopher.wright96@aol.com,+18329987178,1455 Park Blvd,Franklin,pa,45960,1965-06-20,8108,VB001996
Karen,Jackson,,384.243.4746,9669 Maple Dr,Greenville,DE,42650,28-Sep-1946,8873,VB001997
Jessica,Baker,,(768) 251-1919,8170 Main St,Oxford,IN,87203,03-24-1993,1401,VB001998
Robert,Johnson,robert.johnson27@gmail.com,8925465955,1930 Cedar Ln,Oxford,il,77214,10/31/1971,1510,VB001999
William,Scott,william.scott64@outlook.com,694-459-5673,4481 Valley Ln,Clinton,KY,86978,1962-01-02,1555,VB002000
Sandra,Torres,,+19669092802,3974 Forest Ave,Madison,OR,53529,08-Sep-1995,7578,VB002001
Anthony,Baker,anthony.baker7@gmail.com,334.486.9029,1957 Main St,Richmond,co,16236,02-23-1960,9351,VB002002
Betty,Walker,betty.walker54@yahoo.com,(735) 812-2997,8504 Cedar Ln,Burlington,NM,80677,09/12/1995,6507,VB002003
Barbara,Young,barbara.young62@outlook.com,5855141346,4455 Sunset Blvd,Oxford,NV,92665,1991-01-31,7033,VB002004
William,Jackson,william.jackson38@outlook.com,821-980-8642,6547 Oak Ave,Marion,ma,72783,05-Sep-1996,5784,VB002005
Barbara,Allen,barbara.allen6@hotmail.com,+18896615240,7634 Sunset Blvd,Richmond,NE,46914,08-22-1967,2610,VB002006
Mark,Johnson,mark.johnson72@hotmail.com,792.665.7911,785 Forest Ave,Fairview,TX,51392,03/30/1959,6863,VB002007
Christopher,Adams,,(981) 844-6850,2499 Jefferson Dr,Salem,oh,18242,1942-03-16,7020,VB002008
John,Torres,john.torres26@yahoo.com,7103789812,2502 Lake Rd,Fairview,MO,29442,27-Jul-1941,3795,VB002009
Barbara,Nguyen,,676-280-3243,1115 Washington St,Arlington,NH,47866,04-26-1980,3888,VB002010
Lisa,Baker,lisa.baker12@hotmail.com,+12665094786,6782 Sunset Blvd,Manchester,ia,38743,12/06/1983,8647,VB002011
Betty,Wilson,betty.wilson1@yahoo.com,948.866.2624,117 Hill Rd,Salem,ND,67627,1940-03-04,5655,VB002012
Charles,Garcia,charles.garcia61@gmail.com,(263) 544-7003,9696 Main St,Franklin,WV,20296,17-Aug-1987,1909,VB002013
William,Allen,william.allen92@hotmail.com,5169663942,4704 Sunset Blvd,Oxford,co,84173,08-05-1986,5256,VB002014
Anthony,Hill,anthony.hill55@gmail.com,527-683-5043,9041 Lake Rd,Georgetown,WV,24570,04/10/1952,9945,VB002015
Sarah,Adams,sarah.adams89@outlook.com,+18459461139,4221 Jefferson Dr,Oxford,WA,92058,2001-08-15,9739,VB002016
Charles,Brown,,329.888.3104,3214 Lincoln Ave,Manchester,hi,19903,02-Sep-1963,3726,VB002017
Charles,Hall,charles.hall15@icloud.com,(969) 781-8255,5253 Cedar Ln,Fairview,North Carolina,46529,02-07-1953,7078,VB002018
Anthony,Davis,anthony.davis40@hotmail.com,5229436255,4058 Washington St,Greenville,RI,61101,09/04/1984,9148,VB002019
Joseph,Garcia,joseph.garcia23@gmail.com,728-784-7039,8810 Sunset Blvd,Springfield,sc,13378,1998-11-26,2725,VB002020
Daniel,Nelson,daniel.nelson32@icloud.com,+18934245415,3665 Oak Ave,Madison,IN,89420,24-Feb-1972,8076,VB002021
Charles,Baker,charles.baker85@outlook.com,941.441.2827,2140 Jefferson Dr,Fairview,IL,82680,03-03-1965,5007,VB002022
Sandra,Wright,,(455) 644-3466,2298 Oak Ave,Madison,sc,47676,05/12/1943,8097,VB002023
Joseph,Smith,,6327605788,5696 Oak Ave,Dayton,Georgia,32067,1964-04-21,2016,VB002024
Charles,Williams,,586-890-4415,9180 Lake Rd,Springfield,ND,38717,21-Sep-1977,3645,VB002025
John,Adams,john.adams38@aol.com,+18176464264,9100 Jefferson Dr,Dayton,ut,63030,05-25-1980,4556,VB002026
Robert,Harris,,626.550.8511,9039 Washington St,Franklin,SC,37318,02/12/2000,3779,VB002027
Barbara,Young,barbara.young68@yahoo.com,(801) 226-1049,9531 Main St,Salem,DE,69100,1943-01-05,3070,VB002028
Charles,Baker,charles.baker70@gmail.com,2037188366,1758 Forest Ave,Dayton,mt,96245,15-Oct-1988,3520,VB002029
Christopher,Scott,christopher.scott56@yahoo.com,745-884-7927,39 Forest Ave,Burlington,North Carolina,21096,04-03-1962,9303,VB002030
Mark,Scott,mark.scott45@aol.com,+12783719937,1888 Oak Ave,Fairview,IA,63240,01/27/1969,2710,VB002031
James,Williams,james.williams51@icloud.com,365.670.7578,2817 Valley Ln,Greenville,id,65720,1978-10-12,8126,VB002032
Linda,Baker,linda.baker43@hotmail.com,(569) 500-4579,8692 Forest Ave,Marion,WI,95105,15-Oct-1940,2879,VB002033
Patricia,Young,patricia.young63@yahoo.com,5884232089,9300 Valley Ln,Manchester,WI,56753,09-02-1997,7248,VB002034
David,Hill,david.hill6@icloud.com,987-434-4586,7336 Washington St,Georgetown,ga,33899,01/30/1991,7474,VB002035
Nancy,Baker,,+17755051231,7408 Lincoln Ave,Salem,Florida,64647,1982-11-02,2857,VB002036
Mark,Wright,mark.wright40@icloud.com,987.555.1456,6663 Jefferson Dr,Burlington,FL,90283,12-Feb-1996,6220,VB002037
Matthew,Young,matthew.young23@aol.com,(702) 722-6441,8518 Jefferson Dr,Salem,or,55434,08-14-1991,9158,VB002038
Lisa,Taylor,lisa.taylor19@yahoo.com,8555457911,9366 River Dr,Richmond,California,20369,07/14/1954,6629,VB002039
Jennifer,Hall,jennifer.hall36@outlook.com,587-294-1454,1042 Main St,Clinton,UT,18530,1991-05-18,6694,VB002040
Margaret,Harris,margaret.harris25@gmail.com,+19394072278,920 Hill Rd,Georgetown,sd,55899,07-Sep-1978,1765,VB002041
Patricia,Young,patricia.young97@yahoo.com,213.448.9848,55 Sunset Blvd,Richmond,NV,98158,02-13-2003,6398,VB002042
Mark,Hall,mark.hall76@gmail.com,(519) 944-3677,6054 Maple Dr,Marion,UT,44899,11/10/1973,6284,VB002043
Daniel,Young,,3627077008,5725 Lincoln Ave,Greenville,ms,76340,1990-07-06,4649,VB002044
Christopher,Torres,christopher.torres73@outlook.com,736-855-9745,5074 Lake Rd,Salem,Ohio,39770,13-Jan-1948,8239,VB002045
Jennifer,Young,jennifer.young75@yahoo.com,+14103192655,3978 Maple Dr,Springfield,AZ,83715,09-19-1951,1686,VB002046
Mary,Anderson,mary.anderson84@icloud.com,822.352.5500,4160 Main St,Salem,ca,93582,01/17/2000,7066,VB002047
Sandra,Harris,,(380) 484-2621,8967 Cedar Ln,Dayton,IN,56208,1977-08-11,8656,VB002048
Jennifer,Scott,jennifer.scott59@icloud.com,4306496150,6789 Lincoln Ave,Franklin,MS,96256,03-Feb-1943,2048,VB002049
Lisa,Jones,lisa.jones73@icloud.com,237-717-7235,7872 Jefferson Dr,Burlington,ri,14162,05-09-1944,6061,VB002050
Betty,Torres,,+19044464384,8856 Valley Ln,Greenville,KS,49407,12/14/1995,6891,VB002051
Linda,Davis,linda.davis85@yahoo.com,686.326.4266,2995 Forest Ave,Oxford,AZ,37294,2002-06-30,4797,VB002052
Karen,Miller,karen.miller33@aol.com,(216) 704-5344,2305 River Dr,Marion,sc,11155,15-Sep-1950,8329,VB002053
Mark,Scott,,5113441536,1221 Oak Ave,Oxford,NH,98476,10-26-1942,3205,VB002054
Margaret,Hall,margaret.hall47@aol.com,282-266-6191,18 Cedar Ln,Dayton,KS,55200,06/22/1970,5412,VB002055
Joseph,White,joseph.white70@yahoo.com,+16113286782,3410 River Dr,Clinton,ne,70369,1980-07-30,8272,VB002056
Patricia,Taylor,patricia.taylor72@aol.com,846.920.4165,9080 Sunset Blvd,Franklin,AZ,90521,13-Mar-1969,8065,VB002057
William,Hall,william.hall81@hotmail.com,(991) 344-8884,5559 Main St,Georgetown,MT,80931,02-25-1985,2011,VB002058
Sarah,Allen,sarah.allen44@gmail.com,7185279120,6080 Washington St,Oxford,ks,15806,10/21/1943,6776,VB002059
Michael,Wright,michael.wright26@aol.com,612-360-8200,4166 Jefferson Dr,Clinton,MT,67253,1953-05-11,2293,VB002060
Lisa,Walker,,+12386092249,5532 Lake Rd,Arlington,RI,77729,23-May-1992,4065,VB002061
James,Davis,,743.541.8757,3668 Forest Ave,Springfield,mo,25075,10-03-1955,5561,VB002062
Jessica,Anderson,jessica.anderson58@icloud.com,(913) 936-9824,1302 Jefferson Dr,Burlington,NH,44542,05/31/1966,4038,VB002063
Barbara,Miller,barbara.miller28@yahoo.com,6102725713,6003 Lake Rd,Springfield,RI,32507,1968-02-09,5530,VB002064
Michael,White,michael.white68@gmail.com,596-781-4639,2519 Washington St,Burlington,wy,78722,21-Jan-1993,5360,VB002065
Anthony,King,anthony.king97@outlook.com,+12383751109,9397 Washington St,Clinton,Florida,81950,11-26-1977,8014,VB002066
Robert,Young,robert.young22@yahoo.com,427.302.4082,128 Jefferson Dr,Madison,AL,10781,04/09/1997,6480,VB002067
Matthew,Allen,matthew.allen85@aol.com,(592) 704-6446,2946 River Dr,Burlington,nd,15017,1972-09-12,6841,VB002068
Richard,Martin,richard.martin22@gmail.com,6965183072,5465 Washington St,Richmond,AK,50179,26-Oct-1988,2491,VB002069
Margaret,Allen,margaret.allen54@hotmail.com,467-983-9409,6005 Maple Dr,Greenville,KY,59295,05-20-1949,1509,VB002070
Michael,Martin,michael.martin82@outlook.com,+18383459432,8598 Hill Rd,Clinton,fl,38336,09/17/1966,6435,VB002071
Christopher,Baker,christopher.baker16@gmail.com,243.653.7867,7138 Cedar Ln,Fairview,AR,18306,1974-06-17,2444,VB002072
Jessica,Harris,,(314) 342-1145,8052 Valley Ln,Georgetown,OR,74400,22-Jun-1941,4168,VB002073
Charles,Martin,charles.martin64@icloud.com,3806439404,5868 River Dr,Georgetown,ms,11874,03-16-1972,3188,VB002074
Nancy,Brown,nancy.brown8@icloud.com,660-457-3212,2360 Lincoln Ave,Dayton,TN,34707,07/15/1995,8025,VB002075
Lisa,Thomas,,+15423901732,5427 Sunset Blvd,Marion,TN,13023,2003-05-20,3415,VB002076
Daniel,Hall,,409.507.9822,827 Park Blvd,Madison,vt,27432,05-Nov-2001,1954,VB002077
Sandra,Garcia,sandra.garcia24@icloud.com,(724) 509-4708,8804 River Dr,Fairview,ID,28703,12-28-1954,2162,VB002078
Lisa,Johnson,lisa.johnson70@aol.com,2357984689,2841 Maple Dr,Georgetown,IL,42409,07/04/1958,3839,VB002079
Daniel,Hill,,974-828-5604,3268 Washington St,Marion,oh,13239,1989-07-29,6736,VB002080
Charles,Walker,charles.walker28@hotmail.com,+12766982915,2585 Washington St,Burlington,ME,48605,13-Feb-1978,3713,VB002081
Ashley,Miller,ashley.miller95@yahoo.com,466.936.1364,9163 Hill Rd,Georgetown,MI,90130,01-28-1970,6030,VB002082
Matthew,Allen,matthew.allen83@icloud.com,(202) 902-1859,4181 Lincoln Ave,Oxford,ny,12430,01/20/1944,5942,VB002083
Matthew,Jackson,matthew.jackson71@yahoo.com,4539342206,7998 Valley Ln,Fairview,MO,47686,1997-09-26,9184,VB002084
Joseph,Smith,joseph.smith40@yahoo.com,725-806-3592,237 Washington St,Madison,ME,62891,16-Mar-1958,6223,VB002085
Sandra,Johnson,sandra.johnson37@aol.com,+15454833473,8405 Washington St,Richmond,mt,46636,10-23-1944,5187,VB002086
Patricia,Allen,patricia.allen15@gmail.com,919.921.6700,9573 Valley Ln,Burlington,MN,12655,08/10/1966,4640,VB002087
Sarah,Walker,sarah.walker45@gmail.com,(771) 488-4279,3099 Lincoln Ave,Salem,FL,42828,1949-08-20,8393,VB002088
Thomas,Nguyen,thomas.nguyen85@aol.com,3593963898,1347 Lincoln Ave,Manchester,ia,33636,09-Apr-1943,7612,VB002089
Nancy,Williams,nancy.williams3@icloud.com,815-869-7378,9045 Hill Rd,Richmond,Illinois,31152,01-25-1981,7046,VB002090
Patricia,Allen,patricia.allen28@yahoo.com,+19727755298,5549 Valley Ln,Richmond,NC,22000,01/04/1959,6001,VB002091
Jessica,Jackson,jessica.jackson58@yahoo.com,575.936.5826,9072 Cedar Ln,Georgetown,la,58596,2004-03-31,6189,VB002092
Sandra,Wright,,(750) 919-8130,1182 Washington St,Dayton,Georgia,13113,13-Mar-1981,6434,VB002093
Margaret,Wright,margaret.wright67@outlook.com,8589791844,7239 Hill Rd,Manchester,OR,60383,02-05-2004,2111,VB002094
Joseph,Thompson,joseph.thompson68@outlook.com,585-395-3407,9985 Park Blvd,Manchester,ga,46267,11/29/1983,5973,VB002095
John,Thompson,john.thompson52@icloud.com,+19662226453,5599 Lake Rd,Burlington,SD,45338,1974-01-03,6744,VB002096
Matthew,Martin,,569.332.4850,8426 Hill Rd,Marion,WY,55654,31-Jan-1976,3667,VB002097
Susan,Brown,,(577) 596-3179,6493 Valley Ln,Greenville,fl,60775,03-14-1990,6090,VB002098
Susan,Miller,susan.miller22@yahoo.com,7379586989,2773 Oak Ave,Madison,NE,26299,12/01/1946,2310,VB002099
Matthew,Wilson,matthew.wilson89@gmail.com,284-848-9292,551 Park Blvd,Springfield,IN,35760,1966-11-30,1082,VB002100
Richard,King,richard.king59@outlook.com,+19115118560,6065 River Dr,Richmond,tn,61748,17-Jul-1972,8503,VB002101
Linda,Nelson,linda.nelson70@hotmail.com,476.406.8310,9405 Park Blvd,Clinton,MT,19893,07-05-1947,2194,VB002102
Charles,Johnson,charles.johnson85@hotmail.com,(849) 705-4593,5343 Hill Rd,Springfield,MI,45285,10/31/1949,8064,VB002103
Robert,Walker,robert.walker57@outlook.com,9117602406,7069 Main St,Arlington,mn,92217,1947-10-13,2692,VB002104
Charles,Wilson,,245-790-3855,6896 Maple Dr,Marion,WY,77732,10-Sep-1975,6678,VB002105
Jessica,Nelson,jessica.nelson81@hotmail.com,+13314499306,1565 Lake Rd,Manchester,ME,72035,07-20-1967,4435,VB002106
Matthew,Torres,matthew.torres37@outlook.com,539.904.5040,6038 Sunset Blvd,Marion,ri,50773,02/09/1980,8779,VB002107
Nancy,Williams,nancy.williams23@aol.com,(492) 915-7175,9590 Washington St,Franklin,NJ,83365,1987-02-13,6184,VB002108
Patricia,Martin,patricia.martin36@hotmail.com,4467698009,750 Forest Ave,Richmond,IN,15477,20-Apr-1957,2884,VB002109
Jennifer,Wright,jennifer.wright67@outlook.com,725-694-5532,7714 Cedar Ln,Greenville,mo,44496,03-09-1958,6839,VB002110
Joseph,Wright,joseph.wright28@icloud.com,+17075311718,2124 River Dr,Salem,NJ,90943,08/26/1992,6430,VB002111
Linda,Harris,linda.harris17@hotmail.com,669.365.5956,2463 Jefferson Dr,Madison,IA,16991,1971-08-03,7554,VB002112
Betty,Jackson,betty.jackson25@yahoo.com,(705) 607-1692,9122 Cedar Ln,Oxford,az,71674,30-May-1993,7783,VB002113
Mary,King,,8899948577,3644 Valley Ln,Dayton,Texas,99196,02-18-1947,3775,VB002114
Patricia,Thompson,patricia.thompson51@gmail.com,891-482-3431,9848 River Dr,Burlington,NH,60088,07/27/1977,2359,VB002115
Anthony,Jackson,,+12345195418,3634 Cedar Ln,Georgetown,ks,80839,1964-07-02,1322,VB002116
Sandra,White,sandra.white44@aol.com,495.540.5449,5689 Main St,Dayton,MA,96550,23-Nov-1997,3963,VB002117
Barbara,Davis,barbara.davis1@icloud.com,(920) 377-7193,1898 Sunset Blvd,Madison,HI,26188,03-04-1987,6285,VB002118
Jennifer,Jones,jennifer.jones48@aol.com,6372276642,3377 Washington St,Richmond,tx,83847,08/19/1977,3621,VB002119
Patricia,Walker,patricia.walker69@icloud.com,396-623-4256,6975 Valley Ln,Springfield,VT,29722,1997-11-15,9319,VB002120
Charles,Hall,,+19862801177,4814 Maple Dr,Springfield,MA,40859,19-May-1998,4072,VB002121
Joseph,Taylor,joseph.taylor8@aol.com,601.694.2722,3828 Forest Ave,Springfield,pa,24515,11-15-1941,1245,VB002122
Anthony,Anderson,anthony.anderson7@gmail.com,(820) 856-1087,6794 Maple Dr,Dayton,Michigan,13401,07/16/1992,5454,VB002123
Sandra,Johnson,,4843428812,5179 Lake Rd,Dayton,WA,32300,1976-04-14,4840,VB002124
Anthony,Davis,,871-581-5931,1682 Lincoln Ave,Arlington,mo,52856,03-Aug-1941,9765,VB002125
Lisa,Taylor,lisa.taylor13@aol.com,+18242723471,576 Jefferson Dr,Dayton,CT,18770,09-05-1949,8132,VB002126
David,Wilson,david.wilson2@yahoo.com,545.343.1287,5023 Lake Rd,Salem,PA,46443,12/03/1980,5672,VB002127
Richard,Smith,,(394) 416-2341,9738 Valley Ln,Richmond,nd,64794,1952-05-31,8866,VB002128
John,Johnson,john.johnson33@hotmail.com,9794773823,5660 Park Blvd,Burlington,WY,56037,09-Dec-1969,5643,VB002129
Anthony,Nguyen,,487-912-3068,7059 Oak Ave,Marion,TX,99194,10-02-1975,4810,VB002130
Thomas,Hall,thomas.hall66@outlook.com,+13136493316,5709 Main St,Georgetown,va,11449,08/01/1968,6089,VB002131
Jennifer,Davis,jennifer.davis28@gmail.com,529.965.7289,8196 Washington St,Greenville,DE,93325,2003-12-04,3029,VB002132
John,Walker,john.walker3@hotmail.com,(840) 640-9366,5712 Jefferson Dr,Manchester,NY,36594,27-Oct-1980,4308,VB002133
Linda,Brown,,7203383472,4527 Lake Rd,Springfield,id,54453,05-25-1994,2527,VB002134
Sarah,Smith,sarah.smith21@aol.com,582-236-7528,8710 Forest Ave,Arlington,LA,47918,04/22/1948,3075,VB002135
Linda,Nguyen,,+17878991798,1654 Lake Rd,Georgetown,AK,79360,1988-12-18,1016,VB002136
Margaret,Jones,margaret.jones81@hotmail.com,298.325.8614,2798 River Dr,Fairview,ct,67667,23-Nov-1999,3821,VB002137
Robert,Martin,,(859) 836-8447,3782 Cedar Ln,Salem,MO,58066,01-16-1985,1931,VB002138
Patricia,Williams,patricia.williams25@hotmail.com,7062152936,6534 Lincoln Ave,Manchester,MS,42924,10/18/1950,9584,VB002139
Matthew,Williams,,659-329-9261,210 Valley Ln,Dayton,hi,95502,1967-04-23,4050,VB002140
Sarah,Nelson,sarah.nelson6@icloud.com,+15516367432,1245 Valley Ln,Georgetown,AK,14364,26-Dec-1986,2382,VB002141
Jessica,Williams,jessica.williams26@outlook.com,391.801.3385,4776 Lake Rd,Manchester,RI,97623,11-29-1988,8711,VB002142
Matthew,Baker,matthew.baker89@yahoo.com,(845) 907-8676,7642 Hill Rd,Arlington,mi,48740,11/07/1985,6907,VB002143
Thomas,Williams,thomas.williams26@icloud.com,8564868609,2067 Main St,Springfield,Pennsylvania,42340,1948-02-11,7909,VB002144
Charles,Allen,charles.allen88@icloud.com,289-594-5394,5736 Forest Ave,Georgetown,ID,73936,24-Dec-1970,5728,VB002145
Jessica,Walker,,+19466867929,7378 Jefferson Dr,Fairview,va,83886,11-14-1994,6053,VB002146
Ashley,Anderson,ashley.anderson97@yahoo.com,765.435.8514,9365 River Dr,Oxford,TN,30501,01/22/1999,8911,VB002147
James,Young,james.young44@hotmail.com,(756) 284-9972,6968 Forest Ave,Madison,MO,42105,1943-08-24,1830,VB002148
Karen,Johnson,karen.johnson71@hotmail.com,5507057437,3866 Park Blvd,Franklin,wv,66761,01-Jul-1956,7112,VB002149
Mark,Torres,mark.torres77@icloud.com,678-482-8562,9793 Lake Rd,Arlington,OR,60688,03-06-1978,5289,VB002150
Margaret,Wright,,+19389899561,9690 River Dr,Richmond,DE,25809,11/03/1966,2996,VB002151
Matthew,Smith,,453.776.7374,6372 Forest Ave,Clinton,wa,51290,1995-08-04,3329,VB002152
David,Garcia,,(732) 578-3650,5609 Lake Rd,Georgetown,WY,42493,04-Nov-1966,5852,VB002153
William,Nelson,william.nelson8@icloud.com,6333202482,2519 Oak Ave,Manchester,NJ,11187,04-13-1964,4493,VB002154
Ashley,Wilson,ashley.wilson93@gmail.com,316-814-6065,2566 Hill Rd,Dayton,ny,78719,06/27/1959,9548,VB002155
John,Baker,john.baker54@yahoo.com,+18209755985,4954 Maple Dr,Springfield,MS,32725,1941-12-21,4292,VB002156
Nancy,Johnson,nancy.johnson39@aol.com,643.477.2101,2600 Jefferson Dr,Burlington,OK,71323,20-Feb-1970,1878,VB002157
Thomas,Smith,thomas.smith83@gmail.com,(235) 678-8791,4703 Forest Ave,Fairview,ks,53955,05-25-1971,2543,VB002158
Karen,Thomas,karen.thomas60@icloud.com,7229347479,4018 Park Blvd,Springfield,MN,79668,11/25/1952,1577,VB002159
Daniel,Young,daniel.young25@outlook.com,848-895-6148,4745 Forest Ave,Fairview,AR,70365,1962-11-12,3521,VB002160
James,Walker,james.walker91@outlook.com,+12806264575,2021 Cedar Ln,Arlington,il,42560,19-Nov-1973,4288,VB002161
Robert,Miller,robert.miller7@yahoo.com,637.704.2746,4120 Sunset Blvd,Clinton,NJ,96463,04-28-2001,6353,VB002162
Jennifer,Allen,jennifer.allen29@hotmail.com,(919) 536-5833,5972 Valley Ln,Arlington,ID,15923,03/30/1969,6777,VB002163
Jennifer,Johnson,jennifer.johnson38@aol.com,3258512640,5358 Maple Dr,Madison,md,29652,1957-04-13,1870,VB002164
Sarah,Harris,sarah.harris81@hotmail.com,310-575-5111,930 Jefferson Dr,Oxford,VT,92949,30-Oct-1981,7495,VB002165
Linda,Harris,linda.harris29@gmail.com,+17436603019,1310 Jefferson Dr,Springfield,VT,57015,02-27-1964,9658,VB002166
Robert,Smith,robert.smith36@icloud.com,229.985.6617,3020 Sunset Blvd,Arlington,wy,87537,04/22/1986,3934,VB002167
Joseph,Brown,joseph.brown3@outlook.com,(560) 531-1613,2818 River Dr,Madison,NM,27585,1951-12-24,4304,VB002168
Matthew,Thompson,matthew.thompson50@outlook.com,6758111994,1801 River Dr,Marion,VT,60624,25-Dec-2001,2735,VB002169
Margaret,Allen,,231-579-8024,2960 Lake Rd,Salem,ca,84625,10-09-1980,7177,VB002170
Karen,Harris,,+13075426740,5234 Sunset Blvd,Greenville,VT,69355,09/23/2004,1350,VB002171
Patricia,Allen,patricia.allen27@hotmail.com,469.863.2307,1429 Main St,Springfield,WA,51420,1952-05-27,5498,VB002172
Susan,Jones,susan.jones39@yahoo.com,(626) 788-3099,5581 River Dr,Georgetown,ut,14313,18-Jun-1945,3641,VB002173
Patricia,King,,8427713918,678 Valley Ln,Clinton,Illinois,18320,05-16-1963,8685,VB002174
Nancy,Scott,nancy.scott87@outlook.com,944-271-6629,1327 Maple Dr,Richmond,FL,61155,08/05/1951,2659,VB002175
Charles,White,charles.white60@outlook.com,+12803126867,2251 Valley Ln,Burlington,mo,39194,1968-10-21,4373,VB002176
Barbara,Jones,,590.707.8019,1697 River Dr,Dayton,KY,72890,16-Apr-1953,6565,VB002177
Lisa,Hall,,(456) 388-5555,4279 Sunset Blvd,Dayton,MT,26552,04-10-1967,2480,VB002178
Michael,Nelson,michael.nelson33@outlook.com,8826776505,4907 Sunset Blvd,Dayton,ar,68192,07/07/1992,5262,VB002179
William,Thomas,william.thomas46@aol.com,753-559-2834,6264 Main St,Greenville,CT,23933,1991-08-01,2809,VB002180
Betty,Hill,betty.hill6@aol.com,+19182779184,1675 Park Blvd,Springfield,WY,82326,07-Mar-1961,5475,VB002181
Anthony,Thompson,anthony.thompson40@icloud.com,576.797.3861,8883 Park Blvd,Salem,ks,91997,12-03-1949,4807,VB002182
Joseph,Thompson,joseph.thompson20@yahoo.com,(344) 642-8859,6402 Cedar Ln,Fairview,AK,38139,09/16/1973,9788,VB002183
Linda,Walker,linda.walker73@aol.com,7316833942,8670 Forest Ave,Arlington,NJ,19548,1958-11-15,1669,VB002184
Mark,Jones,mark.jones2@yahoo.com,474-808-3204,681 River Dr,Burlington,az,90186,20-Sep-1941,2436,VB002185
Margaret,Hall,margaret.hall28@aol.com,+18586211995,2841 Main St,Manchester,VT,53618,05-08-1944,9856,VB002186
Michael,Jackson,michael.jackson15@hotmail.com,452.744.7963,8519 Forest Ave,Burlington,GA,76317,08/29/1980,3786,VB002187
Betty,Hall,betty.hall34@gmail.com,(676) 404-6121,8607 Forest Ave,Clinton,wa,45265,1971-09-21,5644,VB002188
Lisa,Scott,,5069365272,3816 Forest Ave,Fairview,ID,16998,14-Nov-1945,5226,VB002189
Jessica,Jones,,283-231-5077,8391 Lincoln Ave,Georgetown,CO,76378,02-04-1960,9146,VB002190
Mark,Jones,,+13413617943,4695 Forest Ave,Greenville,nc,42431,07/26/1997,5013,VB002191
Matthew,Baker,matthew.baker32@aol.com,867.447.1988,6667 Washington St,Oxford,WY,52629,1973-06-20,5024,VB002192
Barbara,Davis,barbara.davis58@yahoo.com,(412) 491-7150,2635 Maple Dr,Madison,VA,62712,22-Jan-1965,5443,VB002193
Karen,Hill,,5055508594,9165 Washington St,Madison,mn,82478,03-14-1943,9996,VB002194
Lisa,Thomas,lisa.thomas63@outlook.com,280-645-1997,6362 Hill Rd,Springfield,KS,14996,11/04/1967,1504,VB002195
Betty,Anderson,betty.anderson73@aol.com,+12862533549,2580 Lincoln Ave,Oxford,AR,98338,1947-04-27,5458,VB002196
Sarah,Garcia,,588.399.2137,5112 Oak Ave,Manchester,az,87526,25-Sep-1951,5607,VB002197
Patricia,Thomas,patricia.thomas45@hotmail.com,(988) 463-8841,7526 Maple Dr,Salem,CT,82778,04-05-1942,6276,VB002198
Barbara,Scott,barbara.scott19@gmail.com,7277004566,9138 Sunset Blvd,Greenville,CT,26658,08/06/1969,6340,VB002199
Karen,Taylor,karen.taylor96@outlook.com,500-394-8995,2073 River Dr,Franklin,wy,40647,1969-04-04,7722,VB002200
Sandra,Hill,,+15796491348,2088 Oak Ave,Madison,CO,62881,16-Jun-2003,7622,VB002201
Mary,Brown,mary.brown16@outlook.com,527.499.9041,9273 Cedar Ln,Oxford,UT,13097,08-17-1975,6701,VB002202
William,White,william.white89@aol.com,(908) 393-4221,7522 Park Blvd,Franklin,mn,35788,09/06/1970,4838,VB002203
Joseph,Allen,,6287029586,787 Forest Ave,Salem,HI,88661,1943-12-01,4437,VB002204
Christopher,Miller,christopher.miller61@outlook.com,300-599-8423,1594 River Dr,Richmond,VT,94545,02-Apr-1983,8840,VB002205
James,Walker,james.walker29@aol.com,+13297366946,8813 Sunset Blvd,Georgetown,sd,49950,09-10-2000,8187,VB002206
Nancy,Hill,nancy.hill42@hotmail.com,221.478.1311,2501 Cedar Ln,Clinton,New York,29137,10/30/1949,7226,VB002207
Sarah,Nguyen,sarah.nguyen8@aol.com,(976) 367-6188,6441 River Dr,Madison,OK,93707,1954-12-02,7061,VB002208
Joseph,Taylor,joseph.taylor40@yahoo.com,7149471034,3541 River Dr,Dayton,nj,94376,11-Nov-1952,4136,VB002209
William,Williams,william.williams68@outlook.com,834-340-2116,911 Jefferson Dr,Arlington,LA,63187,03-27-1977,3156,VB002210
David,Garcia,david.garcia26@aol.com,+18845066754,6702 Hill Rd,Greenville,MN,59590,11/26/2002,7600,VB002211
Linda,Allen,linda.allen47@yahoo.com,847.703.6865,1137 Jefferson Dr,Georgetown,la,61771,1957-08-21,9904,VB002212
Jessica,Thompson,,(508) 870-2345,9908 Maple Dr,Marion,CO,99719,09-Mar-2002,9573,VB002213
Margaret,Johnson,margaret.johnson18@hotmail.com,3502329092,4375 Jefferson Dr,Fairview,WV,47439,12-28-1978,5448,VB002214
Matthew,Miller,matthew.miller74@aol.com,773-397-4088,7762 River Dr,Franklin,ks,64783,05/23/1982,2902,VB002215
Mark,Thompson,mark.thompson91@aol.com,+19863556410,3658 Jefferson Dr,Richmond,CO,50716,1946-10-19,2038,VB002216
Jessica,White,jessica.white65@icloud.com,283.731.7925,4527 Sunset Blvd,Madison,NC,63548,11-Apr-1994,5084,VB002217
Margaret,Walker,margaret.walker5@yahoo.com,(431) 535-5636,1272 Sunset Blvd,Manchester,de,44400,08-12-1958,7613,VB002218
Barbara,Nguyen,,3766975509,2906 Maple Dr,Franklin,Florida,98045,01/20/1950,2446,VB002219
Anthony,Hill,anthony.hill86@hotmail.com,956-732-5118,2562 Lincoln Ave,Richmond,ID,53120,1974-08-27,9931,VB002220
Thomas,Miller,,+19376169004,9097 Lincoln Ave,Fairview,vt,72402,11-Dec-1997,9041,VB002221
Linda,Jackson,linda.jackson89@icloud.com,756.589.7907,2158 Valley Ln,Oxford,New York,62874,02-07-1948,6445,VB002222
Richard,Hall,richard.hall97@gmail.com,(789) 540-3013,4108 Hill Rd,Oxford,IA,76234,09/08/1959,9983,VB002223
James,Adams,,7409738793,8333 Main St,Richmond,in,34007,1965-05-22,1113,VB002224
Richard,Jackson,,301-537-7293,7629 Lincoln Ave,Salem,KS,41526,01-May-1976,3596,VB002225
Ashley,Garcia,ashley.garcia11@icloud.com,+17477994197,5913 Hill Rd,Springfield,MS,81589,09-12-1957,1826,VB002226
Patricia,Brown,patricia.brown38@gmail.com,735.356.2929,6087 Park Blvd,Georgetown,md,48532,08/05/1983,1458,VB002227
Thomas,Martin,,(381) 653-4114,6247 Park Blvd,Marion,RI,48398,1981-03-21,4860,VB002228
Sarah,Anderson,,9929762147,7931 Hill Rd,Fairview,MN,65274,05-Mar-1957,7179,VB002229
Linda,Nguyen,linda.nguyen34@gmail.com,519-591-8958,9503 Jefferson Dr,Clinton,pa,36829,09-08-1985,3453,VB002230
Daniel,Thompson,daniel.thompson33@hotmail.com,+18737544088,5160 Cedar Ln,Madison,WV,54096,12/23/1966,1276,VB002231
Charles,Nelson,charles.nelson95@gmail.com,536.213.9021,1664 Valley Ln,Salem,AZ,88889,1971-10-04,8946,VB002232
Patricia,Nguyen,patricia.nguyen4@outlook.com,(561) 367-8011,6438 Park Blvd,Greenville,nv,68342,07-Oct-1959,7042,VB002233
Jessica,Wilson,jessica.wilson73@outlook.com,9309151910,5650 Park Blvd,Burlington,Michigan,33613,09-11-1946,1659,VB002234
Christopher,King,christopher.king66@yahoo.com,746-487-7015,6532 Sunset Blvd,Manchester,CO,26761,04/20/1972,8976,VB002235
Joseph,Torres,joseph.torres16@aol.com,+12498214254,3951 Valley Ln,Franklin,sd,98969,1957-10-05,9070,VB002236
Charles,Baker,charles.baker57@aol.com,713.921.9298,7236 Oak Ave,Richmond,New York,10760,10-Nov-1982,3619,VB002237
Joseph,Hall,joseph.hall39@gmail.com,(650) 704-5134,8831 Jefferson Dr,Marion,WA,19623,04-09-1977,9318,VB002238
Ashley,Garcia,ashley.garcia82@gmail.com,6995467543,1104 River Dr,Marion,az,89609,04/10/1970,8145,VB002239
Mark,Thomas,mark.thomas87@hotmail.com,800-690-7556,8089 Sunset Blvd,Greenville,NE,36446,2000-04-14,3471,VB002240
Ashley,Scott,ashley.scott18@hotmail.com,+17106514554,6301 Main St,Manchester,ND,47150,12-Dec-1946,3058,VB002241
Thomas,Harris,thomas.harris66@gmail.com,610.645.7705,5853 Lake Rd,Greenville,ky,77670,06-11-1990,6906,VB002242
Joseph,White,joseph.white3@outlook.com,(975) 311-5747,1526 Sunset Blvd,Madison,SC,42123,10/03/1953,6604,VB002243
Jessica,Hill,jessica.hill85@gmail.com,6257026591,6883 Forest Ave,Dayton,CO,91539,1954-05-26,6397,VB002244
Patricia,Jones,patricia.jones49@gmail.com,953-975-2170,4053 Cedar Ln,Richmond,ky,16692,22-Aug-1958,4025,VB002245
Christopher,Young,,+12864302768,1355 Hill Rd,Dayton,CO,91820,07-09-2003,7891,VB002246
William,Davis,william.davis94@gmail.com,445.582.3932,9713 Jefferson Dr,Madison,NH,32559,03/27/1997,4257,VB002247
Barbara,Walker,,(999) 728-6474,6532 Oak Ave,Marion,sc,48599,1976-05-11,6281,VB002248
Patricia,Jones,patricia.jones41@outlook.com,3424452624,1344 River Dr,Georgetown,NV,88216,28-Dec-1972,1908,VB002249
Daniel,Nguyen,daniel.nguyen97@hotmail.com,380-319-9259,6053 Cedar Ln,Marion,MD,94208,04-16-1971,6017,VB002250
Linda,Johnson,linda.johnson67@yahoo.com,+15513837177,4251 Park Blvd,Clinton,la,24601,03/08/1985,6872,VB002251
Michael,Thomas,michael.thomas92@yahoo.com,393.897.5261,6675 Sunset Blvd,Oxford,HI,83948,1983-12-31,9385,VB002252
Thomas,Hill,thomas.hill18@yahoo.com,(637) 834-9288,2325 River Dr,Springfield,WI,18329,02-Aug-1965,9866,VB002253
John,Martin,john.martin77@gmail.com,7985544605,9100 Main St,Marion,tn,81358,09-18-1966,3935,VB002254
Nancy,Wright,nancy.wright33@aol.com,662-449-6881,8077 Main St,Arlington,CT,36484,02/17/1996,6724,VB002255
Karen,Allen,karen.allen52@outlook.com,+18063305244,156 Sunset Blvd,Marion,VA,30380,1998-12-29,3070,VB002256
Christopher,Anderson,,794.490.3088,240 Oak Ave,Springfield,ga,57441,15-Jun-1967,6969,VB002257
Barbara,Wilson,,(871) 897-4100,5713 Park Blvd,Arlington,WY,69160,04-04-2002,4028,VB002258
Karen,Torres,karen.torres8@outlook.com,4287207368,2330 Oak Ave,Georgetown,HI,43763,07/15/1984,3659,VB002259
Sandra,Allen,,541-870-6028,3542 Hill Rd,Fairview,ms,60676,1994-03-23,8695,VB002260
Nancy,Harris,nancy.harris8@hotmail.com,+19273433342,2795 Oak Ave,Georgetown,IN,56263,29-Sep-2003,3866,VB002261
Sandra,Taylor,sandra.taylor76@icloud.com,306.960.6808,9548 Valley Ln,Richmond,AZ,25178,01-01-1976,7309,VB002262
Mark,Nelson,,(491) 241-3190,6465 River Dr,Burlington,mi,14142,05/20/1954,4260,VB002263
Betty,Nguyen,betty.nguyen23@icloud.com,7405752501,6906 Sunset Blvd,Arlington,CO,34565,1974-09-07,8795,VB002264
Mary,Smith,,438-717-1434,9196 Cedar Ln,Burlington,TN,81426,20-Aug-1977,4611,VB002265
David,Thomas,david.thomas46@aol.com,+16174859738,768 Washington St,Arlington,mt,49218,09-25-1958,9319,VB002266
Mark,Smith,,873.490.9567,5783 Oak Ave,Georgetown,Georgia,96122,01/20/1967,7925,VB002267
Charles,Anderson,charles.anderson45@yahoo.com,(764) 534-2870,9706 Washington St,Franklin,FL,77803,1944-11-21,2621,VB002268
Joseph,Allen,joseph.allen85@hotmail.com,9733554007,3784 Park Blvd,Greenville,vt,81720,06-Mar-1955,1979,VB002269
Sandra,Thompson,sandra.thompson35@yahoo.com,867-764-5025,729 Cedar Ln,Fairview,MD,64832,04-02-1978,3519,VB002270
Mary,Nguyen,mary.nguyen74@outlook.com,+15155736477,8258 Jefferson Dr,Oxford,TX,88870,09/10/1991,7543,VB002271
Jennifer,Walker,jennifer.walker24@hotmail.com,332.715.6450,8836 Valley Ln,Madison,ct,38108,1941-10-13,8345,VB002272
Anthony,Thompson,anthony.thompson77@aol.com,(538) 212-5439,7613 Main St,Manchester,HI,11353,27-Jul-1973,7185,VB002273
Christopher,Baker,,5644501092,8864 Hill Rd,Arlington,NE,76903,09-21-1962,4980,VB002274
Mary,Johnson,mary.johnson79@gmail.com,545-457-7160,202 River Dr,Dayton,al,22606,07/19/1970,5682,VB002275
Daniel,Scott,daniel.scott16@aol.com,+19899714611,9338 Lincoln Ave,Salem,SD,85945,1952-01-21,7939,VB002276
Nancy,Walker,nancy.walker13@icloud.com,952.943.1804,9197 River Dr,Richmond,NM,50099,22-Jun-1992,2683,VB002277
David,Martin,david.martin82@gmail.com,(735) 853-3219,5022 Oak Ave,Oxford,id,99898,11-30-2000,1208,VB002278
James,Davis,james.davis76@icloud.com,2927366797,106 Jefferson Dr,Greenville,VA,96160,08/12/1975,8772,VB002279
Betty,Jones,betty.jones90@icloud.com,957-484-1222,9125 Lincoln Ave,Oxford,PA,93452,1958-11-19,5806,VB002280
Sarah,Thompson,,+17779318823,7790 Lincoln Ave,Fairview,ct,77453,29-Jul-1975,2622,VB002281
Nancy,Johnson,nancy.johnson54@outlook.com,561.461.6326,1746 Maple Dr,Greenville,KY,49654,04-30-1963,2125,VB002282
Nancy,Hall,nancy.hall78@icloud.com,(913) 227-9609,2448 River Dr,Marion,VA,12429,01/09/1940,1963,VB002283
Thomas,Allen,thomas.allen94@aol.com,3457321516,3246 Oak Ave,Clinton,de,12404,1996-02-15,1744,VB002284
Thomas,Baker,thomas.baker66@icloud.com,700-767-1178,8176 Cedar Ln,Oxford,AR,15753,06-Nov-1966,8084,VB002285
Ashley,Williams,ashley.williams15@icloud.com,+13292554764,8742 Jefferson Dr,Franklin,OK,72825,05-27-1975,3215,VB002286
Nancy,Wilson,nancy.wilson10@outlook.com,694.668.5600,8955 Oak Ave,Manchester,sd,76223,09/05/1952,2961,VB002287
Margaret,Nguyen,margaret.nguyen21@gmail.com,(627) 393-3562,4984 Jefferson Dr,Clinton,IA,44604,1949-07-26,6480,VB002288
Joseph,Martin,joseph.martin59@gmail.com,3945789739,9909 Jefferson Dr,Dayton,NE,25385,12-Mar-1975,1382,VB002289
Patricia,Wilson,patricia.wilson34@gmail.com,538-452-6730,4984 Hill Rd,Franklin,il,71576,11-27-1943,3966,VB002290
Christopher,Harris,christopher.harris17@gmail.com,+18105996135,7869 Cedar Ln,Richmond,MS,21168,11/22/1968,5712,VB002291
Sandra,Smith,sandra.smith18@aol.com,681.459.2136,7158 Sunset Blvd,Burlington,HI,74232,1995-01-01,8043,VB002292
Linda,Anderson,linda.anderson51@aol.com,(316) 834-7837,6296 Maple Dr,Richmond,il,99024,28-Mar-1944,1148,VB002293
John,Nelson,john.nelson91@hotmail.com,5555242611,8943 Washington St,Springfield,NH,41865,05-12-1947,9189,VB002294
Anthony,Harris,anthony.harris74@aol.com,968-828-1832,4515 Jefferson Dr,Greenville,SD,28222,05/20/1983,2121,VB002295
Joseph,White,joseph.white73@gmail.com,+16403631225,656 Cedar Ln,Burlington,mt,35022,1985-08-09,6846,VB002296
Joseph,Nelson,joseph.nelson40@outlook.com,477.676.5549,6216 Park Blvd,Springfield,Georgia,35301,04-May-1941,6801,VB002297
Richard,Garcia,,(301) 276-3398,8195 Valley Ln,Richmond,TN,51812,09-18-1955,8782,VB002298
Richard,Allen,richard.allen22@aol.com,2212171934,1740 Valley Ln,Fairview,me,37462,09/21/1962,8317,VB002299
Thomas,Wright,thomas.wright82@outlook.com,803-797-6479,8455 Lincoln Ave,Franklin,WA,46835,1940-09-29,5632,VB002300
Susan,Davis,susan.davis49@icloud.com,+12455592857,1154 Forest Ave,Franklin,NV,99491,20-Jul-1945,4720,VB002301
Barbara,Thomas,barbara.thomas45@icloud.com,822.574.7589,3396 Park Blvd,Fairview,wi,21718,03-12-1985,1799,VB002302
Barbara,Adams,barbara.adams38@aol.com,(588) 597-4797,8585 Hill Rd,Marion,California,51821,05/28/1940,4342,VB002303
Lisa,Smith,lisa.smith24@yahoo.com,9017321837,8647 Jefferson Dr,Dayton,MD,19998,1974-12-13,3782,VB002304
Sandra,Anderson,sandra.anderson27@aol.com,441-631-4945,4346 Oak Ave,Burlington,mn,89048,12-Mar-1986,6009,VB002305
David,Walker,david.walker65@outlook.com,+12909776876,6394 River Dr,Fairview,California,94577,02-01-1949,7300,VB002306
Barbara,Hill,barbara.hill29@icloud.com,209.703.7415,8849 River Dr,Fairview,CT,19202,10/18/1955,6382,VB002307
Jennifer,King,jennifer.king85@icloud.com,(649) 225-8217,1137 Jefferson Dr,Fairview,ri,79278,1965-10-26,3639,VB002308
Daniel,Hall,daniel.hall47@aol.com,3943057085,2233 River Dr,Greenville,CT,96070,30-Sep-1998,1564,VB002309
Christopher,King,christopher.king55@aol.com,765-776-6696,6998 Main St,Oxford,ID,48888,09-30-1984,5325,VB002310
Barbara,Torres,barbara.torres58@hotmail.com,+18413852926,2156 Cedar Ln,Springfield,sc,43175,02/04/1941,8514,VB002311
Barbara,Wilson,barbara.wilson48@outlook.com,355.974.6226,1854 Lake Rd,Marion,OR,30567,1982-08-27,2435,VB002312
Mary,White,mary.white88@aol.com,(409) 635-9452,2026 River Dr,Salem,HI,36076,23-Jan-1988,7466,VB002313
Robert,Nelson,robert.nelson20@outlook.com,5019006102,7840 Forest Ave,Richmond,ri,86049,12-19-1999,7528,VB002314
Anthony,White,anthony.white56@gmail.com,808-713-9848,4234 Hill Rd,Fairview,IN,82263,02/08/1954,1289,VB002315
Richard,Anderson,,+14698043431,6043 Park Blvd,Dayton,KY,38938,1947-05-19,1714,VB002316
David,Walker,david.walker31@yahoo.com,321.727.3640,3648 Oak Ave,Manchester,nd,15559,28-Sep-1962,3114,VB002317
Betty,Baker,betty.baker88@icloud.com,(487) 937-9122,4524 Cedar Ln,Marion,Georgia,47554,12-22-1971,3795,VB002318
Robert,Wright,robert.wright52@aol.com,2786795221,9384 Valley Ln,Fairview,SD,89942,12/07/1964,6655,VB002319
William,Thompson,william.thompson26@outlook.com,973-234-2383,8596 Oak Ave,Franklin,nc,23590,1985-07-07,7753,VB002320
Karen,Martin,karen.martin90@aol.com,+12842496940,823 Main St,Burlington,KY,28832,21-Mar-2001,5396,VB002321
Michael,Wilson,michael.wilson16@hotmail.com,901.445.2413,2997 Maple Dr,Arlington,CO,88609,04-15-1941,5163,VB002322
Michael,Davis,michael.davis42@yahoo.com,(572) 772-5027,5593 Oak Ave,Madison,co,42240,03/20/1945,6716,VB002323
Matthew,Davis,,8119292971,8259 Sunset Blvd,Oxford,HI,30529,1943-04-28,3868,VB002324
Linda,Wright,linda.wright67@outlook.com,403-421-7376,4117 Oak Ave,Dayton,NJ,51003,26-Jul-2003,3203,VB002325
Mark,Torres,mark.torres47@gmail.com,+18995135471,6597 Main St,Georgetown,la,49034,04-17-1952,8115,VB002326
Betty,Taylor,betty.taylor34@outlook.com,262.858.3426,233 Main St,Burlington,AZ,48356,12/02/1981,4699,VB002327
Robert,Nguyen,,(465) 692-9659,5040 Hill Rd,Clinton,AK,93994,1968-04-16,7289,VB002328
Margaret,Miller,,9558102013,7885 Jefferson Dr,Greenville,or,42784,02-Apr-2001,9664,VB002329
Jessica,King,,565-332-7057,3465 Forest Ave,Madison,Georgia,27034,02-01-2002,1045,VB002330
Margaret,Baker,,+17928668246,9617 Sunset Blvd,Richmond,AL,42428,02/24/1945,8345,VB002331
John,Nguyen,john.nguyen17@yahoo.com,675.493.7907,5644 Sunset Blvd,Burlington,ak,77591,1970-02-08,7317,VB002332
Robert,Davis,robert.davis18@aol.com,(619) 432-2006,2315 Lincoln Ave,Dayton,NM,87795,26-Aug-1976,2929,VB002333
Daniel,Scott,daniel.scott55@icloud.com,5383268013,9905 Park Blvd,Manchester,OH,32746,01-28-1968,2242,VB002334
Anthony,Hill,anthony.hill91@hotmail.com,323-222-6027,6665 Sunset Blvd,Greenville,ma,10761,01/28/1977,3123,VB002335
Linda,Williams,linda.williams14@yahoo.com,+13204072220,3026 Park Blvd,Fairview,KY,97342,1974-03-13,7218,VB002336
John,Martin,john.martin97@aol.com,668.455.2036,2008 Oak Ave,Madison,RI,65479,04-Jun-1961,4439,VB002337
Mary,Walker,mary.walker43@outlook.com,(877) 280-5350,1582 Cedar Ln,Manchester,ak,77244,09-10-1985,9725,VB002338
John,Walker,john.walker47@gmail.com,6866185031,8383 River Dr,Franklin,OK,95742,09/29/1994,1444,VB002339
Robert,Nguyen,robert.nguyen21@gmail.com,380-675-5229,3837 Hill Rd,Salem,UT,24501,1981-12-23,4557,VB002340
Matthew,Adams,matthew.adams56@outlook.com,+16397275967,7657 Main St,Manchester,ny,95500,16-Sep-1953,7368,VB002341
Jennifer,Torres,jennifer.torres41@aol.com,732.961.6936,2535 Sunset Blvd,Springfield,Michigan,90473,05-24-1986,7010,VB002342
Patricia,Young,patricia.young75@icloud.com,(445) 977-3737,3590 Main St,Salem,FL,14353,05/12/1954,2628,VB002343
Linda,Anderson,linda.anderson66@hotmail.com,7865464270,9134 Oak Ave,Marion,il,53469,1955-06-09,4779,VB002344
Anthony,King,anthony.king26@yahoo.com,582-980-3646,8838 Lincoln Ave,Arlington,ND,10074,25-Sep-1993,6310,VB002345
Thomas,Young,thomas.young30@outlook.com,+19576969631,7395 Hill Rd,Manchester,MS,12112,12-17-1983,9219,VB002346
Michael,Wilson,,873.402.4819,5857 Forest Ave,Madison,tn,64078,07/21/1969,4410,VB002347
David,Nguyen,,(649) 252-4526,1321 Valley Ln,Georgetown,New York,84397,1999-09-27,8027,VB002348
John,Torres,john.torres81@hotmail.com,9002628600,5191 River Dr,Fairview,WV,96640,17-Apr-1991,5690,VB002349
James,Thomas,,556-881-5735,9263 Forest Ave,Greenville,ut,92145,08-07-1960,3877,VB002350
Charles,White,charles.white37@hotmail.com,+14558313042,6885 Park Blvd,Dayton,RI,75231,02/17/1940,2877,VB002351
William,Brown,william.brown25@icloud.com,332.732.5363,2635 Sunset Blvd,Burlington,OH,98781,1977-05-31,5112,VB002352
Charles,Nelson,charles.nelson73@hotmail.com,(954) 981-2924,5051 Valley Ln,Marion,vt,43019,23-May-2002,3174,VB002353
David,Smith,david.smith3@icloud.com,3029438109,1245 Washington St,Springfield,MO,86544,11-09-1942,8803,VB002354
Linda,Scott,linda.scott50@gmail.com,706-234-1038,610 Park Blvd,Marion,MN,49900,12/16/1998,2788,VB002355
Barbara,Thomas,barbara.thomas40@icloud.com,+16835435041,4122 River Dr,Madison,ak,68328,1988-01-14,5297,VB002356
William,Taylor,william.taylor88@outlook.com,886.439.5535,2152 Sunset Blvd,Greenville,KY,15818,01-Mar-1961,8969,VB002357
Jennifer,Garcia,jennifer.garcia88@aol.com,(678) 735-4140,2971 Jefferson Dr,Clinton,PA,72967,12-13-1943,4621,VB002358
Charles,Martin,charles.martin35@yahoo.com,6193351120,3681 River Dr,Burlington,in,56814,04/14/1978,6424,VB002359
Jessica,King,,527-857-4806,7257 Park Blvd,Arlington,DE,17781,1960-09-04,1134,VB002360
Margaret,Martin,margaret.martin1@yahoo.com,+15533181651,6442 Sunset Blvd,Salem,FL,50404,19-Apr-2002,5412,VB002361
Michael,Allen,michael.allen79@hotmail.com,862.651.9972,4241 Forest Ave,Clinton,mn,10306,07-11-1970,5876,VB002362
Jennifer,Thomas,jennifer.thomas42@yahoo.com,(876) 874-2315,3084 Park Blvd,Burlington,CO,68996,10/16/1977,4055,VB002363
Betty,Nelson,,8066726323,9798 Maple Dr,Dayton,NY,32437,1974-01-18,6111,VB002364
Richard,Thompson,richard.thompson38@yahoo.com,514-488-7440,2784 Maple Dr,Manchester,nc,12965,30-Aug-1983,5322,VB002365
Michael,Miller,michael.miller32@aol.com,+18403837802,1729 Lincoln Ave,Dayton,OR,56918,07-05-2000,8515,VB002366
Karen,Harris,karen.harris21@outlook.com,297.311.2279,13 Cedar Ln,Arlington,OK,78642,05/14/1994,1325,VB002367
Richard,Hall,richard.hall51@outlook.com,(902) 819-5023,2244 Lincoln Ave,Fairview,in,70452,1945-04-26,1479,VB002368
Mark,Torres,mark.torres85@icloud.com,2099676314,28 Main St,Fairview,MD,95819,09-Jul-1977,9352,VB002369
Mary,Harris,,598-598-7505,9287 Lake Rd,Manchester,LA,78906,10-17-1966,1585,VB002370
Nancy,Torres,nancy.torres23@hotmail.com,+19438589512,2377 Cedar Ln,Clinton,wi,82441,10/29/1986,4382,VB002371
Mary,Walker,mary.walker8@aol.com,611.545.4951,6486 Lincoln Ave,Fairview,KS,48701,1953-07-03,3327,VB002372
Jennifer,White,jennifer.white60@hotmail.com,(647) 897-6367,7862 Jefferson Dr,Georgetown,OR,60995,21-Jul-1964,6174,VB002373
Jennifer,Hall,jennifer.hall46@yahoo.com,4862095302,3485 Lake Rd,Marion,hi,64873,05-13-1945,8782,VB002374
Matthew,Allen,matthew.allen79@aol.com,829-337-1924,1932 Maple Dr,Fairview,New York,62623,10/08/1957,2232,VB002375
Anthony,Allen,,+19184955446,401 Main St,Clinton,KS,12347,1944-04-14,3989,VB002376
Matthew,Adams,matthew.adams91@hotmail.com,525.514.7133,2767 Cedar Ln,Arlington,nv,80417,26-Sep-1993,7998,VB002377
Charles,Jones,charles.jones20@gmail.com,(208) 506-1320,7415 Hill Rd,Dayton,KY,36674,02-14-1955,1306,VB002378
Jennifer,Wilson,jennifer.wilson35@yahoo.com,4895258436,1807 River Dr,Marion,MN,13471,05/14/1995,5855,VB002379
Michael,Torres,michael.torres30@icloud.com,291-469-5079,2535 Lake Rd,Richmond,me,77006,1969-02-16,3696,VB002380
Patricia,Williams,patricia.williams28@gmail.com,+13576252776,7121 Cedar Ln,Burlington,HI,44883,11-Jan-2004,9523,VB002381
Nancy,Thomas,nancy.thomas86@gmail.com,607.248.9059,7747 Main St,Springfield,ME,11482,09-26-1992,5027,VB002382
Linda,Torres,linda.torres87@icloud.com,(481) 998-9297,6187 Park Blvd,Burlington,hi,12977,03/27/1955,1465,VB002383
John,King,john.king55@yahoo.com,3194936334,9237 Hill Rd,Madison,UT,95875,1986-05-26,5410,VB002384
Michael,Walker,michael.walker96@icloud.com,474-228-6560,4424 Lake Rd,Marion,OK,42935,03-Apr-1995,9589,VB002385
Charles,Young,charles.young17@icloud.com,+14948052822,362 Sunset Blvd,Salem,id,89381,04-24-1993,6928,VB002386
Jessica,White,jessica.white87@aol.com,734.298.4677,338 Valley Ln,Greenville,CT,29900,12/14/1978,9947,VB002387
Linda,Thompson,linda.thompson40@aol.com,(609) 540-1312,894 Forest Ave,Arlington,ME,44329,1958-09-24,6334,VB002388
Mark,King,,9062107813,6778 River Dr,Madison,il,73991,26-Sep-1962,1170,VB002389
James,Thompson,,703-388-9974,5678 Valley Ln,Greenville,AR,97280,06-24-1994,3383,VB002390
Sarah,Miller,sarah.miller14@aol.com,+17494802819,8791 Jefferson Dr,Clinton,WI,61570,04/10/1947,4464,VB002391
Ashley,Jones,ashley.jones87@gmail.com,793.214.7929,4280 River Dr,Salem,ms,42249,1985-11-12,1445,VB002392
Sandra,Torres,,(504) 548-5962,9649 Main St,Georgetown,ME,41669,19-Oct-1968,5023,VB002393
Karen,Harris,karen.harris86@gmail.com,3649683346,5714 Cedar Ln,Manchester,WI,66292,03-13-1971,6209,VB002394
Thomas,Torres,thomas.torres83@outlook.com,656-538-5647,6595 Lake Rd,Marion,ne,25806,01/05/1983,3714,VB002395
James,White,james.white75@gmail.com,+18499246789,2336 Lake Rd,Manchester,OR,69786,1991-04-24,5108,VB002396
Richard,Garcia,,327.673.7069,3162 Forest Ave,Springfield,IA,12592,22-Mar-1965,6862,VB002397
Daniel,Torres,,(529) 256-2891,6662 Park Blvd,Richmond,ga,60907,07-10-1946,1072,VB002398
Sandra,Smith,sandra.smith62@aol.com,8887797825,5582 River Dr,Salem,Florida,95218,03/11/1955,4635,VB002399
Matthew,White,matthew.white24@outlook.com,473-811-4716,9738 Sunset Blvd,Arlington,NY,53744,1942-11-30,5706,VB002400
Ashley,Baker,ashley.baker96@yahoo.com,+14185142081,5947 Valley Ln,Arlington,ma,86473,25-Jan-1980,8783,VB002401
Susan,Smith,susan.smith64@yahoo.com,610.364.8059,1916 River Dr,Manchester,MA,62588,02-22-1977,5704,VB002402
Charles,Young,charles.young17@aol.com,(207) 739-3789,9635 Main St,Fairview,DE,81978,02/07/1988,2742,VB002403
Linda,Davis,linda.davis57@yahoo.com,6012935418,6492 Valley Ln,Richmond,wy,71772,1989-07-01,2573,VB002404
John,Anderson,,513-633-3391,124 Cedar Ln,Manchester,ID,31310,15-Jan-1976,9932,VB002405
Robert,Walker,robert.walker52@yahoo.com,+15736833989,4333 Forest Ave,Clinton,IN,88566,05-29-1989,6705,VB002406
Daniel,Taylor,daniel.taylor42@hotmail.com,582.833.1880,902 Jefferson Dr,Springfield,tn,97575,06/18/1985,1385,VB002407
Betty,Hall,betty.hall86@outlook.com,(885) 917-2787,4687 Valley Ln,Manchester,LA,36161,1966-06-21,1214,VB002408
Charles,Scott,charles.scott49@hotmail.com,3909829299,9783 Valley Ln,Marion,OH,57515,20-Jun-1997,6347,VB002409
Barbara,Garcia,barbara.garcia82@icloud.com,562-823-6334,2835 Park Blvd,Madison,mn,54304,11-30-1985,1253,VB002410
Ashley,Anderson,ashley.anderson36@gmail.com,+13736965846,1531 Lincoln Ave,Greenville,KY,39332,12/24/1953,1097,VB002411
Betty,Scott,betty.scott20@yahoo.com,242.207.9939,4311 Park Blvd,Arlington,CT,60054,1990-04-25,7987,VB002412
Jessica,Wright,jessica.wright74@yahoo.com,(387) 276-2644,5211 Lincoln Ave,Greenville,tn,15184,07-Nov-2002,9281,VB002413
Thomas,Nguyen,thomas.nguyen34@yahoo.com,8277778188,4868 Hill Rd,Manchester,MO,86001,04-15-1990,1693,VB002414
Sandra,Garcia,,495-878-7561,9013 Main St,Salem,CO,51224,08/23/1962,6296,VB002415
Patricia,Smith,,+19065538628,8688 Maple Dr,Burlington,pa,45065,2000-08-28,2457,VB002416
Karen,Smith,,226.219.4445,9277 Main St,Richmond,ND,95311,12-Dec-1950,8546,VB002417
Daniel,Brown,daniel.brown79@yahoo.com,(963) 207-7962,8755 Washington St,Georgetown,KS,96661,05-19-1987,1693,VB002418
Thomas,Nguyen,,6968171491,3426 Sunset Blvd,Clinton,nv,60454,04/12/1975,4744,VB002419
Daniel,Smith,daniel.smith42@icloud.com,231-453-4506,3005 Cedar Ln,Springfield,MD,86591,1964-06-18,4998,VB002420
Ashley,Davis,ashley.davis62@icloud.com,+13023663001,2548 Maple Dr,Dayton,NY,10736,21-Jul-1950,2642,VB002421
Matthew,Nelson,matthew.nelson3@yahoo.com,767.615.6908,2356 Cedar Ln,Clinton,va,81754,09-19-2000,6804,VB002422
Joseph,Davis,joseph.davis71@hotmail.com,(491) 233-6284,9295 Oak Ave,Oxford,IA,46339,03/05/1967,4029,VB002423
Lisa,Anderson,lisa.anderson11@outlook.com,9066495159,1577 River Dr,Marion,NV,73959,1965-05-13,5550,VB002424
Robert,Anderson,robert.anderson70@gmail.com,730-212-3468,9738 Main St,Richmond,ks,79569,19-Dec-1965,8174,VB002425
James,Nelson,james.nelson14@icloud.com,+13689584996,8455 Maple Dr,Marion,HI,53383,03-24-1990,7985,VB002426
Mary,White,mary.white81@icloud.com,590.497.5617,2676 Hill Rd,Clinton,SD,40507,04/27/1943,8646,VB002427
Nancy,Anderson,nancy.anderson73@yahoo.com,(271) 666-3927,6830 Valley Ln,Fairview,wi,55347,1954-10-12,1709,VB002428
Ashley,Anderson,ashley.anderson80@gmail.com,5253267413,7179 River Dr,Manchester,California,67094,10-Apr-2003,7772,VB002429
Matthew,Miller,matthew.miller78@hotmail.com,605-413-6894,3509 Sunset Blvd,Burlington,TX,10390,04-17-1972,1523,VB002430
Richard,Jones,richard.jones33@hotmail.com,+12516804327,1394 River Dr,Marion,az,68184,06/16/1966,3706,VB002431
Patricia,Scott,patricia.scott64@yahoo.com,640.983.4711,5838 Maple Dr,Marion,OK,28026,1985-01-18,1170,VB002432
Richard,Williams,,(705) 782-6144,8330 Lincoln Ave,Arlington,VA,79035,09-Jun-1956,5246,VB002433
Thomas,Hill,thomas.hill84@hotmail.com,9394552354,6877 Jefferson Dr,Oxford,or,56279,05-28-1941,9343,VB002434
Michael,Williams,michael.williams96@aol.com,623-294-8328,5695 Valley Ln,Marion,RI,67043,12/23/1955,3495,VB002435
Sandra,Anderson,,+15723055721,773 Valley Ln,Springfield,MI,11369,1967-04-22,5303,VB002436
Mark,Brown,mark.brown28@gmail.com,634.942.7333,4716 Jefferson Dr,Franklin,ny,17205,07-Oct-1944,2022,VB002437
Lisa,Williams,lisa.williams40@outlook.com,(525) 714-5207,3524 Park Blvd,Richmond,TN,83257,10-08-1985,4792,VB002438
Charles,Walker,,9994916818,5327 Sunset Blvd,Marion,NY,68580,01/13/1947,7243,VB002439
Karen,Hill,karen.hill29@icloud.com,297-444-9100,8065 Sunset Blvd,Madison,in,43743,1943-02-18,4672,VB002440
Joseph,White,,+12216716132,387 Lake Rd,Clinton,CO,22995,15-Apr-2004,6687,VB002441
John,Allen,john.allen74@hotmail.com,944.773.9349,1306 Washington St,Burlington,NC,48137,02-27-1961,4054,VB002442
Jessica,Anderson,jessica.anderson74@yahoo.com,(687) 786-5073,9563 Oak Ave,Arlington,ri,50420,09/26/1983,5367,VB002443
Mark,Johnson,mark.johnson53@gmail.com,6994615870,356 River Dr,Franklin,Georgia,53331,1954-01-28,6904,VB002444
Joseph,Brown,joseph.brown91@hotmail.com,805-844-9044,9526 Valley Ln,Greenville,GA,90109,22-Feb-1949,1960,VB002445
Thomas,Miller,,+12877675144,9951 Washington St,Georgetown,ak,72937,09-02-1983,9985,VB002446
Daniel,Johnson,daniel.johnson18@icloud.com,666.851.5773,3966 Valley Ln,Fairview,RI,25183,06/21/1990,2658,VB002447
Michael,Scott,michael.scott73@hotmail.com,(315) 466-1692,5690 Forest Ave,Georgetown,SC,86448,1971-04-18,6140,VB002448
Susan,Baker,susan.baker19@outlook.com,2252576609,6720 Cedar Ln,Arlington,vt,14725,30-Nov-1983,1307,VB002449
Christopher,King,christopher.king3@gmail.com,541-449-3063,9251 Cedar Ln,Franklin,WI,82641,08-02-1958,4538,VB002450
Ashley,Hall,ashley.hall82@aol.com,+16914506139,8533 Lake Rd,Manchester,WV,60818,03/21/1997,7581,VB002451
Matthew,Miller,matthew.miller93@yahoo.com,913.252.6439,2318 Sunset Blvd,Fairview,ga,60346,1958-01-14,6872,VB002452
Jennifer,Thomas,jennifer.thomas65@yahoo.com,(557) 923-9602,6400 Hill Rd,Franklin,ID,95972,01-Aug-1953,6764,VB002453
Anthony,Young,anthony.young90@yahoo.com,7372955215,8289 Valley Ln,Clinton,MN,66950,12-14-1998,2548,VB002454
Charles,Smith,charles.smith15@icloud.com,653-996-4191,9650 Lincoln Ave,Dayton,sc,69802,01/17/1940,5124,VB002455
Jennifer,Harris,,+12345011328,5222 Park Blvd,Franklin,California,54801,1955-04-06,7151,VB002456
Christopher,Smith,christopher.smith76@yahoo.com,685.238.9289,4998 Sunset Blvd,Dayton,NM,49558,16-May-1997,6038,VB002457
Susan,Williams,susan.williams16@hotmail.com,(286) 244-3475,2918 River Dr,Marion,mi,88592,04-08-1956,7967,VB002458
Joseph,Davis,joseph.davis57@yahoo.com,3816729195,1822 Lincoln Ave,Oxford,Michigan,30875,12/19/1961,8572,VB002459
Nancy,Miller,nancy.miller35@aol.com,624-205-2901,2101 Forest Ave,Franklin,NE,16180,1943-02-04,4578,VB002460
Nancy,Hill,,+19652845939,9265 Maple Dr,Manchester,sd,91312,29-Nov-1944,8657,VB002461
Barbara,Thomas,barbara.thomas64@gmail.com,304.984.7278,2936 Lincoln Ave,Burlington,NJ,45388,08-18-1958,6454,VB002462
Anthony,Scott,anthony.scott96@gmail.com,(644) 833-1496,4058 Lake Rd,Burlington,MN,59537,12/17/1963,2260,VB002463
Matthew,Brown,matthew.brown54@aol.com,5163918038,5553 Hill Rd,Franklin,ut,69141,1950-08-11,8855,VB002464
Linda,Taylor,,387-855-4475,682 Sunset Blvd,Marion,California,16579,07-Apr-1982,4806,VB002465
Karen,Jackson,karen.jackson31@aol.com,+18108134667,8186 Jefferson Dr,Madison,WY,59956,02-04-1940,8640,VB002466
Susan,Nelson,susan.nelson54@aol.com,466.320.4094,9078 Valley Ln,Burlington,fl,79020,01/25/1989,8626,VB002467
Sarah,Jones,,(486) 978-7534,3629 Cedar Ln,Greenville,NJ,78027,1989-09-09,5639,VB002468
William,Davis,,8468663577,568 Lake Rd,Franklin,MA,76839,27-Sep-1957,2539,VB002469
Michael,Baker,michael.baker46@aol.com,324-852-3036,4146 Maple Dr,Richmond,ky,93480,01-01-1986,6402,VB002470
Christopher,Young,christopher.young84@yahoo.com,+12685804182,3590 Main St,Burlington,WA,69547,10/04/1993,4772,VB002471
Karen,Nelson,,964.727.5643,7785 Cedar Ln,Marion,NJ,17556,2001-09-05,9990,VB002472
Patricia,Baker,patricia.baker53@aol.com,(774) 305-4651,292 Cedar Ln,Richmond,sd,81509,19-May-1966,7221,VB002473
James,Nelson,james.nelson60@hotmail.com,2825158293,5747 Cedar Ln,Madison,CO,19965,06-12-1968,8719,VB002474
Daniel,Garcia,daniel.garcia37@gmail.com,360-242-3780,1050 Washington St,Springfield,WA,26986,01/02/1998,9213,VB002475
Betty,Thomas,,+14565134953,6612 Main St,Springfield,ok,28723,1961-02-22,8905,VB002476
Charles,Hill,charles.hill40@gmail.com,451.865.1026,2899 Park Blvd,Richmond,RI,36723,24-May-1981,3226,VB002477
Mary,Baker,mary.baker28@aol.com,(856) 666-6936,410 Valley Ln,Marion,GA,68075,09-01-1955,4896,VB002478
James,Hall,,8819718327,1305 Lincoln Ave,Oxford,sc,12021,03/24/1959,9338,VB002479
William,Allen,william.allen58@aol.com,271-488-2961,1497 Valley Ln,Burlington,Ohio,70621,1944-03-28,9011,VB002480
Charles,Jones,charles.jones37@outlook.com,+19284971672,3889 Lake Rd,Springfield,NH,64129,09-Jun-1993,6916,VB002481
John,Jackson,john.jackson78@icloud.com,398.941.8589,8842 Main St,Marion,mn,13182,02-12-1982,1852,VB002482
Nancy,Torres,nancy.torres57@outlook.com,(752) 604-3999,5331 Lincoln Ave,Georgetown,KS,98104,10/23/2001,4995,VB002483
Linda,Harris,linda.harris34@outlook.com,3528826915,6763 Oak Ave,Madison,OH,19756,1974-05-26,4649,VB002484
Susan,Martin,susan.martin85@icloud.com,527-225-3709,9734 Forest Ave,Richmond,mn,97611,28-Mar-1995,9929,VB002485
Sandra,Wright,sandra.wright13@outlook.com,+18503769682,6434 Cedar Ln,Greenville,LA,91841,06-10-1967,9066,VB002486
Linda,Miller,linda.miller25@icloud.com,577.827.8738,5141 Jefferson Dr,Oxford,TX,81001,10/21/1941,7487,VB002487
Susan,Young,susan.young33@gmail.com,(261) 927-4239,2713 Washington St,Clinton,nj,82505,1989-04-07,8440,VB002488
Mary,Smith,mary.smith2@icloud.com,8276537912,4497 River Dr,Georgetown,Illinois,19025,10-Jul-2003,9154,VB002489
Richard,Hall,,298-894-5008,6216 Sunset Blvd,Salem,NE,35391,07-11-1967,9545,VB002490
Mary,Davis,mary.davis81@outlook.com,+18322478139,4405 Sunset Blvd,Georgetown,tn,44062,04/10/1976,7509,VB002491
Patricia,Davis,patricia.davis53@gmail.com,449.934.8140,2642 Oak Ave,Springfield,ID,22996,1993-10-25,1447,VB002492
Margaret,Wilson,margaret.wilson26@outlook.com,(889) 561-7093,7331 Sunset Blvd,Dayton,IA,74563,26-Jul-1988,6575,VB002493
Mark,Nelson,mark.nelson50@yahoo.com,8293608442,2027 Oak Ave,Burlington,sd,29028,07-29-1982,1000,VB002494
Barbara,King,barbara.king79@hotmail.com,210-356-7207,9558 Lincoln Ave,Springfield,OK,84101,08/24/1973,5395,VB002495
Daniel,Walker,daniel.walker71@hotmail.com,+16199165814,5897 Lake Rd,Clinton,PA,87486,2004-01-16,1113,VB002496
Joseph,Brown,joseph.brown96@yahoo.com,409.920.7557,421 Cedar Ln,Manchester,ne,77022,19-Aug-1942,9316,VB002497
Jennifer,Miller,jennifer.miller8@gmail.com,(991) 280-4403,4648 Hill Rd,Arlington,HI,65250,01-17-1973,6441,VB002498
Daniel,Hill,daniel.hill46@gmail.com,9895082232,5455 Park Blvd,Clinton,SD,39295,07/31/1978,2552,VB002499
David,Thompson,david.thompson22@hotmail.com,289-940-9116,7141 Sunset Blvd,Madison,la,29050,2001-12-11,5976,VB002500
Matthew,Wright,matthew.wright38@gmail.com,+19335183837,5505 Washington St,Arlington,MS,20638,20-Mar-1972,4748,VB002501
Joseph,Allen,joseph.allen26@yahoo.com,734.752.5828,799 Park Blvd,Manchester,ME,66321,04-14-1972,8092,VB002502
Linda,Scott,linda.scott37@gmail.com,(455) 260-3042,277 Valley Ln,Georgetown,mt,75062,08/21/1990,8396,VB002503
Robert,Williams,robert.williams80@aol.com,9953779209,3733 Cedar Ln,Clinton,MT,70413,1940-09-29,9079,VB002504
Nancy,King,nancy.king5@aol.com,648-889-8501,6642 Jefferson Dr,Arlington,NV,97909,17-Aug-1961,2680,VB002505
Mark,Baker,mark.baker18@outlook.com,+12885603366,6955 Washington St,Salem,nd,34856,08-09-1967,6065,VB002506
Jessica,Allen,jessica.allen23@gmail.com,398.892.4168,1563 Cedar Ln,Burlington,KY,95531,01/04/1976,3239,VB002507
William,Martin,,(977) 495-9814,9253 Main St,Marion,AZ,43602,1992-04-30,5961,VB002508
Thomas,Nelson,thomas.nelson78@yahoo.com,2975354279,9882 Hill Rd,Burlington,il,88576,05-Aug-1947,3535,VB002509
Sandra,Johnson,sandra.johnson58@gmail.com,694-800-9529,9917 Jefferson Dr,Greenville,Florida,37221,11-07-1983,8099,VB002510
Betty,Allen,betty.allen51@hotmail.com,+16798095861,1925 Main St,Manchester,MS,14918,11/14/1956,2656,VB002511
Lisa,Harris,lisa.harris96@gmail.com,405.435.9740,4327 Cedar Ln,Dayton,mo,23669,1989-12-18,6285,VB002512
John,Thomas,john.thomas55@hotmail.com,(381) 831-3306,7457 Sunset Blvd,Marion,DE,92604,02-Jan-1957,7639,VB002513
Mark,Williams,,4196834863,4497 Cedar Ln,Arlington,ME,92559,12-14-1954,2695,VB002514
Jessica,Wilson,jessica.wilson48@outlook.com,450-728-5421,9950 Oak Ave,Dayton,co,59669,01/05/1946,7730,VB002515
Daniel,Young,daniel.young40@gmail.com,+14434088747,9054 Main St,Franklin,KY,34943,2004-03-11,6920,VB002516
Richard,Nguyen,richard.nguyen87@gmail.com,685.396.3905,8339 Jefferson Dr,Oxford,CO,98198,01-Nov-1990,9790,VB002517
Lisa,Brown,lisa.brown35@icloud.com,(753) 847-8571,8846 Hill Rd,Burlington,co,98029,02-07-1997,5338,VB002518
William,Hall,william.hall64@outlook.com,3978895857,9657 Oak Ave,Springfield,Michigan,42339,04/14/1967,4071,VB002519
Sandra,Martin,,735-963-2061,9907 Oak Ave,Richmond,NV,80809,1970-05-17,2299,VB002520
Margaret,Wilson,margaret.wilson61@gmail.com,+17453586190,3646 Valley Ln,Georgetown,nm,10355,14-Nov-1940,9278,VB002521
Susan,Nelson,,314.951.8972,5624 Lake Rd,Manchester,Pennsylvania,58228,03-27-1986,4549,VB002522
Margaret,Smith,margaret.smith20@icloud.com,(350) 527-3421,6400 Forest Ave,Burlington,NM,18822,02/25/1950,8003,VB002523
Linda,Garcia,,3627821765,974 Jefferson Dr,Salem,me,19104,1974-05-18,7185,VB002524
Lisa,Young,,215-645-4708,586 Forest Ave,Marion,VT,56629,21-Jul-1958,9834,VB002525
Thomas,Jackson,thomas.jackson43@aol.com,+17833646425,771 Forest Ave,Franklin,IL,34647,12-28-1957,6563,VB002526
Linda,Hill,linda.hill13@hotmail.com,296.298.3025,3846 Jefferson Dr,Dayton,tx,15734,11/12/1959,4932,VB002527
Matthew,Nelson,matthew.nelson57@hotmail.com,(751) 775-8262,6140 River Dr,Springfield,DE,37987,1977-12-29,5994,VB002528
Matthew,Anderson,matthew.anderson71@aol.com,5072779672,2594 Lincoln Ave,Greenville,NJ,81255,04-Sep-1953,5362,VB002529
Nancy,Wright,nancy.wright28@gmail.com,519-397-1624,2492 Lake Rd,Greenville,az,11518,08-08-1998,3076,VB002530
Daniel,Hill,daniel.hill13@aol.com,+17952566416,8262 Lake Rd,Marion,KS,67663,02/13/1997,1082,VB002531
Anthony,Jackson,anthony.jackson81@outlook.com,702.307.5668,7460 Oak Ave,Madison,IA,96393,1999-04-18,7098,VB002532
Sandra,Smith,sandra.smith82@hotmail.com,(784) 341-3277,1933 Washington St,Salem,ar,44388,15-Feb-1998,7923,VB002533
Jennifer,Johnson,,4724216402,5024 Lake Rd,Clinton,Illinois,61911,03-29-1982,9360,VB002534
Jennifer,Scott,jennifer.scott2@outlook.com,357-468-6217,1830 Park Blvd,Marion,WY,14263,03/07/1978,9952,VB002535
Linda,Thomas,linda.thomas51@icloud.com,+19613224899,4175 Lincoln Ave,Clinton,nj,56134,1978-12-10,4901,VB002536
Mark,Davis,mark.davis13@hotmail.com,408.798.3596,1156 Forest Ave,Burlington,OK,36033,04-Feb-1941,6381,VB002537
Nancy,Allen,nancy.allen68@icloud.com,(203) 961-6998,8356 Washington St,Georgetown,KY,95600,12-23-1977,6943,VB002538
Richard,King,,7366035882,5747 Hill Rd,Dayton,oh,41550,02/20/1970,9835,VB002539
Richard,Garcia,richard.garcia28@hotmail.com,574-583-1710,5388 Park Blvd,Oxford,HI,14021,1975-04-16,8282,VB002540
Thomas,Miller,,+13744746964,1900 River Dr,Salem,OR,21702,11-Apr-1984,8375,VB002541
Sarah,Adams,sarah.adams55@icloud.com,817.622.7260,3006 Sunset Blvd,Arlington,md,29665,08-10-1985,3884,VB002542
Lisa,White,lisa.white68@outlook.com,(502) 444-5793,8754 Main St,Marion,VA,90548,05/21/2001,1327,VB002543
John,Walker,,6378664453,671 Cedar Ln,Georgetown,RI,84548,1963-04-18,1086,VB002544
Susan,Williams,susan.williams32@icloud.com,957-675-3536,9102 Hill Rd,Fairview,ga,26913,21-Jul-1984,8650,VB002545
Sandra,Jackson,sandra.jackson55@hotmail.com,+15652468196,8739 River Dr,Madison,AR,89719,10-30-1980,9055,VB002546
Michael,Wilson,michael.wilson66@yahoo.com,385.554.8377,7813 Maple Dr,Oxford,NV,75311,07/17/1963,3275,VB002547
Margaret,Baker,margaret.baker2@icloud.com,(779) 548-8901,2951 Washington St,Richmond,nc,41752,1994-03-09,8302,VB002548
Michael,Hall,michael.hall81@outlook.com,2012165808,4928 Valley Ln,Richmond,VA,71287,16-Jun-2003,3127,VB002549
Sandra,Thomas,sandra.thomas20@aol.com,295-459-8801,6517 River Dr,Clinton,CO,72263,10-20-1946,3925,VB002550
Mary,Williams,mary.williams4@outlook.com,+12029221381,9659 Forest Ave,Madison,vt,52077,04/30/1986,8253,VB002551
James,Harris,james.harris15@gmail.com,298.896.4284,6455 Forest Ave,Manchester,IN,76453,1998-09-05,9799,VB002552
Betty,Smith,betty.smith72@yahoo.com,(321) 992-5291,7512 River Dr,Salem,ND,93827,15-Jul-1952,5045,VB002553
Robert,Jones,robert.jones36@gmail.com,8887035234,3141 Valley Ln,Salem,de,25420,03-19-1979,2158,VB002554
Michael,Thompson,michael.thompson95@yahoo.com,527-310-7874,9575 Oak Ave,Richmond,IA,92507,03/27/1942,7819,VB002555
John,Davis,john.davis36@hotmail.com,+14139285856,432 Park Blvd,Arlington,NC,29745,1951-06-06,7156,VB002556
William,Adams,william.adams31@outlook.com,346.985.6620,7738 Lincoln Ave,Salem,ia,37640,08-Jan-1984,6147,VB002557
Christopher,Scott,christopher.scott54@yahoo.com,(516) 882-6351,3450 Cedar Ln,Salem,Georgia,30344,04-20-1943,2301,VB002558
William,Hall,william.hall29@aol.com,4046352010,457 Forest Ave,Madison,ND,24289,02/16/1958,4094,VB002559
Barbara,Taylor,barbara.taylor12@icloud.com,370-520-5518,8009 Sunset Blvd,Georgetown,mo,12335,1989-07-01,1379,VB002560
Mark,Hill,,+18609076450,6703 Forest Ave,Dayton,CO,86018,13-Dec-1951,1172,VB002561
Jennifer,Young,jennifer.young81@gmail.com,482.807.1860,8457 Lincoln Ave,Clinton,MN,59729,12-21-1975,2214,VB002562
Christopher,Hill,christopher.hill36@outlook.com,(811) 450-3411,8612 Jefferson Dr,Oxford,nd,34556,12/04/1988,3004,VB002563
Robert,Young,robert.young88@yahoo.com,8863881727,4027 Lincoln Ave,Georgetown,WV,12330,1967-03-12,1259,VB002564
Karen,Baker,karen.baker76@aol.com,460-225-4247,6515 Sunset Blvd,Arlington,WA,44232,14-Jan-1944,3285,VB002565
Susan,Jones,,+15555555147,6570 Lincoln Ave,Franklin,tn,88794,01-15-1961,8413,VB002566
Margaret,Thompson,,853.936.7759,9149 Park Blvd,Richmond,AZ,39664,01/21/1969,4736,VB002567
John,Thompson,,(453) 912-6395,5843 Jefferson Dr,Manchester,WI,43699,1995-12-31,9015,VB002568
Karen,Hill,karen.hill83@yahoo.com,2157417286,4332 Washington St,Georgetown,or,56261,28-Dec-1977,8888,VB002569
Sandra,Johnson,sandra.johnson14@hotmail.com,580-810-9636,6082 Lincoln Ave,Greenville,WI,56283,10-07-1979,6711,VB002570
John,Scott,,+19024384444,820 Washington St,Franklin,MO,51996,02/10/1996,9672,VB002571
Richard,King,,878.628.6798,8424 Cedar Ln,Dayton,wv,45083,1985-06-15,4248,VB002572
Daniel,Wilson,daniel.wilson89@gmail.com,(758) 284-7363,5394 Park Blvd,Richmond,NV,40844,31-Oct-1973,9400,VB002573
Anthony,Young,,5103591242,2372 Maple Dr,Manchester,KY,82787,05-20-1953,5113,VB002574
Michael,Davis,michael.davis32@outlook.com,349-403-1404,5420 Lincoln Ave,Salem,mt,29783,09/12/2001,1821,VB002575
Christopher,Taylor,christopher.taylor71@outlook.com,+12622895583,6276 Maple Dr,Clinton,Illinois,94233,1987-03-04,5082,VB002576
Matthew,Davis,matthew.davis48@icloud.com,978.203.5607,5165 Lake Rd,Burlington,TN,94449,16-Oct-1979,4807,VB002577
Matthew,Johnson,matthew.johnson68@hotmail.com,(917) 719-8203,2732 Sunset Blvd,Springfield,ar,12017,07-21-1940,4051,VB002578
Susan,Hall,,2434855245,7624 Main St,Oxford,OK,84510,08/16/1953,5737,VB002579
Michael,Anderson,michael.anderson22@yahoo.com,620-648-9242,3020 Park Blvd,Burlington,KY,34844,1966-12-07,8346,VB002580
Ashley,Wilson,ashley.wilson61@yahoo.com,+16007623579,9322 Main St,Richmond,fl,90807,03-Nov-1969,3885,VB002581
Matthew,Hall,matthew.hall36@yahoo.com,815.435.7508,3917 River Dr,Madison,NM,67194,09-07-1991,3330,VB002582
Richard,Adams,richard.adams7@outlook.com,(451) 860-9923,6031 Park Blvd,Richmond,MT,10395,03/29/1972,3546,VB002583
Susan,Jones,susan.jones95@gmail.com,3394497954,9892 Lincoln Ave,Greenville,ny,79453,1994-04-13,7125,VB002584
Nancy,King,nancy.king38@hotmail.com,589-999-9801,8212 Washington St,Fairview,Ohio,62885,14-Jan-1975,3785,VB002585
Robert,Nguyen,robert.nguyen99@aol.com,+17645475093,2525 Park Blvd,Fairview,VA,60889,04-21-1984,3469,VB002586
Sarah,Baker,sarah.baker84@outlook.com,911.354.2196,2922 Sunset Blvd,Greenville,tn,71161,11/10/1987,2948,VB002587
Matthew,Thomas,matthew.thomas72@icloud.com,(485) 390-1903,5675 Lake Rd,Dayton,TN,55644,2004-07-02,6514,VB002588
Robert,Johnson,robert.johnson44@aol.com,6368078864,8803 Oak Ave,Salem,VA,37274,02-Nov-1960,7884,VB002589
Patricia,Jones,patricia.jones93@gmail.com,550-921-1996,7594 Oak Ave,Fairview,nc,15564,08-27-1976,8421,VB002590
Margaret,Torres,,+18406747330,2570 Sunset Blvd,Arlington,MO,36443,08/26/2000,2772,VB002591
Susan,Baker,susan.baker94@hotmail.com,615.265.6298,7706 Maple Dr,Franklin,WI,73216,1986-08-02,5368,VB002592
Ashley,Torres,ashley.torres23@aol.com,(237) 263-8362,9576 Hill Rd,Dayton,ms,78133,02-Jun-1996,4076,VB002593
Anthony,Scott,anthony.scott62@icloud.com,4753498166,127 Oak Ave,Salem,KY,14679,08-11-1960,8230,VB002594
John,Brown,john.brown15@hotmail.com,341-917-6503,8603 Hill Rd,Burlington,AL,44145,02/22/2001,4898,VB002595
Charles,Miller,charles.miller96@gmail.com,+18587446214,8592 Main St,Clinton,tn,34410,2001-03-19,4890,VB002596
Matthew,Jones,matthew.jones73@yahoo.com,938.428.2509,6479 River Dr,Franklin,New York,97432,23-Dec-1966,2070,VB002597
Matthew,Hall,matthew.hall98@aol.com,(538) 987-5722,7339 Lincoln Ave,Manchester,AR,43496,11-03-1958,7739,VB002598
John,Davis,,5858724848,962 Lincoln Ave,Manchester,nm,21737,04/30/1975,4056,VB002599
Matthew,Baker,matthew.baker10@yahoo.com,738-351-3561,5448 Hill Rd,Clinton,DE,37563,1993-02-27,3078,VB002600
Thomas,Allen,thomas.allen60@yahoo.com,+15389643217,2691 Hill Rd,Burlington,NM,11287,02-Jul-1968,7820,VB002601
Mark,Scott,mark.scott16@icloud.com,534.860.7158,6428 Valley Ln,Manchester,wy,35947,03-07-1980,3919,VB002602
Mark,Torres,mark.torres33@outlook.com,(378) 602-8808,1339 Sunset Blvd,Fairview,WY,30722,11/24/1940,3284,VB002603
Betty,Thompson,betty.thompson85@outlook.com,3665745379,2836 Valley Ln,Springfield,WY,71194,1963-12-27,4898,VB002604
Nancy,Williams,nancy.williams18@gmail.com,750-932-3820,909 Cedar Ln,Georgetown,az,71802,15-Jun-1963,4629,VB002605
Linda,Martin,linda.martin9@gmail.com,+17832045202,1426 Jefferson Dr,Fairview,LA,30555,11-13-1961,9162,VB002606
Christopher,Torres,christopher.torres5@icloud.com,951.606.4710,5432 Lake Rd,Franklin,PA,74327,11/05/1952,7534,VB002607
Susan,White,susan.white76@hotmail.com,(273) 553-5714,100 Valley Ln,Madison,ne,22520,1979-11-13,5536,VB002608
Patricia,Walker,patricia.walker98@aol.com,2104623731,5933 Lake Rd,Madison,Georgia,79390,30-Jul-1940,6308,VB002609
David,Thompson,,304-428-9265,1741 Hill Rd,Burlington,MT,58395,10-25-1972,1420,VB002610
Lisa,Hill,lisa.hill13@outlook.com,+12312334579,1180 Oak Ave,Oxford,md,11323,05/12/1964,2056,VB002611
Patricia,Smith,patricia.smith42@outlook.com,768.732.3072,2840 Sunset Blvd,Fairview,IA,98811,1970-03-17,9679,VB002612
Margaret,Williams,margaret.williams86@gmail.com,(523) 566-8856,7840 Valley Ln,Georgetown,AL,25696,06-Nov-1979,4046,VB002613
Joseph,Davis,,9784205594,3755 Jefferson Dr,Manchester,nd,82883,08-08-1987,1630,VB002614
Daniel,Taylor,daniel.taylor56@hotmail.com,241-479-8505,1315 Lake Rd,Marion,AZ,27124,12/30/1995,1174,VB002615
Thomas,Williams,thomas.williams64@aol.com,+14476614435,1790 Lincoln Ave,Marion,VT,41689,1971-04-09,6030,VB002616
Sarah,Nelson,sarah.nelson82@hotmail.com,555.743.5701,9619 Hill Rd,Madison,wy,59063,22-Jun-1966,8426,VB002617
Nancy,Nguyen,nancy.nguyen97@gmail.com,(443) 485-4109,7640 Forest Ave,Georgetown,NM,18891,12-15-1975,6997,VB002618
Margaret,Young,margaret.young87@aol.com,5904519578,26 River Dr,Oxford,SC,64047,06/07/1976,8360,VB002619
Barbara,Torres,barbara.torres42@hotmail.com,946-626-2462,3080 Forest Ave,Fairview,ne,73499,1986-05-03,7126,VB002620
Michael,Thompson,,+12028738848,9278 Washington St,Greenville,Texas,89847,24-Sep-1940,3133,VB002621
Patricia,Davis,patricia.davis26@aol.com,801.315.5460,7845 Hill Rd,Oxford,TX,40602,02-19-1985,1917,VB002622
Mary,White,mary.white3@gmail.com,(969) 519-1505,8618 River Dr,Richmond,va,79114,09/11/1940,8407,VB002623
Nancy,Smith,nancy.smith25@gmail.com,2196314070,1494 Cedar Ln,Burlington,VT,91960,1944-12-13,7794,VB002624
Karen,Walker,karen.walker62@aol.com,791-930-1212,3724 Hill Rd,Manchester,ND,67317,21-Apr-1941,8895,VB002625
James,Harris,james.harris17@hotmail.com,+13028675700,7600 Hill Rd,Manchester,wa,47411,05-27-1951,6149,VB002626
Lisa,Hill,lisa.hill4@gmail.com,641.233.7096,1198 Sunset Blvd,Salem,Georgia,71331,05/09/1988,1239,VB002627
Charles,Scott,charles.scott90@icloud.com,(260) 533-8453,2959 Oak Ave,Marion,NV,46571,1970-04-05,4624,VB002628
John,Hall,john.hall26@aol.com,2183991164,9876 Maple Dr,Springfield,ar,54733,28-Aug-1999,7408,VB002629
Mary,Williams,mary.williams72@icloud.com,840-864-7081,5261 Washington St,Marion,OK,35306,12-16-1987,7526,VB002630
Anthony,Garcia,,+17465598178,3600 Hill Rd,Fairview,UT,23635,07/25/1942,4167,VB002631
Linda,Harris,linda.harris57@aol.com,290.729.2741,1656 Main St,Arlington,ak,25412,1970-01-23,9342,VB002632
Sandra,Wright,,(862) 454-9439,3909 Oak Ave,Salem,WY,16053,10-Mar-1957,7262,VB002633
Nancy,Hill,nancy.hill97@yahoo.com,9069062713,1624 Valley Ln,Clinton,VA,75494,10-16-2003,7511,VB002634
Thomas,King,thomas.king29@gmail.com,980-364-1133,5096 Jefferson Dr,Arlington,wv,45702,06/21/1954,9239,VB002635
John,Jones,,+15572297280,721 Oak Ave,Dayton,WY,59471,1968-11-17,7888,VB002636
Karen,King,karen.king6@gmail.com,524.714.9357,4299 Hill Rd,Springfield,CT,43131,01-Oct-1944,9299,VB002637
Barbara,Hall,,(498) 945-6788,6297 Valley Ln,Franklin,sd,67785,08-19-1967,3499,VB002638
James,Smith,,4654286351,8723 Forest Ave,Dayton,Texas,36257,07/15/1991,6810,VB002639
Patricia,Johnson,,735-203-4804,5123 River Dr,Salem,VT,29569,1947-10-19,6426,VB002640
Ashley,Johnson,,+17267815990,8981 Main St,Fairview,nm,35718,29-Dec-1975,2084,VB002641
Karen,Taylor,karen.taylor80@outlook.com,216.559.6133,7799 Hill Rd,Richmond,Georgia,89740,02-06-1950,7488,VB002642
Patricia,Nelson,patricia.nelson88@gmail.com,(215) 613-9790,9362 Washington St,Franklin,DE,15449,12/04/2000,6400,VB002643
Joseph,Johnson,,7708755965,2690 Forest Ave,Clinton,fl,50954,2004-03-17,7374,VB002644
Mary,Anderson,mary.anderson30@icloud.com,776-478-3700,950 Lincoln Ave,Franklin,MT,91028,05-Dec-1958,9631,VB002645
Ashley,Wright,ashley.wright64@icloud.com,+13085421454,5161 Oak Ave,Marion,FL,37709,11-11-1981,8999,VB002646
Patricia,Young,patricia.young48@gmail.com,600.419.5886,5339 Hill Rd,Dayton,mi,64620,09/27/2001,9054,VB002647
Matthew,Thompson,matthew.thompson53@aol.com,(488) 751-2074,5836 Hill Rd,Franklin,OK,57489,1963-01-11,5948,VB002648
Margaret,Garcia,,9189165081,9443 Washington St,Madison,NJ,55447,29-Dec-1982,7127,VB002649
Jennifer,Anderson,jennifer.anderson57@aol.com,905-910-6386,6677 Lake Rd,Franklin,oh,58794,12-08-1946,7821,VB002650
David,Hill,david.hill68@gmail.com,+14699292262,8129 Forest Ave,Marion,MS,17266,10/27/1984,3734,VB002651
Richard,Hill,richard.hill77@icloud.com,639.436.5583,7003 Hill Rd,Madison,MS,77311,1959-03-05,2630,VB002652
Lisa,Nelson,lisa.nelson49@icloud.com,(917) 779-8648,7576 Lake Rd,Georgetown,nv,18715,24-May-1954,5029,VB002653
John,Adams,,2534004427,648 Hill Rd,Fairview,SC,28286,02-02-1950,4168,VB002654
Karen,King,karen.king49@aol.com,723-890-4853,2353 Maple Dr,Richmond,ND,18550,03/09/1997,8860,VB002655
Matthew,Jackson,matthew.jackson35@aol.com,+12452523994,8389 Hill Rd,Dayton,al,74613,1957-09-17,4127,VB002656
Linda,Walker,linda.walker57@aol.com,509.711.6047,4104 Cedar Ln,Franklin,North Carolina,72570,31-Oct-1970,4557,VB002657
Daniel,Thomas,daniel.thomas72@gmail.com,(524) 289-5171,84 Forest Ave,Madison,OR,75591,06-18-1987,8130,VB002658
Barbara,Jones,barbara.jones58@outlook.com,9063869235,2114 River Dr,Georgetown,ak,86900,01/29/2004,6671,VB002659
Lisa,Hill,,767-455-2616,7821 Oak Ave,Georgetown,DE,22270,1945-12-25,5228,VB002660
Jennifer,White,jennifer.white81@yahoo.com,+16085535888,6920 Oak Ave,Burlington,OK,40821,02-Aug-1978,5092,VB002661
Mary,Torres,,511.279.4537,8512 Oak Ave,Franklin,wa,40279,09-12-1987,7313,VB002662
Charles,Young,,(774) 829-4790,2612 Hill Rd,Arlington,KY,15598,12/05/1944,8586,VB002663
Sarah,Nguyen,sarah.nguyen73@outlook.com,2056384645,2185 Cedar Ln,Greenville,NE,63513,1979-05-29,5864,VB002664
Ashley,Brown,ashley.brown77@outlook.com,715-432-5762,8838 Lincoln Ave,Manchester,vt,49470,01-Mar-1954,3310,VB002665
William,Nguyen,william.nguyen84@yahoo.com,+13267828999,649 Lake Rd,Richmond,ME,62551,09-11-1976,3113,VB002666
Nancy,White,nancy.white7@icloud.com,940.961.8957,4140 Cedar Ln,Salem,MA,99347,07/10/1946,8541,VB002667
Charles,Allen,charles.allen20@outlook.com,(927) 634-6758,9464 Valley Ln,Marion,ks,24696,1978-01-26,2103,VB002668
Richard,Anderson,richard.anderson9@hotmail.com,5598569346,6549 Sunset Blvd,Richmond,Ohio,53404,23-Jun-1942,2889,VB002669
Sarah,Harris,sarah.harris69@yahoo.com,932-283-7411,4471 Main St,Dayton,NY,46711,12-22-1966,9779,VB002670
Barbara,Garcia,barbara.garcia58@outlook.com,+16899108765,5090 River Dr,Greenville,wi,51419,01/07/1995,2103,VB002671
Sarah,Miller,sarah.miller79@hotmail.com,653.636.7772,2213 Jefferson Dr,Georgetown,KS,93952,1976-09-30,3059,VB002672
Mary,Thomas,mary.thomas56@outlook.com,(808) 934-4396,8086 Washington St,Oxford,NV,51863,20-Mar-1961,3572,VB002673
Sarah,Nelson,sarah.nelson2@outlook.com,4078024207,1522 Lincoln Ave,Madison,ri,27976,07-09-1966,3045,VB002674
Nancy,Nguyen,nancy.nguyen77@yahoo.com,992-701-9280,1811 Oak Ave,Greenville,SD,32356,11/02/1945,6204,VB002675
Ashley,Wright,ashley.wright3@icloud.com,+18862481539,2208 Lake Rd,Oxford,IL,74751,2003-08-02,6474,VB002676
Joseph,Walker,joseph.walker28@outlook.com,270.481.1056,9042 Cedar Ln,Springfield,tn,70940,26-Jul-1943,1880,VB002677
Michael,Torres,michael.torres66@icloud.com,(805) 809-5736,9550 Valley Ln,Arlington,DE,90025,01-07-1980,1240,VB002678
Karen,Johnson,karen.johnson18@hotmail.com,9914821378,5467 Forest Ave,Salem,NM,97523,09/13/1995,1000,VB002679
Charles,Wright,charles.wright69@hotmail.com,503-539-6373,677 Forest Ave,Madison,tn,32471,1995-06-10,9438,VB002680
Matthew,Torres,matthew.torres92@icloud.com,+17179076978,491 Park Blvd,Dayton,AK,76097,30-Sep-1997,4902,VB002681
William,Williams,william.williams2@icloud.com,329.780.4332,4764 Maple Dr,Clinton,WI,74204,06-18-1999,5564,VB002682
Ashley,Jackson,ashley.jackson23@aol.com,(829) 672-8220,6435 Forest Ave,Burlington,nc,43583,05/05/1993,2964,VB002683
Nancy,Davis,nancy.davis43@hotmail.com,9667176850,4407 Oak Ave,Greenville,Texas,19448,1944-02-27,2564,VB002684
William,Williams,william.williams84@yahoo.com,253-605-6005,3837 River Dr,Dayton,CO,22475,05-Feb-1940,4496,VB002685
Daniel,Harris,daniel.harris86@gmail.com,+18773089491,5233 Cedar Ln,Fairview,in,34100,10-21-1976,2707,VB002686
Patricia,Baker,patricia.baker80@hotmail.com,203.247.8689,2779 River Dr,Madison,NE,28793,05/05/1980,2667,VB002687
Susan,Taylor,susan.taylor3@aol.com,(627) 836-2480,9888 Forest Ave,Manchester,NH,55788,1972-12-09,6193,VB002688
Lisa,Young,lisa.young20@icloud.com,5687373951,9031 Maple Dr,Greenville,ky,91493,03-Nov-2004,3734,VB002689
Michael,Brown,,544-464-2789,1089 Oak Ave,Oxford,AK,93896,05-02-1952,1454,VB002690
William,Brown,,+17304318498,5048 Maple Dr,Salem,SC,24350,07/04/1969,4625,VB002691
William,Adams,william.adams93@outlook.com,682.951.6060,280 Lincoln Ave,Salem,ct,81374,2004-06-14,7098,VB002692
Nancy,King,nancy.king3@icloud.com,(238) 438-8869,1421 Forest Ave,Georgetown,SD,35055,29-May-1980,8517,VB002693
Charles,Young,,3652233538,1247 Sunset Blvd,Arlington,NJ,32588,06-12-1974,6150,VB002694
Ashley,Nelson,ashley.nelson54@outlook.com,234-944-9682,3803 Forest Ave,Springfield,la,98333,12/03/1961,1523,VB002695
Ashley,Miller,ashley.miller9@icloud.com,+19133961065,3885 Oak Ave,Georgetown,UT,28160,1953-01-18,7969,VB002696
Christopher,Allen,christopher.allen17@yahoo.com,614.306.1541,6954 Maple Dr,Oxford,MA,70941,05-Feb-1957,4853,VB002697
Joseph,Baker,joseph.baker1@gmail.com,(262) 518-2602,4070 Maple Dr,Arlington,de,51509,10-29-1981,3513,VB002698
Ashley,Martin,,8145868597,6294 Main St,Richmond,OK,79287,09/24/1974,9818,VB002699
Christopher,Anderson,christopher.anderson50@hotmail.com,936-799-3170,4560 Park Blvd,Oxford,OK,36395,2001-05-20,3144,VB002700
Lisa,Davis,lisa.davis99@hotmail.com,+13236454603,9504 Lincoln Ave,Dayton,wi,98059,10-Aug-1970,5441,VB002701
Charles,Martin,charles.martin51@outlook.com,354.903.2826,5380 River Dr,Oxford,Florida,33429,04-14-1950,6857,VB002702
Joseph,Taylor,joseph.taylor35@gmail.com,(987) 708-3756,3589 Park Blvd,Georgetown,NV,53940,08/13/1957,9208,VB002703
Barbara,Baker,,2528349291,4960 Washington St,Madison,nv,91037,1985-02-21,9413,VB002704
James,Torres,james.torres85@icloud.com,346-505-3659,6127 Cedar Ln,Clinton,RI,12433,13-Jul-1992,2474,VB002705
Margaret,Nelson,margaret.nelson36@aol.com,+16079352210,5064 Washington St,Clinton,MN,33088,08-27-1950,3867,VB002706
Jessica,Taylor,,252.678.7321,6076 Hill Rd,Oxford,ca,48139,08/05/1990,8338,VB002707
Michael,Taylor,michael.taylor51@yahoo.com,(373) 711-3184,8197 Oak Ave,Salem,Georgia,73455,1955-10-22,5522,VB002708
Linda,Adams,,7883833353,4693 Jefferson Dr,Manchester,WI,89569,05-May-1959,2803,VB002709
Sarah,Johnson,sarah.johnson47@icloud.com,667-290-3603,6825 Lake Rd,Clinton,mn,60344,03-02-2002,5559,VB002710
Ashley,Hill,,+13928412547,7069 Lincoln Ave,Fairview,AZ,73445,08/03/2004,4886,VB002711
Nancy,Jackson,nancy.jackson33@outlook.com,816.211.7905,1851 Main St,Oxford,NV,14654,1959-10-27,4833,VB002712
Betty,Adams,,(953) 970-1935,1790 Hill Rd,Clinton,wa,98862,14-Oct-1965,9761,VB002713
Thomas,Williams,thomas.williams55@aol.com,3417585909,4636 Sunset Blvd,Franklin,NJ,20409,12-02-1989,6571,VB002714
Barbara,Scott,barbara.scott31@aol.com,755-798-9749,615 Valley Ln,Springfield,NJ,55246,05/08/1944,5902,VB002715
Patricia,Smith,patricia.smith42@gmail.com,+13083214088,3185 Valley Ln,Greenville,or,49834,1949-03-01,9267,VB002716
Michael,Thompson,michael.thompson94@gmail.com,723.330.2576,3201 Lincoln Ave,Dayton,NM,30225,05-Jul-1988,3008,VB002717
Lisa,Wright,lisa.wright89@gmail.com,(267) 569-7052,7804 River Dr,Fairview,AL,60302,02-28-1970,8608,VB002718
David,Brown,david.brown62@hotmail.com,5432873912,6441 Cedar Ln,Franklin,pa,89504,09/07/1990,4403,VB002719
Linda,Allen,linda.allen11@yahoo.com,398-379-4234,5456 Valley Ln,Arlington,Ohio,66348,1973-08-13,7100,VB002720
Matthew,Johnson,matthew.johnson21@yahoo.com,+12669727662,2274 Washington St,Georgetown,SC,39097,27-Jul-1955,3962,VB002721
William,Jones,william.jones98@icloud.com,207.846.1923,7593 Sunset Blvd,Greenville,hi,67859,09-14-1975,9195,VB002722
Matthew,Taylor,matthew.taylor89@icloud.com,(700) 524-8861,5715 Hill Rd,Arlington,WA,45842,10/26/1965,2996,VB002723
Lisa,Walker,lisa.walker62@icloud.com,5464131379,4636 Sunset Blvd,Springfield,MS,35871,1946-12-17,9550,VB002724
Joseph,Williams,joseph.williams69@hotmail.com,983-558-2090,3670 Oak Ave,Greenville,ny,92992,04-Jan-2001,8684,VB002725
Linda,Davis,linda.davis3@hotmail.com,+16514723048,1914 Maple Dr,Burlington,AZ,65795,05-19-2000,7466,VB002726
Barbara,Miller,barbara.miller66@icloud.com,572.593.4464,2089 Hill Rd,Salem,WV,44813,01/11/2003,5026,VB002727
Christopher,Garcia,christopher.garcia37@aol.com,(991) 739-4768,8009 Jefferson Dr,Madison,ky,63204,1964-01-04,6888,VB002728
Jennifer,Nelson,jennifer.nelson45@gmail.com,5873179261,3509 Maple Dr,Fairview,AZ,17219,02-Sep-1963,1756,VB002729
Matthew,Thompson,matthew.thompson66@hotmail.com,361-771-1241,1297 Main St,Georgetown,SC,50847,06-03-2002,1672,VB002730
Jennifer,Nelson,jennifer.nelson16@aol.com,+16169287263,8945 Oak Ave,Franklin,ca,37063,04/17/1992,2595,VB002731
Sarah,Smith,,254.958.6009,9231 Forest Ave,Clinton,SC,95262,1982-06-09,9489,VB002732
Barbara,Wilson,,(297) 324-3755,9198 Lake Rd,Springfield,NY,83756,17-Sep-1996,7647,VB002733
Patricia,Walker,patricia.walker86@outlook.com,6824929725,7157 Forest Ave,Georgetown,sc,57880,03-14-1950,6058,VB002734
Christopher,Wright,,827-981-7221,1711 Lincoln Ave,Greenville,NH,45759,05/08/1963,6865,VB002735
Patricia,Scott,patricia.scott80@yahoo.com,+13238664614,4865 Main St,Richmond,NM,29585,1992-09-27,6079,VB002736
Susan,Adams,susan.adams35@icloud.com,598.701.1159,5239 Lake Rd,Georgetown,oh,79047,12-Dec-1969,1495,VB002737
Ashley,Harris,ashley.harris69@yahoo.com,(925) 322-7811,1741 Sunset Blvd,Dayton,RI,46707,08-15-1976,8764,VB002738
Linda,Williams,linda.williams7@gmail.com,9283845506,977 Park Blvd,Dayton,AL,98885,09/27/1958,6113,VB002739
Robert,Hall,robert.hall95@aol.com,556-839-5167,1682 Maple Dr,Salem,ma,48982,1969-04-20,4758,VB002740
Linda,Young,,+13017432983,7154 Lake Rd,Madison,TN,65521,27-Aug-1944,3229,VB002741
Matthew,Adams,matthew.adams23@icloud.com,206.226.7939,8804 Washington St,Clinton,MN,95410,08-06-1954,4091,VB002742
Linda,Thompson,linda.thompson32@aol.com,(823) 773-5022,3081 Cedar Ln,Madison,ct,97135,01/07/1990,8257,VB002743
Patricia,Hall,patricia.hall50@outlook.com,9303632050,1608 Park Blvd,Clinton,VA,77155,1966-01-15,6243,VB002744
David,Walker,,495-825-8661,1461 Oak Ave,Richmond,NE,30113,06-Feb-1969,5813,VB002745
Thomas,Anderson,thomas.anderson25@hotmail.com,+12922895845,6580 Oak Ave,Fairview,ks,20990,10-25-1969,6838,VB002746
Joseph,Williams,,941.666.7551,6522 Cedar Ln,Marion,California,34356,10/20/1992,5930,VB002747
Lisa,Hill,lisa.hill27@icloud.com,(205) 818-1420,1706 Main St,Dayton,NH,89808,2002-08-09,4530,VB002748
Betty,Johnson,betty.johnson80@yahoo.com,4942146624,1824 Park Blvd,Salem,nm,12981,09-Oct-1969,4424,VB002749
Michael,Smith,michael.smith56@yahoo.com,685-868-8097,6209 Main St,Richmond,AL,18929,10-01-1979,9932,VB002750
Robert,Martin,robert.martin72@hotmail.com,+16596218716,5740 Park Blvd,Manchester,ND,32486,10/10/1988,6334,VB002751
Betty,Jones,betty.jones10@outlook.com,349.796.9459,6189 Main St,Madison,vt,34319,1983-06-28,9304,VB002752
Nancy,Miller,nancy.miller29@yahoo.com,(314) 200-5023,3454 Forest Ave,Fairview,WA,40447,08-Jul-1974,2459,VB002753
Richard,Davis,richard.davis69@aol.com,6197275890,9700 River Dr,Clinton,NE,79544,04-17-1976,8906,VB002754
David,Davis,,973-774-8285,7569 Maple Dr,Greenville,mo,88456,01/04/1978,7414,VB002755
Thomas,King,thomas.king17@aol.com,+19886171280,4670 River Dr,Greenville,AR,82140,1984-10-18,4800,VB002756
Ashley,Martin,ashley.martin10@hotmail.com,803.367.6492,2243 River Dr,Oxford,AK,37593,20-Sep-1944,1620,VB002757
Patricia,Hill,patricia.hill61@aol.com,(860) 974-7217,7590 Lincoln Ave,Manchester,la,54657,03-27-1996,6353,VB002758
James,Hill,james.hill78@hotmail.com,6265258840,7670 Forest Ave,Manchester,AR,66882,10/02/1947,3331,VB002759
John,Johnson,,897-984-5299,6429 Main St,Springfield,MI,34371,1998-02-28,1767,VB002760
Charles,Davis,charles.davis71@yahoo.com,+19216811517,800 Lincoln Ave,Clinton,ma,77210,29-Dec-1977,9325,VB002761
John,Thompson,john.thompson79@icloud.com,368.650.6753,3491 Sunset Blvd,Burlington,Georgia,63963,04-09-1995,8248,VB002762
Thomas,Allen,thomas.allen21@yahoo.com,(544) 358-8411,5363 Sunset Blvd,Clinton,AR,10547,11/20/1954,3087,VB002763
Barbara,Nelson,barbara.nelson34@aol.com,6514159794,6395 River Dr,Clinton,ca,64364,1942-10-02,2243,VB002764
Daniel,Nguyen,daniel.nguyen22@icloud.com,638-315-2826,375 Park Blvd,Clinton,UT,73885,22-Jan-1975,5831,VB002765
John,Wilson,john.wilson53@hotmail.com,+16346946955,490 Cedar Ln,Marion,AR,88935,04-24-1969,5835,VB002766
Nancy,Young,,225.611.4610,7307 Lake Rd,Franklin,ma,17213,07/23/1994,4197,VB002767
Sandra,Hall,,(594) 394-8411,9592 Main St,Madison,RI,61319,1947-05-11,5954,VB002768
Susan,Williams,susan.williams76@gmail.com,9163119016,1219 Lake Rd,Manchester,ME,75863,02-Jul-1992,5290,VB002769
Thomas,White,thomas.white3@icloud.com,209-342-8461,9741 Sunset Blvd,Fairview,la,81168,11-24-1993,5518,VB002770
Margaret,Walker,margaret.walker59@outlook.com,+19444248148,2509 River Dr,Clinton,Illinois,19241,11/15/1972,9322,VB002771
Richard,Miller,richard.miller84@gmail.com,464.256.5858,4390 Oak Ave,Arlington,MO,19748,1975-07-12,7648,VB002772
Susan,Garcia,susan.garcia69@gmail.com,(412) 516-7322,3554 Lincoln Ave,Fairview,wv,33681,14-Mar-1986,8257,VB002773
Linda,Thomas,linda.thomas10@gmail.com,2934872459,5272 Maple Dr,Springfield,IA,77022,03-26-1985,3446,VB002774
Sarah,Brown,sarah.brown28@icloud.com,506-290-5432,5697 Lake Rd,Richmond,UT,49818,03/16/1945,6251,VB002775
Daniel,Davis,daniel.davis52@aol.com,+15666445148,2483 Valley Ln,Clinton,mn,37789,1995-06-25,2006,VB002776
Mark,Harris,mark.harris78@outlook.com,803.784.1956,3482 Maple Dr,Burlington,IA,78918,19-Oct-1966,2884,VB002777
James,Torres,,(340) 885-7313,9403 Jefferson Dr,Arlington,AZ,94673,08-31-1968,3107,VB002778
Jennifer,Wright,jennifer.wright13@aol.com,6308977539,2934 Sunset Blvd,Springfield,nh,86091,11/13/1973,6211,VB002779
Margaret,Anderson,margaret.anderson32@gmail.com,893-270-9456,9734 Maple Dr,Fairview,AR,73145,1960-09-28,2305,VB002780
Matthew,Wilson,matthew.wilson83@gmail.com,+13964912053,4678 Maple Dr,Burlington,MD,70010,14-Jun-1991,4559,VB002781
William,Taylor,william.taylor35@aol.com,285.325.3214,4598 Hill Rd,Springfield,sc,58795,12-30-1999,1595,VB002782
Jessica,Scott,jessica.scott46@hotmail.com,(477) 284-8009,9276 Maple Dr,Manchester,Illinois,96185,12/08/1986,2101,VB002783
Jennifer,Nelson,,7508636248,6970 Maple Dr,Dayton,WA,33892,1980-05-21,2813,VB002784
Betty,Thompson,betty.thompson62@gmail.com,394-265-9990,2647 Maple Dr,Manchester,fl,30002,29-Jul-1958,3701,VB002785
Barbara,Johnson,,+14139093949,6493 Washington St,Greenville,CT,29040,06-08-1945,4441,VB002786
Karen,Garcia,karen.garcia87@icloud.com,289.317.4940,4319 Jefferson Dr,Manchester,SD,63244,11/13/1991,4334,VB002787
Mary,Hall,mary.hall53@icloud.com,(953) 841-4691,8358 Forest Ave,Madison,mn,75044,1946-06-03,1885,VB002788
Nancy,Smith,nancy.smith27@outlook.com,6289361256,5886 Jefferson Dr,Clinton,OK,37840,25-May-1974,9419,VB002789
Linda,Torres,linda.torres49@gmail.com,502-812-5795,3743 Lincoln Ave,Manchester,MA,30161,08-18-1995,3430,VB002790
Anthony,Hall,anthony.hall35@hotmail.com,+18994617542,7883 Maple Dr,Greenville,oh,80247,07/07/1960,1013,VB002791
Karen,Johnson,karen.johnson73@aol.com,956.776.5288,8674 Forest Ave,Springfield,MT,11621,1966-07-20,1220,VB002792
Barbara,Smith,barbara.smith37@yahoo.com,(762) 999-9198,6427 Hill Rd,Georgetown,NJ,62682,26-Jun-1999,4942,VB002793
Sarah,Nguyen,,5916802281,2082 Forest Ave,Burlington,ky,73423,05-13-1940,7842,VB002794
Robert,Smith,,856-343-8139,5093 Lake Rd,Arlington,MA,34254,05/02/1946,9044,VB002795
Mark,Harris,,+14316497616,86 Maple Dr,Greenville,CT,33435,2003-02-22,5506,VB002796
Mark,Miller,mark.miller53@yahoo.com,901.823.8194,9367 Jefferson Dr,Franklin,vt,55029,14-Oct-1980,6331,VB002797
Barbara,Anderson,barbara.anderson64@icloud.com,(799) 679-4059,7339 Cedar Ln,Manchester,CO,41749,01-09-2000,3662,VB002798
Mark,Smith,mark.smith94@gmail.com,5584141817,8338 Lincoln Ave,Springfield,ME,17249,05/27/1954,8520,VB002799
Lisa,King,lisa.king97@gmail.com,985-900-8060,4537 Forest Ave,Salem,wv,29949,1998-05-09,6413,VB002800
Jessica,Torres,jessica.torres26@gmail.com,+12352558726,7524 River Dr,Georgetown,AR,69248,22-Jan-1982,6143,VB002801
Patricia,Garcia,,282.331.1153,8582 River Dr,Madison,SC,42683,11-14-1959,8110,VB002802
James,Baker,james.baker96@icloud.com,(647) 763-8986,683 River Dr,Oxford,al,51839,06/24/1981,2245,VB002803
Thomas,Taylor,thomas.taylor17@outlook.com,3847096267,824 Washington St,Richmond,IN,67801,1980-12-16,2372,VB002804
Anthony,Hall,,216-443-2713,3930 Park Blvd,Arlington,MT,50934,28-Feb-1966,4726,VB002805
Karen,Allen,karen.allen67@icloud.com,+19264726249,9435 Lincoln Ave,Oxford,oh,53306,05-05-1976,9432,VB002806
Sandra,Scott,sandra.scott15@outlook.com,407.387.6489,4808 Cedar Ln,Greenville,AZ,56431,11/17/1992,5556,VB002807
Mark,King,mark.king93@hotmail.com,(858) 623-3452,105 Maple Dr,Georgetown,NC,31981,1973-02-01,5717,VB002808
Patricia,Garcia,,7168055625,6245 Maple Dr,Fairview,ct,20947,10-Dec-1978,7160,VB002809
Robert,King,robert.king83@outlook.com,838-248-9710,7048 Sunset Blvd,Marion,NV,51278,09-10-1949,5152,VB002810
Charles,Nguyen,charles.nguyen23@yahoo.com,+18307837425,7761 Lincoln Ave,Greenville,KY,44069,10/12/1975,1184,VB002811
Margaret,Thomas,,590.687.7081,5225 Washington St,Springfield,mi,69581,1978-05-31,9863,VB002812
Charles,Williams,charles.williams54@gmail.com,(693) 242-9733,4530 Jefferson Dr,Arlington,NV,13945,29-Jul-1994,5855,VB002813
John,King,john.king30@yahoo.com,7353206838,9377 Lake Rd,Salem,ID,66576,02-07-1980,8025,VB002814
Mark,Taylor,,348-360-5366,6762 Lincoln Ave,Richmond,ok,91911,12/31/1981,7570,VB002815
Daniel,Torres,daniel.torres57@hotmail.com,+16532356805,7827 Oak Ave,Richmond,NM,22269,1972-06-12,2422,VB002816
John,Davis,john.davis73@icloud.com,459.399.8487,8083 Lake Rd,Springfield,RI,43769,16-Jun-1953,5390,VB002817
Mark,Brown,,(384) 540-4300,3333 Valley Ln,Salem,sd,25068,06-21-1990,2019,VB002818
Mark,King,mark.king17@gmail.com,5393251699,7553 Main St,Greenville,OR,66774,06/09/1975,9128,VB002819
Nancy,Adams,,796-540-3286,9084 Maple Dr,Manchester,HI,37481,1961-08-28,2332,VB002820
Margaret,Jones,,+14769526630,8423 Lake Rd,Clinton,de,83904,21-Jun-1983,9365,VB002821
Mary,Davis,mary.davis20@yahoo.com,712.527.6291,6350 Lincoln Ave,Dayton,Texas,61879,09-22-1941,9359,VB002822
Michael,Hill,michael.hill95@outlook.com,(656) 904-9596,3631 Lincoln Ave,Arlington,IA,10949,11/04/1999,6224,VB002823
William,Thompson,william.thompson37@outlook.com,2368534518,2725 Washington St,Oxford,ky,51307,1946-01-22,5917,VB002824
Christopher,Nguyen,,913-787-3049,6236 Sunset Blvd,Marion,SD,93480,17-Sep-1977,8926,VB002825
Thomas,Hall,thomas.hall26@gmail.com,+18878879992,6333 Jefferson Dr,Arlington,WI,12576,08-06-1974,5894,VB002826
James,Nelson,james.nelson97@aol.com,366.995.9752,6063 Jefferson Dr,Clinton,hi,19299,06/06/1958,8375,VB002827
Sandra,Allen,sandra.allen7@aol.com,(858) 596-5749,9961 Hill Rd,Georgetown,AR,12655,1995-04-24,4998,VB002828
Jennifer,Jackson,jennifer.jackson63@gmail.com,8084967671,1142 Hill Rd,Clinton,NJ,98903,30-May-1983,2436,VB002829
Jessica,Adams,jessica.adams88@icloud.com,269-430-3715,5560 Jefferson Dr,Marion,nd,17107,12-09-1982,1257,VB002830
Linda,Wright,,+19588184884,5686 Lake Rd,Dayton,NV,95852,01/28/1967,3774,VB002831
Michael,Anderson,michael.anderson65@aol.com,960.475.2486,8410 Lincoln Ave,Fairview,KY,38607,1981-12-16,5273,VB002832
William,Nelson,william.nelson3@outlook.com,(450) 561-6156,3615 Forest Ave,Fairview,az,87183,22-Aug-1974,5462,VB002833
Betty,Scott,betty.scott58@icloud.com,2278919230,6953 Washington St,Manchester,MO,56542,11-26-1980,5856,VB002834
Patricia,Jackson,patricia.jackson95@icloud.com,936-555-8730,4082 Oak Ave,Oxford,SD,63862,11/30/1987,5862,VB002835
David,Nelson,david.nelson46@gmail.com,+12194671658,3834 Jefferson Dr,Dayton,ak,65364,1987-01-29,3827,VB002836
Richard,Adams,richard.adams86@yahoo.com,508.374.9832,300 Lake Rd,Fairview,LA,54289,01-Jan-1964,6039,VB002837
James,Davis,,(722) 974-5043,9914 Forest Ave,Georgetown,SC,56927,07-15-1969,4880,VB002838
Mark,Hill,mark.hill61@outlook.com,6305181617,852 Forest Ave,Greenville,ak,37413,12/31/1954,3500,VB002839
Daniel,Williams,,304-591-4945,2313 Park Blvd,Marion,Texas,43354,1994-01-23,5669,VB002840
Karen,Scott,karen.scott92@hotmail.com,+14632166789,8855 Washington St,Springfield,RI,40762,17-May-1971,2788,VB002841
Sandra,Hall,,808.419.2222,7760 Park Blvd,Madison,de,78857,06-23-1980,9406,VB002842
Karen,Scott,karen.scott18@icloud.com,(330) 345-9142,8346 River Dr,Oxford,Florida,29480,03/19/1994,3629,VB002843
Christopher,Torres,christopher.torres59@icloud.com,3434855963,6455 Oak Ave,Arlington,TN,73405,1973-10-11,8729,VB002844
Patricia,Harris,,462-527-9732,6876 Lake Rd,Oxford,sd,33269,03-Feb-1963,5135,VB002845
Jessica,Taylor,,+15702877746,164 Main St,Manchester,MA,25137,06-16-1981,3649,VB002846
Charles,Baker,,704.809.8666,350 Lincoln Ave,Georgetown,NJ,85965,07/03/2000,8336,VB002847
Daniel,Brown,daniel.brown12@hotmail.com,(671) 464-6835,6663 Lake Rd,Fairview,ok,76523,1949-11-14,2288,VB002848
Betty,Johnson,,6619816549,1489 Forest Ave,Springfield,MO,94142,27-Oct-1965,6937,VB002849
Anthony,Young,,307-371-2934,3366 Lake Rd,Greenville,WA,48289,07-14-2003,8233,VB002850
Anthony,Taylor,anthony.taylor67@gmail.com,+17518687082,3303 Oak Ave,Clinton,ri,68229,05/16/1956,6156,VB002851
John,Martin,john.martin83@yahoo.com,924.753.9207,8330 Cedar Ln,Madison,AK,97875,1956-05-16,7097,VB002852
Robert,Hall,robert.hall73@icloud.com,(870) 231-8051,9106 Park Blvd,Oxford,NY,90328,19-Oct-1949,5707,VB002853
Charles,Anderson,charles.anderson11@aol.com,9836665482,4270 River Dr,Burlington,az,70059,10-15-1976,9724,VB002854
Mark,Harris,mark.harris95@icloud.com,371-821-2455,5485 Hill Rd,Madison,WI,50175,01/26/1969,5141,VB002855
Matthew,King,matthew.king60@hotmail.com,+13048579159,8380 Park Blvd,Salem,HI,56222,2004-08-17,3132,VB002856
Karen,Baker,karen.baker83@yahoo.com,828.272.5054,1808 Washington St,Springfield,ia,22180,22-May-1974,4179,VB002857
Robert,Nguyen,robert.nguyen90@hotmail.com,(766) 368-8187,3992 Valley Ln,Springfield,Florida,23102,09-18-1996,7162,VB002858
David,Jones,,5699358967,9196 Forest Ave,Manchester,IL,51571,04/17/1950,7215,VB002859
Ashley,Anderson,ashley.anderson29@yahoo.com,586-585-2406,531 Cedar Ln,Marion,ga,24805,1950-09-01,9592,VB002860
Daniel,Martin,,+15832696058,35 Valley Ln,Georgetown,Ohio,72121,30-Nov-1970,7994,VB002861
Susan,Thomas,susan.thomas58@outlook.com,659.626.3574,6453 Jefferson Dr,Arlington,NC,55335,04-20-2001,5296,VB002862
Barbara,Wilson,barbara.wilson98@hotmail.com,(853) 419-6842,2313 Park Blvd,Salem,nd,48770,01/22/1950,8557,VB002863
Susan,Hall,susan.hall63@icloud.com,5089546035,5836 Cedar Ln,Franklin,CT,13760,1953-11-13,1085,VB002864
Joseph,Garcia,joseph.garcia92@icloud.com,433-307-3015,2614 River Dr,Georgetown,SC,67771,26-Sep-1967,7351,VB002865
Sarah,Nelson,sarah.nelson92@icloud.com,+19945695624,3252 Forest Ave,Springfield,mt,85046,07-30-1972,6055,VB002866
Christopher,Adams,christopher.adams16@icloud.com,881.494.7834,2939 Forest Ave,Arlington,VT,94513,12/15/1961,1466,VB002867
John,Brown,john.brown18@aol.com,(737) 889-8823,2783 Hill Rd,Springfield,SC,51200,1949-10-29,1227,VB002868
William,Nguyen,,8805501450,7330 Lake Rd,Manchester,ma,10344,02-May-1987,5250,VB002869
David,Torres,david.torres32@yahoo.com,756-552-2221,5240 Forest Ave,Clinton,ME,65110,05-10-1984,1607,VB002870
Ashley,Johnson,ashley.johnson26@outlook.com,+14879684864,8887 Lake Rd,Clinton,HI,59151,07/30/1973,9415,VB002871
Daniel,Torres,daniel.torres10@icloud.com,680.272.2000,7349 Cedar Ln,Springfield,wi,51068,1970-08-17,7134,VB002872
Jessica,Harris,jessica.harris60@yahoo.com,(554) 322-1922,7340 Jefferson Dr,Richmond,CO,98136,24-Apr-1989,5331,VB002873
David,Garcia,david.garcia82@icloud.com,2989064397,7136 Lake Rd,Dayton,VT,30978,08-23-1963,4420,VB002874
Joseph,Smith,joseph.smith34@icloud.com,342-954-3731,2990 Main St,Franklin,id,32975,07/18/1959,5020,VB002875
David,Anderson,david.anderson89@icloud.com,+17069428905,9217 Oak Ave,Salem,MD,36717,1946-08-27,3056,VB002876
Robert,Martin,robert.martin24@gmail.com,460.254.1763,3890 Sunset Blvd,Burlington,WA,78114,12-Nov-1940,9934,VB002877
David,Baker,,(651) 557-5581,9077 Jefferson Dr,Springfield,wy,73181,02-05-1987,1119,VB002878
Jessica,Wright,jessica.wright79@hotmail.com,3852271958,4883 River Dr,Franklin,MA,28672,01/13/1977,6311,VB002879
Joseph,Wilson,joseph.wilson49@aol.com,442-530-2674,6223 Oak Ave,Greenville,WA,34935,1965-05-16,8000,VB002880
Richard,Anderson,richard.anderson59@hotmail.com,+18368299470,1109 River Dr,Richmond,me,99838,02-Aug-1985,5980,VB002881
Jessica,Baker,,515.856.5596,7944 Main St,Salem,WA,92571,09-15-1941,7872,VB002882
Margaret,Garcia,margaret.garcia12@outlook.com,(778) 814-6260,1585 Lincoln Ave,Georgetown,IA,55237,07/29/1960,4644,VB002883
Richard,Garcia,richard.garcia76@gmail.com,6254375915,7898 Washington St,Springfield,de,97011,1961-05-26,7578,VB002884
Matthew,Jackson,matthew.jackson8@aol.com,421-624-2573,239 Jefferson Dr,Marion,Ohio,15020,05-May-1953,6860,VB002885
Mary,Walker,mary.walker19@gmail.com,+16593293446,1204 Park Blvd,Manchester,MI,51936,12-20-1991,4919,VB002886
Daniel,King,daniel.king30@icloud.com,703.698.9377,7350 Washington St,Burlington,mi,62741,08/26/1966,7793,VB002887
Thomas,Walker,thomas.walker99@gmail.com,(685) 291-3984,9631 Valley Ln,Clinton,RI,88816,1948-08-14,6335,VB002888
Anthony,Davis,anthony.davis13@yahoo.com,3373607050,5484 River Dr,Manchester,VT,14082,22-May-1944,2668,VB002889
Daniel,Hall,daniel.hall12@gmail.com,641-235-6253,2238 River Dr,Greenville,ar,62255,09-27-1993,9701,VB002890
Anthony,Martin,,+15614319728,1410 Main St,Marion,Pennsylvania,60721,08/08/1964,9401,VB002891
William,Taylor,,600.848.8762,4131 Lincoln Ave,Franklin,ID,27707,1964-04-06,8136,VB002892
Christopher,White,,(999) 849-8083,4938 Hill Rd,Manchester,de,25816,04-Oct-1949,9945,VB002893
Sandra,Martin,sandra.martin80@icloud.com,7467217013,2697 Park Blvd,Oxford,UT,86349,09-27-1945,7624,VB002894
Jessica,Young,jessica.young81@icloud.com,495-909-9181,8729 Washington St,Salem,MN,81677,04/09/1986,6624,VB002895
Anthony,Torres,,+14615441749,3681 Main St,Marion,pa,28514,2001-11-14,4405,VB002896
Sarah,Jones,sarah.jones91@icloud.com,887.989.1605,7332 Forest Ave,Georgetown,New York,44644,14-Apr-1950,9101,VB002897
James,Adams,james.adams10@aol.com,(958) 714-4776,8354 Forest Ave,Richmond,MT,19869,01-30-2001,9445,VB002898
Sarah,Taylor,sarah.taylor64@yahoo.com,2075584735,5770 Valley Ln,Clinton,fl,73965,02/09/1977,4870,VB002899
Daniel,King,daniel.king29@icloud.com,704-230-5203,721 Main St,Madison,MT,61894,1961-05-06,9682,VB002900
Daniel,Nelson,,+16174467926,9100 Hill Rd,Clinton,LA,97703,14-Aug-1974,6539,VB002901
Anthony,Johnson,anthony.johnson4@gmail.com,391.681.9636,2971 Forest Ave,Springfield,ri,23448,01-15-1984,7979,VB002902
David,Thompson,david.thompson10@hotmail.com,(462) 220-7090,4787 Valley Ln,Dayton,SD,97724,08/01/1994,8814,VB002903
Mary,Davis,mary.davis38@hotmail.com,4583341708,6446 Forest Ave,Madison,TX,54950,1977-11-08,7567,VB002904
Barbara,Wilson,barbara.wilson61@yahoo.com,333-895-3723,6148 Washington St,Madison,ok,77523,11-Jun-1989,4123,VB002905
Karen,Thompson,karen.thompson87@gmail.com,+13675153166,1636 River Dr,Manchester,WA,53789,04-13-1972,2092,VB002906
Karen,Wright,karen.wright62@gmail.com,209.564.5190,8567 Park Blvd,Springfield,LA,42236,11/22/1989,1869,VB002907
Sarah,Davis,sarah.davis72@outlook.com,(490) 353-6586,4926 Lake Rd,Dayton,md,83677,1991-04-18,5607,VB002908
Michael,Wright,michael.wright23@icloud.com,6609797076,2932 Park Blvd,Manchester,HI,72472,28-Apr-1963,8777,VB002909
Sarah,King,sarah.king75@aol.com,590-398-7820,1359 Lake Rd,Greenville,NM,61237,11-10-1994,6291,VB002910
Robert,Jackson,robert.jackson61@gmail.com,+17145995684,4858 Main St,Franklin,nm,33041,06/15/1990,6045,VB002911
Linda,Harris,linda.harris78@icloud.com,741.641.8279,4124 Main St,Richmond,TN,85735,1983-08-05,6069,VB002912
Barbara,Wilson,barbara.wilson8@hotmail.com,(262) 478-4964,1047 Lake Rd,Clinton,MO,76711,30-Jun-1970,2242,VB002913
Susan,Nguyen,susan.nguyen73@gmail.com,3734235512,4008 Main St,Franklin,nm,29979,12-12-1946,5506,VB002914
Richard,Garcia,richard.garcia57@yahoo.com,444-788-5877,518 Lake Rd,Richmond,SD,86012,05/05/2001,5712,VB002915
Michael,Hall,michael.hall51@gmail.com,+14083899379,9653 Park Blvd,Dayton,OH,85015,1983-05-18,5963,VB002916
Karen,Thompson,karen.thompson86@gmail.com,460.975.9901,9571 Sunset Blvd,Oxford,la,81033,19-Jan-2000,3732,VB002917
Margaret,Adams,margaret.adams56@aol.com,(381) 219-2603,8980 Sunset Blvd,Marion,CT,31687,09-03-1953,6024,VB002918
John,Williams,,6059805307,7444 Cedar Ln,Madison,AZ,92401,07/15/1961,8033,VB002919
Patricia,Harris,patricia.harris72@hotmail.com,918-307-1105,4096 Sunset Blvd,Springfield,ca,63971,1964-08-12,1685,VB002920
Richard,Miller,richard.miller13@hotmail.com,+15108883214,7819 River Dr,Dayton,MA,24950,24-Feb-1975,1661,VB002921
Nancy,Wright,nancy.wright32@hotmail.com,307.238.1150,5803 River Dr,Georgetown,PA,64660,05-04-1987,3464,VB002922
Karen,Allen,karen.allen43@yahoo.com,(932) 680-4206,2536 Cedar Ln,Springfield,al,75627,07/29/1973,9051,VB002923
Linda,Wright,linda.wright83@yahoo.com,7517792599,3468 Maple Dr,Manchester,NM,88231,2002-07-03,2137,VB002924
Barbara,Harris,barbara.harris24@outlook.com,616-638-2732,5564 Sunset Blvd,Fairview,PA,38463,10-Oct-1991,3089,VB002925
Linda,Allen,linda.allen94@hotmail.com,+18685733069,8961 Sunset Blvd,Franklin,wa,52210,06-04-2002,2694,VB002926
Sarah,Scott,,304.211.7989,7199 Park Blvd,Greenville,IN,43622,10/20/1991,9886,VB002927
Margaret,Smith,margaret.smith19@gmail.com,(435) 210-4945,8602 Sunset Blvd,Madison,ID,27719,1951-01-31,6207,VB002928
Sarah,Harris,sarah.harris80@gmail.com,7392318402,5085 Park Blvd,Manchester,ga,74358,09-Jan-1948,8055,VB002929
Ashley,Martin,,983-401-5431,5711 Jefferson Dr,Arlington,KY,45579,05-22-1987,1503,VB002930
Karen,Miller,,+14017528142,1012 Washington St,Clinton,MA,59037,11/09/1947,3328,VB002931
Jessica,Brown,jessica.brown15@hotmail.com,386.216.1879,2147 Hill Rd,Salem,tx,41871,2001-08-27,5663,VB002932
Nancy,Torres,,(490) 571-6996,159 Lake Rd,Clinton,TN,50630,15-Jul-1997,3621,VB002933
Linda,Brown,linda.brown32@hotmail.com,7545607732,1508 Forest Ave,Richmond,IA,74062,07-31-1987,7449,VB002934
Patricia,Nguyen,patricia.nguyen27@icloud.com,381-287-6671,4693 Jefferson Dr,Madison,az,87530,11/01/1989,8835,VB002935
Jennifer,Walker,jennifer.walker41@gmail.com,+16616481638,2293 Cedar Ln,Clinton,Ohio,21702,2000-04-19,1875,VB002936
Robert,Taylor,robert.taylor51@gmail.com,921.471.9976,3163 Lake Rd,Georgetown,IL,69691,06-Apr-1982,2911,VB002937
William,Wilson,william.wilson31@gmail.com,(878) 207-7187,43 Park Blvd,Georgetown,va,26302,06-22-2000,1779,VB002938
Anthony,Williams,,4222314018,1418 Lake Rd,Richmond,New York,93693,01/27/1958,7214,VB002939
David,Miller,,725-871-6015,7293 Main St,Dayton,ND,21964,1966-08-20,4538,VB002940
Barbara,Wilson,barbara.wilson3@hotmail.com,+18969968919,4436 Forest Ave,Arlington,nh,76420,09-Nov-1955,3190,VB002941
Susan,Scott,susan.scott69@yahoo.com,808.392.2394,8606 Lake Rd,Richmond,WA,66966,07-23-1974,6443,VB002942
Barbara,Smith,barbara.smith36@hotmail.com,(641) 759-2538,2617 Washington St,Manchester,MA,91161,04/12/1997,5318,VB002943
William,Allen,william.allen20@aol.com,7757081046,977 Main St,Oxford,or,12951,1973-02-20,3393,VB002944
Thomas,Anderson,thomas.anderson87@hotmail.com,844-488-2392,3077 Maple Dr,Richmond,ID,17483,20-Apr-1983,2167,VB002945
Joseph,Miller,,+17946404489,1377 River Dr,Richmond,WI,74661,11-12-1956,8747,VB002946
Christopher,Allen,christopher.allen93@hotmail.com,434.469.8732,4975 Lake Rd,Greenville,md,53741,10/02/1971,6166,VB002947
Thomas,Nelson,thomas.nelson30@hotmail.com,(313) 349-2647,1861 Washington St,Fairview,Pennsylvania,77099,1977-08-01,2570,VB002948
David,Anderson,,2324071324,376 Sunset Blvd,Richmond,SD,55819,04-Feb-1965,9968,VB002949
Sandra,Davis,sandra.davis2@aol.com,981-760-1897,1105 Sunset Blvd,Greenville,mo,27005,10-31-1997,3419,VB002950
Sarah,Thomas,,+18962117983,6507 Jefferson Dr,Richmond,WY,34810,03/29/1986,1875,VB002951
Lisa,Nguyen,,432.679.2834,6808 Oak Ave,Clinton,AK,82420,2001-12-04,9388,VB002952
Anthony,Anderson,anthony.anderson65@icloud.com,(581) 464-1763,4966 Lincoln Ave,Oxford,vt,63024,25-Sep-1944,8237,VB002953
Charles,Thomas,charles.thomas36@yahoo.com,2405829270,8528 Forest Ave,Madison,RI,72125,04-13-1996,5528,VB002954
Daniel,Hill,daniel.hill5@yahoo.com,702-849-2162,9928 Maple Dr,Clinton,MD,34151,11/28/1949,1109,VB002955
Charles,Torres,,+16552686261,9970 Sunset Blvd,Franklin,fl,17435,1965-04-24,7209,VB002956
Christopher,Young,,718.575.5887,1789 Hill Rd,Madison,ID,90758,03-Apr-1960,3635,VB002957
Patricia,Williams,patricia.williams2@icloud.com,(761) 479-9216,7656 Park Blvd,Greenville,NE,24898,02-16-1971,6105,VB002958
Christopher,Hill,,2906524312,5906 Maple Dr,Georgetown,ga,69610,09/23/1964,9401,VB002959
Richard,Davis,richard.davis87@yahoo.com,345-422-4735,610 Oak Ave,Salem,MD,46845,1953-03-24,8361,VB002960
Ashley,Adams,ashley.adams60@hotmail.com,+14694347561,2461 Sunset Blvd,Madison,HI,20222,05-Apr-1944,3427,VB002961
Sandra,Wright,sandra.wright28@aol.com,406.518.1714,7976 Lake Rd,Franklin,wy,35941,12-30-1984,3254,VB002962
Anthony,Smith,anthony.smith34@icloud.com,(673) 918-1151,9452 Park Blvd,Georgetown,Florida,29511,03/28/1969,4816,VB002963
Mark,Torres,,3645128586,6446 River Dr,Burlington,AL,56784,2004-06-11,4570,VB002964
Betty,Taylor,betty.taylor62@gmail.com,896-295-9389,1405 Cedar Ln,Arlington,fl,96291,05-May-1940,8429,VB002965
Thomas,Jones,,+19998011927,8725 Valley Ln,Greenville,KY,29961,09-06-1980,9086,VB002966
James,King,james.king63@yahoo.com,645.964.7255,7914 Lincoln Ave,Georgetown,NC,56626,03/04/1992,9500,VB002967
Mark,Hall,,(924) 937-9602,4241 Park Blvd,Richmond,ia,48844,2003-07-17,5399,VB002968
Charles,Miller,charles.miller80@icloud.com,4197948890,6093 Oak Ave,Arlington,AR,67712,11-Jan-1990,4220,VB002969
Lisa,Davis,lisa.davis31@yahoo.com,954-727-1715,1632 Valley Ln,Madison,UT,11834,06-23-1995,5626,VB002970
Sarah,Garcia,sarah.garcia79@yahoo.com,+18303182326,965 Washington St,Fairview,nm,13465,01/26/1967,1015,VB002971
Patricia,Taylor,patricia.taylor39@icloud.com,618.716.8483,8954 Forest Ave,Oxford,ND,15463,1982-04-17,9445,VB002972
Robert,Jackson,robert.jackson77@gmail.com,(444) 764-9792,6973 Lake Rd,Greenville,FL,43792,08-Apr-1993,3393,VB002973
Linda,Davis,linda.davis75@hotmail.com,4633758036,9207 Forest Ave,Manchester,wa,84831,01-13-1972,8952,VB002974
Mary,Garcia,mary.garcia93@gmail.com,592-700-2513,6329 Washington St,Salem,ID,75214,10/18/1944,3475,VB002975
Richard,Smith,,+13029409339,4282 Valley Ln,Georgetown,WY,82916,1994-03-25,5654,VB002976
Michael,Allen,michael.allen2@icloud.com,968.914.6316,6782 Main St,Springfield,sd,64741,27-Jul-2003,5814,VB002977
Margaret,Torres,margaret.torres55@yahoo.com,(347) 309-3869,3508 Park Blvd,Salem,NE,43332,11-19-1992,1916,VB002978
Margaret,Brown,margaret.brown84@gmail.com,7414255554,7867 Valley Ln,Greenville,UT,40750,05/15/1944,6564,VB002979
Joseph,Hall,joseph.hall59@hotmail.com,786-576-9178,7616 Main St,Madison,nd,97302,1961-08-21,3767,VB002980
Mark,White,mark.white74@outlook.com,+12112147199,6537 Jefferson Dr,Manchester,North Carolina,99251,21-Dec-1986,2037,VB002981
Margaret,Taylor,margaret.taylor90@icloud.com,895.604.2086,8735 Oak Ave,Salem,ME,52352,06-10-1979,6180,VB002982
William,Thomas,william.thomas53@outlook.com,(878) 340-5803,2592 Valley Ln,Salem,nj,53764,09/16/1983,3178,VB002983
Susan,Hill,susan.hill60@hotmail.com,8787529267,6713 Maple Dr,Greenville,AK,63378,1988-02-14,7877,VB002984
Robert,Smith,robert.smith3@gmail.com,898-851-3822,9734 Forest Ave,Marion,AL,65213,23-Mar-1997,8892,VB002985
Lisa,Baker,,+16198811928,8972 Maple Dr,Dayton,ny,72183,09-04-1942,4577,VB002986
Barbara,Garcia,barbara.garcia81@outlook.com,283.792.1675,8556 Oak Ave,Springfield,Texas,67813,08/12/1953,3446,VB002987
Jessica,Scott,jessica.scott44@outlook.com,(924) 304-8244,1450 Hill Rd,Greenville,IN,32076,1984-06-14,4427,VB002988
James,Hill,james.hill55@yahoo.com,4888477204,688 Forest Ave,Springfield,ut,77965,30-Dec-1997,6391,VB002989
Susan,Smith,susan.smith42@yahoo.com,414-935-7698,1008 Forest Ave,Fairview,Florida,64010,06-11-1952,9942,VB002990
James,Walker,james.walker35@icloud.com,+13346688768,848 Sunset Blvd,Greenville,CA,54926,08/30/1960,9845,VB002991
Betty,King,betty.king26@icloud.com,279.614.7389,5681 Valley Ln,Fairview,nh,38589,1968-06-22,1826,VB002992
Lisa,Brown,lisa.brown14@outlook.com,(368) 258-5825,2583 Valley Ln,Arlington,Ohio,58752,25-Mar-1950,5734,VB002993
Patricia,Davis,patricia.davis38@outlook.com,3013048097,104 Lake Rd,Oxford,MN,82079,10-06-1975,9430,VB002994
Anthony,Garcia,anthony.garcia63@icloud.com,934-502-7835,3463 Main St,Oxford,ut,62011,02/25/1980,2229,VB002995
Jennifer,Young,jennifer.young66@gmail.com,+13215086285,5881 Hill Rd,Marion,SD,34529,1989-11-12,7081,VB002996
Ashley,Hall,ashley.hall47@aol.com,769.557.7313,2532 Washington St,Salem,KY,80897,14-Aug-1940,7367,VB002997
Betty,Hall,,(951) 512-1200,2463 Cedar Ln,Dayton,la,27414,03-27-1944,4075,VB002998
Christopher,Brown,christopher.brown35@gmail.com,6476022645,7309 River Dr,Manchester,DE,83060,07/27/1955,2893,VB002999
Linda,Nelson,linda.nelson89@hotmail.com,392-948-7430,6798 River Dr,Springfield,KY,50638,1988-09-07,4041,VB003000
Betty,Hill,betty.hill33@gmail.com,+13186628552,4802 Valley Ln,Georgetown,ak,35099,06-May-1968,5476,VB003001
Karen,Adams,karen.adams20@gmail.com,908.484.4978,9771 Oak Ave,Richmond,AL,37096,10-15-1985,1632,VB003002
Anthony,Harris,anthony.harris73@aol.com,(603) 224-8297,8800 Lincoln Ave,Arlington,NE,41037,09/07/1988,2395,VB003003
Sandra,Thomas,,6343543926,4288 Cedar Ln,Franklin,nc,72283,1948-10-19,9563,VB003004
Linda,Hall,linda.hall26@gmail.com,711-982-2320,4174 Forest Ave,Oxford,WI,51522,05-Jan-1972,5185,VB003005
Michael,Harris,michael.harris27@gmail.com,+17425287036,9265 River Dr,Salem,AK,74625,01-21-1951,8130,VB003006
Anthony,Jones,anthony.jones97@icloud.com,200.975.3403,2445 Forest Ave,Marion,me,61115,03/24/1995,8326,VB003007
Robert,Hall,robert.hall29@aol.com,(657) 810-5734,19 Maple Dr,Arlington,MT,28446,1943-01-08,9697,VB003008
Susan,Wright,,8524061099,7306 Sunset Blvd,Madison,WY,45502,26-Oct-2003,7261,VB003009
Mary,Wilson,mary.wilson28@gmail.com,882-881-6552,8971 Lincoln Ave,Franklin,nc,25504,04-29-1972,9413,VB003010
Thomas,Wright,thomas.wright34@aol.com,+16348854085,2282 Lincoln Ave,Manchester,VT,48668,01/15/1957,6922,VB003011
David,Jackson,david.jackson29@gmail.com,944.248.7087,6431 Main St,Oxford,TN,50466,1964-06-02,7411,VB003012
William,Smith,william.smith67@icloud.com,(621) 672-5919,6133 Cedar Ln,Salem,mn,51716,18-Jul-1964,7205,VB003013
David,Wright,david.wright99@aol.com,6575727266,1261 Lake Rd,Richmond,California,90911,12-11-1962,8912,VB003014
Sarah,Garcia,sarah.garcia70@icloud.com,260-736-1554,1218 Jefferson Dr,Dayton,AR,10836,12/30/1976,3252,VB003015
Robert,Taylor,,+18414879206,8646 Valley Ln,Oxford,oh,78333,1992-04-20,4515,VB003016
William,White,william.white56@gmail.com,962.620.3197,1220 Sunset Blvd,Dayton,Ohio,96131,18-Sep-1972,8087,VB003017
Anthony,Allen,,(304) 318-1356,7123 Cedar Ln,Springfield,KY,10268,02-16-1984,7746,VB003018
Mark,Thompson,mark.thompson99@hotmail.com,8224664916,1476 Lincoln Ave,Madison,ar,97623,07/25/2001,2787,VB003019
Betty,Nelson,betty.nelson65@aol.com,556-438-5755,9135 Hill Rd,Fairview,CO,89688,1956-09-21,8219,VB003020
Margaret,Anderson,margaret.anderson81@yahoo.com,+16095741228,7117 Lincoln Ave,Richmond,TX,32646,20-Jul-1953,4013,VB003021
Sandra,Hall,sandra.hall27@icloud.com,613.413.1650,3230 Washington St,Richmond,sc,26461,11-01-1985,6650,VB003022
Charles,Harris,charles.harris31@yahoo.com,(781) 305-3473,1847 Sunset Blvd,Dayton,OK,75531,09/12/1942,7420,VB003023
Ashley,Johnson,ashley.johnson92@icloud.com,7543336717,6290 Sunset Blvd,Marion,CO,41203,1950-11-04,7095,VB003024
James,Young,james.young55@icloud.com,430-391-8757,2339 Oak Ave,Marion,mn,32303,22-Sep-1958,1277,VB003025
Christopher,Thompson,christopher.thompson96@outlook.com,+12026561366,7873 Jefferson Dr,Georgetown,CO,97333,06-21-1990,2639,VB003026
Joseph,Williams,joseph.williams75@aol.com,620.748.4262,975 Oak Ave,Salem,NY,65342,11/03/1955,7646,VB003027
Mary,Torres,mary.torres80@gmail.com,(916) 479-7899,5507 River Dr,Arlington,wi,59626,2002-11-17,8412,VB003028
Jessica,Thomas,jessica.thomas49@yahoo.com,9048555982,8614 Forest Ave,Marion,MO,45251,09-Oct-1986,1390,VB003029
Patricia,Nguyen,patricia.nguyen20@yahoo.com,407-893-7294,4118 Forest Ave,Salem,WY,25809,01-15-1988,4243,VB003030
Charles,Smith,charles.smith55@outlook.com,+12829165906,7168 Maple Dr,Fairview,ma,23947,04/25/1950,9397,VB003031
Robert,Baker,robert.baker43@gmail.com,543.418.2389,4552 Oak Ave,Richmond,NH,43627,1963-03-24,3695,VB003032
Mark,Adams,mark.adams73@hotmail.com,(803) 318-2760,8223 Valley Ln,Oxford,MO,21374,21-May-1987,5976,VB003033
Matthew,Anderson,matthew.anderson16@gmail.com,6022972191,7100 Cedar Ln,Marion,or,47537,04-02-2001,5412,VB003034
James,Thomas,james.thomas12@aol.com,497-658-7576,7406 Forest Ave,Fairview,IN,52575,12/30/1993,3682,VB003035
Matthew,King,matthew.king81@icloud.com,+13742377318,2552 Hill Rd,Oxford,IN,66866,1971-02-14,5729,VB003036
Matthew,Thomas,matthew.thomas11@aol.com,521.549.9172,7172 Lake Rd,Franklin,wi,53491,22-Feb-1966,8311,VB003037
Matthew,Wilson,,(682) 640-4761,1783 Main St,Springfield,Ohio,55450,09-24-2001,5311,VB003038
Sarah,Walker,,4014411355,6998 Oak Ave,Madison,KY,38175,11/01/1968,8326,VB003039
Sarah,Garcia,,231-979-4613,4786 Main St,Madison,ia,80465,1965-11-24,3755,VB003040
Ashley,Thompson,ashley.thompson23@icloud.com,+17923773103,1697 River Dr,Dayton,RI,89450,15-Nov-1968,9259,VB003041
William,King,,336.285.2339,2248 Oak Ave,Manchester,VT,57798,09-22-1991,6098,VB003042
Mary,Martin,mary.martin3@aol.com,(264) 401-4534,5045 Jefferson Dr,Burlington,pa,12409,09/08/1952,4416,VB003043
Betty,Thomas,betty.thomas41@yahoo.com,7479037300,7605 Main St,Madison,CO,23259,1977-12-13,8442,VB003044
David,Walker,david.walker30@aol.com,871-518-3219,3898 Forest Ave,Richmond,OK,46264,11-Mar-1995,7836,VB003045
Ashley,Williams,ashley.williams80@aol.com,+16628413618,1073 Oak Ave,Franklin,ma,27496,01-18-1995,3649,VB003046
Mark,Baker,mark.baker10@icloud.com,546.302.4390,3627 Sunset Blvd,Greenville,AK,87552,07/05/1975,8260,VB003047
William,Jackson,william.jackson16@gmail.com,(407) 445-4874,8077 Hill Rd,Manchester,NC,60469,1950-04-28,5412,VB003048
Karen,Garcia,karen.garcia12@icloud.com,8055862806,7730 Sunset Blvd,Greenville,mn,77109,26-Dec-1988,3187,VB003049
Lisa,Harris,lisa.harris55@yahoo.com,357-454-6336,3770 Jefferson Dr,Madison,WA,33543,06-11-1953,2954,VB003050
James,Adams,,+14999435687,1957 Lincoln Ave,Richmond,ME,12457,03/28/1944,3407,VB003051
Richard,Scott,richard.scott81@outlook.com,570.829.8473,5968 River Dr,Springfield,mt,23599,1943-07-05,9251,VB003052
David,Jones,,(409) 241-3220,7760 Sunset Blvd,Clinton,WI,91652,06-Jul-1963,8589,VB003053
Robert,Adams,robert.adams19@aol.com,8845411518,2866 Forest Ave,Arlington,LA,88071,07-19-1963,1844,VB003054
Joseph,Williams,joseph.williams67@aol.com,701-351-4629,1181 Valley Ln,Springfield,ca,15110,06/22/1947,9883,VB003055
Anthony,Allen,anthony.allen73@aol.com,+18037563924,3067 Lincoln Ave,Madison,Michigan,55196,2002-01-28,5834,VB003056
Margaret,Wright,margaret.wright81@gmail.com,302.953.1510,9202 Washington St,Manchester,WA,38890,06-Nov-1949,8230,VB003057
Margaret,Brown,margaret.brown37@aol.com,(691) 348-3452,7213 Sunset Blvd,Clinton,ca,79087,11-25-1993,4837,VB003058
Margaret,Baker,margaret.baker48@gmail.com,9785495003,850 Lincoln Ave,Oxford,MS,92740,03/22/1999,8509,VB003059
David,Adams,david.adams42@hotmail.com,704-581-6014,342 Hill Rd,Manchester,LA,34454,1991-09-01,1010,VB003060
Linda,Davis,,+19006043178,3574 Park Blvd,Franklin,or,10369,24-Jun-1998,4443,VB003061
Linda,Taylor,linda.taylor23@hotmail.com,453.962.1765,1981 Maple Dr,Dayton,ND,92455,12-31-1947,5720,VB003062
Margaret,Adams,margaret.adams6@yahoo.com,(394) 751-7763,3840 Jefferson Dr,Springfield,GA,91654,01/02/1974,3686,VB003063
Anthony,Garcia,anthony.garcia33@outlook.com,3083405114,7566 River Dr,Springfield,de,15783,1989-10-14,1973,VB003064
Ashley,Nguyen,ashley.nguyen29@aol.com,809-668-1925,4687 Sunset Blvd,Marion,LA,52065,12-May-1979,2960,VB003065
Sarah,Davis,sarah.davis78@icloud.com,+18592559348,2966 Main St,Georgetown,OK,41037,04-22-1964,2221,VB003066
Mark,Jackson,mark.jackson66@gmail.com,431.908.5787,5602 Valley Ln,Salem,ga,65140,11/22/1969,3238,VB003067
William,Harris,william.harris55@hotmail.com,(877) 612-1173,9791 Park Blvd,Georgetown,MO,59140,1958-09-13,5977,VB003068
Richard,Johnson,,8108501693,7213 River Dr,Franklin,PA,25420,20-Jul-1996,9269,VB003069
Ashley,Smith,ashley.smith68@aol.com,726-387-6958,6198 Cedar Ln,Salem,sc,71958,06-10-1960,7538,VB003070
Michael,Hall,michael.hall31@gmail.com,+16335681610,8418 Lincoln Ave,Salem,MS,55245,11/26/1946,9143,VB003071
Sarah,Allen,sarah.allen92@gmail.com,614.958.9404,4145 Jefferson Dr,Clinton,ME,33291,1987-10-24,9185,VB003072
Joseph,Young,joseph.young14@aol.com,(231) 412-6857,3277 Main St,Clinton,oh,32913,08-Jan-1973,8862,VB003073
Jessica,Torres,jessica.torres35@aol.com,8958168271,7229 Jefferson Dr,Springfield,WV,75317,11-26-1943,7982,VB003074
Lisa,Wilson,lisa.wilson90@hotmail.com,284-329-3583,1118 Washington St,Clinton,IN,83662,07/27/2004,3491,VB003075
Michael,Walker,michael.walker44@outlook.com,+19503941292,9466 Park Blvd,Manchester,va,47889,1969-06-28,2140,VB003076
Michael,Johnson,michael.johnson26@gmail.com,697.674.1290,458 Sunset Blvd,Franklin,Florida,21659,30-Apr-1972,4196,VB003077
Mark,Johnson,mark.johnson52@icloud.com,(473) 774-3898,2758 Main St,Greenville,NH,54585,01-22-1953,4387,VB003078
Jennifer,White,jennifer.white3@hotmail.com,2985383627,4822 Park Blvd,Greenville,nv,45452,07/10/1959,6335,VB003079
Jennifer,White,,293-367-2221,1103 Park Blvd,Madison,WA,40184,1941-06-12,5206,VB003080
Linda,Davis,linda.davis45@yahoo.com,+17824687990,2849 Jefferson Dr,Clinton,IA,96739,07-Mar-1989,1082,VB003081
Mark,Brown,mark.brown87@gmail.com,242.281.9182,5626 Lake Rd,Marion,nj,36250,09-26-1974,1668,VB003082
Richard,Allen,richard.allen66@outlook.com,(207) 645-3655,3651 Jefferson Dr,Dayton,DE,44822,09/09/1961,9630,VB003083
Joseph,Martin,joseph.martin36@hotmail.com,7254648404,4832 Oak Ave,Fairview,LA,10559,1950-05-14,3231,VB003084
Lisa,Brown,lisa.brown22@yahoo.com,946-391-1860,9799 Washington St,Georgetown,mi,50138,29-Feb-1940,4197,VB003085
Daniel,Jones,,+12884884219,8464 Maple Dr,Madison,MD,69499,04-25-1958,1659,VB003086
Robert,Allen,robert.allen91@aol.com,340.297.4390,5903 Main St,Manchester,NY,84209,12/31/1999,9842,VB003087
Sarah,Young,sarah.young52@yahoo.com,(347) 271-7639,3429 Park Blvd,Manchester,ne,53313,1948-04-23,9704,VB003088
Daniel,Young,daniel.young36@gmail.com,5668462689,6789 Jefferson Dr,Salem,KY,93135,19-May-1997,5890,VB003089
Sandra,Davis,sandra.davis25@icloud.com,419-283-1173,8092 Washington St,Greenville,PA,71358,01-23-1940,2919,VB003090
Joseph,Scott,joseph.scott17@hotmail.com,+15645422903,2388 River Dr,Burlington,il,68079,03/19/2004,7920,VB003091
John,Adams,john.adams1@gmail.com,876.496.3814,6779 Maple Dr,Franklin,OK,90816,1954-03-07,3609,VB003092
Anthony,Adams,anthony.adams67@gmail.com,(728) 332-4656,9990 Maple Dr,Arlington,KY,56393,21-Jul-1981,7654,VB003093
Patricia,Young,patricia.young69@hotmail.com,7752536062,3212 Park Blvd,Burlington,nh,15550,03-02-1956,3535,VB003094
Joseph,Baker,joseph.baker78@hotmail.com,491-204-4854,787 Maple Dr,Richmond,AK,52244,10/21/1971,5657,VB003095
Susan,Hall,susan.hall42@aol.com,+17002368264,8535 Forest Ave,Greenville,UT,30285,1959-03-24,6334,VB003096
Karen,Johnson,karen.johnson66@yahoo.com,967.972.1482,2463 Forest Ave,Arlington,ct,56132,27-Dec-1965,5723,VB003097
Linda,Williams,linda.williams76@gmail.com,(705) 873-3061,8045 Lincoln Ave,Arlington,MD,99226,11-23-1966,4032,VB003098
Richard,Torres,richard.torres91@hotmail.com,4927028673,9691 Maple Dr,Salem,TN,91468,04/29/1977,4256,VB003099
John,King,john.king66@gmail.com,344-310-6803,6255 Valley Ln,Arlington,nm,33261,1987-02-15,1542,VB003100
Jennifer,Allen,,+12716846370,5574 Oak Ave,Marion,OK,67852,09-Oct-1941,2417,VB003101
William,White,william.white20@yahoo.com,502.588.7377,2728 Maple Dr,Franklin,MI,30330,01-01-1961,4708,VB003102
Susan,Martin,susan.martin43@gmail.com,(600) 405-2839,5520 Cedar Ln,Dayton,ne,14597,02/16/1962,1757,VB003103
Betty,Allen,betty.allen32@hotmail.com,9213258259,3028 Oak Ave,Oxford,California,53843,1987-11-20,8240,VB003104
Richard,Scott,richard.scott76@icloud.com,842-448-2669,4942 Jefferson Dr,Dayton,RI,25866,09-Oct-1990,1672,VB003105
William,Davis,william.davis75@hotmail.com,+17005443188,8328 Valley Ln,Salem,hi,95418,05-19-1967,6467,VB003106
Sarah,Young,sarah.young50@icloud.com,386.490.1911,6153 Washington St,Marion,IN,69234,02/17/1970,5241,VB003107
Linda,Martin,linda.martin44@gmail.com,(796) 722-1180,1404 Main St,Dayton,MD,25587,1984-07-18,7176,VB003108
Karen,Baker,karen.baker82@icloud.com,7875259868,6714 Hill Rd,Oxford,sc,59112,12-May-1992,9357,VB003109
John,Jackson,john.jackson70@icloud.com,312-327-3440,2483 Jefferson Dr,Oxford,IN,30481,04-03-1951,7076,VB003110
Matthew,Jones,matthew.jones30@icloud.com,+15037525112,9574 Sunset Blvd,Arlington,MN,53179,03/06/1976,2518,VB003111
Daniel,Hall,,748.543.5071,8660 Jefferson Dr,Arlington,nm,36677,1983-03-30,7356,VB003112
Lisa,Nelson,lisa.nelson5@icloud.com,(697) 486-7155,3341 Maple Dr,Madison,NV,80778,16-Apr-1983,8511,VB003113
Charles,Jackson,charles.jackson46@aol.com,5013905040,2181 Sunset Blvd,Marion,WV,85504,02-26-1964,7412,VB003114
Nancy,Jackson,nancy.jackson26@hotmail.com,347-927-5977,1554 Sunset Blvd,Georgetown,ar,69883,08/03/1977,6883,VB003115
Margaret,Torres,margaret.torres52@outlook.com,+14874447016,5280 Main St,Springfield,RI,73780,1998-07-30,3386,VB003116
Susan,Miller,susan.miller56@yahoo.com,237.663.1996,1966 Sunset Blvd,Dayton,IN,97733,28-Aug-2004,3031,VB003117
Patricia,Baker,patricia.baker98@yahoo.com,(659) 616-1727,2738 Hill Rd,Arlington,al,99473,04-15-1967,4234,VB003118
Richard,Hall,richard.hall57@yahoo.com,7349943263,2744 River Dr,Georgetown,MN,97775,08/26/1990,4449,VB003119
Mary,Miller,mary.miller69@icloud.com,933-383-8659,1686 River Dr,Greenville,PA,65333,1983-06-30,8931,VB003120
Sarah,Nelson,sarah.nelson87@hotmail.com,+17936211673,2049 Park Blvd,Arlington,ms,17496,21-Aug-1960,9269,VB003121
Joseph,King,joseph.king59@gmail.com,911.870.8231,1502 Lake Rd,Arlington,ID,40838,10-19-1988,7580,VB003122
Linda,Scott,linda.scott23@gmail.com,(823) 472-5546,1497 Washington St,Fairview,WA,18345,11/22/1951,9561,VB003123
Margaret,Nelson,,6348939334,2236 Forest Ave,Salem,nc,99800,2000-09-18,9722,VB003124
Lisa,Jones,,521-899-8399,9214 Forest Ave,Richmond,California,41502,07-Jun-1991,9508,VB003125
Sarah,Wright,sarah.wright43@icloud.com,+12702533736,8457 Washington St,Fairview,TX,38013,09-21-1978,8337,VB003126
Mark,Adams,,584.318.7694,2201 Lake Rd,Richmond,al,32055,05/03/1949,8556,VB003127
Susan,Williams,susan.williams88@icloud.com,(635) 473-8444,8022 Cedar Ln,Franklin,KS,58310,1997-11-04,2645,VB003128
Patricia,King,patricia.king30@icloud.com,2866675121,8238 Forest Ave,Springfield,ME,22277,13-Apr-1987,8613,VB003129
David,Wilson,david.wilson28@aol.com,722-778-8685,9817 Cedar Ln,Springfield,wv,67843,05-31-1940,1011,VB003130
Michael,Wright,,+15839791046,8771 Lincoln Ave,Madison,VT,44033,03/19/1944,7209,VB003131
Matthew,Walker,matthew.walker15@yahoo.com,736.390.9234,4361 Forest Ave,Marion,IN,10126,1944-10-16,8858,VB003132
Ashley,Torres,ashley.torres26@outlook.com,(569) 738-4193,92 Valley Ln,Madison,mi,22334,03-Feb-1973,5157,VB003133
Michael,Adams,michael.adams36@yahoo.com,7768388850,2906 River Dr,Salem,LA,20114,01-20-1982,9227,VB003134
Anthony,White,,814-905-9222,9302 Valley Ln,Burlington,MT,51203,03/17/1947,2421,VB003135
Sarah,Harris,sarah.harris59@outlook.com,+15618849072,657 Oak Ave,Oxford,me,52438,2001-04-06,6010,VB003136
William,Wright,william.wright31@icloud.com,480.588.2334,2819 Park Blvd,Richmond,AZ,10329,12-Mar-1948,3288,VB003137
William,Martin,william.martin64@hotmail.com,(441) 723-9962,1939 Washington St,Salem,NV,80373,02-28-1960,7038,VB003138
Margaret,Martin,margaret.martin92@icloud.com,6504516161,8752 River Dr,Franklin,ok,20931,12/31/1993,7300,VB003139
Linda,Wright,,242-454-2560,9976 Oak Ave,Springfield,HI,65744,1998-04-27,6975,VB003140
Ashley,Hill,ashley.hill39@aol.com,+18416422077,1669 Sunset Blvd,Springfield,OK,16842,16-Jun-1966,7249,VB003141
Jennifer,Young,jennifer.young76@hotmail.com,808.800.9146,2178 Valley Ln,Madison,ri,10113,07-20-1965,1430,VB003142
Sandra,Nelson,,(645) 307-3522,4125 Lincoln Ave,Dayton,WI,96372,02/17/1955,3415,VB003143
Sarah,Torres,sarah.torres92@yahoo.com,4859672038,3796 Valley Ln,Madison,KS,17101,1962-03-01,3765,VB003144
Ashley,Nguyen,ashley.nguyen13@hotmail.com,452-777-7080,2022 Washington St,Salem,vt,48511,28-Aug-1978,4520,VB003145
Jennifer,Davis,jennifer.davis6@yahoo.com,+19306457584,9359 Forest Ave,Fairview,CT,58729,05-31-1983,2343,VB003146
Anthony,Anderson,anthony.anderson34@icloud.com,511.616.6638,7665 Forest Ave,Burlington,DE,42128,09/17/2001,8376,VB003147
Jessica,Scott,,(597) 740-3738,1325 Forest Ave,Oxford,nh,64995,1964-07-09,7542,VB003148
Linda,Brown,,2729967100,2083 Jefferson Dr,Greenville,WA,19701,27-Jan-1996,9702,VB003149
Betty,Young,betty.young28@outlook.com,534-813-4858,297 River Dr,Marion,FL,21799,12-20-1947,5655,VB003150
Nancy,Anderson,nancy.anderson99@aol.com,+13864409118,3443 Valley Ln,Madison,me,63723,04/04/1946,3073,VB003151
Sandra,Jackson,sandra.jackson67@yahoo.com,346.458.1268,606 Maple Dr,Clinton,North Carolina,25878,1942-07-10,7658,VB003152
Ashley,King,ashley.king96@icloud.com,(962) 397-8219,7039 Park Blvd,Arlington,MT,82704,14-May-1960,2745,VB003153
Michael,Wright,michael.wright28@gmail.com,2142865081,8342 Hill Rd,Springfield,ok,99470,08-16-1976,3635,VB003154
Barbara,Davis,,367-749-2809,6121 River Dr,Franklin,Illinois,65042,11/11/1984,4041,VB003155
Patricia,Scott,patricia.scott48@aol.com,+16749624967,853 Jefferson Dr,Oxford,WV,23317,1955-07-22,2037,VB003156
Sandra,Hill,sandra.hill9@hotmail.com,504.757.7569,7703 Main St,Burlington,ga,50462,10-Aug-1976,7712,VB003157
Thomas,Jackson,thomas.jackson21@aol.com,(657) 763-6647,8827 Park Blvd,Richmond,DE,71523,04-26-1977,2922,VB003158
Joseph,Taylor,joseph.taylor97@gmail.com,9542308111,3664 Valley Ln,Greenville,LA,88603,08/02/1964,5375,VB003159
David,King,david.king95@gmail.com,331-350-1250,9756 Washington St,Burlington,sc,33282,1963-01-22,7438,VB003160
Patricia,Brown,patricia.brown69@yahoo.com,+15976647078,8851 River Dr,Oxford,WV,30253,21-Mar-1977,2622,VB003161
Thomas,Anderson,thomas.anderson86@hotmail.com,979.658.9557,9919 Park Blvd,Franklin,AK,88973,03-14-1983,9081,VB003162
Mary,White,mary.white32@yahoo.com,(318) 792-3094,6479 Washington St,Dayton,al,39365,11/08/1973,1041,VB003163
Ashley,Hall,ashley.hall8@gmail.com,7595968196,7824 Park Blvd,Springfield,WY,41671,1982-12-21,9207,VB003164
Betty,Young,betty.young25@gmail.com,988-276-7113,4843 Cedar Ln,Fairview,ME,70780,13-May-1940,6157,VB003165
Karen,Taylor,karen.taylor40@aol.com,+13327547440,6828 Cedar Ln,Springfield,me,80150,06-27-1954,2843,VB003166
Ashley,Nelson,ashley.nelson79@icloud.com,432.927.9142,851 Lincoln Ave,Madison,UT,30329,09/12/1945,4743,VB003167
John,King,,(854) 498-6749,6001 Park Blvd,Marion,KY,45698,1983-11-02,7209,VB003168
William,Hall,william.hall3@outlook.com,3016467405,4324 Valley Ln,Salem,al,14014,10-Jul-2001,9955,VB003169
Mark,Nguyen,mark.nguyen31@outlook.com,975-238-1683,2417 Valley Ln,Marion,MD,94406,10-02-2002,7045,VB003170
Ashley,Wright,,+12792379715,3429 Jefferson Dr,Richmond,MS,70779,09/20/1962,1041,VB003171
Patricia,Adams,patricia.adams26@yahoo.com,373.378.2805,1944 Lincoln Ave,Madison,co,67927,1971-02-06,5927,VB003172
Jennifer,Taylor,jennifer.taylor78@outlook.com,(918) 855-5637,9992 River Dr,Clinton,Ohio,42591,16-Aug-2004,5338,VB003173
Thomas,Anderson,thomas.anderson67@aol.com,5168147397,1025 Forest Ave,Greenville,CT,57443,01-27-1945,6562,VB003174
Lisa,Jackson,,400-370-6871,1696 Forest Ave,Clinton,wy,55183,03/01/1958,3898,VB003175
Thomas,White,,+15273049138,4353 Hill Rd,Clinton,UT,91906,1982-10-27,1061,VB003176
Anthony,Garcia,,437.488.5493,1136 Cedar Ln,Greenville,LA,66746,12-Jan-2000,5603,VB003177
Karen,Young,karen.young87@outlook.com,(679) 598-8048,595 Sunset Blvd,Clinton,hi,78627,10-14-1991,6245,VB003178
John,Smith,john.smith1@aol.com,9522382476,6493 Forest Ave,Madison,MD,37483,02/24/1974,2466,VB003179
James,Hill,,736-468-7534,3907 Lincoln Ave,Franklin,KS,84172,1973-10-21,4532,VB003180
Lisa,Thomas,lisa.thomas37@aol.com,+17627826837,4655 Jefferson Dr,Richmond,az,93331,04-Sep-1997,7826,VB003181
Susan,Wright,susan.wright35@aol.com,780.499.3992,9442 River Dr,Richmond,VT,61590,11-24-1969,9880,VB003182
Jennifer,Anderson,jennifer.anderson54@hotmail.com,(392) 549-5099,2318 Lincoln Ave,Salem,IL,51663,04/20/1970,7494,VB003183
Matthew,Brown,matthew.brown89@yahoo.com,6185664358,436 Valley Ln,Greenville,or,58155,1965-10-06,4813,VB003184
Thomas,Hill,thomas.hill22@outlook.com,503-652-6777,9007 Park Blvd,Marion,New York,64608,14-Oct-1947,2202,VB003185
Daniel,Nelson,daniel.nelson16@hotmail.com,+12859813626,4470 Forest Ave,Arlington,NC,29313,04-01-1979,2502,VB003186
Matthew,Wright,matthew.wright34@icloud.com,388.535.1349,4230 Washington St,Manchester,ut,98498,10/01/2003,1118,VB003187
Linda,Smith,linda.smith94@yahoo.com,(616) 453-4984,3093 Cedar Ln,Manchester,VT,26702,1998-07-15,4516,VB003188
Linda,Jackson,linda.jackson53@icloud.com,4654048347,7423 Jefferson Dr,Richmond,CA,51527,25-Nov-1980,9775,VB003189
Ashley,White,ashley.white3@icloud.com,618-393-3063,6356 Hill Rd,Arlington,id,98914,08-25-1997,2005,VB003190
Ashley,Harris,,+15649331448,2876 Park Blvd,Fairview,ME,14149,12/15/1976,8400,VB003191
Betty,Nguyen,,881.413.8746,6376 Sunset Blvd,Madison,MA,30789,1996-06-11,1691,VB003192
Daniel,Garcia,daniel.garcia78@hotmail.com,(560) 747-8622,7172 Main St,Springfield,tx,65474,03-Jul-1954,4918,VB003193
Richard,Hill,richard.hill85@gmail.com,2692436664,3238 Oak Ave,Salem,HI,75961,11-08-2003,6589,VB003194
David,Garcia,david.garcia71@gmail.com,638-794-5508,5399 Cedar Ln,Manchester,VT,81284,03/24/1963,6155,VB003195
John,Nguyen,john.nguyen21@yahoo.com,+12282787316,3524 Oak Ave,Marion,wi,58111,1956-03-07,1509,VB003196
Sarah,Brown,sarah.brown70@hotmail.com,867.261.5161,3194 Maple Dr,Dayton,KS,96058,10-Nov-1967,3471,VB003197
Betty,Martin,,(918) 534-9367,7321 Maple Dr,Manchester,KY,79123,11-23-1958,5736,VB003198
Karen,Scott,karen.scott13@yahoo.com,4559158695,2163 Main St,Dayton,wi,38233,04/17/1981,4181,VB003199
John,Miller,john.miller24@outlook.com,710-556-5624,2523 Lake Rd,Greenville,WA,80752,1940-01-02,4108,VB003200
Matthew,Harris,matthew.harris58@yahoo.com,+13816095725,55 Hill Rd,Richmond,MI,70820,14-Nov-1998,3822,VB003201
Daniel,Jackson,daniel.jackson34@aol.com,410.763.6623,8536 Lincoln Ave,Richmond,vt,98369,07-11-1968,3621,VB003202
Thomas,Walker,thomas.walker88@gmail.com,(834) 365-7668,5664 Oak Ave,Franklin,VA,90453,05/10/1952,1409,VB003203
James,Wilson,james.wilson17@gmail.com,5145673224,1564 Cedar Ln,Dayton,WA,11789,1963-10-25,6599,VB003204
Richard,Hill,richard.hill87@hotmail.com,548-756-4063,4815 Cedar Ln,Richmond,wa,13049,27-Dec-1999,2386,VB003205
Ashley,Smith,ashley.smith25@outlook.com,+18086697724,2851 Valley Ln,Manchester,TN,47578,02-04-1977,7547,VB003206
Anthony,Torres,,709.444.6203,8950 Lincoln Ave,Springfield,HI,98702,08/02/2001,1570,VB003207
Karen,Thomas,karen.thomas1@yahoo.com,(460) 207-3002,1488 Forest Ave,Clinton,co,70490,1942-08-05,7339,VB003208
Richard,Hall,,8746221210,1946 Park Blvd,Springfield,KS,40304,25-Jul-1974,9121,VB003209
Robert,Williams,,716-587-9694,702 Park Blvd,Burlington,IL,89443,05-13-1963,3365,VB003210
Matthew,Williams,matthew.williams46@aol.com,+13825461625,2979 River Dr,Manchester,ky,81281,02/04/1992,1352,VB003211
Margaret,King,margaret.king9@aol.com,408.531.5651,2227 Hill Rd,Manchester,VT,85092,1958-10-17,1891,VB003212
Michael,Brown,michael.brown68@yahoo.com,(254) 750-3136,7650 Lincoln Ave,Salem,FL,29049,29-Nov-1958,4959,VB003213
John,Hall,john.hall98@aol.com,7868698822,4306 Park Blvd,Manchester,ok,33513,04-18-1993,6732,VB003214
Ashley,Harris,ashley.harris13@icloud.com,533-517-9222,5045 Oak Ave,Franklin,Illinois,93171,01/20/1941,3292,VB003215
Matthew,Anderson,matthew.anderson10@icloud.com,+13623874481,6761 Valley Ln,Salem,WA,49087,1993-03-12,3688,VB003216
Christopher,Martin,christopher.martin86@yahoo.com,727.870.2919,3051 Cedar Ln,Arlington,ma,48941,22-Nov-1997,4171,VB003217
Daniel,Scott,daniel.scott88@icloud.com,(440) 289-4889,5355 Park Blvd,Dayton,SD,88840,02-10-2002,1315,VB003218
Linda,Jackson,linda.jackson22@gmail.com,8466643465,4641 Main St,Dayton,MT,44225,02/23/1991,8481,VB003219
John,Thomas,john.thomas41@outlook.com,593-384-9971,8465 Lake Rd,Richmond,ga,57067,1959-09-12,1757,VB003220
Karen,Wright,karen.wright60@icloud.com,+12284475739,4493 Lincoln Ave,Clinton,SD,38389,04-Oct-1959,4011,VB003221
Margaret,Thompson,margaret.thompson50@aol.com,990.745.2246,8101 Washington St,Burlington,WV,26548,10-08-1944,9036,VB003222
Jennifer,Davis,jennifer.davis83@icloud.com,(531) 783-7775,620 Maple Dr,Fairview,in,19881,05/31/1969,9455,VB003223
William,Wilson,william.wilson82@hotmail.com,3256288419,513 Maple Dr,Marion,CT,19626,1975-02-25,8989,VB003224
Linda,Davis,linda.davis85@yahoo.com,241-454-8223,5950 Cedar Ln,Georgetown,MN,27615,04-Jun-1969,6483,VB003225
Betty,Anderson,betty.anderson49@icloud.com,+16853038406,5972 Jefferson Dr,Burlington,fl,49350,05-19-2000,1747,VB003226
Robert,Anderson,,604.949.2074,7936 Sunset Blvd,Marion,ID,67533,02/07/1954,8513,VB003227
Michael,Adams,,(923) 347-9450,6868 Lincoln Ave,Madison,GA,35437,1986-10-20,7205,VB003228
Betty,Johnson,betty.johnson61@yahoo.com,8192411776,4045 Lake Rd,Madison,il,30636,30-Jun-1984,3403,VB003229
Mark,Davis,mark.davis17@yahoo.com,802-839-3011,9963 Park Blvd,Burlington,SD,54084,01-26-2002,8946,VB003230
Michael,Adams,michael.adams4@icloud.com,+18508703098,2168 Main St,Franklin,NJ,39951,06/13/1988,3866,VB003231
John,Wilson,,882.768.6303,3834 River Dr,Arlington,vt,46996,1973-06-19,3924,VB003232
Betty,Anderson,,(547) 361-1937,7899 Lake Rd,Marion,AL,62804,07-Jul-1976,7140,VB003233
Jessica,Hill,jessica.hill74@yahoo.com,8737286612,3936 Oak Ave,Greenville,DE,72492,06-23-1940,4226,VB003234
Sandra,Garcia,,390-284-9078,9713 Sunset Blvd,Georgetown,nj,49542,05/07/1953,6367,VB003235
Robert,Wright,robert.wright96@outlook.com,+18499735912,5647 Washington St,Dayton,CT,32747,1959-11-05,1565,VB003236
Susan,Davis,,638.836.5510,1033 Jefferson Dr,Salem,MN,24556,25-Dec-1984,1481,VB003237
Michael,Anderson,,(965) 444-2245,1642 Lake Rd,Georgetown,mn,28138,07-05-1995,2998,VB003238
James,Anderson,james.anderson16@aol.com,3488022762,8663 Lake Rd,Arlington,Texas,84683,01/15/1968,8242,VB003239
Jessica,Scott,jessica.scott91@outlook.com,452-999-1118,9756 Lake Rd,Burlington,AR,62925,1999-02-09,5137,VB003240
Betty,Wilson,,+16244695427,4607 Lincoln Ave,Oxford,tn,78581,24-Sep-1953,4608,VB003241
Mary,Garcia,mary.garcia15@aol.com,232.664.4798,7754 Forest Ave,Oxford,MS,48313,09-22-1957,8081,VB003242
Margaret,Brown,margaret.brown56@gmail.com,(392) 386-3875,580 River Dr,Fairview,OH,69829,01/31/1999,4581,VB003243
Christopher,Williams,,5485918986,2698 Park Blvd,Greenville,nh,45884,1951-10-26,1569,VB003244
Patricia,Martin,,813-359-7754,4889 Main St,Salem,AR,36684,15-Oct-1942,9407,VB003245
Linda,Jones,linda.jones44@icloud.com,+15654698655,4156 Lincoln Ave,Salem,KY,86786,05-25-1941,8439,VB003246
Jennifer,Wilson,jennifer.wilson39@outlook.com,448.284.3331,8683 Sunset Blvd,Madison,fl,15620,12/18/1991,3830,VB003247
Joseph,Harris,joseph.harris41@aol.com,(949) 558-9679,4645 Jefferson Dr,Burlington,WV,66178,1989-11-15,6462,VB003248
Jessica,Wright,jessica.wright89@icloud.com,7289584132,165 Jefferson Dr,Madison,IN,46734,05-Jan-1953,3638,VB003249
James,Nelson,,975-846-1836,7859 Lincoln Ave,Springfield,wy,28243,09-23-1996,8377,VB003250
Charles,Scott,charles.scott53@icloud.com,+19426528052,6166 Forest Ave,Burlington,CT,56823,04/08/1982,2742,VB003251
Ashley,Allen,ashley.allen14@aol.com,398.814.8683,9595 Lake Rd,Marion,MI,70064,1965-08-23,2596,VB003252
David,Wright,david.wright33@hotmail.com,(905) 262-9300,8463 Cedar Ln,Springfield,va,62516,21-Apr-1990,3273,VB003253
Richard,Harris,richard.harris62@gmail.com,8088583781,4363 Lincoln Ave,Oxford,NM,96820,09-12-1955,7193,VB003254
Sarah,Taylor,sarah.taylor87@outlook.com,683-487-5443,1096 Jefferson Dr,Clinton,IN,90857,02/19/1944,3269,VB003255
Michael,Nguyen,michael.nguyen25@hotmail.com,+13142367437,1721 Sunset Blvd,Richmond,ne,52679,1940-12-07,5173,VB003256
James,Anderson,james.anderson28@outlook.com,468.743.6963,8443 Main St,Madison,ND,33460,01-Jun-1996,8559,VB003257
Michael,Jones,michael.jones88@yahoo.com,(516) 723-6259,3064 Jefferson Dr,Burlington,RI,68570,12-08-1994,4468,VB003258
Thomas,Hall,thomas.hall99@icloud.com,2568018290,6376 River Dr,Greenville,ky,14282,10/07/1995,9801,VB003259
Anthony,Wright,anthony.wright97@outlook.com,575-830-4439,7563 Main St,Clinton,Illinois,93816,1957-10-23,1081,VB003260
Patricia,Jones,patricia.jones62@aol.com,+12835852639,3335 Maple Dr,Burlington,PA,12038,09-Jun-1959,7928,VB003261
Margaret,Torres,margaret.torres27@gmail.com,779.887.1519,1927 Park Blvd,Salem,nj,35457,04-15-1983,8560,VB003262
David,Scott,david.scott44@gmail.com,(697) 450-5593,8875 Maple Dr,Springfield,VA,92356,05/28/2000,8773,VB003263
Anthony,Miller,anthony.miller37@hotmail.com,3652862519,9623 Lake Rd,Fairview,MA,73369,1999-06-09,9385,VB003264
Karen,Jackson,,293-393-9346,7396 Jefferson Dr,Greenville,ct,60044,21-Jun-1982,8504,VB003265
Anthony,Thompson,anthony.thompson32@gmail.com,+13263227838,753 Oak Ave,Clinton,AR,92696,06-03-1969,7070,VB003266
Michael,Williams,,351.480.3937,3328 Lake Rd,Greenville,MI,61154,01/14/1943,1011,VB003267
Daniel,Brown,daniel.brown23@hotmail.com,(520) 763-8096,4463 Oak Ave,Madison,mi,77020,1956-06-08,4710,VB003268
Mary,Smith,mary.smith55@hotmail.com,8923465411,126 Lake Rd,Madison,DE,28470,24-Jul-1971,4319,VB003269
David,Nguyen,david.nguyen91@hotmail.com,815-467-4189,9216 Lake Rd,Arlington,SD,96566,12-16-1977,4283,VB003270
Barbara,Hill,barbara.hill52@outlook.com,+16912372689,5162 Oak Ave,Madison,ma,87178,10/24/1990,3321,VB003271
Sandra,Jackson,sandra.jackson23@gmail.com,209.250.1304,4233 Forest Ave,Burlington,California,84878,1966-02-21,1730,VB003272
Joseph,Thompson,joseph.thompson7@aol.com,(858) 725-4561,7740 Valley Ln,Arlington,NH,75513,09-Dec-1947,9632,VB003273
James,Anderson,james.anderson56@yahoo.com,2354243483,2390 Main St,Madison,nv,93041,03-04-1990,3913,VB003274
David,Garcia,david.garcia12@icloud.com,735-368-3059,8724 River Dr,Fairview,NH,77161,07/23/1965,4833,VB003275
Mark,Thompson,mark.thompson30@aol.com,+19923122109,15 Main St,Georgetown,IN,56607,1949-10-22,2778,VB003276
Barbara,Baker,barbara.baker80@yahoo.com,692.285.2101,733 Sunset Blvd,Marion,il,73159,12-Oct-1990,2021,VB003277
Joseph,Young,joseph.young97@hotmail.com,(333) 874-5949,5686 Park Blvd,Burlington,VA,40485,05-24-1965,9429,VB003278
Ashley,Torres,ashley.torres46@outlook.com,6199432767,7399 Hill Rd,Manchester,CO,31124,12/19/1987,6090,VB003279
David,Smith,david.smith23@outlook.com,254-207-1784,1315 Lincoln Ave,Manchester,de,97454,1944-12-19,2362,VB003280
Michael,Jones,,+19919097396,5520 Forest Ave,Franklin,MT,72812,23-Jan-1959,1617,VB003281
Ashley,Smith,ashley.smith52@icloud.com,973.967.5948,2575 Lincoln Ave,Springfield,SD,24279,12-27-1978,3700,VB003282
Joseph,Davis,joseph.davis71@gmail.com,(628) 737-7777,4619 Main St,Manchester,ks,52716,06/21/1977,4391,VB003283
Robert,Wilson,robert.wilson94@icloud.com,6148574614,4301 Hill Rd,Georgetown,ME,87698,1980-11-20,6585,VB003284
Sandra,Wright,sandra.wright24@gmail.com,469-693-5249,5912 Jefferson Dr,Georgetown,AZ,20509,05-Apr-1998,5466,VB003285
Mary,Hall,,+13734234082,1466 Lincoln Ave,Arlington,ma,27436,12-15-1966,1238,VB003286
Jennifer,Adams,jennifer.adams35@outlook.com,286.695.1954,3960 Park Blvd,Fairview,RI,16155,11/01/1960,8289,VB003287
Michael,Garcia,michael.garcia71@hotmail.com,(216) 558-2953,4183 Forest Ave,Arlington,AK,87765,1953-05-26,7510,VB003288
Susan,Baker,,2358603222,4477 Valley Ln,Franklin,fl,50401,24-Aug-1976,1359,VB003289
Barbara,Nguyen,,431-704-7136,9720 Washington St,Burlington,VT,30495,02-22-1994,4970,VB003290
William,White,william.white68@yahoo.com,+19534201878,7488 River Dr,Greenville,CO,85175,09/22/1950,3361,VB003291
Mark,Walker,mark.walker15@gmail.com,877.613.4178,2168 Lincoln Ave,Clinton,nh,35281,1990-08-24,3287,VB003292
Thomas,Nelson,thomas.nelson86@yahoo.com,(755) 654-3063,3263 River Dr,Manchester,OK,35516,18-Mar-1961,9246,VB003293
Lisa,Jones,lisa.jones9@yahoo.com,4146541237,4683 Lake Rd,Arlington,NM,45012,01-03-2004,1115,VB003294
Betty,Jones,,209-906-7503,1776 Park Blvd,Arlington,fl,43882,05/14/1953,2906,VB003295
Margaret,Martin,margaret.martin16@gmail.com,+13102528931,9440 Forest Ave,Clinton,MD,68926,1972-06-24,5750,VB003296
Richard,Smith,richard.smith59@hotmail.com,348.503.4586,8190 Sunset Blvd,Salem,GA,88835,04-Jun-1965,3389,VB003297
Robert,Allen,robert.allen25@outlook.com,(868) 567-5322,5135 Lake Rd,Salem,ma,94188,04-13-1946,8628,VB003298
Sarah,Williams,sarah.williams22@outlook.com,7835898582,2879 Lincoln Ave,Marion,OR,27962,04/06/1972,8956,VB003299
Thomas,Scott,thomas.scott59@gmail.com,256-591-3387,6875 Washington St,Fairview,MS,60671,1944-10-12,2573,VB003300
John,Allen,john.allen66@outlook.com,+19047056542,6267 Washington St,Dayton,oh,37982,21-Aug-1975,4362,VB003301
Thomas,Brown,thomas.brown83@hotmail.com,938.749.1391,5338 Washington St,Dayton,CO,43181,02-20-1961,9457,VB003302
Anthony,Garcia,anthony.garcia27@gmail.com,(318) 764-7909,150 Lincoln Ave,Oxford,AR,86130,06/13/1998,2840,VB003303
Margaret,Miller,,3488135548,5608 Forest Ave,Marion,me,90489,1961-08-20,1674,VB003304
Daniel,Hall,,758-399-7415,8247 Washington St,Manchester,WV,34428,12-Jul-1949,5105,VB003305
William,Smith,william.smith66@hotmail.com,+19643175159,3909 Oak Ave,Clinton,KY,85766,02-09-1946,4986,VB003306
Robert,Martin,robert.martin28@hotmail.com,645.295.6563,6293 Sunset Blvd,Greenville,nv,29758,07/25/1965,6096,VB003307
Lisa,Hill,lisa.hill83@yahoo.com,(651) 818-9472,8172 Forest Ave,Dayton,Michigan,31375,2002-10-31,4126,VB003308
Daniel,Garcia,daniel.garcia79@yahoo.com,4607193679,8727 Main St,Arlington,AK,98356,10-Nov-1992,3668,VB003309
Anthony,Smith,,934-272-7087,1894 Lake Rd,Georgetown,la,60533,12-23-1978,3899,VB003310
William,Baker,,+15429697788,8159 Forest Ave,Franklin,Ohio,19059,03/16/1994,3074,VB003311
William,Walker,william.walker1@outlook.com,840.872.2764,6362 Washington St,Madison,VT,82575,1959-02-27,2886,VB003312
Susan,Anderson,susan.anderson46@aol.com,(828) 958-7035,9348 Lincoln Ave,Greenville,la,19189,05-Jul-1994,8199,VB003313
Mark,Wilson,mark.wilson94@outlook.com,6114966535,2331 Lake Rd,Salem,Florida,56237,05-28-1957,9364,VB003314
Nancy,Thomas,,316-214-8502,992 Oak Ave,Madison,WA,24523,10/03/1951,8358,VB003315
Margaret,Hill,margaret.hill27@gmail.com,+17249871013,724 Park Blvd,Clinton,ca,29358,1999-02-09,4702,VB003316
Christopher,Torres,christopher.torres35@hotmail.com,513.382.8041,9508 Cedar Ln,Arlington,Florida,51261,26-Feb-1997,4767,VB003317
Charles,Taylor,charles.taylor22@gmail.com,(927) 223-5755,5915 Forest Ave,Madison,AZ,46894,11-12-1967,3766,VB003318
Mark,Hall,mark.hall40@yahoo.com,7383478012,8145 Hill Rd,Greenville,ok,30845,07/20/1979,6779,VB003319
James,Martin,,241-577-4578,9917 Park Blvd,Burlington,UT,80187,1949-04-10,6184,VB003320
Karen,Baker,,+16615156225,3617 Cedar Ln,Manchester,NC,89771,04-Aug-1942,7965,VB003321
Susan,Hill,susan.hill53@outlook.com,669.803.4754,1235 Forest Ave,Franklin,ks,53825,08-20-1967,5400,VB003322
Betty,White,,(523) 434-1767,2415 Oak Ave,Georgetown,California,59421,09/23/1982,6975,VB003323
David,Taylor,,7493045300,5514 Park Blvd,Springfield,MS,36505,1940-12-22,9993,VB003324
Lisa,Scott,lisa.scott82@aol.com,954-734-7436,147 Lincoln Ave,Franklin,sc,41371,31-May-1968,3662,VB003325
Daniel,Davis,daniel.davis42@yahoo.com,+15722762813,6952 Maple Dr,Madison,North Carolina,50594,01-25-1992,2005,VB003326
Margaret,Anderson,,671.857.9685,2539 Valley Ln,Franklin,IA,24653,04/13/1992,4675,VB003327
Margaret,Thompson,margaret.thompson55@hotmail.com,(512) 316-7553,3471 Maple Dr,Fairview,vt,91131,1993-07-07,9435,VB003328
John,Thompson,john.thompson60@aol.com,9192071457,3729 Jefferson Dr,Georgetown,ME,50114,02-Nov-1970,5825,VB003329
Sarah,Smith,,730-515-1362,4723 Hill Rd,Greenville,AZ,87656,02-14-1997,5035,VB003330
Jennifer,Jones,jennifer.jones14@aol.com,+19608846558,8906 Washington St,Clinton,ne,46358,01/24/1960,3204,VB003331
Daniel,Johnson,,763.341.5374,263 Lincoln Ave,Greenville,VA,80657,1948-03-20,9306,VB003332
Robert,Thompson,robert.thompson77@aol.com,(428) 564-9914,2147 Hill Rd,Dayton,CT,25801,23-Dec-1985,8488,VB003333
Margaret,Garcia,,3965682591,9208 Cedar Ln,Salem,in,41855,08-03-1995,2696,VB003334
Mary,Wilson,mary.wilson57@gmail.com,248-963-4819,1854 Hill Rd,Clinton,North Carolina,96078,06/07/1988,6824,VB003335
Robert,Anderson,robert.anderson17@yahoo.com,+12324758145,3163 Cedar Ln,Salem,WY,32560,1998-12-17,6053,VB003336
Nancy,Allen,nancy.allen76@icloud.com,892.352.2929,7571 River Dr,Richmond,pa,66228,17-Mar-1945,4723,VB003337
Sandra,Smith,sandra.smith86@outlook.com,(469) 663-7750,5356 Maple Dr,Marion,MT,82709,10-06-1958,9938,VB003338
James,Wright,,2674484299,644 Cedar Ln,Madison,WY,90466,04/08/1941,3918,VB003339
Michael,Thomas,,462-211-7703,1971 Park Blvd,Dayton,pa,68961,1958-10-04,2531,VB003340
James,Miller,,+17142608885,1152 Main St,Springfield,Georgia,43432,11-May-1968,9611,VB003341
Barbara,White,barbara.white7@gmail.com,645.208.7332,9312 Hill Rd,Richmond,NC,27788,01-02-1975,5876,VB003342
Jessica,Nelson,jessica.nelson6@outlook.com,(375) 810-9432,9656 Lake Rd,Georgetown,il,47468,06/23/1969,9006,VB003343
Robert,Nguyen,robert.nguyen34@gmail.com,3215855974,2178 Park Blvd,Salem,NM,42085,1973-07-19,1568,VB003344
Jessica,Williams,jessica.williams76@aol.com,200-798-3545,4979 Hill Rd,Oxford,ND,54072,16-Jun-1963,6800,VB003345
Mary,Jackson,mary.jackson95@hotmail.com,+15742255407,4779 Main St,Greenville,me,61769,08-10-1971,4438,VB003346
Betty,Torres,betty.torres84@outlook.com,467.698.2806,5241 Lake Rd,Marion,SC,86101,08/01/1956,6779,VB003347
Barbara,Harris,,(740) 324-2724,3140 Main St,Franklin,NC,65837,1965-11-15,5015,VB003348
Linda,Johnson,linda.johnson78@aol.com,5337524988,8093 Sunset Blvd,Richmond,sc,88777,25-Mar-2003,7634,VB003349
William,Allen,,611-718-8997,7056 Hill Rd,Burlington,IN,15878,07-22-1962,1040,VB003350
Jessica,Brown,jessica.brown96@outlook.com,+18565892528,283 Main St,Arlington,WI,79001,02/05/1997,3169,VB003351
Charles,White,charles.white57@outlook.com,813.821.2446,1753 Sunset Blvd,Fairview,nh,87648,1989-03-09,4661,VB003352
Jessica,Anderson,jessica.anderson96@gmail.com,(460) 308-1085,2893 River Dr,Arlington,ND,12390,25-Dec-1959,5063,VB003353
Daniel,Harris,daniel.harris65@hotmail.com,7503516419,7814 River Dr,Franklin,AZ,53197,10-22-2004,9776,VB003354
Michael,Adams,,919-285-1943,159 Cedar Ln,Fairview,pa,66660,02/01/1966,9096,VB003355
Jennifer,Garcia,,+15574282509,6880 Oak Ave,Franklin,NM,70874,1977-03-28,9793,VB003356
Robert,Nelson,robert.nelson39@outlook.com,309.444.1072,8919 Forest Ave,Richmond,IL,11003,05-Jan-1988,8731,VB003357
Matthew,Scott,,(899) 569-1543,8907 Oak Ave,Franklin,il,63983,03-09-2002,5253,VB003358
Barbara,Martin,barbara.martin59@hotmail.com,9508433111,9022 Main St,Greenville,CO,94090,09/30/1985,4658,VB003359
Lisa,Adams,lisa.adams96@aol.com,643-494-7502,183 Hill Rd,Burlington,NH,99189,1952-02-01,6549,VB003360
Ashley,Walker,ashley.walker93@gmail.com,+14783608855,5295 Washington St,Salem,tn,45691,19-Aug-1995,6067,VB003361
Susan,Miller,,454.731.8384,6789 Lake Rd,Marion,TN,59074,12-22-1964,8537,VB003362
Richard,Johnson,richard.johnson25@hotmail.com,(766) 495-2204,6330 Hill Rd,Salem,WI,82070,02/03/1965,2946,VB003363
Sarah,Miller,,6474501758,6697 Maple Dr,Arlington,nh,49844,2000-11-23,4984,VB003364
John,Harris,john.harris90@outlook.com,897-570-9117,7768 Cedar Ln,Springfield,WI,60701,16-Feb-1946,5266,VB003365
Jennifer,Smith,,+19565913434,8364 Hill Rd,Salem,WY,87850,07-05-1971,2463,VB003366
Mark,Brown,,972.699.4188,3697 River Dr,Marion,mo,16401,02/27/1954,1566,VB003367
Lisa,Miller,lisa.miller75@yahoo.com,(317) 201-2749,8595 Lincoln Ave,Franklin,North Carolina,81525,1997-06-13,7810,VB003368
Charles,Davis,,5108943699,4300 Valley Ln,Burlington,MI,68406,26-Apr-1979,5202,VB003369
Thomas,King,thomas.king82@aol.com,923-353-3292,9053 Cedar Ln,Franklin,ga,46076,02-12-1953,1977,VB003370
James,Garcia,james.garcia26@hotmail.com,+18594178859,1215 Forest Ave,Salem,MA,16673,03/02/1949,4382,VB003371
Mary,Davis,,936.685.8585,8364 Lake Rd,Franklin,TX,49264,1999-05-16,6944,VB003372
John,Torres,john.torres87@aol.com,(840) 902-4726,6838 Cedar Ln,Oxford,ga,65897,10-Jan-1968,6395,VB003373
Mark,King,,9578651754,7771 Maple Dr,Greenville,DE,90008,01-19-1974,5380,VB003374
Christopher,Johnson,christopher.johnson97@hotmail.com,783-655-8775,771 River Dr,Georgetown,AL,79671,01/20/1969,9986,VB003375
Charles,Nelson,charles.nelson30@outlook.com,+16792128040,2935 Lincoln Ave,Greenville,ia,14796,1999-10-26,4396,VB003376
Sarah,Miller,sarah.miller97@icloud.com,862.325.7666,9091 Sunset Blvd,Richmond,AZ,56635,13-Sep-1940,2211,VB003377
Robert,Brown,robert.brown45@yahoo.com,(400) 475-9618,4993 Oak Ave,Salem,VA,24285,10-19-1990,4866,VB003378
Christopher,Harris,christopher.harris53@hotmail.com,5678492796,7775 Forest Ave,Arlington,ne,40074,10/27/1945,9370,VB003379
Joseph,Williams,joseph.williams11@icloud.com,859-921-1771,3805 Lake Rd,Fairview,IA,62640,1959-12-26,6723,VB003380
Patricia,Torres,patricia.torres8@yahoo.com,+17082992790,4537 Hill Rd,Madison,MS,18401,22-Nov-1977,2303,VB003381
Robert,Jackson,robert.jackson74@hotmail.com,580.410.4850,808 Hill Rd,Oxford,wa,27733,03-28-1957,5087,VB003382
Thomas,Garcia,thomas.garcia16@yahoo.com,(959) 579-3882,2488 Oak Ave,Richmond,DE,20039,04/25/1949,9463,VB003383
Mark,Jones,mark.jones55@gmail.com,5854227967,4586 Lincoln Ave,Fairview,MA,25064,1973-04-18,5020,VB003384
Betty,Adams,betty.adams29@outlook.com,899-932-5460,8677 Sunset Blvd,Springfield,mn,71311,28-Jul-1994,4169,VB003385
Betty,Brown,betty.brown62@yahoo.com,+16703247778,2828 Lincoln Ave,Oxford,MO,61897,12-27-1942,2012,VB003386
Barbara,Miller,barbara.miller43@outlook.com,471.737.6305,5985 Maple Dr,Georgetown,NC,23680,02/18/1956,9256,VB003387
Mary,Davis,mary.davis94@yahoo.com,(734) 869-7183,4918 Maple Dr,Fairview,az,23545,1972-01-02,4288,VB003388
Margaret,White,margaret.white56@aol.com,9248167377,1908 Forest Ave,Manchester,Texas,16123,02-Jan-1978,2834,VB003389
Susan,Hall,susan.hall93@outlook.com,390-743-5874,2567 Forest Ave,Marion,NJ,92128,10-01-1967,8721,VB003390
Lisa,Hall,,+13697632967,3868 Forest Ave,Greenville,ri,43220,09/05/1974,2209,VB003391
Mark,White,mark.white48@yahoo.com,951.262.5094,8826 Hill Rd,Madison,New York,57892,1952-01-03,7596,VB003392
Jessica,Anderson,jessica.anderson6@outlook.com,(686) 692-7084,5733 Valley Ln,Georgetown,NH,41917,07-May-1969,5761,VB003393
Patricia,Thomas,patricia.thomas47@icloud.com,7273801720,9131 Oak Ave,Springfield,nc,73043,06-18-1991,8158,VB003394
Patricia,Walker,patricia.walker44@icloud.com,713-619-9352,1385 Sunset Blvd,Burlington,NJ,39274,03/03/1965,2859,VB003395
John,Thomas,john.thomas47@aol.com,+15498699314,8695 Oak Ave,Richmond,IA,51305,2001-12-13,7852,VB003396
Joseph,Baker,joseph.baker26@hotmail.com,496.757.5079,287 Forest Ave,Springfield,sc,11198,20-Sep-1996,1011,VB003397
Sandra,Harris,sandra.harris71@gmail.com,(323) 361-7833,9950 River Dr,Greenville,Michigan,15962,05-23-1969,1934,VB003398
Margaret,Torres,margaret.torres99@outlook.com,3967898157,4224 Sunset Blvd,Fairview,NC,71350,01/18/1989,3327,VB003399
Matthew,Martin,,402-330-6339,6710 Hill Rd,Fairview,ut,70190,1964-08-08,5611,VB003400
Sarah,Anderson,sarah.anderson48@aol.com,+17655427011,7317 Lake Rd,Springfield,LA,26941,21-Aug-1949,4083,VB003401
Sandra,Walker,sandra.walker96@hotmail.com,813.523.7778,2238 Main St,Marion,WV,92411,03-11-1979,7269,VB003402
Richard,King,richard.king57@icloud.com,(561) 594-7827,2430 Cedar Ln,Greenville,ak,56772,01/06/1980,3461,VB003403
Charles,Young,charles.young77@aol.com,3879724756,3569 Washington St,Salem,NM,24668,1976-06-01,5236,VB003404
Margaret,Williams,margaret.williams37@yahoo.com,689-828-5237,5843 Forest Ave,Fairview,TN,38407,01-Aug-1955,1910,VB003405
Mary,Young,mary.young19@hotmail.com,+15895663532,8907 Park Blvd,Manchester,nc,78065,03-23-2003,2895,VB003406
John,Anderson,john.anderson87@outlook.com,579.842.8166,9220 Sunset Blvd,Greenville,KY,21376,11/13/1993,9763,VB003407
Nancy,Jackson,nancy.jackson90@gmail.com,(497) 260-1296,5980 Maple Dr,Dayton,OR,67661,1942-12-30,8753,VB003408
Barbara,Wright,barbara.wright89@gmail.com,8054096605,4914 Washington St,Franklin,mn,92621,22-Mar-1983,8293,VB003409
Patricia,Harris,,475-534-6683,9894 River Dr,Marion,OK,19930,02-29-1952,6097,VB003410
Linda,Miller,linda.miller35@yahoo.com,+12219115114,7778 Oak Ave,Madison,ID,73604,12/12/1951,1187,VB003411
Lisa,Scott,,871.377.3283,5316 Lake Rd,Arlington,mi,68387,1967-05-01,2758,VB003412
Anthony,Hill,anthony.hill36@gmail.com,(622) 251-3496,1932 Main St,Oxford,CT,60181,19-May-1956,8099,VB003413
Nancy,Scott,,6584445070,5998 Sunset Blvd,Richmond,UT,40893,11-26-1980,1468,VB003414
Anthony,Garcia,anthony.garcia43@aol.com,779-858-4582,7540 Main St,Marion,de,16482,02/28/1961,6663,VB003415
Charles,Walker,charles.walker70@aol.com,+14558675790,2063 Oak Ave,Arlington,New York,24909,1998-12-21,2945,VB003416
Thomas,Smith,thomas.smith52@outlook.com,883.885.2007,1065 Cedar Ln,Richmond,WI,75735,26-Mar-1953,5368,VB003417
Linda,Hill,,(654) 916-5620,3751 Main St,Franklin,ny,19554,01-14-1991,2142,VB003418
Robert,Torres,,8212838874,6886 Oak Ave,Manchester,Florida,22676,11/01/1966,4474,VB003419
Robert,Brown,robert.brown75@icloud.com,267-494-6555,8622 Hill Rd,Dayton,MT,82930,2001-08-17,5993,VB003420
Christopher,White,christopher.white35@aol.com,+12939339960,9155 Park Blvd,Burlington,az,27724,22-Sep-1963,9805,VB003421
John,Smith,john.smith1@icloud.com,703.622.8244,2532 Main St,Manchester,AZ,12159,08-29-1981,4182,VB003422
Patricia,Johnson,,(785) 945-5105,7306 Main St,Arlington,NY,29510,07/28/1998,1014,VB003423
Lisa,Thompson,lisa.thompson17@hotmail.com,2635789992,871 Main St,Burlington,ok,57086,1949-11-03,5623,VB003424
Karen,Scott,,969-998-2276,133 Jefferson Dr,Clinton,TN,40011,25-Sep-1940,1284,VB003425
Matthew,Young,matthew.young19@aol.com,+14157375321,4758 Washington St,Springfield,DE,41732,04-10-1967,1081,VB003426
Lisa,Adams,lisa.adams46@gmail.com,740.877.6044,7345 Valley Ln,Franklin,ne,28064,12/29/1998,2498,VB003427
Robert,Nelson,robert.nelson68@aol.com,(657) 485-6417,5408 Park Blvd,Fairview,MA,17397,1976-08-17,9598,VB003428
Anthony,Harris,anthony.harris86@yahoo.com,8408115988,4944 Hill Rd,Salem,AK,25664,16-Nov-1951,9833,VB003429
Betty,Davis,,640-709-8974,302 Forest Ave,Oxford,la,18205,10-23-1964,3104,VB003430
Mary,Anderson,mary.anderson53@gmail.com,+16952297676,3830 Main St,Madison,OK,86830,07/25/2000,2663,VB003431
Joseph,Martin,joseph.martin97@aol.com,505.637.9992,7896 Jefferson Dr,Oxford,HI,41595,1973-09-28,4781,VB003432
James,Wright,james.wright62@gmail.com,(959) 422-8999,6282 River Dr,Manchester,nj,11586,19-Dec-1998,2008,VB003433
Matthew,Davis,matthew.davis12@hotmail.com,3185749145,9423 Park Blvd,Fairview,North Carolina,86104,07-10-1961,9711,VB003434
Robert,King,robert.king4@icloud.com,952-896-3104,4279 Main St,Manchester,ME,67646,08/12/1943,3259,VB003435
Michael,Hall,,+12693198643,5594 Valley Ln,Dayton,ms,40364,1955-01-07,4584,VB003436
Karen,Jones,karen.jones50@icloud.com,978.748.7972,2078 Washington St,Franklin,WI,50197,31-Dec-1944,5023,VB003437
Sarah,Smith,,(571) 514-4923,950 Cedar Ln,Arlington,OR,20322,09-07-1947,8962,VB003438
Mark,Davis,mark.davis82@outlook.com,2284227750,1475 River Dr,Greenville,ga,40172,05/02/1970,5025,VB003439
Mark,White,,287-541-3494,6853 Forest Ave,Fairview,TN,69192,1950-04-11,2190,VB003440
James,Torres,james.torres91@yahoo.com,+17086325682,285 Lake Rd,Madison,NM,99182,15-Sep-1961,9765,VB003441
Anthony,Anderson,anthony.anderson72@yahoo.com,295.897.2749,8750 Cedar Ln,Salem,al,27665,02-13-1982,5177,VB003442
Nancy,Miller,nancy.miller70@hotmail.com,(770) 469-8829,1095 Lincoln Ave,Dayton,ID,86299,01/27/1977,2898,VB003443
Daniel,Smith,,5564013642,8835 Lake Rd,Fairview,OH,61908,1956-11-30,2578,VB003444
Joseph,Brown,joseph.brown37@aol.com,687-368-5616,8487 Park Blvd,Oxford,fl,66315,05-Jul-1950,6709,VB003445
Daniel,Taylor,daniel.taylor28@hotmail.com,+14049223154,44 Valley Ln,Dayton,MO,74939,12-21-1996,9606,VB003446
Sandra,Harris,sandra.harris65@outlook.com,498.321.3319,3412 Main St,Fairview,WI,50384,03/11/1989,2261,VB003447
James,Taylor,james.taylor10@outlook.com,(319) 215-2509,4686 Forest Ave,Richmond,oh,33770,1963-08-24,8631,VB003448
Sarah,Davis,sarah.davis4@outlook.com,3175797120,9018 Lincoln Ave,Manchester,KS,67137,24-Oct-1980,8981,VB003449
Patricia,Johnson,patricia.johnson94@aol.com,204-633-6509,6166 Hill Rd,Burlington,RI,92447,01-06-1997,6166,VB003450
Mary,Torres,mary.torres72@gmail.com,+17445567044,9874 Jefferson Dr,Dayton,ct,52741,01/20/1982,3537,VB003451
Margaret,Wright,margaret.wright98@hotmail.com,338.663.5231,9243 Hill Rd,Clinton,CO,41464,1997-03-06,4683,VB003452
Karen,Taylor,karen.taylor21@outlook.com,(614) 389-1010,8267 Maple Dr,Fairview,NJ,30096,03-Jun-1960,7113,VB003453
David,Wilson,david.wilson22@outlook.com,7247246615,363 River Dr,Springfield,ma,33005,12-08-1940,3009,VB003454
Sarah,Hall,sarah.hall74@aol.com,286-797-7133,5523 Cedar Ln,Salem,New York,53642,05/14/1961,9568,VB003455
Anthony,Jones,anthony.jones72@yahoo.com,+14955465420,6293 Oak Ave,Dayton,IL,82723,2004-03-30,6542,VB003456
Joseph,Miller,joseph.miller73@aol.com,468.256.8487,424 Washington St,Richmond,ma,49317,10-Jan-1982,3528,VB003457
Lisa,Walker,lisa.walker87@aol.com,(557) 898-9191,6545 Oak Ave,Oxford,WY,21544,04-19-1999,5783,VB003458
William,Nguyen,william.nguyen86@icloud.com,6323752707,6707 Lincoln Ave,Burlington,NM,79964,06/11/1968,6807,VB003459
Nancy,Williams,nancy.williams55@outlook.com,323-269-8517,7243 Lake Rd,Fairview,pa,82239,1979-09-06,3696,VB003460
Jennifer,Thompson,jennifer.thompson59@icloud.com,+19537252213,5158 Main St,Clinton,CT,78327,26-Jun-1968,4119,VB003461
Robert,Taylor,robert.taylor86@icloud.com,299.959.5676,555 Washington St,Richmond,NE,58296,01-14-1961,5846,VB003462
Nancy,Thomas,nancy.thomas83@aol.com,(836) 449-1653,5259 River Dr,Arlington,de,60577,01/07/1963,9851,VB003463
Lisa,Johnson,lisa.johnson15@gmail.com,6332838602,4642 Lincoln Ave,Burlington,OR,95161,1967-12-08,9666,VB003464
Robert,Hall,robert.hall31@hotmail.com,398-908-3842,9351 Forest Ave,Oxford,WY,56569,19-Nov-1994,9639,VB003465
Margaret,Scott,margaret.scott8@gmail.com,+16687152625,3793 Lincoln Ave,Georgetown,sd,44597,07-07-1959,3227,VB003466
Anthony,Walker,,735.729.2184,3412 Park Blvd,Manchester,CT,58967,09/06/1983,2655,VB003467
Christopher,Harris,christopher.harris27@hotmail.com,(762) 334-5719,7179 Washington St,Salem,DE,13783,1996-07-09,4920,VB003468
William,Young,william.young43@icloud.com,3247966875,4142 Park Blvd,Greenville,tx,39218,29-May-1958,5263,VB003469
James,Nelson,,321-368-1961,3888 Sunset Blvd,Springfield,Georgia,57819,02-19-1952,1381,VB003470
Matthew,Allen,matthew.allen2@yahoo.com,+14937959196,5165 Lincoln Ave,Greenville,AZ,59035,05/19/1981,4146,VB003471
Lisa,Adams,lisa.adams81@yahoo.com,295.430.3732,7938 Maple Dr,Marion,nc,13457,1983-05-10,7726,VB003472
Patricia,Thomas,,(882) 819-6054,2622 Washington St,Clinton,Georgia,63156,06-Dec-1981,8968,VB003473
Matthew,Torres,,7728277275,1956 Jefferson Dr,Manchester,AR,19683,04-24-1966,2700,VB003474
Mark,Harris,mark.harris64@hotmail.com,716-857-5771,6383 Park Blvd,Manchester,ks,23740,02/13/2000,3045,VB003475
David,Taylor,david.taylor16@hotmail.com,+13779323288,9327 Cedar Ln,Springfield,DE,22562,1983-11-01,7275,VB003476
Mary,Walker,mary.walker20@icloud.com,816.354.4439,4971 Valley Ln,Salem,VT,50170,18-Sep-1991,2412,VB003477
Betty,Walker,,(693) 368-5195,2654 Jefferson Dr,Marion,ca,67547,06-05-1993,7174,VB003478
John,Taylor,john.taylor26@icloud.com,7216219117,6682 Hill Rd,Madison,KY,45957,11/29/1945,3463,VB003479
Charles,Walker,,813-469-6568,1217 Main St,Clinton,TX,79373,1957-11-30,9498,VB003480
Margaret,Wilson,,+13834875221,8249 Maple Dr,Arlington,wy,43954,04-May-1990,7392,VB003481
Linda,Wilson,,754.885.5613,9924 Forest Ave,Marion,MA,39457,12-06-1950,6205,VB003482
Sandra,King,sandra.king6@gmail.com,(935) 817-4008,4291 Park Blvd,Oxford,VA,93702,03/26/1956,9566,VB003483
Jennifer,King,jennifer.king48@yahoo.com,3126316723,4034 Hill Rd,Arlington,sc,69867,1959-06-23,1788,VB003484
Thomas,King,thomas.king78@icloud.com,766-921-1796,2329 Valley Ln,Clinton,NV,29005,10-Jun-1988,2595,VB003485
Sarah,White,sarah.white9@gmail.com,+17313306250,7165 Lincoln Ave,Arlington,NV,92056,04-14-1970,2806,VB003486
Mary,Jones,mary.jones29@icloud.com,851.885.3073,2789 Hill Rd,Georgetown,nh,12968,01/03/1968,3674,VB003487
Christopher,Nelson,christopher.nelson35@yahoo.com,(466) 287-9817,8696 Oak Ave,Manchester,WI,57241,1996-10-01,8319,VB003488
Charles,Williams,charles.williams41@yahoo.com,8295144703,291 Forest Ave,Burlington,VA,46435,17-Jul-1949,8170,VB003489
David,Walker,david.walker20@aol.com,258-441-4905,4142 Valley Ln,Salem,ga,61446,11-09-2000,7085,VB003490
Charles,Anderson,charles.anderson84@icloud.com,+18146106012,7111 Main St,Salem,NH,36513,01/12/1997,6209,VB003491
Nancy,Allen,,677.892.9177,3369 Sunset Blvd,Manchester,ID,64225,1940-05-30,7946,VB003492
Joseph,Nelson,joseph.nelson34@aol.com,(443) 253-5029,1411 Valley Ln,Georgetown,ca,42088,04-Feb-1989,2538,VB003493
Betty,Thomas,betty.thomas5@outlook.com,9685774105,3334 Washington St,Greenville,TN,47778,08-11-1948,1452,VB003494
Thomas,Garcia,thomas.garcia3@yahoo.com,551-669-1537,8527 Maple Dr,Madison,MA,12546,11/05/1963,7994,VB003495
Sandra,Nelson,sandra.nelson62@hotmail.com,+16689679481,4502 Sunset Blvd,Arlington,il,28402,1982-03-29,3323,VB003496
Matthew,Garcia,,466.659.2924,7063 Main St,Arlington,OK,44623,25-Jan-1973,3308,VB003497
Nancy,Jackson,nancy.jackson5@hotmail.com,(485) 513-4132,3860 Valley Ln,Greenville,NH,20636,06-28-2000,6180,VB003498
Karen,Nguyen,karen.nguyen73@outlook.com,8389924313,56 Lincoln Ave,Fairview,nj,60741,07/21/1960,7370,VB003499
Joseph,Thompson,joseph.thompson95@icloud.com,532-525-5256,861 Washington St,Arlington,ME,33073,1997-07-14,5072,VB003500
Richard,King,,+16923905527,197 Main St,Franklin,FL,53931,27-Jan-1964,4679,VB003501
James,Jackson,,818.590.7637,2704 River Dr,Salem,hi,13247,03-20-1975,5156,VB003502
Christopher,White,christopher.white74@outlook.com,(439) 335-9861,9392 Lake Rd,Oxford,ND,34537,07/16/1979,9979,VB003503
Karen,Martin,karen.martin66@gmail.com,4609087099,3270 Jefferson Dr,Richmond,NC,52083,1989-09-02,4213,VB003504
Robert,Garcia,,624-375-4262,4631 Jefferson Dr,Clinton,id,47223,15-May-1991,6620,VB003505
Betty,Garcia,betty.garcia40@hotmail.com,+16199808899,5162 Forest Ave,Dayton,IN,53015,02-07-1950,6428,VB003506
Jennifer,Walker,,237.425.6915,3489 Valley Ln,Marion,DE,51662,01/06/2003,2296,VB003507
William,King,william.king60@icloud.com,(330) 362-3467,7466 Jefferson Dr,Salem,ny,30630,1973-10-02,4564,VB003508
Matthew,Martin,matthew.martin30@yahoo.com,2818521192,5022 Sunset Blvd,Salem,CT,31987,19-Apr-1985,3887,VB003509
Christopher,Martin,christopher.martin70@icloud.com,246-700-3813,9666 Maple Dr,Fairview,HI,35774,03-27-1981,5689,VB003510
Anthony,Thompson,anthony.thompson41@outlook.com,+17804883350,6014 Lincoln Ave,Marion,id,26446,09/10/1999,7204,VB003511
Margaret,Harris,margaret.harris10@hotmail.com,716.625.1367,5012 Lake Rd,Franklin,KS,31021,1995-12-25,4471,VB003512
Karen,King,karen.king17@aol.com,(938) 947-5470,3627 Forest Ave,Georgetown,CA,55056,12-Sep-1982,5921,VB003513
Ashley,Wright,ashley.wright86@outlook.com,7789997874,7050 Forest Ave,Springfield,me,93664,12-19-1995,3754,VB003514
Robert,Williams,robert.williams97@icloud.com,549-478-1671,6251 Jefferson Dr,Arlington,KY,24789,03/29/1996,8643,VB003515
Jessica,Taylor,jessica.taylor74@icloud.com,+16914041089,1717 Maple Dr,Fairview,WI,18342,2003-08-18,6955,VB003516
John,Jackson,john.jackson76@hotmail.com,478.517.4035,9192 Cedar Ln,Oxford,mo,37942,29-Jul-1955,5457,VB003517
Daniel,Torres,daniel.torres80@outlook.com,(361) 391-5895,5151 Sunset Blvd,Dayton,VT,58272,01-26-2003,4892,VB003518
Daniel,Wright,daniel.wright45@yahoo.com,9979119135,280 Lincoln Ave,Franklin,IA,69471,08/23/1950,3324,VB003519
Barbara,Young,barbara.young94@hotmail.com,525-974-3894,5516 River Dr,Marion,nh,92242,1944-08-17,9607,VB003520
Karen,Jackson,karen.jackson83@outlook.com,+12527918030,2112 Sunset Blvd,Clinton,WA,32769,01-Mar-1976,6212,VB003521
John,Garcia,john.garcia40@hotmail.com,316.653.2047,5772 Park Blvd,Madison,WI,34696,07-26-1992,7181,VB003522
John,Anderson,,(638) 463-5523,8697 Jefferson Dr,Manchester,hi,83872,11/12/1978,2299,VB003523
Sarah,Adams,,4526873544,9483 Main St,Oxford,RI,92240,1993-04-25,1437,VB003524
Margaret,Jones,margaret.jones64@aol.com,542-712-7470,975 Forest Ave,Greenville,MN,17961,21-May-1993,4113,VB003525
Jessica,Nelson,,+14196249898,1161 Park Blvd,Manchester,ma,45282,07-02-1997,2674,VB003526
Sarah,Garcia,sarah.garcia7@icloud.com,356.985.9972,2636 Sunset Blvd,Richmond,Florida,18589,06/23/1979,5568,VB003527
Joseph,Scott,joseph.scott45@outlook.com,(774) 606-3660,1033 Hill Rd,Richmond,TN,13144,1987-06-23,2786,VB003528
Lisa,Thomas,lisa.thomas73@icloud.com,3148073740,2447 Main St,Georgetown,de,36824,18-Jan-1973,7574,VB003529
Linda,Davis,linda.davis87@outlook.com,247-727-5249,3649 Oak Ave,Salem,VA,17474,11-14-1960,6019,VB003530
Ashley,Thomas,ashley.thomas31@hotmail.com,+15149947053,7134 Sunset Blvd,Springfield,NC,44930,11/15/1986,9328,VB003531
Ashley,Anderson,,451.408.8695,1728 Park Blvd,Madison,nj,22785,1959-03-13,2657,VB003532
Robert,Garcia,robert.garcia10@icloud.com,(312) 589-8515,6608 Jefferson Dr,Georgetown,WV,60106,12-Jul-1970,6038,VB003533
Michael,Wright,michael.wright12@gmail.com,5219492533,3517 Main St,Manchester,GA,72769,04-24-1967,7956,VB003534
Sarah,Nguyen,sarah.nguyen87@yahoo.com,770-756-1447,1100 Maple Dr,Burlington,ga,26452,01/31/1950,8614,VB003535
Matthew,Jackson,,+19109339128,7648 Jefferson Dr,Dayton,MA,68621,1948-05-13,6928,VB003536
Sarah,Anderson,sarah.anderson6@outlook.com,629.773.2737,115 Maple Dr,Manchester,ME,81700,04-May-1941,9995,VB003537
Christopher,Young,,(855) 267-8442,2611 River Dr,Greenville,nd,31706,11-19-1993,7793,VB003538
James,King,james.king72@gmail.com,2754018165,922 Jefferson Dr,Arlington,MD,83834,06/08/1966,9116,VB003539
Karen,Smith,,544-574-4774,9078 Washington St,Marion,ID,76949,1982-04-27,3602,VB003540
Patricia,Thompson,patricia.thompson11@icloud.com,+12078826490,8133 Hill Rd,Franklin,ma,39098,07-Aug-1985,3763,VB003541
Linda,Thompson,linda.thompson8@icloud.com,463.596.1482,9093 Park Blvd,Fairview,Georgia,54798,03-30-1975,3248,VB003542
John,Wilson,john.wilson71@hotmail.com,(393) 465-6361,6498 River Dr,Fairview,CO,19499,12/28/1959,9880,VB003543
Charles,Baker,charles.baker81@yahoo.com,3222086074,5468 Washington St,Manchester,wa,98865,1993-04-19,1038,VB003544
John,Scott,john.scott5@outlook.com,338-912-8588,2780 Main St,Springfield,NM,95657,28-Dec-1963,7087,VB003545
Barbara,Hall,barbara.hall40@icloud.com,+12835301178,9652 Cedar Ln,Salem,NM,32604,04-26-1992,3814,VB003546
Jennifer,Miller,jennifer.miller56@gmail.com,626.985.5103,3155 Lincoln Ave,Madison,nh,27548,06/20/1992,7995,VB003547
Robert,Walker,robert.walker31@gmail.com,(811) 351-1925,8244 Maple Dr,Fairview,California,24606,1967-12-24,6512,VB003548
Ashley,Garcia,ashley.garcia84@gmail.com,9526045139,2054 River Dr,Franklin,SD,61420,29-Mar-1977,7886,VB003549
David,Nelson,david.nelson18@gmail.com,362-595-3988,6829 Park Blvd,Fairview,ri,58598,09-04-1975,8826,VB003550
John,Jones,,+19488002490,2880 Sunset Blvd,Greenville,Ohio,95585,12/22/1996,7794,VB003551
Jennifer,Thomas,jennifer.thomas70@hotmail.com,723.665.3309,348 Lake Rd,Salem,ID,48366,1983-02-18,1340,VB003552
Jennifer,Johnson,jennifer.johnson51@gmail.com,(246) 385-4173,7506 Maple Dr,Clinton,md,39323,10-Jul-2000,3841,VB003553
Matthew,Thompson,matthew.thompson1@hotmail.com,6882309597,1968 Main St,Oxford,California,37200,03-09-1967,4262,VB003554
Matthew,Nguyen,,865-367-8255,1705 Main St,Arlington,KS,25505,06/01/1972,7683,VB003555
Linda,Young,,+18817233574,8210 River Dr,Oxford,ma,72420,1947-06-29,2752,VB003556
Anthony,Anderson,,742.891.7248,1826 Jefferson Dr,Franklin,MO,38060,28-Jun-1968,3174,VB003557
Linda,Hall,,(847) 871-8734,18 Sunset Blvd,Richmond,NV,36807,12-10-1943,9495,VB003558
Robert,Davis,robert.davis81@outlook.com,7002555921,1134 Forest Ave,Franklin,al,95877,07/12/1959,9976,VB003559
James,Jones,james.jones54@hotmail.com,982-358-9568,5614 Valley Ln,Richmond,MS,28903,2003-04-03,6569,VB003560
Joseph,Hall,joseph.hall23@yahoo.com,+14502903222,2671 Forest Ave,Arlington,OK,17502,19-Dec-1985,2339,VB003561
Nancy,Davis,nancy.davis16@icloud.com,822.719.7480,5252 Hill Rd,Marion,ks,12580,07-10-1981,8707,VB003562
Michael,Torres,,(299) 874-2392,2586 Valley Ln,Salem,NV,43167,09/05/1940,8621,VB003563
Sandra,Nguyen,sandra.nguyen66@yahoo.com,7757777668,8298 Sunset Blvd,Franklin,OH,25624,1963-11-11,4870,VB003564
Matthew,White,,354-728-8641,3753 Jefferson Dr,Salem,wy,37864,27-Apr-1965,2721,VB003565
Christopher,Nguyen,christopher.nguyen9@yahoo.com,+14805766791,4958 Sunset Blvd,Manchester,HI,47537,06-24-1998,5478,VB003566
Christopher,Martin,christopher.martin93@aol.com,501.531.4587,5054 Lincoln Ave,Richmond,ID,41308,05/02/1965,6586,VB003567
Joseph,Johnson,joseph.johnson65@aol.com,(674) 711-6554,5641 Park Blvd,Greenville,nv,20089,1992-08-19,1452,VB003568
James,Wright,james.wright4@icloud.com,7813848823,6408 Forest Ave,Fairview,WI,64000,07-Nov-1941,9661,VB003569
Robert,Hall,,421-367-9501,1502 Maple Dr,Salem,NY,38564,02-23-1950,8459,VB003570
Charles,Thompson,,+14712811213,7845 Washington St,Arlington,wa,12105,07/31/1963,6500,VB003571
Charles,Smith,charles.smith51@icloud.com,403.718.4943,2762 Oak Ave,Madison,OR,45523,2001-11-05,8303,VB003572
Richard,Hill,richard.hill10@aol.com,(217) 650-1062,5820 Lincoln Ave,Springfield,AZ,15121,09-Aug-1974,8574,VB003573
Matthew,White,matthew.white31@icloud.com,6509433740,3455 Valley Ln,Burlington,mn,17120,08-14-1997,5331,VB003574
Mark,Nelson,mark.nelson74@yahoo.com,729-913-5358,8331 Washington St,Dayton,NH,30803,10/23/1972,6952,VB003575
Margaret,Smith,,+13145024833,8872 Jefferson Dr,Burlington,LA,16404,1960-05-03,8635,VB003576
David,Scott,david.scott78@hotmail.com,333.701.5740,5556 Main St,Fairview,mo,37993,06-Sep-2003,6593,VB003577
Nancy,Davis,,(880) 723-7235,6039 Park Blvd,Marion,IN,40296,12-27-1999,9244,VB003578
Mark,Wilson,mark.wilson80@aol.com,4223968369,4497 Lake Rd,Fairview,RI,18308,10/01/1987,1698,VB003579
Richard,Harris,richard.harris86@yahoo.com,602-414-2278,6499 Cedar Ln,Fairview,ak,82628,1966-05-01,7347,VB003580
Joseph,Young,joseph.young14@outlook.com,+13939099154,1167 Washington St,Arlington,WI,99349,23-Jul-1956,4584,VB003581
Charles,Allen,charles.allen47@icloud.com,488.523.9704,5709 Park Blvd,Georgetown,CA,57805,06-26-1947,3366,VB003582
Robert,Hill,,(521) 588-3381,2733 Sunset Blvd,Richmond,ks,25300,02/11/2004,1622,VB003583
Patricia,Wright,patricia.wright16@gmail.com,5503371569,8070 Maple Dr,Fairview,IA,12428,1975-01-25,6329,VB003584
Susan,Scott,susan.scott26@icloud.com,204-215-4190,4005 Forest Ave,Clinton,RI,27435,10-Jul-1994,5461,VB003585
John,Young,john.young4@icloud.com,+17815701847,7804 Valley Ln,Fairview,ia,71220,04-22-1980,4731,VB003586
James,Anderson,james.anderson78@hotmail.com,230.261.2569,8109 Cedar Ln,Greenville,Michigan,83804,02/07/1941,1425,VB003587
Ashley,Allen,ashley.allen38@icloud.com,(262) 953-4193,8578 Lincoln Ave,Marion,ME,42535,1973-09-25,7930,VB003588
Sandra,Williams,sandra.williams32@outlook.com,2422514557,4554 Maple Dr,Burlington,hi,37116,11-Feb-1992,3157,VB003589
William,Allen,william.allen76@gmail.com,903-511-5138,7642 Hill Rd,Georgetown,IN,77624,03-04-1941,6187,VB003590
Barbara,Young,,+16584656346,9369 Maple Dr,Franklin,TN,76413,05/31/1991,4316,VB003591
Margaret,Thomas,margaret.thomas97@yahoo.com,826.207.2219,4459 Cedar Ln,Springfield,ri,71354,1967-10-20,3702,VB003592
Betty,Harris,betty.harris68@outlook.com,(271) 613-4808,3711 Lincoln Ave,Marion,MT,37214,02-Dec-1987,2955,VB003593
Ashley,Garcia,ashley.garcia92@yahoo.com,2846133581,7101 Maple Dr,Marion,WA,16788,07-04-1992,9030,VB003594
Mary,Jones,mary.jones80@icloud.com,797-811-2162,9680 Cedar Ln,Marion,nm,35346,11/02/1958,8530,VB003595
Matthew,Jackson,matthew.jackson54@icloud.com,+13788618977,9867 Forest Ave,Richmond,ID,95754,1961-02-27,5441,VB003596
David,Torres,,918.810.1923,55 Washington St,Fairview,MT,26741,25-Jan-1999,4028,VB003597
William,Allen,william.allen65@outlook.com,(235) 803-6160,5138 Main St,Richmond,me,88278,12-30-2002,4400,VB003598
John,Thompson,john.thompson98@icloud.com,6252201241,8876 Valley Ln,Arlington,Georgia,22524,10/07/1992,7408,VB003599
Richard,Jackson,richard.jackson56@hotmail.com,942-856-1906,9137 Lake Rd,Clinton,GA,43037,1969-05-19,6506,VB003600
Thomas,Taylor,thomas.taylor70@yahoo.com,+16338731001,4069 Park Blvd,Springfield,nd,48456,19-Feb-1999,9750,VB003601
Barbara,Allen,barbara.allen79@aol.com,233.807.4198,378 Washington St,Marion,WV,56055,02-22-1964,5658,VB003602
Margaret,Taylor,margaret.taylor93@gmail.com,(511) 884-5386,7915 Main St,Manchester,NY,92921,08/02/1942,6884,VB003603
David,Scott,david.scott55@aol.com,2905417269,2515 River Dr,Franklin,mn,84252,1987-06-05,2703,VB003604
Ashley,Miller,ashley.miller58@hotmail.com,204-245-3944,5003 Forest Ave,Burlington,WV,21704,19-Nov-1953,8461,VB003605
William,Johnson,,+18687186940,5429 Oak Ave,Springfield,ND,78810,05-24-1994,3494,VB003606
Joseph,Garcia,joseph.garcia11@gmail.com,382.214.4893,7019 Lake Rd,Oxford,la,38442,07/02/1957,6817,VB003607
Karen,Jackson,karen.jackson45@icloud.com,(635) 248-9457,9471 Hill Rd,Marion,WI,35458,1959-05-02,4720,VB003608
Michael,Anderson,,5616493909,2730 Sunset Blvd,Oxford,TN,49022,30-Jul-1944,6653,VB003609
John,Smith,john.smith42@icloud.com,385-483-8720,4713 Oak Ave,Madison,de,79443,08-02-1990,2222,VB003610
Karen,Young,karen.young71@icloud.com,+17004007494,9218 Jefferson Dr,Dayton,Illinois,29053,07/30/1961,9714,VB003611
Susan,Allen,susan.allen51@outlook.com,420.786.3049,1591 Oak Ave,Greenville,DE,85100,1975-02-06,2098,VB003612
Betty,Jones,betty.jones27@icloud.com,(832) 448-5603,3625 Oak Ave,Franklin,ky,84956,05-Mar-1990,5100,VB003613
James,Brown,james.brown90@yahoo.com,6692383351,4975 Forest Ave,Richmond,OK,95204,06-21-1946,1683,VB003614
Margaret,Scott,margaret.scott65@icloud.com,680-305-5952,9107 Lake Rd,Arlington,LA,22243,10/06/1974,6536,VB003615
David,Wright,david.wright24@hotmail.com,+19188878588,7225 Oak Ave,Greenville,ma,17123,1971-03-07,6297,VB003616
Mark,Scott,mark.scott96@gmail.com,201.715.8486,2516 Cedar Ln,Clinton,MT,86374,16-Dec-1965,2254,VB003617
Joseph,Taylor,,(601) 771-7348,7363 Valley Ln,Manchester,OR,44190,04-10-1951,1094,VB003618
Patricia,King,patricia.king47@outlook.com,4012698047,2044 Washington St,Burlington,tn,78374,03/18/2000,8123,VB003619
John,Anderson,john.anderson45@yahoo.com,407-676-7308,7475 Washington St,Greenville,NH,86013,1985-12-07,2315,VB003620
David,Hill,david.hill59@gmail.com,+14896574919,2540 Main St,Madison,KS,20837,09-Sep-1994,3068,VB003621
Lisa,Garcia,lisa.garcia64@gmail.com,441.649.8309,1906 Washington St,Manchester,ut,75670,11-24-1984,7803,VB003622
Joseph,Garcia,joseph.garcia92@outlook.com,(683) 830-5445,716 River Dr,Dayton,AK,22962,03/17/1968,5256,VB003623
Thomas,Adams,thomas.adams80@aol.com,9819516811,7884 Jefferson Dr,Clinton,LA,48571,1942-03-04,4174,VB003624
Linda,Nguyen,linda.nguyen98@gmail.com,865-704-6673,187 Park Blvd,Arlington,az,97962,21-Sep-1949,3370,VB003625
Thomas,Wilson,thomas.wilson45@gmail.com,+14505785669,2585 Forest Ave,Richmond,Ohio,49651,11-16-1994,9666,VB003626
Margaret,Hill,,245.873.4440,1777 Valley Ln,Oxford,TN,39571,12/15/1985,7582,VB003627
Sarah,Jones,sarah.jones13@aol.com,(588) 944-9541,1148 Sunset Blvd,Springfield,wv,24080,1990-05-07,9222,VB003628
David,Wilson,david.wilson28@icloud.com,3295472938,4825 Maple Dr,Greenville,OR,68901,16-Feb-1965,8676,VB003629
Karen,Harris,karen.harris35@gmail.com,915-255-5316,8217 Main St,Oxford,AR,87061,03-18-1974,6370,VB003630
Ashley,Baker,ashley.baker58@gmail.com,+14606688053,3943 Main St,Springfield,mi,61714,08/02/1978,1894,VB003631
Jennifer,Adams,jennifer.adams10@yahoo.com,310.986.1528,1555 Lincoln Ave,Richmond,AL,24667,1944-12-07,1236,VB003632
Lisa,Nguyen,lisa.nguyen66@aol.com,(750) 420-9161,523 Forest Ave,Oxford,WA,86298,20-Feb-1946,1166,VB003633
Susan,Davis,susan.davis18@aol.com,7052931771,1797 Maple Dr,Dayton,hi,99192,11-15-1977,2040,VB003634
John,Miller,john.miller69@hotmail.com,368-773-8637,3255 Cedar Ln,Fairview,AK,67725,12/22/1979,4331,VB003635
Matthew,Adams,,+13302462064,4390 Washington St,Georgetown,SD,98633,1941-02-16,6961,VB003636
Karen,Martin,karen.martin15@gmail.com,638.272.4241,4933 Lake Rd,Clinton,tx,14197,29-May-1959,2201,VB003637
Barbara,Young,,(300) 251-3622,6575 Maple Dr,Fairview,SD,40169,08-26-1958,3322,VB003638
David,Johnson,david.johnson2@hotmail.com,7366088818,825 Lake Rd,Marion,AK,97696,01/23/1991,5361,VB003639
Sarah,Williams,,220-220-2367,7242 Lincoln Ave,Clinton,hi,93750,1959-11-24,6896,VB003640
Thomas,Miller,,+12727748080,5921 Sunset Blvd,Dayton,Pennsylvania,99183,20-Nov-1986,5790,VB003641
Anthony,Brown,anthony.brown59@aol.com,493.778.4893,6962 Washington St,Salem,VA,63400,05-10-1990,7986,VB003642
Linda,Allen,linda.allen23@yahoo.com,(230) 864-9109,1958 Lake Rd,Franklin,ct,62894,06/30/1991,7347,VB003643
Matthew,Taylor,,5868568649,6033 Maple Dr,Arlington,NH,21202,1956-06-05,9876,VB003644
Christopher,Baker,,280-452-4584,2197 Sunset Blvd,Georgetown,OK,22006,20-Nov-2002,7685,VB003645
Susan,Martin,,+12986945746,1042 Sunset Blvd,Oxford,mo,18664,12-23-1965,1896,VB003646
Ashley,Walker,ashley.walker13@outlook.com,678.226.7151,850 Washington St,Manchester,Michigan,40013,08/21/1957,8659,VB003647
Barbara,Smith,,(388) 823-9041,2073 Forest Ave,Salem,VA,85895,1995-12-26,1821,VB003648
Ashley,Walker,ashley.walker63@aol.com,5503604320,4840 River Dr,Burlington,tx,20278,20-Jun-1968,2136,VB003649
David,Adams,david.adams79@icloud.com,340-300-7541,2054 Main St,Salem,MD,86215,03-29-1984,1168,VB003650
Nancy,Young,nancy.young7@icloud.com,+16839225861,9862 Sunset Blvd,Franklin,CO,39602,03/09/1994,3546,VB003651
Robert,Hill,robert.hill64@hotmail.com,824.366.7332,4669 Oak Ave,Clinton,ca,72848,1972-02-02,6888,VB003652
Matthew,Adams,,(283) 857-1324,7536 Oak Ave,Greenville,ND,34108,06-Sep-1975,2341,VB003653
James,Nguyen,james.nguyen71@hotmail.com,4232702817,8044 Lincoln Ave,Manchester,IA,90416,10-09-1970,6255,VB003654
Betty,Smith,betty.smith53@yahoo.com,695-842-6492,6387 Maple Dr,Oxford,mn,29814,06/30/1951,5822,VB003655
Charles,Baker,charles.baker49@gmail.com,+16725221182,8201 Hill Rd,Dayton,NM,11710,1945-05-05,3548,VB003656
Sandra,Martin,sandra.martin29@outlook.com,341.322.1127,2322 Forest Ave,Fairview,WV,53957,06-Jun-1989,2033,VB003657
Sandra,Taylor,sandra.taylor9@yahoo.com,(301) 206-1555,4691 River Dr,Marion,ny,89790,04-21-1982,6794,VB003658
Lisa,Nelson,,4574654270,8800 Hill Rd,Clinton,TN,42793,03/08/1971,8571,VB003659
Matthew,Scott,matthew.scott17@hotmail.com,274-741-7085,2488 Washington St,Dayton,KS,59269,1992-05-11,9558,VB003660
Sandra,Young,sandra.young55@yahoo.com,+17517858313,5024 Forest Ave,Clinton,nj,66692,19-Feb-1978,7558,VB003661
Mary,Wright,mary.wright33@hotmail.com,868.576.5672,7655 Lake Rd,Burlington,Georgia,35796,11-18-1946,2825,VB003662
Susan,Adams,susan.adams83@icloud.com,(481) 819-9359,5543 Main St,Fairview,AZ,78010,07/26/1958,9256,VB003663
Linda,Adams,,2919574663,9668 Valley Ln,Manchester,va,33630,1955-07-20,6495,VB003664
Charles,Davis,charles.davis48@gmail.com,899-715-6861,3281 Lincoln Ave,Manchester,RI,29469,19-Jan-1974,7712,VB003665
Margaret,Martin,margaret.martin24@icloud.com,+16358543805,5249 Lincoln Ave,Dayton,OR,49368,09-24-1970,9721,VB003666
Anthony,Adams,,840.571.6415,1596 Washington St,Dayton,fl,87665,03/03/1996,3524,VB003667
James,Jones,james.jones46@icloud.com,(776) 518-4702,2474 Main St,Salem,RI,15882,1966-12-03,6169,VB003668
Thomas,Walker,thomas.walker48@aol.com,2575888954,126 Main St,Springfield,RI,95991,07-Jun-1998,5933,VB003669
Betty,Miller,,454-510-5675,9445 Forest Ave,Dayton,il,45633,03-03-1983,2310,VB003670
Margaret,Wilson,margaret.wilson33@yahoo.com,+17952499569,9030 Washington St,Georgetown,SC,76378,11/23/1989,3877,VB003671
Anthony,Wilson,anthony.wilson59@icloud.com,801.463.9755,5101 Forest Ave,Franklin,WA,62679,1984-08-09,7095,VB003672
Betty,Baker,betty.baker76@aol.com,(288) 347-4404,4969 Forest Ave,Richmond,nd,53963,06-Dec-1945,7156,VB003673
Nancy,Walker,,2575585564,8824 Lincoln Ave,Manchester,ID,53358,11-12-1978,3605,VB003674
Jennifer,Jones,jennifer.jones61@gmail.com,404-490-8618,2430 Sunset Blvd,Oxford,KY,78733,08/02/1948,4280,VB003675
Lisa,Brown,lisa.brown79@icloud.com,+17044769408,143 Forest Ave,Greenville,mo,95690,1950-06-01,2812,VB003676
Christopher,Anderson,christopher.anderson92@icloud.com,953.942.7252,9207 Jefferson Dr,Clinton,IA,39301,30-Mar-1963,2895,VB003677
Betty,Wright,betty.wright15@icloud.com,(212) 527-9679,173 Oak Ave,Springfield,OK,94115,11-19-1989,7888,VB003678
Mark,Davis,mark.davis1@hotmail.com,6892026425,9472 Lincoln Ave,Franklin,wv,72303,03/11/1985,8992,VB003679
Susan,Walker,,273-792-2481,4096 Valley Ln,Greenville,California,25414,1983-10-07,1901,VB003680
Patricia,Nelson,patricia.nelson89@aol.com,+12913671429,7313 Lincoln Ave,Dayton,PA,63357,25-Feb-1966,9804,VB003681
Linda,Harris,linda.harris3@yahoo.com,860.697.7300,3587 Hill Rd,Marion,tn,28965,11-07-1949,5385,VB003682
Patricia,Brown,,(389) 565-8646,151 River Dr,Arlington,ID,24238,06/28/1944,5707,VB003683
William,Williams,william.williams79@aol.com,2208626446,2820 Forest Ave,Salem,FL,75792,1942-01-18,6436,VB003684
Charles,King,charles.king40@gmail.com,820-465-7454,4147 Valley Ln,Richmond,fl,63628,22-Jan-1941,5172,VB003685
Joseph,Hill,,+15947996991,3131 Lake Rd,Oxford,MO,13077,10-23-1979,2433,VB003686
Mark,Wilson,mark.wilson42@icloud.com,219.464.9388,1819 Jefferson Dr,Manchester,WY,48230,10/26/1988,6738,VB003687
Margaret,Williams,margaret.williams66@outlook.com,(560) 470-1307,7626 Cedar Ln,Fairview,la,28275,1987-08-21,6094,VB003688
John,Baker,,6676452744,3328 Hill Rd,Clinton,WY,69616,10-Nov-1952,4661,VB003689
Lisa,Taylor,,912-584-5868,6747 Park Blvd,Franklin,FL,60951,10-23-1977,5066,VB003690
Linda,Thomas,,+13699584938,8637 Park Blvd,Greenville,md,92604,05/05/1995,3607,VB003691
James,Young,james.young42@gmail.com,567.558.4517,7303 Sunset Blvd,Madison,AL,14637,1996-09-30,8303,VB003692
Joseph,Brown,joseph.brown59@hotmail.com,(905) 208-1193,3453 River Dr,Oxford,CT,52655,09-Jun-1972,5254,VB003693
Lisa,Torres,lisa.torres76@hotmail.com,7197219721,8026 Washington St,Oxford,md,72245,06-29-1941,7035,VB003694
Anthony,Torres,,397-902-2744,8341 Park Blvd,Marion,KS,41162,12/22/1973,5713,VB003695
Susan,King,susan.king93@hotmail.com,+13276772633,4494 Lincoln Ave,Salem,SC,59965,1989-12-27,6254,VB003696
Betty,Williams,betty.williams36@hotmail.com,986.258.5923,3446 Hill Rd,Burlington,al,75102,30-Oct-1971,6883,VB003697
Mary,Baker,mary.baker82@aol.com,(963) 841-9914,3230 Maple Dr,Manchester,OR,29368,05-15-1964,1915,VB003698
William,Adams,william.adams45@icloud.com,6172459356,6707 Hill Rd,Salem,HI,18457,11/15/1942,6438,VB003699
John,Garcia,john.garcia36@aol.com,403-905-9281,6706 Maple Dr,Dayton,wv,10422,1967-12-01,5485,VB003700
Jennifer,Johnson,jennifer.johnson51@yahoo.com,+19933663797,3178 River Dr,Greenville,TN,76375,27-Jul-1948,8477,VB003701
Joseph,Smith,joseph.smith84@icloud.com,724.988.7646,3353 Maple Dr,Franklin,AZ,60784,07-29-1949,4368,VB003702
Linda,Hall,,(201) 282-2295,415 Jefferson Dr,Salem,tn,42681,03/30/1986,2688,VB003703
Jessica,Torres,jessica.torres15@hotmail.com,3247333234,7187 Oak Ave,Richmond,AR,61518,1962-08-21,2120,VB003704
Betty,Baker,betty.baker79@outlook.com,602-737-2450,3150 Oak Ave,Madison,WV,52606,15-Sep-1984,1083,VB003705
James,Walker,james.walker13@gmail.com,+12192718531,9863 Sunset Blvd,Richmond,id,52448,10-12-1945,4694,VB003706
William,Scott,,878.398.5734,5026 Valley Ln,Burlington,MS,39494,11/03/1941,1045,VB003707
David,Allen,david.allen3@aol.com,(857) 833-2110,4526 Washington St,Greenville,VT,40496,2002-01-19,4793,VB003708
Joseph,Jackson,joseph.jackson41@aol.com,9064753238,2683 Sunset Blvd,Franklin,ks,29330,19-Feb-1952,2622,VB003709
Robert,Williams,robert.williams61@gmail.com,473-724-6160,2430 Hill Rd,Manchester,CO,68503,04-01-1952,2133,VB003710
Matthew,Scott,matthew.scott48@outlook.com,+15806364277,7141 Valley Ln,Oxford,TX,73876,10/01/1980,1824,VB003711
Charles,Wilson,charles.wilson39@icloud.com,632.717.2809,983 Jefferson Dr,Georgetown,ky,92180,1985-07-12,6807,VB003712
Linda,King,linda.king43@icloud.com,(216) 837-4681,4628 Maple Dr,Salem,ND,92734,20-Feb-1990,5926,VB003713
Mary,Walker,mary.walker21@icloud.com,4674169255,1397 Lake Rd,Marion,SD,77027,01-31-1962,3671,VB003714
Matthew,Taylor,matthew.taylor66@icloud.com,615-393-7807,3976 Hill Rd,Burlington,az,55890,05/06/1988,5148,VB003715
Karen,Jackson,,+13168579373,6239 Park Blvd,Dayton,KY,13946,1988-07-22,4003,VB003716
Sarah,Adams,,222.330.5382,2744 Sunset Blvd,Madison,MA,88624,12-Nov-1984,5851,VB003717
Anthony,Johnson,anthony.johnson33@hotmail.com,(362) 999-4565,3204 Jefferson Dr,Dayton,ar,27249,11-14-2000,6138,VB003718
Joseph,Anderson,joseph.anderson88@outlook.com,6084983425,5180 Lake Rd,Arlington,AZ,71878,03/06/1948,7655,VB003719
Mark,Adams,,406-999-6074,274 Sunset Blvd,Fairview,OR,90202,1982-03-14,4569,VB003720
Nancy,Scott,nancy.scott1@icloud.com,+16556747010,3786 Cedar Ln,Greenville,ca,23082,23-Jun-1970,8533,VB003721
Nancy,Martin,nancy.martin34@gmail.com,946.808.3012,4797 Hill Rd,Richmond,AR,90162,02-01-1953,7427,VB003722
John,King,john.king99@gmail.com,(612) 727-5558,6047 Forest Ave,Salem,MA,86278,03/22/1940,2526,VB003723
Anthony,Williams,anthony.williams4@aol.com,3564413990,1161 Oak Ave,Franklin,mi,12011,1986-07-22,4058,VB003724
Matthew,Torres,matthew.torres90@outlook.com,578-829-5966,1597 Hill Rd,Salem,Texas,89422,20-Feb-1972,8022,VB003725
Joseph,Smith,joseph.smith85@outlook.com,+18387668179,6278 Park Blvd,Arlington,SD,74456,02-06-1953,1715,VB003726
Jessica,Jackson,jessica.jackson99@gmail.com,987.779.7672,5232 Park Blvd,Georgetown,va,92374,06/04/1991,3719,VB003727
Jennifer,Thompson,jennifer.thompson94@aol.com,(717) 870-3117,8768 River Dr,Arlington,Ohio,50532,1958-11-22,5307,VB003728
Daniel,King,daniel.king43@hotmail.com,4294577589,3070 Lincoln Ave,Franklin,NV,18249,26-Jul-1985,5404,VB003729
Charles,Allen,charles.allen37@yahoo.com,235-347-7030,9332 Park Blvd,Oxford,mn,56729,11-09-1981,3649,VB003730
Linda,Jones,linda.jones74@hotmail.com,+18837128521,4849 Maple Dr,Salem,RI,63783,09/12/1959,1057,VB003731
Nancy,Adams,nancy.adams1@aol.com,666.486.6615,3032 Oak Ave,Dayton,AZ,19470,1941-05-30,7403,VB003732
Linda,Nguyen,linda.nguyen62@outlook.com,(447) 218-4277,1629 River Dr,Salem,vt,83034,26-Feb-1983,2773,VB003733
Sarah,Garcia,sarah.garcia8@gmail.com,6727968558,620 Hill Rd,Burlington,Texas,50935,04-03-1950,5655,VB003734
Patricia,Wilson,patricia.wilson86@outlook.com,292-974-8030,9022 Maple Dr,Marion,TX,89939,04/15/1988,3837,VB003735
Sandra,Harris,sandra.harris48@yahoo.com,+19366219246,5889 Cedar Ln,Springfield,nh,48747,1967-08-25,1753,VB003736
Jessica,Scott,,924.340.7387,7728 Park Blvd,Clinton,VA,87881,18-Feb-1982,8191,VB003737
William,Scott,william.scott76@yahoo.com,(843) 611-6847,1575 River Dr,Salem,SC,35725,12-20-1961,6320,VB003738
Barbara,Johnson,barbara.johnson24@icloud.com,8334169007,8676 Oak Ave,Burlington,ks,29850,06/27/1976,8698,VB003739
Charles,Miller,charles.miller93@aol.com,314-205-7259,7590 River Dr,Oxford,ND,72502,1945-10-23,1649,VB003740
Jessica,Brown,jessica.brown16@aol.com,+14296985224,5576 Lincoln Ave,Georgetown,WY,16117,21-Dec-1989,5382,VB003741
Margaret,King,margaret.king33@aol.com,955.969.6837,2681 Lake Rd,Madison,or,32553,07-17-1941,7548,VB003742
Thomas,Harris,thomas.harris4@gmail.com,(274) 213-3252,9820 Maple Dr,Salem,DE,80561,04/13/1952,3183,VB003743
James,Miller,james.miller87@outlook.com,2937799239,9750 Main St,Clinton,NH,40521,1985-03-24,7208,VB003744
John,Smith,john.smith95@outlook.com,691-427-2169,1446 Washington St,Oxford,nj,50400,07-Jan-1949,9938,VB003745
Robert,Taylor,robert.taylor34@yahoo.com,+12563093553,5339 River Dr,Springfield,WA,15302,05-21-2000,1772,VB003746
Karen,Torres,,759.554.5234,4218 Hill Rd,Salem,OK,85171,12/30/1943,5451,VB003747
Joseph,Miller,joseph.miller74@gmail.com,(467) 567-6512,4846 Cedar Ln,Clinton,id,39102,1957-04-23,2320,VB003748
Mary,Nelson,mary.nelson71@icloud.com,6413875116,6561 Washington St,Fairview,KY,90000,29-Aug-1970,8624,VB003749
Jessica,Jones,jessica.jones53@aol.com,898-384-3785,2869 Oak Ave,Oxford,MO,91226,04-14-2001,4945,VB003750
James,Garcia,james.garcia17@gmail.com,+17302427441,161 Washington St,Fairview,wi,63585,05/31/1962,3781,VB003751
Barbara,Torres,barbara.torres95@aol.com,423.605.8591,5074 Forest Ave,Salem,WA,75060,1962-12-14,1104,VB003752
Karen,Hall,karen.hall63@icloud.com,(281) 922-6003,9497 Maple Dr,Clinton,GA,73050,18-Oct-1960,6990,VB003753
John,Brown,john.brown15@icloud.com,3517083465,3347 Hill Rd,Dayton,ak,48426,05-15-1977,9870,VB003754
Thomas,Nguyen,thomas.nguyen49@yahoo.com,618-800-7793,1303 River Dr,Burlington,Illinois,60967,12/06/1979,8782,VB003755
Matthew,Nelson,,+15529533109,8234 Valley Ln,Madison,CA,63652,1999-05-05,7946,VB003756
Karen,Walker,karen.walker10@icloud.com,917.708.7930,9248 Cedar Ln,Springfield,az,73661,19-Dec-1942,8233,VB003757
Susan,Hall,susan.hall89@icloud.com,(858) 894-9151,9928 Sunset Blvd,Springfield,RI,39047,05-22-1960,4489,VB003758
Patricia,Allen,,2578483396,1697 Hill Rd,Franklin,WA,33449,11/22/1992,6964,VB003759
Jessica,Smith,jessica.smith88@hotmail.com,656-677-4896,2116 Forest Ave,Burlington,mn,33604,1987-01-15,9464,VB003760
David,Adams,david.adams78@aol.com,+15767066408,6322 Hill Rd,Richmond,CO,19697,31-Jan-1998,4746,VB003761
James,Baker,james.baker86@hotmail.com,877.494.1150,7070 Washington St,Madison,WV,92414,03-07-2000,7254,VB003762
Daniel,Wright,daniel.wright2@hotmail.com,(700) 592-8076,3586 Valley Ln,Springfield,mn,67009,05/02/1971,3293,VB003763
Richard,Thomas,richard.thomas62@outlook.com,9083543624,4223 Cedar Ln,Franklin,MD,70576,1974-06-05,8155,VB003764
William,Nguyen,,957-702-8550,2757 Washington St,Manchester,MN,32185,22-Jul-1952,9954,VB003765
Mark,Nelson,mark.nelson14@yahoo.com,+15513447949,4221 Sunset Blvd,Manchester,va,44268,03-22-1989,4617,VB003766
Margaret,Williams,margaret.williams38@hotmail.com,559.608.1496,8894 Maple Dr,Manchester,Ohio,14608,12/07/2001,5254,VB003767
Barbara,King,barbara.king95@aol.com,(733) 876-5717,8206 Jefferson Dr,Marion,AL,59064,1991-11-12,6426,VB003768
Matthew,Adams,matthew.adams45@outlook.com,6813372464,1054 Valley Ln,Dayton,mi,19943,05-Oct-1947,1124,VB003769
Linda,Smith,linda.smith17@icloud.com,899-893-2340,9652 River Dr,Salem,SD,41814,07-05-1996,8911,VB003770
Ashley,King,ashley.king92@yahoo.com,+15504143812,7013 River Dr,Georgetown,LA,86514,12/23/1944,5410,VB003771
Karen,Harris,karen.harris19@icloud.com,969.781.8350,6737 Forest Ave,Clinton,ga,24881,1997-02-12,4213,VB003772
Matthew,Anderson,matthew.anderson51@gmail.com,(501) 750-6853,1416 Oak Ave,Oxford,Pennsylvania,14111,18-Apr-1976,6246,VB003773
Jennifer,Taylor,jennifer.taylor59@hotmail.com,5388836789,2327 Main St,Springfield,ND,54505,05-09-1991,2784,VB003774
Susan,Allen,susan.allen91@outlook.com,822-626-4299,5416 Park Blvd,Dayton,tx,11022,02/28/1960,7607,VB003775
Susan,Baker,susan.baker93@hotmail.com,+19555845910,6578 Lake Rd,Madison,WV,85209,1979-03-08,6637,VB003776
David,Nelson,david.nelson85@gmail.com,904.393.5581,5099 Valley Ln,Madison,LA,25844,02-Apr-1975,3807,VB003777
Karen,King,karen.king27@aol.com,(604) 638-2979,3808 Cedar Ln,Franklin,mn,52384,07-30-1955,1245,VB003778
Karen,Martin,karen.martin41@aol.com,5842871783,2588 Maple Dr,Salem,RI,42239,10/11/1966,7964,VB003779
Ashley,Martin,ashley.martin66@icloud.com,555-398-7290,8882 Sunset Blvd,Georgetown,ME,95581,2004-09-21,5388,VB003780
Anthony,Johnson,,+16955894567,7583 Hill Rd,Salem,ar,17768,23-Aug-1994,6148,VB003781
Karen,Torres,karen.torres14@yahoo.com,626.537.3908,8085 River Dr,Clinton,NH,41118,09-28-1949,6620,VB003782
Karen,Thompson,karen.thompson35@outlook.com,(830) 467-7431,2304 River Dr,Burlington,KY,26728,11/07/1975,3071,VB003783
William,Hall,,8574848934,176 Washington St,Georgetown,ks,95409,1956-12-09,3902,VB003784
Thomas,Martin,thomas.martin39@gmail.com,303-942-7498,5897 River Dr,Springfield,North Carolina,90462,05-Dec-1943,6605,VB003785
Matthew,King,matthew.king48@hotmail.com,+17239335758,6366 Jefferson Dr,Burlington,ME,94257,06-22-1954,1960,VB003786
Patricia,Allen,patricia.allen90@outlook.com,430.333.1395,3556 River Dr,Springfield,nm,25357,01/31/1966,9566,VB003787
Sandra,Allen,sandra.allen84@hotmail.com,(388) 596-9051,7764 Maple Dr,Greenville,Illinois,39658,1942-11-22,7694,VB003788
Susan,Garcia,,2543362777,7533 Jefferson Dr,Burlington,NC,49521,31-Jul-1981,1888,VB003789
Jessica,Anderson,jessica.anderson98@hotmail.com,892-812-1764,6345 Forest Ave,Manchester,in,85057,03-16-1977,4348,VB003790
Michael,Jones,michael.jones64@icloud.com,+16349836745,9741 River Dr,Manchester,KY,53880,06/29/1986,8281,VB003791
William,Thomas,william.thomas10@yahoo.com,803.882.1432,7691 Sunset Blvd,Greenville,MO,69601,1966-12-16,6281,VB003792
Anthony,Baker,anthony.baker57@outlook.com,(545) 975-7221,8927 Hill Rd,Burlington,ut,65237,23-Dec-1958,8988,VB003793
Barbara,Torres,barbara.torres55@gmail.com,6259561681,3422 Hill Rd,Madison,Pennsylvania,52766,12-30-2001,3461,VB003794
Ashley,Hall,ashley.hall10@gmail.com,394-547-2101,8321 Washington St,Georgetown,MI,56753,05/29/2002,5798,VB003795
Jennifer,Taylor,jennifer.taylor3@outlook.com,+15325041583,9762 Oak Ave,Georgetown,wa,14798,1987-08-30,7491,VB003796
Sarah,Wilson,sarah.wilson61@icloud.com,239.730.1484,228 Washington St,Georgetown,CO,50041,27-Oct-1975,5242,VB003797
Lisa,Wright,lisa.wright78@aol.com,(943) 335-2167,6471 Oak Ave,Franklin,RI,85639,06-15-1970,9513,VB003798
Barbara,Walker,barbara.walker50@outlook.com,7476106675,1458 Main St,Fairview,ok,88272,02/23/1972,4449,VB003799
Daniel,White,daniel.white98@hotmail.com,757-557-3446,3013 Main St,Salem,Florida,10862,1945-09-29,8359,VB003800
Lisa,Young,lisa.young17@icloud.com,+17965249884,1829 Hill Rd,Greenville,SD,79559,10-Sep-1958,2925,VB003801
Daniel,Hill,daniel.hill34@outlook.com,579.573.4845,5246 Hill Rd,Georgetown,ca,27628,11-09-1968,5045,VB003802
Jessica,Davis,,(439) 520-8801,4597 Hill Rd,Georgetown,OR,53392,08/25/2002,4184,VB003803
Sandra,Garcia,,9465048320,2633 Lake Rd,Franklin,OK,36882,1956-01-19,4989,VB003804
Patricia,Harris,patricia.harris69@outlook.com,934-786-3026,9815 Sunset Blvd,Marion,md,98514,05-Jun-1972,5196,VB003805
Daniel,Nelson,daniel.nelson63@outlook.com,+15217536341,2996 Oak Ave,Marion,AZ,78192,02-24-1960,3658,VB003806
Jennifer,Baker,,397.817.3543,5528 Forest Ave,Arlington,TX,81824,11/19/1974,8338,VB003807
Michael,Walker,michael.walker80@icloud.com,(841) 800-7121,384 Forest Ave,Burlington,al,76278,1988-12-29,8124,VB003808
Linda,Harris,linda.harris73@aol.com,2429214124,5335 Jefferson Dr,Greenville,CO,84255,10-Oct-1974,1299,VB003809
Sandra,Jones,sandra.jones94@outlook.com,861-802-4453,7956 River Dr,Springfield,PA,50152,07-29-2004,3334,VB003810
Margaret,Wright,,+12678605551,576 Main St,Springfield,pa,72036,11/12/1957,1054,VB003811
Susan,Smith,susan.smith42@outlook.com,572.810.8725,5906 Washington St,Fairview,WV,91270,1954-08-19,2353,VB003812
Karen,Jones,karen.jones42@yahoo.com,(937) 629-1795,1844 Jefferson Dr,Marion,MS,23661,29-Mar-1949,2838,VB003813
Susan,Thompson,susan.thompson90@yahoo.com,8248771183,1116 Hill Rd,Burlington,tn,71407,07-19-1974,3693,VB003814
Michael,Nguyen,michael.nguyen83@outlook.com,978-442-9216,9640 Lake Rd,Dayton,NE,16558,04/08/1986,9039,VB003815
Susan,Scott,susan.scott47@hotmail.com,+16399652041,2089 Jefferson Dr,Dayton,AR,38885,1988-08-04,5594,VB003816
Karen,Smith,karen.smith63@outlook.com,914.786.1873,945 Oak Ave,Manchester,sd,34908,30-Mar-1990,9734,VB003817
Susan,Garcia,susan.garcia59@hotmail.com,(490) 384-1471,1668 Washington St,Madison,ID,86176,11-07-1976,9671,VB003818
Matthew,Harris,matthew.harris22@icloud.com,6927485339,3102 Forest Ave,Marion,UT,83198,03/15/1982,3622,VB003819
Ashley,King,,391-415-2436,3861 Jefferson Dr,Springfield,id,83791,1988-10-01,9111,VB003820
Jennifer,Nguyen,jennifer.nguyen60@gmail.com,+17043411581,1882 Lake Rd,Fairview,KS,39774,24-Mar-1942,1121,VB003821
James,Thompson,james.thompson52@hotmail.com,627.600.2891,8249 Cedar Ln,Burlington,SC,60187,07-27-1982,6494,VB003822
Charles,White,charles.white90@outlook.com,(654) 455-1342,4933 Lake Rd,Dayton,wi,24067,08/06/1980,5056,VB003823
James,Jackson,james.jackson96@gmail.com,7592845093,3645 Hill Rd,Greenville,WV,34375,1996-03-26,5479,VB003824
Jessica,Hill,jessica.hill20@aol.com,412-784-9094,4366 Main St,Dayton,OH,12652,25-Jul-1951,1739,VB003825
Charles,Hall,charles.hall43@outlook.com,+13236113371,1274 Cedar Ln,Springfield,ky,47447,02-05-1945,5646,VB003826
Charles,Allen,charles.allen5@gmail.com,706.483.4297,140 Valley Ln,Burlington,KS,50473,06/02/1966,5007,VB003827
Lisa,Walker,lisa.walker3@aol.com,(986) 735-6144,1152 Park Blvd,Dayton,NH,28589,1980-06-23,7639,VB003828
Linda,Harris,,8839258856,6109 Jefferson Dr,Burlington,nm,61472,30-Aug-1959,6930,VB003829
Thomas,Martin,thomas.martin75@aol.com,973-923-7410,8314 Main St,Fairview,WA,30943,05-14-1967,6746,VB003830
Betty,Young,betty.young96@icloud.com,+15267844760,222 Oak Ave,Clinton,NC,43389,09/18/1990,8258,VB003831
Barbara,Jones,barbara.jones19@yahoo.com,569.236.3713,9324 Oak Ave,Fairview,sd,91812,1960-03-05,2023,VB003832
Sarah,Adams,,(924) 622-9151,4473 Forest Ave,Greenville,WV,21809,21-Mar-1981,2961,VB003833
Ashley,Garcia,ashley.garcia62@aol.com,6998484262,7057 Lincoln Ave,Salem,SD,66580,03-16-1976,1316,VB003834
James,King,,575-290-5814,9484 River Dr,Arlington,oh,70259,06/14/1957,7447,VB003835
Betty,Baker,betty.baker99@outlook.com,+19558613545,2489 Maple Dr,Franklin,Ohio,34854,1941-03-21,9184,VB003836
Christopher,Garcia,christopher.garcia99@gmail.com,527.571.6701,7815 Lincoln Ave,Greenville,AL,60291,03-Oct-1996,3979,VB003837
Charles,Walker,charles.walker76@yahoo.com,(296) 859-8676,3987 Sunset Blvd,Franklin,nv,88323,10-30-1960,1246,VB003838
Matthew,Adams,matthew.adams7@aol.com,2299908679,6023 Lincoln Ave,Burlington,IA,85168,07/28/1960,6909,VB003839
Barbara,Harris,,388-695-6521,4331 Cedar Ln,Clinton,MS,92050,1964-09-27,3901,VB003840
John,Wilson,john.wilson86@hotmail.com,+16866109308,3986 Maple Dr,Franklin,ak,31233,01-Oct-1947,4060,VB003841
Christopher,Thomas,christopher.thomas36@icloud.com,551.642.5631,5475 Jefferson Dr,Georgetown,CO,10049,07-02-2000,4914,VB003842
David,Jones,david.jones71@gmail.com,(828) 479-9895,2482 Cedar Ln,Salem,IL,47593,01/22/1999,3806,VB003843
Lisa,Thomas,,9267546996,8264 Hill Rd,Arlington,ar,23109,2004-05-09,4720,VB003844
Matthew,Thomas,,650-326-7145,417 Forest Ave,Richmond,WV,37339,16-Feb-1974,1806,VB003845
Betty,Young,betty.young18@yahoo.com,+14818728312,9940 Valley Ln,Fairview,DE,79938,03-03-1964,6460,VB003846
Mark,Adams,mark.adams33@outlook.com,929.334.3165,3409 Main St,Fairview,ak,78310,08/30/1969,4664,VB003847
Susan,Hall,susan.hall43@yahoo.com,(251) 232-5265,5371 Lake Rd,Salem,VT,95666,1985-09-06,7554,VB003848
Sarah,Jones,sarah.jones1@aol.com,8892518502,9689 Lincoln Ave,Madison,OH,35823,26-Aug-1968,7053,VB003849
Susan,Adams,susan.adams72@yahoo.com,479-527-8941,5148 Valley Ln,Arlington,oh,36222,12-09-1997,4083,VB003850
Lisa,White,lisa.white72@icloud.com,+18276583760,9078 Oak Ave,Springfield,California,41875,08/17/1956,3601,VB003851
Michael,Jones,,684.209.3893,6907 Forest Ave,Greenville,SD,77765,1987-11-27,6172,VB003852
Betty,Williams,betty.williams97@aol.com,(208) 462-5002,3526 Lincoln Ave,Oxford,wy,79874,17-May-1989,2365,VB003853
Christopher,Garcia,christopher.garcia17@yahoo.com,7686375816,8695 Cedar Ln,Richmond,KS,23972,10-31-1954,1298,VB003854
Michael,Baker,michael.baker45@icloud.com,860-351-4871,1685 Maple Dr,Madison,IL,32740,01/16/1994,3504,VB003855
David,Johnson,david.johnson79@icloud.com,+15494215998,3304 Main St,Clinton,mi,98059,1943-08-17,3831,VB003856
James,Scott,james.scott71@aol.com,900.546.5487,3037 Cedar Ln,Richmond,SD,50619,14-Jun-1986,9623,VB003857
David,Scott,david.scott85@aol.com,(732) 651-2385,9861 Jefferson Dr,Salem,PA,73853,12-08-2001,3113,VB003858
David,Hall,david.hall16@gmail.com,4568129796,3952 Main St,Salem,vt,46317,07/16/1988,3736,VB003859
Mark,Anderson,mark.anderson1@icloud.com,385-863-9976,8889 Lincoln Ave,Richmond,Illinois,54275,1944-10-12,5926,VB003860
Christopher,Adams,christopher.adams4@yahoo.com,+19505396615,3970 Cedar Ln,Marion,AR,97163,12-Apr-1962,4644,VB003861
John,White,john.white21@hotmail.com,762.478.9665,5760 Forest Ave,Burlington,ky,92350,04-13-2004,9946,VB003862
Daniel,Brown,daniel.brown4@icloud.com,(896) 899-5351,8699 Valley Ln,Salem,NV,76347,06/29/1984,6278,VB003863
Mark,Jackson,mark.jackson68@outlook.com,7275219829,421 Cedar Ln,Oxford,CT,28643,1997-10-25,8546,VB003864
John,Thomas,john.thomas85@outlook.com,930-898-1010,5865 Hill Rd,Clinton,ma,42955,24-Feb-1980,2680,VB003865
William,King,william.king53@yahoo.com,+14392082461,1214 Maple Dr,Springfield,MA,26150,01-03-1965,5339,VB003866
David,Nguyen,david.nguyen17@icloud.com,971.463.4678,5668 Washington St,Burlington,NE,74291,10/10/1995,8185,VB003867
James,Miller,james.miller50@gmail.com,(219) 279-8538,5701 Valley Ln,Dayton,ak,96383,1943-07-12,2718,VB003868
Betty,Nguyen,betty.nguyen6@icloud.com,8752613992,6382 Main St,Madison,NE,87481,30-Jul-1941,2702,VB003869
John,King,,759-489-5897,360 Park Blvd,Oxford,AK,60269,10-05-1941,3260,VB003870
Joseph,White,,+12987334773,5891 Lincoln Ave,Salem,ok,46160,02/23/1951,8519,VB003871
Linda,Miller,linda.miller77@icloud.com,535.617.3494,4523 Main St,Franklin,IA,77766,2001-12-27,6564,VB003872
Sarah,Wilson,sarah.wilson76@yahoo.com,(590) 993-3365,7957 Forest Ave,Burlington,NH,37009,09-Aug-1941,3196,VB003873
Joseph,Walker,joseph.walker50@aol.com,8973306950,1495 River Dr,Georgetown,ga,34063,11-04-1999,9542,VB003874
Richard,Anderson,richard.anderson72@aol.com,584-249-4659,2619 Valley Ln,Manchester,Michigan,18107,04/30/1984,9378,VB003875
Jennifer,Young,jennifer.young71@hotmail.com,+19015782499,8751 Valley Ln,Georgetown,TN,52892,1960-08-30,5592,VB003876
Robert,Young,robert.young60@aol.com,376.641.4702,9113 Oak Ave,Burlington,ms,30351,01-May-1952,9453,VB003877
Anthony,Anderson,,(473) 788-8356,784 Washington St,Manchester,ND,84872,06-05-1992,9896,VB003878
Betty,Harris,betty.harris86@icloud.com,9425736877,9701 Sunset Blvd,Fairview,NC,17148,02/17/1951,6334,VB003879
Anthony,Smith,anthony.smith20@gmail.com,905-460-2977,6696 Cedar Ln,Richmond,ma,17211,2000-11-09,3279,VB003880
Charles,Jackson,charles.jackson34@hotmail.com,+15547442020,3399 River Dr,Arlington,Michigan,59075,10-Mar-1996,9276,VB003881
Margaret,Williams,margaret.williams73@outlook.com,803.374.2962,8250 Cedar Ln,Richmond,CO,63365,05-15-1943,9322,VB003882
Betty,Jackson,betty.jackson96@gmail.com,(519) 684-7226,1194 Main St,Greenville,sc,66002,05/23/1999,7008,VB003883
Barbara,Nguyen,barbara.nguyen74@hotmail.com,3332555600,148 Hill Rd,Dayton,WY,54179,1958-09-09,8365,VB003884
Lisa,Walker,lisa.walker99@gmail.com,521-232-3907,635 Maple Dr,Fairview,CA,23420,17-Mar-1968,5855,VB003885
Jennifer,Wilson,jennifer.wilson70@aol.com,+19453767851,2344 Hill Rd,Manchester,il,16568,06-09-1971,4695,VB003886
Mark,Johnson,mark.johnson7@hotmail.com,675.439.6843,3455 Lake Rd,Richmond,Georgia,31535,07/12/1977,6997,VB003887
Margaret,Garcia,margaret.garcia26@outlook.com,(328) 517-4468,7114 Washington St,Salem,MI,26605,1958-03-09,7015,VB003888
Mary,Brown,mary.brown93@outlook.com,6214043004,9210 Jefferson Dr,Fairview,mt,47670,13-Sep-1980,5234,VB003889
Joseph,Thompson,,326-601-9537,3840 Main St,Greenville,Texas,49683,12-16-1947,5220,VB003890
Sandra,Johnson,sandra.johnson56@icloud.com,+17988092441,7465 Lincoln Ave,Burlington,AR,12242,09/28/1978,3667,VB003891
Jessica,Davis,jessica.davis72@aol.com,967.319.8869,4302 Lake Rd,Oxford,wa,25682,1985-04-25,6941,VB003892
Patricia,Nguyen,patricia.nguyen87@outlook.com,(964) 875-7660,9388 Valley Ln,Salem,OK,14539,04-Nov-1950,9740,VB003893
Margaret,Johnson,,2337507148,8056 River Dr,Burlington,AZ,48990,03-31-1945,7748,VB003894
Lisa,King,lisa.king49@icloud.com,618-375-3436,3186 Oak Ave,Oxford,ct,93761,09/23/1954,3921,VB003895
Michael,Jackson,,+16385242577,2942 Hill Rd,Manchester,OR,46129,1993-02-25,6907,VB003896
Karen,Jones,karen.jones47@icloud.com,825.586.9437,3807 Oak Ave,Arlington,NM,46234,02-Dec-1988,3629,VB003897
Michael,Young,michael.young27@outlook.com,(818) 702-2575,3501 Jefferson Dr,Springfield,hi,92967,04-12-1983,2160,VB003898
Mary,Martin,mary.martin66@aol.com,9428268993,3800 Washington St,Springfield,ND,12492,11/10/1977,6174,VB003899
Nancy,Brown,nancy.brown38@hotmail.com,611-432-7541,6609 Jefferson Dr,Clinton,VA,19397,1945-08-05,3016,VB003900
Anthony,Allen,anthony.allen90@outlook.com,+19085458903,3432 Valley Ln,Dayton,ms,98348,05-Aug-1965,1897,VB003901
Daniel,White,daniel.white89@outlook.com,675.649.7817,1167 Valley Ln,Richmond,Michigan,26940,01-15-1964,7538,VB003902
James,King,james.king97@icloud.com,(885) 528-4947,9761 Oak Ave,Greenville,OH,69833,01/24/1985,9396,VB003903
James,Scott,james.scott81@yahoo.com,7235013688,2181 Park Blvd,Manchester,ct,75347,1943-12-03,3038,VB003904
Patricia,Jackson,patricia.jackson13@gmail.com,262-295-6464,7226 Park Blvd,Marion,IN,19251,24-Mar-1960,1488,VB003905
Daniel,Young,daniel.young96@aol.com,+12518852211,7446 Jefferson Dr,Springfield,NY,48187,03-23-2002,1590,VB003906
Margaret,Davis,margaret.davis78@icloud.com,778.640.4324,2869 Oak Ave,Georgetown,ms,39039,05/12/1998,4949,VB003907
William,Nguyen,william.nguyen54@hotmail.com,(719) 473-1042,4635 Washington St,Madison,Pennsylvania,86011,1999-03-16,9022,VB003908
Nancy,Wilson,nancy.wilson51@yahoo.com,5135756130,5056 Main St,Salem,NY,11999,23-May-1941,6257,VB003909
Patricia,Jones,patricia.jones18@hotmail.com,273-657-1936,8446 Cedar Ln,Fairview,ne,45460,01-28-1992,4636,VB003910
Jessica,Scott,jessica.scott20@hotmail.com,+17315773179,6644 Maple Dr,Oxford,ND,30688,01/17/2004,9173,VB003911
Anthony,Allen,,582.395.5462,1476 Sunset Blvd,Dayton,DE,77236,1983-05-21,3339,VB003912
Charles,Taylor,,(612) 866-2032,2783 Lincoln Ave,Arlington,ca,53554,13-Oct-1999,7721,VB003913
William,King,william.king46@gmail.com,9116754973,8977 Sunset Blvd,Salem,New York,23793,08-22-1957,7062,VB003914
Ashley,Martin,,925-668-4999,5446 Lincoln Ave,Fairview,NJ,94219,10/29/1946,3165,VB003915
Nancy,Hill,nancy.hill8@aol.com,+15015098894,5392 Cedar Ln,Manchester,tn,85505,1985-12-30,1801,VB003916
Michael,Taylor,michael.taylor37@hotmail.com,607.615.3570,2751 Valley Ln,Manchester,UT,58627,27-May-1953,3020,VB003917
Ashley,Jackson,ashley.jackson1@yahoo.com,(674) 716-7693,8986 Oak Ave,Greenville,WY,61038,12-07-1962,1270,VB003918
Mary,Young,,4965476260,162 Forest Ave,Burlington,in,30848,08/24/1995,9544,VB003919
Charles,Hall,charles.hall66@icloud.com,344-487-4869,4721 Jefferson Dr,Fairview,CT,79599,1940-11-25,3916,VB003920
John,Adams,john.adams75@gmail.com,+12492161139,7807 Jefferson Dr,Richmond,LA,14835,26-Dec-1987,3097,VB003921
James,Johnson,james.johnson73@hotmail.com,284.909.7849,5340 Sunset Blvd,Marion,nj,13471,07-19-1946,6706,VB003922
Patricia,Miller,,(918) 488-1776,1773 Cedar Ln,Richmond,WA,33960,08/01/1975,6641,VB003923
Jennifer,Hall,jennifer.hall74@yahoo.com,9874933238,849 Lincoln Ave,Dayton,OR,11496,1965-12-25,3510,VB003924
Matthew,Brown,matthew.brown59@icloud.com,791-830-7439,2744 Maple Dr,Dayton,or,59714,04-Apr-2003,4809,VB003925
Anthony,Nelson,,+12996005878,5124 Cedar Ln,Marion,Illinois,35318,11-28-1975,5849,VB003926
Matthew,Nelson,matthew.nelson15@icloud.com,987.956.6053,5310 River Dr,Burlington,NV,30457,11/17/1968,4026,VB003927
Joseph,Harris,joseph.harris56@outlook.com,(898) 531-7663,3086 Cedar Ln,Salem,al,24611,1964-12-31,2014,VB003928
Lisa,Torres,,4752556897,4996 Cedar Ln,Oxford,IA,46622,14-Oct-1973,9465,VB003929
Daniel,Garcia,,755-268-3669,375 Sunset Blvd,Georgetown,NY,76979,07-06-1972,6017,VB003930
James,Allen,james.allen56@yahoo.com,+15178173036,6804 River Dr,Richmond,ar,58993,12/30/1968,9076,VB003931
Nancy,Garcia,nancy.garcia41@aol.com,904.843.6278,5051 Cedar Ln,Franklin,Georgia,44066,1996-11-24,7686,VB003932
Mary,Nelson,mary.nelson50@gmail.com,(234) 491-3826,541 Cedar Ln,Springfield,NM,37099,02-Mar-2003,6716,VB003933
Joseph,Nguyen,joseph.nguyen94@aol.com,5296964834,8669 Jefferson Dr,Madison,ms,48394,12-06-1958,2653,VB003934
Karen,Harris,,602-567-5904,1615 Lincoln Ave,Fairview,ME,67927,12/04/1961,1352,VB003935
Susan,Jackson,,+15975933628,6746 Maple Dr,Marion,NH,34848,1966-06-17,5617,VB003936
Patricia,Wilson,patricia.wilson45@yahoo.com,807.524.5015,6910 Valley Ln,Marion,wa,29483,18-Oct-1961,3856,VB003937
Ashley,Baker,ashley.baker26@aol.com,(628) 275-1576,1492 Main St,Marion,Illinois,17031,04-08-1949,7086,VB003938
James,Thomas,james.thomas35@outlook.com,5392294312,2486 Park Blvd,Burlington,AK,37083,04/25/1942,8779,VB003939
Thomas,Torres,thomas.torres98@yahoo.com,899-414-3716,2994 Cedar Ln,Georgetown,in,70075,1968-06-03,6338,VB003940
Matthew,Walker,matthew.walker74@icloud.com,+15992721665,5824 Lincoln Ave,Georgetown,ND,35664,22-Nov-1985,1581,VB003941
Ashley,Hill,ashley.hill52@gmail.com,975.667.2139,9495 Cedar Ln,Arlington,MD,10367,12-18-1941,3818,VB003942
Charles,Harris,charles.harris93@icloud.com,(823) 431-5042,4535 Lake Rd,Springfield,ar,43858,04/30/1949,6964,VB003943
Jennifer,Allen,,9695156152,519 Park Blvd,Clinton,CO,75149,1961-04-27,7088,VB003944
Patricia,Taylor,patricia.taylor97@icloud.com,514-348-6735,388 Forest Ave,Manchester,MD,39146,22-Mar-1987,3177,VB003945
Charles,Wilson,charles.wilson58@gmail.com,+18807703315,8007 Sunset Blvd,Richmond,wa,40361,03-16-1946,4593,VB003946
Daniel,Nelson,daniel.nelson87@gmail.com,569.282.2514,306 Washington St,Georgetown,NE,77557,09/03/1962,8018,VB003947
Lisa,Hill,lisa.hill10@yahoo.com,(980) 504-8958,2473 Washington St,Richmond,AZ,84027,1978-12-07,9028,VB003948
David,Anderson,,5198076853,6031 Maple Dr,Oxford,nv,43552,21-Feb-1962,6200,VB003949
John,Johnson,,829-774-6823,1257 Valley Ln,Greenville,WY,94141,04-20-1949,9802,VB003950
James,Garcia,,+18733401444,4241 Lake Rd,Oxford,VA,60297,05/08/1992,2796,VB003951
James,Nguyen,james.nguyen14@aol.com,713.244.2578,6829 Lake Rd,Springfield,nj,50663,1975-08-09,9252,VB003952
James,Hall,,(718) 728-3892,5181 Lincoln Ave,Burlington,SC,38473,21-Aug-1941,9375,VB003953
Sandra,Jackson,sandra.jackson94@hotmail.com,4609159694,9721 Main St,Clinton,MA,86057,07-28-1960,8440,VB003954
John,Hill,john.hill20@outlook.com,231-357-6812,5939 Maple Dr,Manchester,ne,97702,08/25/1976,2165,VB003955
Mary,Walker,mary.walker50@icloud.com,+12497628556,4443 Valley Ln,Clinton,California,29492,1953-06-02,9376,VB003956
Sandra,Nelson,sandra.nelson90@outlook.com,887.879.6471,6586 Washington St,Clinton,AL,34122,05-Aug-1999,1459,VB003957
Jessica,Torres,jessica.torres41@outlook.com,(287) 337-2572,9743 Hill Rd,Marion,wy,25269,03-10-1993,3224,VB003958
Christopher,Jones,christopher.jones31@icloud.com,7439043079,7397 Valley Ln,Madison,CO,50170,06/09/1971,6638,VB003959
Jennifer,Taylor,jennifer.taylor58@hotmail.com,409-363-1456,834 Main St,Salem,DE,90305,1981-05-19,9956,VB003960
Barbara,Miller,,+12017302714,2799 Main St,Salem,oh,15867,29-Feb-2004,1422,VB003961
Matthew,Thomas,matthew.thomas96@hotmail.com,262.713.3426,451 Maple Dr,Franklin,MD,14533,11-08-1994,7910,VB003962
Lisa,Smith,,(853) 306-6516,3231 Sunset Blvd,Dayton,MT,43594,01/05/1965,4627,VB003963
John,Thomas,john.thomas80@aol.com,8735757566,9864 Jefferson Dr,Franklin,al,40057,1992-12-01,4307,VB003964
Robert,Garcia,robert.garcia29@aol.com,399-828-8484,8535 Main St,Greenville,IA,15879,01-Feb-1943,4233,VB003965
Robert,Johnson,robert.johnson30@hotmail.com,+13443045120,8347 Jefferson Dr,Salem,NV,40041,10-17-1942,3412,VB003966
Sandra,Davis,sandra.davis76@hotmail.com,581.450.3522,6104 Sunset Blvd,Richmond,nj,24971,08/26/1965,5484,VB003967
Linda,Anderson,linda.anderson79@icloud.com,(206) 299-2135,8419 River Dr,Dayton,MS,25298,1966-09-19,4320,VB003968
Barbara,Nelson,barbara.nelson45@icloud.com,6603976805,8213 Hill Rd,Madison,OK,68585,18-Nov-1971,1347,VB003969
Sarah,Martin,sarah.martin71@icloud.com,979-548-2962,533 Lincoln Ave,Richmond,sd,51558,01-27-1962,6112,VB003970
Ashley,Young,ashley.young46@aol.com,+17103363441,786 Lake Rd,Springfield,DE,21248,05/27/1974,1355,VB003971
Robert,Walker,robert.walker16@outlook.com,788.824.4350,734 Park Blvd,Greenville,AR,83965,1996-01-06,4083,VB003972
Charles,Scott,charles.scott87@aol.com,(887) 836-7855,2341 Lincoln Ave,Burlington,ne,17456,13-Jun-1956,1888,VB003973
William,Scott,william.scott31@aol.com,3577709200,2255 Lake Rd,Oxford,RI,71893,05-07-1988,6995,VB003974
Barbara,Jones,barbara.jones83@yahoo.com,952-476-2541,8606 Lincoln Ave,Richmond,WA,40085,07/02/1945,7746,VB003975
Ashley,Baker,ashley.baker90@outlook.com,+17506964248,2625 Lincoln Ave,Greenville,ia,56898,1962-09-06,7945,VB003976
Michael,Jones,michael.jones32@gmail.com,760.865.9133,2232 Park Blvd,Salem,HI,25343,25-Jul-1964,7015,VB003977
Karen,White,karen.white7@outlook.com,(675) 813-7775,4589 Jefferson Dr,Georgetown,CA,23033,07-23-1973,1085,VB003978
Christopher,Martin,christopher.martin17@icloud.com,7726896974,1464 Washington St,Richmond,wv,32402,08/29/1963,5697,VB003979
Joseph,White,joseph.white57@gmail.com,717-641-4799,2690 Valley Ln,Georgetown,MT,75060,1969-07-28,5356,VB003980
David,Allen,david.allen78@hotmail.com,+18437979767,9349 Forest Ave,Madison,SD,50558,20-Jul-2000,4821,VB003981
David,Baker,david.baker9@aol.com,228.612.3212,1505 Washington St,Franklin,mo,98432,12-10-1995,8798,VB003982
Matthew,Brown,matthew.brown50@aol.com,(943) 536-3903,8931 Sunset Blvd,Fairview,AL,99795,07/13/1978,2305,VB003983
Karen,Scott,karen.scott89@outlook.com,2176117893,1997 Oak Ave,Georgetown,MD,10752,1951-10-19,4743,VB003984
Sandra,Nguyen,sandra.nguyen43@gmail.com,859-651-9519,2834 Forest Ave,Springfield,nj,56202,07-May-1966,5239,VB003985
Matthew,Baker,matthew.baker43@outlook.com,+12617234501,8982 Lake Rd,Georgetown,ND,70961,04-19-1941,5418,VB003986
Robert,Baker,robert.baker99@yahoo.com,829.415.7307,4523 Lincoln Ave,Clinton,OR,55809,12/31/1963,6093,VB003987
Christopher,Baker,christopher.baker27@yahoo.com,(952) 525-2673,55 Hill Rd,Arlington,al,70112,1949-09-02,7631,VB003988
Ashley,Jones,ashley.jones73@gmail.com,9208402190,2631 River Dr,Manchester,Ohio,88187,15-Nov-1944,1345,VB003989
James,Hall,james.hall81@yahoo.com,817-706-8503,4576 Park Blvd,Dayton,WY,47652,05-21-1960,4733,VB003990
Mary,Davis,mary.davis96@aol.com,+17623901502,4952 Sunset Blvd,Marion,nh,83769,04/10/2004,4521,VB003991
Mary,Harris,mary.harris78@gmail.com,715.876.5214,7716 Valley Ln,Manchester,Ohio,16093,1949-05-24,2556,VB003992
Michael,Johnson,,(396) 767-9096,6845 Cedar Ln,Manchester,WY,62394,12-Apr-1967,8524,VB003993
Nancy,Young,nancy.young67@icloud.com,5916485632,2863 Main St,Georgetown,ut,13985,08-19-1999,6315,VB003994
James,Hall,,916-256-7288,604 Valley Ln,Madison,IN,65250,04/01/1958,3273,VB003995
Joseph,Martin,,+17199538724,8268 Lake Rd,Dayton,GA,44217,2001-08-13,5720,VB003996
David,Martin,,945.391.8855,9426 Maple Dr,Oxford,al,44312,21-Jul-2003,8052,VB003997
Susan,Jackson,,(361) 931-3986,8962 Cedar Ln,Dayton,IN,84852,03-23-1979,9472,VB003998
Linda,Martin,linda.martin63@outlook.com,8809005188,7685 Jefferson Dr,Madison,NV,72043,04/11/1961,9490,VB003999
Charles,Adams,charles.adams38@hotmail.com,220-524-2276,2374 Oak Ave,Oxford,ut,30546,2003-08-09,3700,VB004000
Susan,Johnson,susan.johnson85@yahoo.com,+16794636467,3921 Washington St,Dayton,Illinois,81996,06-Apr-1987,4096,VB004001
Jennifer,Thompson,,839.915.9290,4517 Forest Ave,Greenville,UT,81808,12-20-1947,2706,VB004002
Daniel,Anderson,daniel.anderson32@aol.com,(614) 466-8952,9792 Lake Rd,Madison,ne,28924,07/26/1954,6730,VB004003
Matthew,Anderson,,6156423523,6787 Forest Ave,Springfield,Michigan,58546,1950-08-10,6046,VB004004
William,Taylor,william.taylor70@hotmail.com,223-750-8676,5621 Lake Rd,Springfield,OR,47261,23-Jun-1948,9929,VB004005
Susan,Allen,,+16448391634,2550 Lake Rd,Springfield,ut,15087,05-14-1944,1551,VB004006
Linda,Hill,linda.hill53@yahoo.com,296.299.8062,5805 River Dr,Clinton,NJ,17100,05/29/2000,2612,VB004007
Patricia,Nelson,,(844) 926-4030,1517 Park Blvd,Richmond,MS,74412,1966-07-02,5847,VB004008
Sandra,Nguyen,sandra.nguyen62@aol.com,9294726200,4063 Forest Ave,Madison,nd,38379,29-Jul-1966,5846,VB004009
Mary,Garcia,mary.garcia76@aol.com,438-629-6452,294 Main St,Burlington,Texas,42653,10-08-1945,1344,VB004010
David,Johnson,,+19022557616,5704 Oak Ave,Georgetown,FL,68749,11/24/1942,2543,VB004011
Betty,White,betty.white16@aol.com,252.821.8738,8593 Hill Rd,Salem,ma,45282,1957-06-30,5801,VB004012
Karen,Nguyen,,(786) 528-7133,9262 Jefferson Dr,Richmond,CT,93936,21-Apr-1955,7811,VB004013
Barbara,Baker,barbara.baker98@hotmail.com,5249473898,70 Maple Dr,Burlington,PA,10813,01-29-1963,8998,VB004014
Betty,Hall,betty.hall43@outlook.com,201-394-1473,2115 Valley Ln,Fairview,ut,10228,02/26/1992,6540,VB004015
Lisa,Nelson,lisa.nelson74@gmail.com,+16768936512,4849 Jefferson Dr,Burlington,WA,21246,1946-07-26,4120,VB004016
Jennifer,Brown,jennifer.brown20@icloud.com,507.279.7622,4662 Park Blvd,Dayton,NJ,91073,23-Aug-1976,9530,VB004017
Patricia,Williams,,(795) 344-9205,5807 Forest Ave,Salem,ak,72583,11-25-1986,9193,VB004018
Lisa,Miller,lisa.miller61@aol.com,7702913963,9375 Lake Rd,Clinton,MA,61197,03/15/1958,6982,VB004019
Sarah,Taylor,,537-687-2353,1315 Maple Dr,Clinton,NE,48634,1957-04-24,8462,VB004020
Barbara,Allen,barbara.allen50@icloud.com,+17306778359,1215 Lincoln Ave,Greenville,ga,79299,02-Jun-1999,4950,VB004021
Nancy,King,,687.957.2059,4921 Oak Ave,Manchester,MS,75829,11-20-1944,5186,VB004022
Sandra,Walker,sandra.walker36@outlook.com,(315) 203-8741,9885 Washington St,Dayton,WY,30505,09/10/1961,6879,VB004023
Barbara,Nelson,barbara.nelson69@hotmail.com,2444876050,9052 Sunset Blvd,Manchester,sc,73573,1952-07-09,5972,VB004024
Ashley,Adams,ashley.adams22@icloud.com,472-895-5059,3230 Jefferson Dr,Burlington,MA,12505,12-Apr-1975,9621,VB004025
Thomas,Jones,thomas.jones58@hotmail.com,+19236775873,5831 Valley Ln,Madison,OK,58509,05-20-1979,1359,VB004026
Daniel,Harris,daniel.harris95@outlook.com,345.804.6156,4418 Sunset Blvd,Manchester,mn,97419,06/02/1996,1078,VB004027
Charles,Anderson,,(259) 354-8895,6656 Valley Ln,Manchester,Illinois,45917,1984-05-09,8941,VB004028
Charles,Wilson,,9332901635,5927 Washington St,Richmond,TX,31596,21-Sep-1971,8834,VB004029
Linda,Brown,linda.brown48@icloud.com,630-794-7889,4336 Main St,Franklin,ar,20930,01-10-1968,7647,VB004030
Betty,Walker,betty.walker93@outlook.com,+17719439323,3454 Lincoln Ave,Arlington,NJ,66245,09/03/1954,7992,VB004031
Barbara,Johnson,,817.472.2915,2784 Jefferson Dr,Greenville,PA,52253,1965-09-24,8431,VB004032
Jessica,King,jessica.king45@yahoo.com,(402) 561-2723,7350 Jefferson Dr,Madison,pa,59460,31-May-2002,5834,VB004033
Betty,Wilson,betty.wilson76@icloud.com,6977893444,6142 Oak Ave,Manchester,TN,88192,02-07-1983,4193,VB004034
Charles,Walker,charles.walker7@icloud.com,524-261-1492,3691 Hill Rd,Richmond,WA,34061,05/27/1981,9311,VB004035
Barbara,Davis,barbara.davis46@hotmail.com,+13796518243,7078 Jefferson Dr,Madison,ga,38027,1970-11-04,9767,VB004036
Sarah,Harris,sarah.harris31@gmail.com,472.682.7111,5804 Valley Ln,Madison,WI,16707,03-Jul-1965,8178,VB004037
Lisa,Nelson,,(487) 534-9267,9032 Hill Rd,Manchester,VA,32938,12-27-1992,2243,VB004038
Richard,Martin,richard.martin43@hotmail.com,7052092132,8227 Valley Ln,Salem,wi,73972,09/30/1993,6679,VB004039
Ashley,Martin,ashley.martin6@outlook.com,638-699-3150,1513 Valley Ln,Burlington,HI,33183,1989-08-19,4810,VB004040
Mark,Wilson,mark.wilson48@yahoo.com,+17016318243,550 Washington St,Madison,CO,51951,10-Apr-1950,1164,VB004041
Thomas,Harris,,378.734.5520,7551 Forest Ave,Salem,de,73047,02-09-1986,3710,VB004042
Jennifer,Torres,,(929) 546-9669,8641 Lake Rd,Richmond,MS,47709,10/13/1978,2168,VB004043
Linda,Thompson,linda.thompson96@yahoo.com,4947815400,4779 Cedar Ln,Georgetown,ID,55766,1953-11-10,3026,VB004044
Sarah,Hall,sarah.hall60@icloud.com,353-735-5747,9145 Sunset Blvd,Greenville,md,73809,10-Nov-1965,2058,VB004045
David,Wilson,david.wilson79@yahoo.com,+16996968925,2171 Washington St,Manchester,NH,25988,06-24-1972,5118,VB004046
Lisa,Miller,lisa.miller51@yahoo.com,668.395.6536,1766 Lincoln Ave,Clinton,AZ,93000,04/19/2000,3018,VB004047
Lisa,Baker,lisa.baker43@outlook.com,(491) 293-2221,3390 Cedar Ln,Oxford,ga,59844,1963-03-06,3810,VB004048
Daniel,Torres,daniel.torres96@icloud.com,4065281871,7110 Valley Ln,Fairview,WY,42032,16-Mar-1964,1115,VB004049
William,Nelson,,288-866-7598,6743 Jefferson Dr,Richmond,CT,74005,08-01-1972,8043,VB004050
Michael,Davis,michael.davis47@yahoo.com,+17295872912,3518 Maple Dr,Fairview,wa,88342,10/20/1962,6497,VB004051
Margaret,Taylor,margaret.taylor54@outlook.com,516.416.2543,2514 Oak Ave,Marion,SD,81273,1969-01-20,2840,VB004052
Jessica,Allen,jessica.allen62@icloud.com,(829) 807-1686,8051 Main St,Salem,MA,56071,14-Oct-1942,5190,VB004053
Christopher,Johnson,,5415786547,6052 Sunset Blvd,Oxford,ny,94501,10-09-1999,6130,VB004054
James,White,james.white77@yahoo.com,999-669-9053,2622 Park Blvd,Georgetown,NH,46889,09/21/1963,2922,VB004055
Matthew,Martin,matthew.martin12@yahoo.com,+14548635578,7364 Maple Dr,Springfield,SC,81045,1991-07-26,7879,VB004056
Anthony,Miller,,728.517.9557,2342 Washington St,Marion,ga,98076,23-May-1963,2485,VB004057
Thomas,Wright,,(514) 700-5596,2957 River Dr,Salem,NJ,22460,08-02-1980,7972,VB004058
Matthew,Anderson,matthew.anderson67@hotmail.com,2867648040,450 Lake Rd,Fairview,SC,15221,01/25/1944,1029,VB004059
Jessica,Brown,jessica.brown68@hotmail.com,660-965-6628,2439 Park Blvd,Arlington,ms,31145,1950-04-06,7398,VB004060
Matthew,Williams,matthew.williams99@yahoo.com,+12886242100,3533 Sunset Blvd,Marion,ND,96651,27-Oct-2001,6860,VB004061
Sarah,Johnson,sarah.johnson6@gmail.com,350.524.6384,3258 Forest Ave,Burlington,CT,89256,11-17-1969,8656,VB004062
Patricia,Garcia,patricia.garcia79@gmail.com,(624) 561-1760,719 Oak Ave,Georgetown,sd,89409,11/30/1969,3713,VB004063
Mark,Wright,mark.wright50@icloud.com,8107755381,3873 Park Blvd,Dayton,Pennsylvania,57480,1994-01-17,8920,VB004064
Richard,Anderson,,880-592-8243,6288 Lake Rd,Richmond,MI,14770,09-Dec-1970,8161,VB004065
Sandra,Williams,sandra.williams77@aol.com,+17214013471,6923 Maple Dr,Burlington,ga,70855,07-17-1952,7990,VB004066
James,Hill,james.hill89@aol.com,819.615.9171,1406 Washington St,Fairview,MO,11143,02/07/1970,5148,VB004067
Betty,Davis,betty.davis51@hotmail.com,(480) 427-4761,2120 Jefferson Dr,Salem,OH,78404,1970-10-29,6850,VB004068
Mark,Martin,mark.martin92@outlook.com,7537614328,8414 Lincoln Ave,Dayton,wa,45453,11-Mar-1992,2609,VB004069
Betty,Johnson,betty.johnson18@outlook.com,517-999-2430,409 Oak Ave,Springfield,MN,93830,11-30-1994,4455,VB004070
Jennifer,Thompson,jennifer.thompson96@yahoo.com,+13715959095,436 Oak Ave,Burlington,WI,20936,12/19/1975,8306,VB004071
Thomas,Walker,,283.568.5586,8661 Washington St,Madison,ak,66615,1974-09-25,5155,VB004072
Karen,Garcia,karen.garcia59@icloud.com,(504) 620-5550,8926 Maple Dr,Georgetown,VA,48135,13-Feb-1968,8664,VB004073
Robert,Miller,,9522825847,7154 Oak Ave,Springfield,FL,21299,03-28-1978,2787,VB004074
Linda,Johnson,linda.johnson81@outlook.com,681-503-2071,6475 Forest Ave,Franklin,fl,40881,03/25/1993,9589,VB004075
Betty,White,,+15546265662,912 Lake Rd,Marion,New York,37752,1967-11-17,3931,VB004076
Matthew,Scott,,523.276.5413,2077 Lake Rd,Richmond,MT,27454,22-May-1949,1796,VB004077
Matthew,Young,matthew.young22@icloud.com,(321) 700-6371,5632 Valley Ln,Manchester,sc,17587,10-18-1991,9560,VB004078
Robert,Jackson,robert.jackson62@icloud.com,3637622092,9065 Maple Dr,Richmond,WY,86919,07/22/1950,3723,VB004079
Ashley,Williams,ashley.williams9@aol.com,373-674-9283,6792 Main St,Arlington,IN,76045,2002-12-27,3478,VB004080
Joseph,Thomas,joseph.thomas75@gmail.com,+18257504674,2164 Lincoln Ave,Franklin,ut,13003,21-Jun-1998,3652,VB004081
Michael,Martin,michael.martin40@gmail.com,403.919.1992,3235 Oak Ave,Burlington,OR,92657,06-17-2003,8969,VB004082
Thomas,Jackson,,(927) 333-2894,6003 Valley Ln,Oxford,GA,75423,06/16/1994,5180,VB004083
Mary,Young,mary.young52@icloud.com,6247664814,2079 Cedar Ln,Greenville,mt,10546,1942-10-15,8527,VB004084
Jessica,Wilson,jessica.wilson86@aol.com,608-530-6370,5874 Forest Ave,Georgetown,CT,32563,09-Nov-1962,8704,VB004085
Michael,Miller,michael.miller17@outlook.com,+17458886801,7520 Jefferson Dr,Georgetown,OK,45750,11-09-1995,8290,VB004086
Nancy,Thomas,nancy.thomas20@aol.com,363.533.5609,6445 Lake Rd,Richmond,wi,98133,12/28/1964,9098,VB004087
Joseph,Anderson,joseph.anderson2@hotmail.com,(467) 659-1480,9368 River Dr,Franklin,OR,54916,1988-11-12,3701,VB004088
Betty,Adams,betty.adams33@aol.com,3433274275,7640 Cedar Ln,Burlington,KS,30662,30-Mar-1988,4097,VB004089
Lisa,Johnson,lisa.johnson38@gmail.com,974-341-3850,3417 Hill Rd,Marion,wy,83328,10-21-1958,9902,VB004090
Betty,Adams,betty.adams93@yahoo.com,+12489012619,9394 River Dr,Madison,Georgia,55443,01/15/1995,9354,VB004091
James,Martin,james.martin89@gmail.com,213.955.6756,6817 Main St,Clinton,MT,33060,1982-05-31,2167,VB004092
Mary,Torres,mary.torres68@icloud.com,(945) 714-6981,7571 Washington St,Clinton,wy,15076,26-May-1956,8616,VB004093
William,Nelson,william.nelson83@outlook.com,3412954914,186 Lake Rd,Georgetown,WV,96475,02-15-1983,9348,VB004094
Michael,Wilson,michael.wilson36@aol.com,409-617-5090,5272 River Dr,Marion,AR,78459,09/29/1984,8256,VB004095
Jessica,Walker,jessica.walker75@aol.com,+14244089201,6173 Washington St,Dayton,in,44736,1972-02-14,9262,VB004096
Jennifer,Harris,,898.948.2570,4503 Lake Rd,Richmond,KY,80963,04-Apr-1947,2163,VB004097
Joseph,Torres,joseph.torres84@icloud.com,(412) 609-9976,448 Sunset Blvd,Greenville,WA,17364,10-08-2001,7646,VB004098
Lisa,Thompson,lisa.thompson75@hotmail.com,2693122928,6064 Forest Ave,Marion,nj,26827,07/09/1961,1983,VB004099
Mary,Garcia,,562-573-7757,758 River Dr,Springfield,KY,94234,1982-03-13,3700,VB004100
Susan,Allen,susan.allen4@outlook.com,+19405163761,3195 Lincoln Ave,Greenville,DE,82996,18-Aug-1944,2807,VB004101
Ashley,Wright,ashley.wright93@hotmail.com,741.911.5161,7156 Lincoln Ave,Springfield,id,92780,12-17-1957,9242,VB004102
Susan,Nguyen,susan.nguyen12@gmail.com,(794) 683-9719,8577 Sunset Blvd,Richmond,AR,42375,12/27/1989,8742,VB004103
David,Walker,david.walker83@hotmail.com,2838591237,4028 Valley Ln,Richmond,MD,35910,1965-05-26,4865,VB004104
Nancy,Taylor,,983-414-9485,3793 Jefferson Dr,Madison,wa,66918,11-Jan-1978,2085,VB004105
William,White,william.white81@outlook.com,+14904122005,4222 Park Blvd,Burlington,SC,71264,07-29-1994,8041,VB004106
Mark,Brown,mark.brown87@hotmail.com,928.275.5051,5762 Jefferson Dr,Marion,DE,80086,08/03/1987,1697,VB004107
Mary,Jackson,mary.jackson87@yahoo.com,(830) 223-6619,6139 Park Blvd,Dayton,il,77762,1946-05-07,3568,VB004108
Mark,Baker,mark.baker46@yahoo.com,5138013260,3854 Maple Dr,Springfield,AL,58737,13-May-1994,7144,VB004109
James,Miller,james.miller98@icloud.com,947-462-9536,9616 Lincoln Ave,Manchester,MA,42229,04-01-1990,3760,VB004110
John,King,john.king82@icloud.com,+18613977097,9235 Sunset Blvd,Dayton,nc,89291,09/19/1954,7876,VB004111
Matthew,Adams,matthew.adams11@outlook.com,219.967.9837,854 Lake Rd,Fairview,TN,18993,1998-06-21,1659,VB004112
Patricia,Jackson,,(445) 457-9919,5623 Oak Ave,Arlington,NJ,61440,12-Feb-2001,9109,VB004113
Karen,Anderson,karen.anderson19@hotmail.com,7356483845,3594 Valley Ln,Marion,ma,70469,10-22-1996,5591,VB004114
Susan,Torres,susan.torres7@icloud.com,793-969-1173,3762 River Dr,Manchester,ME,31078,04/18/1960,2374,VB004115
Mary,Brown,,+19873718584,4273 Forest Ave,Springfield,TX,51205,1965-12-27,1931,VB004116
Jennifer,Williams,,838.949.9665,3450 Lake Rd,Salem,nh,42065,01-Oct-1992,8181,VB004117
Charles,Torres,,(799) 269-3215,3334 Forest Ave,Salem,RI,42466,08-31-1996,1038,VB004118
Sandra,Thompson,sandra.thompson82@aol.com,2348105261,7851 Cedar Ln,Burlington,NJ,66229,10/21/1948,3154,VB004119
Daniel,White,daniel.white63@icloud.com,791-314-3943,2923 Sunset Blvd,Oxford,ak,51773,2000-06-27,4489,VB004120
Mark,Nguyen,mark.nguyen58@icloud.com,+14963022319,9270 Cedar Ln,Georgetown,Illinois,84292,21-Oct-1948,1024,VB004121
Mark,Harris,mark.harris25@aol.com,753.842.1761,6478 Forest Ave,Arlington,OR,27497,09-21-1962,9844,VB004122
Barbara,Young,barbara.young86@outlook.com,(651) 507-8289,6678 Lincoln Ave,Fairview,pa,68428,02/12/1999,2267,VB004123
Thomas,Allen,thomas.allen71@gmail.com,5345261854,6217 Washington St,Madison,AR,36380,1959-04-24,6810,VB004124
Anthony,Taylor,anthony.taylor21@hotmail.com,403-854-3781,8586 Park Blvd,Dayton,OK,74549,09-Jul-2001,5090,VB004125
Lisa,Hill,,+16059138214,5106 Hill Rd,Clinton,or,50940,10-13-2001,2479,VB004126
Anthony,Davis,anthony.davis49@hotmail.com,875.252.5505,1360 Maple Dr,Dayton,AK,93674,12/23/1991,2694,VB004127
Robert,Wright,robert.wright73@gmail.com,(326) 809-1919,3720 Lincoln Ave,Burlington,KY,33583,1992-06-09,6543,VB004128
Lisa,Young,,6584551231,468 Lake Rd,Arlington,nc,51847,15-Aug-1991,9725,VB004129
William,Johnson,william.johnson46@aol.com,425-417-6800,2590 River Dr,Salem,Florida,71649,11-21-1989,2387,VB004130
Barbara,Davis,barbara.davis60@hotmail.com,+12695768305,2474 Hill Rd,Franklin,ID,28522,09/22/1976,5309,VB004131
Jennifer,Allen,jennifer.allen35@aol.com,319.351.1557,5713 River Dr,Dayton,nm,17933,1965-11-02,4925,VB004132
Margaret,Young,margaret.young86@icloud.com,(917) 319-1783,833 Sunset Blvd,Madison,KS,97102,04-Apr-1959,3641,VB004133
Linda,Martin,,8514748633,2717 River Dr,Greenville,DE,60796,03-10-1961,2107,VB004134
Robert,Brown,robert.brown44@aol.com,574-973-3363,3262 Valley Ln,Marion,mt,75546,08/12/1943,1742,VB004135
Betty,Walker,betty.walker37@aol.com,+19359348762,8605 Main St,Richmond,ME,81663,1946-04-09,1167,VB004136
Mary,Adams,mary.adams93@gmail.com,657.282.5731,2431 Park Blvd,Madison,WY,96421,20-Dec-1980,7427,VB004137
Susan,Allen,susan.allen51@outlook.com,(583) 615-3790,5852 Lake Rd,Greenville,wy,78701,10-22-1982,6342,VB004138
Michael,Torres,michael.torres24@aol.com,6628561881,3767 Valley Ln,Burlington,NJ,74699,03/21/1958,4801,VB004139
Karen,Hill,,833-432-9350,2900 Lincoln Ave,Clinton,MT,87902,1959-02-20,3957,VB004140
Christopher,Miller,christopher.miller90@outlook.com,+16015242468,4208 Washington St,Dayton,ut,22185,30-Nov-1970,5323,VB004141
Richard,Scott,richard.scott33@icloud.com,248.283.8808,3507 Oak Ave,Franklin,CO,32301,01-10-1942,3321,VB004142
John,Nguyen,john.nguyen48@aol.com,(390) 644-7979,1523 Main St,Marion,MI,70755,09/07/2000,4673,VB004143
Mark,Allen,,7094851665,3995 Oak Ave,Oxford,tx,35997,1973-08-02,9446,VB004144
Charles,Adams,charles.adams48@icloud.com,425-549-2526,7827 Lincoln Ave,Marion,VT,17233,15-Feb-1975,8105,VB004145
Patricia,Thomas,patricia.thomas93@outlook.com,+15452392051,6167 Cedar Ln,Arlington,RI,68784,03-14-1997,6968,VB004146
Thomas,Davis,thomas.davis56@outlook.com,510.433.1351,907 Main St,Manchester,il,80016,07/23/1994,7215,VB004147
Susan,Hill,susan.hill90@yahoo.com,(696) 385-9640,543 Lake Rd,Franklin,Georgia,88059,1953-10-30,9125,VB004148
Thomas,Harris,thomas.harris10@yahoo.com,4622226719,1927 Park Blvd,Springfield,MA,17509,13-Jun-1946,2654,VB004149
Betty,Thomas,,394-927-7738,3780 Lake Rd,Arlington,ar,78788,07-28-1943,8576,VB004150
Jennifer,Williams,jennifer.williams45@outlook.com,+13907529151,97 Maple Dr,Richmond,LA,89753,06/14/1995,7002,VB004151
Joseph,Baker,joseph.baker8@outlook.com,468.999.8122,3285 Lake Rd,Burlington,WA,21109,1947-07-05,5686,VB004152
Barbara,Wright,barbara.wright71@yahoo.com,(833) 809-8761,4292 Jefferson Dr,Richmond,wv,23891,22-Aug-1989,6695,VB004153
Robert,Garcia,robert.garcia89@aol.com,3699388170,716 River Dr,Georgetown,UT,41133,11-07-1979,5668,VB004154
Margaret,Nelson,margaret.nelson11@yahoo.com,702-204-8979,8825 Hill Rd,Clinton,TX,85341,02/13/1966,7336,VB004155
Barbara,Jones,barbara.jones3@outlook.com,+13032295626,1927 Washington St,Greenville,mn,15121,1987-01-14,6162,VB004156
Joseph,King,joseph.king35@gmail.com,261.812.8824,7289 Main St,Clinton,CO,17475,06-May-1951,5629,VB004157
Richard,Davis,,(246) 886-8259,4545 Sunset Blvd,Franklin,HI,13251,04-26-1991,6060,VB004158
William,Thomas,william.thomas66@icloud.com,7603019922,1977 Maple Dr,Marion,mo,50421,09/28/1962,4627,VB004159
John,King,john.king18@icloud.com,806-919-8909,9912 Forest Ave,Marion,ND,31389,2001-09-21,8933,VB004160
Joseph,Garcia,joseph.garcia47@aol.com,+12407869717,9460 Valley Ln,Clinton,OR,55893,07-Sep-1951,3685,VB004161
James,Thompson,james.thompson22@hotmail.com,888.661.1501,4629 Park Blvd,Arlington,wv,54179,04-03-1971,5156,VB004162
Susan,Johnson,susan.johnson80@yahoo.com,(923) 308-8577,8433 Lincoln Ave,Oxford,AK,67961,10/08/1943,2628,VB004163
James,Miller,james.miller90@icloud.com,8836883198,430 Valley Ln,Georgetown,NE,30520,1971-03-04,1483,VB004164
Patricia,White,patricia.white38@icloud.com,519-729-4049,1998 Maple Dr,Salem,nd,83648,19-Apr-1971,5920,VB004165
Sandra,Anderson,,+14358392079,5935 River Dr,Marion,Illinois,50503,06-16-1958,5568,VB004166
Lisa,Scott,,397.289.3199,119 Lake Rd,Arlington,RI,16791,11/21/1966,7527,VB004167
James,Brown,james.brown44@outlook.com,(901) 643-9708,763 Valley Ln,Clinton,ut,98756,1955-04-20,8305,VB004168
Jennifer,Taylor,jennifer.taylor76@gmail.com,3395067389,5349 Oak Ave,Dayton,North Carolina,44487,26-Apr-1995,4425,VB004169
Barbara,Brown,,949-715-6089,8213 Park Blvd,Greenville,CO,73447,09-27-1955,8967,VB004170
Joseph,Garcia,joseph.garcia92@aol.com,+19316821984,6329 Park Blvd,Oxford,vt,18372,11/25/1970,2099,VB004171
Linda,White,linda.white93@hotmail.com,987.477.3684,908 Hill Rd,Clinton,VT,58893,1948-01-23,7634,VB004172
Christopher,Harris,,(414) 360-8331,1629 Hill Rd,Manchester,SD,76528,15-Feb-1980,6843,VB004173
Barbara,Brown,barbara.brown43@icloud.com,5836784506,5146 Maple Dr,Fairview,ga,80307,11-24-1972,7109,VB004174
Margaret,Thompson,margaret.thompson75@icloud.com,499-980-7304,8806 Forest Ave,Dayton,VA,70005,05/25/1966,3474,VB004175
Jennifer,Smith,jennifer.smith49@icloud.com,+14356407587,9289 Maple Dr,Marion,MD,55525,1989-03-11,3311,VB004176
Lisa,Baker,lisa.baker27@hotmail.com,528.243.1011,5795 Washington St,Springfield,ct,16912,30-Nov-1998,6846,VB004177
Ashley,Nguyen,,(256) 744-6363,9458 Park Blvd,Richmond,UT,31682,12-01-1977,9292,VB004178
Sandra,Young,,8783382212,8008 River Dr,Springfield,TX,10391,12/22/1997,4030,VB004179
Sarah,Scott,sarah.scott80@yahoo.com,472-599-8562,8818 Lincoln Ave,Fairview,co,49954,2001-11-20,7358,VB004180
Richard,Nelson,richard.nelson26@yahoo.com,+12033865719,1509 Lake Rd,Manchester,VT,91356,21-Apr-1990,5237,VB004181
William,Garcia,william.garcia6@hotmail.com,460.264.8750,2922 Lincoln Ave,Springfield,VT,87809,04-18-1967,9979,VB004182
Patricia,Martin,patricia.martin80@hotmail.com,(432) 737-8238,6617 Forest Ave,Oxford,nd,87902,06/15/1980,7724,VB004183
Joseph,Walker,joseph.walker82@icloud.com,9478909268,1017 Park Blvd,Madison,MT,10272,1940-06-26,9091,VB004184
Anthony,Hall,anthony.hall39@gmail.com,586-345-3065,1915 Lake Rd,Arlington,MN,90121,04-Aug-1993,8146,VB004185
Robert,Smith,robert.smith1@gmail.com,+18953614023,2588 Park Blvd,Springfield,ms,22731,10-23-1977,5379,VB004186
Margaret,Baker,,662.699.3937,6654 Lincoln Ave,Burlington,CO,53026,09/20/1978,9947,VB004187
Matthew,Harris,,(737) 207-3961,3075 Lake Rd,Clinton,CO,94012,1946-04-05,8782,VB004188
Thomas,Nguyen,thomas.nguyen77@gmail.com,5485886824,9949 Forest Ave,Fairview,ct,79924,24-Mar-2001,7533,VB004189
Joseph,Scott,joseph.scott69@yahoo.com,611-241-4621,1351 Forest Ave,Madison,Ohio,87012,09-04-1941,4898,VB004190
Christopher,Thompson,christopher.thompson92@yahoo.com,+14986391025,5781 Cedar Ln,Oxford,NE,34551,08/09/1999,2402,VB004191
James,King,,755.394.9275,720 Hill Rd,Richmond,ny,71918,1979-03-13,8985,VB004192
Betty,Adams,betty.adams7@aol.com,(347) 258-1488,9862 River Dr,Arlington,New York,80129,19-May-1977,2926,VB004193
Mark,Scott,mark.scott92@aol.com,8627461388,7185 Forest Ave,Richmond,WA,17836,04-13-1966,7527,VB004194
Lisa,Hill,lisa.hill32@gmail.com,665-570-9210,5621 River Dr,Oxford,tx,36484,06/22/2002,7789,VB004195
Lisa,Walker,,+14059675653,9738 Lake Rd,Greenville,WY,10767,1984-04-01,3410,VB004196
Mary,Jackson,,396.394.9786,7351 Maple Dr,Clinton,ID,46509,03-Jul-1981,5092,VB004197
Christopher,King,,(744) 621-1352,5530 Main St,Fairview,ma,14483,12-09-1995,1214,VB004198
John,Anderson,john.anderson96@icloud.com,3393245063,1071 Washington St,Oxford,CO,42447,04/09/1992,7201,VB004199
David,Williams,david.williams50@hotmail.com,918-993-5130,6765 Lincoln Ave,Georgetown,RI,29299,1957-03-19,7805,VB004200
Betty,White,betty.white53@gmail.com,+19927451543,847 Valley Ln,Dayton,ut,69998,04-Dec-1953,5506,VB004201
David,Jones,david.jones44@gmail.com,839.858.5725,4487 Maple Dr,Burlington,AL,36689,11-22-2002,9036,VB004202
David,Hall,david.hall7@gmail.com,(838) 758-6370,8044 Lake Rd,Madison,NM,37492,08/20/1988,9322,VB004203
Robert,Johnson,,6197806011,8510 Lake Rd,Fairview,vt,18067,1980-12-28,5128,VB004204
Linda,Jones,linda.jones63@outlook.com,951-793-1240,4183 Jefferson Dr,Dayton,UT,73377,05-Oct-1998,5319,VB004205
David,Torres,david.torres27@gmail.com,+17577049483,8090 Valley Ln,Springfield,RI,19173,11-10-1955,9196,VB004206
Jessica,Thompson,jessica.thompson32@yahoo.com,850.325.2157,4058 Cedar Ln,Dayton,wi,22040,10/20/1977,8783,VB004207
Sarah,Taylor,,(808) 905-8568,902 Oak Ave,Marion,IN,27336,1973-03-25,7524,VB004208
John,Allen,john.allen2@icloud.com,4239493363,7203 Jefferson Dr,Marion,VA,67527,17-Feb-1953,4680,VB004209
James,Jackson,james.jackson45@outlook.com,772-857-1408,3725 Forest Ave,Marion,pa,25126,11-24-1999,3390,VB004210
Nancy,Scott,nancy.scott6@icloud.com,+14126388552,8506 Hill Rd,Arlington,WV,71305,09/07/1940,2922,VB004211
Lisa,Allen,lisa.allen8@hotmail.com,585.218.4525,2100 River Dr,Richmond,MT,27565,2002-04-19,6572,VB004212
Daniel,Wilson,daniel.wilson57@hotmail.com,(614) 311-6431,3426 Washington St,Franklin,ny,34366,24-Mar-1960,7266,VB004213
Mary,Nelson,mary.nelson4@aol.com,7642581639,4104 Park Blvd,Greenville,Florida,89407,11-14-1958,3919,VB004214
John,Garcia,john.garcia64@yahoo.com,296-653-7414,2205 Main St,Marion,RI,32939,04/28/1968,7281,VB004215
Lisa,White,,+14213983472,3074 Lake Rd,Franklin,de,56634,1977-10-02,4226,VB004216
Betty,Scott,betty.scott66@outlook.com,333.495.3186,1458 Main St,Greenville,TN,95781,30-Jul-2000,1490,VB004217
Sandra,Smith,sandra.smith93@outlook.com,(854) 398-9938,7782 Jefferson Dr,Arlington,FL,29784,03-04-1961,9161,VB004218
Michael,Johnson,,3174166108,220 Park Blvd,Salem,sc,93152,07/14/1966,1835,VB004219
Nancy,Scott,nancy.scott37@yahoo.com,289-658-1917,7036 Forest Ave,Manchester,OK,35837,1974-09-08,8948,VB004220
Lisa,Smith,lisa.smith98@outlook.com,+15868975001,5652 Lincoln Ave,Richmond,WI,38047,19-Apr-1979,3040,VB004221
Karen,Thomas,,227.275.1026,1834 Sunset Blvd,Burlington,vt,99102,09-01-1972,6080,VB004222
Margaret,Brown,margaret.brown49@icloud.com,(557) 525-6389,4006 Sunset Blvd,Salem,ID,41185,07/17/1961,3319,VB004223
William,Torres,william.torres63@aol.com,3425985075,4261 Park Blvd,Arlington,NH,92329,1958-08-09,6496,VB004224
Robert,Harris,robert.harris20@yahoo.com,883-476-7750,8383 Washington St,Arlington,vt,80148,22-Feb-1958,3508,VB004225
Joseph,Wilson,joseph.wilson19@aol.com,+16216335989,1032 Lincoln Ave,Salem,OR,91098,07-23-1975,8936,VB004226
Mary,Brown,mary.brown5@outlook.com,339.940.6618,8670 Lincoln Ave,Salem,KS,35945,11/21/1995,4507,VB004227
Margaret,Martin,margaret.martin94@outlook.com,(408) 830-5923,1769 Maple Dr,Oxford,md,28771,1942-12-25,9717,VB004228
Barbara,Wright,,8214508183,9011 River Dr,Salem,AR,40599,06-Nov-1952,3838,VB004229
Charles,Garcia,charles.garcia69@hotmail.com,828-721-8443,4418 Jefferson Dr,Georgetown,WI,55954,01-14-1950,4885,VB004230
William,Smith,william.smith28@hotmail.com,+18376779146,5195 Main St,Manchester,nh,86353,05/10/1960,7001,VB004231
Charles,Jones,charles.jones23@outlook.com,777.271.3064,5297 Jefferson Dr,Franklin,MS,54104,1998-08-20,9770,VB004232
James,Thomas,james.thomas7@yahoo.com,(448) 963-8835,7767 Lincoln Ave,Burlington,CO,81049,22-Oct-1963,5003,VB004233
Ashley,Hill,ashley.hill8@hotmail.com,4086996101,3026 Main St,Salem,mt,15593,10-24-1963,8486,VB004234
Sarah,Nelson,,673-485-1237,7015 Washington St,Richmond,KS,42483,05/12/1969,8114,VB004235
Jennifer,Baker,jennifer.baker92@yahoo.com,+19765241477,4886 Maple Dr,Madison,WA,99239,1946-03-24,6008,VB004236
Ashley,Taylor,ashley.taylor23@icloud.com,470.378.2093,438 Main St,Manchester,ga,48086,13-Sep-1974,2078,VB004237
Karen,Jackson,karen.jackson92@outlook.com,(551) 417-2896,9821 Oak Ave,Manchester,Texas,93960,03-25-1992,4117,VB004238
David,Johnson,david.johnson52@outlook.com,9053591100,6509 Lincoln Ave,Richmond,LA,70369,08/06/1967,1088,VB004239
Mark,Baker,,438-422-2871,3382 Washington St,Springfield,nc,87308,1947-02-07,7692,VB004240
Karen,Miller,,+15513314325,2646 Hill Rd,Fairview,ND,93218,19-Jul-1963,4101,VB004241
Nancy,Torres,,708.296.6177,6935 Main St,Georgetown,ND,67676,04-28-1991,2013,VB004242
Mark,Thompson,mark.thompson4@hotmail.com,(242) 628-3093,872 Valley Ln,Dayton,md,38702,05/05/1965,2886,VB004243
Matthew,Harris,,7627232854,9384 Oak Ave,Madison,WY,81186,1972-11-29,9880,VB004244
John,Anderson,john.anderson93@icloud.com,587-831-1685,802 Oak Ave,Georgetown,IL,87186,19-Apr-1979,5515,VB004245
Barbara,Johnson,barbara.johnson33@gmail.com,+12189369839,6145 Jefferson Dr,Salem,ga,47601,08-15-1942,4581,VB004246
Daniel,Martin,,957.655.7308,7036 River Dr,Madison,CO,66175,10/29/1958,5922,VB004247
Sarah,Garcia,sarah.garcia80@icloud.com,(271) 217-7080,9908 River Dr,Georgetown,NV,72821,1943-04-12,3635,VB004248
Mark,Hill,mark.hill37@aol.com,4785143325,9214 Maple Dr,Richmond,oh,21845,27-Feb-1986,4141,VB004249
William,Walker,william.walker21@outlook.com,559-859-7024,5330 River Dr,Salem,UT,18056,05-15-1983,2008,VB004250
William,Miller,william.miller59@yahoo.com,+18109256220,4737 Oak Ave,Burlington,TX,31684,01/01/1969,3876,VB004251
Lisa,Thomas,lisa.thomas4@outlook.com,858.812.3730,5718 Jefferson Dr,Franklin,wv,89137,1999-10-06,3036,VB004252
Joseph,Jackson,,(336) 847-3583,5007 Lake Rd,Madison,ND,50855,02-Aug-1975,7971,VB004253
Robert,White,robert.white47@outlook.com,7324906748,7843 River Dr,Fairview,MT,76255,09-21-1947,1810,VB004254
John,Brown,john.brown14@icloud.com,614-728-2731,13 Valley Ln,Marion,ct,96442,09/19/1980,7808,VB004255
Richard,Torres,richard.torres54@outlook.com,+13343509070,7382 Cedar Ln,Greenville,AR,56849,1984-12-06,2931,VB004256
Patricia,Adams,patricia.adams92@hotmail.com,849.400.5149,3134 Hill Rd,Georgetown,MD,84418,18-Sep-1984,1052,VB004257
Daniel,Scott,daniel.scott80@outlook.com,(500) 726-3413,8511 Valley Ln,Springfield,wa,37326,01-30-1998,3707,VB004258
Joseph,Allen,joseph.allen48@aol.com,6974229050,1104 Maple Dr,Fairview,California,16194,11/05/1996,1131,VB004259
Sarah,Jackson,,895-455-9832,1932 Park Blvd,Madison,NM,48475,1963-10-02,4490,VB004260
James,Young,james.young54@icloud.com,+19678509759,8450 River Dr,Arlington,de,53210,27-Mar-1973,7052,VB004261
Michael,White,,982.390.1821,5876 Sunset Blvd,Salem,MT,72501,03-08-1957,3847,VB004262
Robert,Adams,,(277) 978-5233,3996 Valley Ln,Burlington,AL,70116,11/27/1941,6928,VB004263
Betty,Scott,betty.scott1@yahoo.com,8466731650,9700 Park Blvd,Oxford,nc,46247,1965-02-28,1080,VB004264
Mark,Jackson,,448-454-2452,8654 Park Blvd,Fairview,IN,85585,15-Mar-1942,6201,VB004265
Mary,Young,mary.young53@gmail.com,+15264755300,5345 River Dr,Franklin,TX,91877,09-14-1965,9997,VB004266
Sandra,Miller,sandra.miller66@aol.com,438.221.1635,3084 Lincoln Ave,Richmond,oh,52220,10/05/1998,8447,VB004267
Susan,Adams,susan.adams38@aol.com,(734) 582-2741,751 Maple Dr,Salem,Florida,63636,1949-08-05,5166,VB004268
Mark,Walker,mark.walker57@icloud.com,2557989008,1754 Lincoln Ave,Burlington,MO,85611,07-Jan-1990,3348,VB004269
Jennifer,Baker,jennifer.baker98@gmail.com,452-511-8976,7314 Sunset Blvd,Clinton,il,40646,09-20-1987,7619,VB004270
Michael,Miller,michael.miller83@yahoo.com,+14998784378,5476 Oak Ave,Dayton,North Carolina,32144,05/18/2004,4968,VB004271
Lisa,Williams,lisa.williams75@aol.com,735.523.5272,3347 Sunset Blvd,Burlington,MA,41285,1963-10-30,7484,VB004272
Patricia,Miller,,(716) 904-1484,6920 Washington St,Clinton,wv,64397,14-Sep-1966,1919,VB004273
Sarah,Williams,,4109106430,6999 Valley Ln,Clinton,MT,21158,03-29-1970,5753,VB004274
Mary,White,mary.white52@gmail.com,554-501-8969,1359 Maple Dr,Salem,OR,40533,02/02/1947,1623,VB004275
Christopher,Miller,christopher.miller35@icloud.com,+17624756848,5516 Washington St,Georgetown,va,97700,1998-09-19,8756,VB004276
Betty,Walker,betty.walker35@yahoo.com,223.292.1748,4100 Cedar Ln,Franklin,North Carolina,89671,11-Aug-1945,3356,VB004277
Thomas,Williams,thomas.williams82@outlook.com,(389) 995-5831,5911 Maple Dr,Arlington,NH,66890,02-09-1946,1282,VB004278
Barbara,Young,barbara.young9@outlook.com,9912898396,786 Jefferson Dr,Dayton,tx,59890,08/07/1962,2921,VB004279
Michael,Nguyen,michael.nguyen36@icloud.com,905-996-4042,4536 Hill Rd,Dayton,AZ,89249,1975-10-07,3969,VB004280
Christopher,Wilson,christopher.wilson78@hotmail.com,+13638523502,8576 Washington St,Manchester,MD,11210,09-Mar-1978,5801,VB004281
Ashley,Jackson,ashley.jackson56@yahoo.com,687.852.6292,6732 Maple Dr,Richmond,ne,95225,12-13-1946,3954,VB004282
Jessica,Hill,,(366) 770-6024,6711 Oak Ave,Burlington,ME,58037,06/07/1968,5467,VB004283
Robert,Baker,,6778972250,3159 Lincoln Ave,Marion,NC,59038,1948-03-03,6809,VB004284
Robert,Anderson,robert.anderson12@outlook.com,539-516-4137,4299 Valley Ln,Burlington,ne,70611,03-Mar-1945,9040,VB004285
Mary,Jackson,mary.jackson60@icloud.com,+13714045611,2497 Hill Rd,Manchester,CO,77298,07-15-1955,7506,VB004286
Sandra,Wilson,sandra.wilson62@aol.com,935.840.6122,3778 Washington St,Dayton,OR,39928,06/07/2003,4365,VB004287
Jennifer,Young,jennifer.young73@gmail.com,(735) 595-8703,8871 Park Blvd,Fairview,ny,40049,1972-11-03,5764,VB004288
Susan,Davis,susan.davis83@outlook.com,7044114875,9102 Lincoln Ave,Madison,MA,54742,10-Mar-1992,1430,VB004289
Daniel,King,,864-925-4863,385 Hill Rd,Marion,NC,12389,09-09-1978,6094,VB004290
Ashley,Martin,ashley.martin17@yahoo.com,+15792709189,1662 Cedar Ln,Manchester,oh,66038,03/26/1971,8601,VB004291
Sarah,Johnson,,922.396.4459,7615 Maple Dr,Clinton,MT,95938,1976-01-24,9172,VB004292
Karen,Baker,karen.baker23@icloud.com,(230) 462-1679,6045 Forest Ave,Greenville,WV,72873,24-Sep-1969,1392,VB004293
Michael,White,,2876552115,3837 Jefferson Dr,Clinton,me,46268,04-02-1970,3914,VB004294
David,Nelson,david.nelson49@gmail.com,310-799-9015,8955 Valley Ln,Manchester,Georgia,53666,07/04/1995,6015,VB004295
Mark,Martin,,+17935679593,7270 Lake Rd,Burlington,VA,17140,1948-03-10,3725,VB004296
Christopher,Garcia,christopher.garcia31@hotmail.com,871.702.1515,1335 Park Blvd,Oxford,hi,68968,01-Jun-1991,2624,VB004297
William,Johnson,william.johnson21@icloud.com,(468) 243-7037,8209 Jefferson Dr,Fairview,Michigan,30777,09-07-1985,5603,VB004298
Richard,Wright,richard.wright83@aol.com,4793394246,4893 Park Blvd,Manchester,SD,38169,09/01/1958,1672,VB004299
Linda,Martin,linda.martin70@yahoo.com,712-460-1459,1628 Jefferson Dr,Greenville,mn,27386,1945-03-27,1706,VB004300
Charles,Miller,charles.miller43@yahoo.com,+16098681898,5618 Forest Ave,Manchester,VA,74906,26-Dec-1991,4156,VB004301
Patricia,Williams,patricia.williams89@yahoo.com,424.486.9756,5024 River Dr,Fairview,WY,68890,01-23-1945,1668,VB004302
Linda,Anderson,linda.anderson36@gmail.com,(533) 450-1743,5127 Cedar Ln,Dayton,nd,66407,09/19/1961,8863,VB004303
David,King,david.king56@yahoo.com,4565245503,9691 River Dr,Arlington,LA,97491,2001-05-15,3778,VB004304
Michael,Johnson,,660-989-3128,1955 Hill Rd,Salem,CT,59532,16-Jun-1999,4213,VB004305
Joseph,Thompson,joseph.thompson72@aol.com,+14816799398,7535 Oak Ave,Marion,ca,90699,10-30-1957,9712,VB004306
Barbara,King,barbara.king37@icloud.com,926.778.7476,5626 Forest Ave,Arlington,OK,25227,11/18/1974,9893,VB004307
Karen,Anderson,karen.anderson23@icloud.com,(675) 912-8840,2987 Lincoln Ave,Greenville,CA,69988,1943-04-26,5807,VB004308
Mary,Scott,,2325692234,8390 Jefferson Dr,Madison,az,48836,13-Oct-1997,9093,VB004309
Sarah,Taylor,,588-669-6858,2922 Lincoln Ave,Greenville,MO,62486,12-26-1951,7159,VB004310
Jessica,Taylor,jessica.taylor22@hotmail.com,+17204289657,8513 River Dr,Burlington,MN,85391,09/06/1980,7138,VB004311
Jessica,Wilson,,272.794.8677,7061 Maple Dr,Franklin,va,27096,1975-04-17,7801,VB004312
Margaret,Williams,margaret.williams77@aol.com,(965) 590-5139,2868 Park Blvd,Greenville,IN,82973,13-Mar-1998,4709,VB004313
Robert,Scott,,3626857194,125 Maple Dr,Georgetown,AZ,79865,09-16-1955,7887,VB004314
Betty,Nelson,betty.nelson20@icloud.com,864-745-7649,3076 Maple Dr,Greenville,pa,65619,07/01/1942,4018,VB004315
Thomas,Jackson,,+15965357798,2404 Main St,Fairview,WV,65372,1959-05-06,5157,VB004316
Joseph,Scott,joseph.scott49@gmail.com,339.672.9111,3078 Main St,Georgetown,MD,66115,18-Dec-2002,4156,VB004317
Ashley,Adams,ashley.adams29@aol.com,(205) 608-8130,7260 Hill Rd,Georgetown,ri,58755,07-13-1965,4715,VB004318
Margaret,Torres,margaret.torres62@outlook.com,7787965171,9597 Lincoln Ave,Dayton,AL,66342,01/17/1990,1246,VB004319
Karen,Baker,karen.baker67@yahoo.com,465-638-1821,9910 Main St,Clinton,RI,55231,1969-04-06,5112,VB004320
Daniel,White,daniel.white10@yahoo.com,+17592116330,9484 Lake Rd,Franklin,sc,43712,24-Jul-1989,5578,VB004321
Ashley,Thomas,ashley.thomas71@hotmail.com,580.622.8054,5300 Valley Ln,Fairview,OR,81516,03-11-1959,7145,VB004322
Jessica,Hall,jessica.hall95@icloud.com,(997) 942-3803,9015 Cedar Ln,Franklin,MA,89157,03/05/1941,1498,VB004323
Linda,Young,linda.young15@outlook.com,5533563474,1979 Maple Dr,Greenville,ga,97516,1940-02-05,7973,VB004324
Sandra,Thompson,sandra.thompson10@aol.com,657-327-3753,6543 Forest Ave,Arlington,CO,46537,14-Sep-1941,4179,VB004325
Thomas,Smith,thomas.smith65@outlook.com,+19822712316,4764 River Dr,Dayton,MA,64656,04-26-1988,9212,VB004326
Linda,Walker,linda.walker68@aol.com,343.262.4225,673 Washington St,Dayton,mo,59549,09/03/1982,5466,VB004327
Sarah,Hill,,(832) 298-2738,6680 Main St,Arlington,Pennsylvania,25202,1952-02-17,7356,VB004328
Betty,Smith,betty.smith74@yahoo.com,3114245204,5924 Forest Ave,Fairview,CT,59460,20-May-1943,8757,VB004329
David,Davis,david.davis57@icloud.com,596-802-8477,9801 Oak Ave,Burlington,nv,28040,04-14-1981,7533,VB004330
Joseph,Scott,joseph.scott46@icloud.com,+18738993032,9564 Lake Rd,Manchester,VT,14485,08/29/1975,1106,VB004331
Karen,Jones,karen.jones14@gmail.com,241.214.6352,26 Valley Ln,Manchester,NY,23080,1999-02-24,8043,VB004332
Nancy,Thompson,nancy.thompson29@hotmail.com,(547) 289-9053,9395 Sunset Blvd,Manchester,id,84591,09-Nov-1976,9758,VB004333
John,Garcia,john.garcia26@yahoo.com,5598622336,5566 Forest Ave,Manchester,CT,78664,02-15-1963,1334,VB004334
Jennifer,White,jennifer.white92@icloud.com,706-707-7826,3481 Jefferson Dr,Marion,IA,19523,02/26/2004,2243,VB004335
Ashley,Harris,ashley.harris74@gmail.com,+17229945094,4137 Sunset Blvd,Manchester,ny,15405,1987-04-26,1143,VB004336
Charles,Johnson,charles.johnson72@yahoo.com,922.377.5816,3759 Jefferson Dr,Madison,SC,65472,10-Feb-2004,6559,VB004337
Jessica,Miller,jessica.miller49@outlook.com,(783) 391-2914,8405 Sunset Blvd,Burlington,ME,39499,04-09-1943,4267,VB004338
James,Nguyen,james.nguyen48@outlook.com,9469487754,758 River Dr,Dayton,ky,16379,06/20/1963,2797,VB004339
Charles,Davis,charles.davis74@icloud.com,853-635-8321,151 Maple Dr,Springfield,WY,38861,1970-01-26,7195,VB004340
Patricia,Martin,,+12204969133,8916 Sunset Blvd,Dayton,NM,40169,16-Sep-1982,5902,VB004341
Barbara,Nelson,barbara.nelson29@gmail.com,462.707.6009,7410 Maple Dr,Fairview,ak,19169,01-14-1964,7594,VB004342
David,Williams,david.williams13@yahoo.com,(343) 688-6301,4065 Main St,Madison,MO,40870,01/29/1980,5374,VB004343
Sandra,Torres,sandra.torres3@outlook.com,9703616917,8301 Forest Ave,Burlington,IN,59876,1941-09-29,9578,VB004344
Sarah,Nguyen,sarah.nguyen94@outlook.com,211-554-3694,2673 Cedar Ln,Georgetown,va,27609,28-Feb-1969,7542,VB004345
Anthony,White,anthony.white12@yahoo.com,+17464613013,5900 Lake Rd,Franklin,AL,85450,11-03-1999,6760,VB004346
Daniel,Thomas,daniel.thomas48@aol.com,558.793.6509,9753 Forest Ave,Burlington,NC,20660,03/17/1987,2516,VB004347
John,Baker,,(344) 693-1881,6922 Oak Ave,Georgetown,sc,31227,1983-01-01,4781,VB004348
James,Allen,james.allen59@gmail.com,8399513661,5266 Lake Rd,Richmond,KY,33858,13-Jul-1941,4807,VB004349
Sarah,Torres,sarah.torres40@gmail.com,253-242-8868,1866 Washington St,Arlington,WA,32380,02-12-1964,3340,VB004350
Richard,Walker,richard.walker13@icloud.com,+16829132159,6807 Maple Dr,Clinton,ny,83095,09/07/1951,2285,VB004351
Robert,Nelson,robert.nelson81@aol.com,660.734.2995,1891 Valley Ln,Burlington,WI,44085,1972-01-30,5260,VB004352
William,Martin,william.martin23@yahoo.com,(660) 394-6663,4909 Jefferson Dr,Marion,WV,48819,24-Mar-1940,4533,VB004353
Jennifer,Scott,,6833709658,7269 Hill Rd,Burlington,al,71823,05-05-1952,8667,VB004354
Anthony,Thompson,anthony.thompson12@icloud.com,920-486-8170,3330 Oak Ave,Madison,Texas,65914,07/01/1940,2930,VB004355
Sandra,Wright,sandra.wright78@icloud.com,+18178982090,7099 Valley Ln,Georgetown,IA,55636,1997-11-16,6566,VB004356
Mary,Harris,mary.harris26@gmail.com,409.448.7089,9068 Maple Dr,Fairview,ia,85542,12-Jul-1988,6887,VB004357
Charles,Anderson,charles.anderson79@yahoo.com,(475) 818-4013,3491 Main St,Clinton,NM,88690,12-28-1965,7819,VB004358
Lisa,Walker,lisa.walker77@yahoo.com,4369031427,5887 Oak Ave,Burlington,WY,72469,01/11/1952,9230,VB004359
Charles,Thompson,charles.thompson49@gmail.com,889-890-9055,3478 Hill Rd,Greenville,vt,64310,1959-07-05,5164,VB004360
Karen,Miller,karen.miller10@hotmail.com,+17039052882,9268 Oak Ave,Franklin,ID,80760,30-Sep-1949,8526,VB004361
Patricia,Hill,patricia.hill77@icloud.com,616.913.3941,1540 Jefferson Dr,Fairview,AR,63589,04-03-1975,5742,VB004362
Margaret,Jackson,margaret.jackson5@aol.com,(850) 574-6037,795 Lake Rd,Dayton,tn,27399,06/12/1949,9624,VB004363
Sarah,Torres,sarah.torres34@yahoo.com,2509775633,7854 Cedar Ln,Richmond,AK,78644,1979-06-23,9897,VB004364
Daniel,Smith,daniel.smith70@outlook.com,792-415-8411,5626 Oak Ave,Springfield,CA,83403,27-Dec-1947,9273,VB004365
Sarah,Anderson,sarah.anderson70@aol.com,+16188488486,5846 Lake Rd,Richmond,nm,13368,11-20-1948,8598,VB004366
Susan,Wright,,769.460.3202,3754 Sunset Blvd,Arlington,DE,83349,09/04/2002,5549,VB004367
Patricia,Garcia,patricia.garcia82@yahoo.com,(213) 947-7840,7788 Washington St,Georgetown,NE,54449,1984-03-06,5034,VB004368
David,Thomas,david.thomas9@outlook.com,7632665797,7714 Maple Dr,Franklin,vt,45968,14-Jul-1969,9635,VB004369
Susan,Thomas,,497-959-3298,269 Lincoln Ave,Fairview,KS,81229,01-24-1961,4723,VB004370
Sandra,Williams,,+14452953705,9426 Main St,Franklin,WV,47467,09/18/1989,9074,VB004371
Margaret,Wright,margaret.wright67@icloud.com,203.661.3059,7362 Sunset Blvd,Oxford,ct,14782,1959-08-12,4074,VB004372
Mary,Baker,mary.baker81@icloud.com,(566) 833-9385,9711 Park Blvd,Springfield,KS,91840,14-Sep-1994,1887,VB004373
Matthew,Hall,matthew.hall15@outlook.com,6317857318,8854 Main St,Arlington,TN,92291,08-23-1974,5846,VB004374
Daniel,Walker,daniel.walker17@aol.com,312-283-1292,3312 Oak Ave,Oxford,mt,78251,09/26/1988,6403,VB004375
Jessica,White,jessica.white16@hotmail.com,+16338124724,3664 Hill Rd,Springfield,UT,84822,1983-06-30,2087,VB004376
Nancy,Wilson,nancy.wilson27@aol.com,720.972.3766,449 Valley Ln,Arlington,AZ,80756,04-Apr-1988,4197,VB004377
Margaret,Jones,margaret.jones36@yahoo.com,(828) 899-3700,6291 Park Blvd,Richmond,nm,60368,03-10-1998,7789,VB004378
Robert,Davis,robert.davis41@aol.com,3424036417,385 River Dr,Greenville,NJ,50659,01/15/2000,2354,VB004379
James,Hall,james.hall57@aol.com,342-680-9018,3213 Park Blvd,Burlington,MN,70713,2003-01-18,4289,VB004380
Lisa,Nelson,,+13825956085,2076 Forest Ave,Burlington,il,43281,06-May-1953,3088,VB004381
Joseph,Baker,joseph.baker56@yahoo.com,739.393.5023,3754 River Dr,Burlington,OK,41410,04-12-1992,5590,VB004382
Betty,Wright,betty.wright24@outlook.com,(246) 285-7819,4877 Lake Rd,Oxford,WA,69637,02/18/2000,8371,VB004383
Mary,Nguyen,,8587088260,8748 Lake Rd,Greenville,ar,14405,1954-03-25,3244,VB004384
Mark,Wright,,345-911-8113,5593 Main St,Marion,Georgia,63245,22-Dec-1992,6877,VB004385
John,Baker,john.baker82@gmail.com,+17954534880,3092 Cedar Ln,Dayton,PA,16567,02-19-1965,7143,VB004386
Michael,Walker,michael.walker54@hotmail.com,208.700.9202,2195 Sunset Blvd,Oxford,pa,41733,03/01/1975,7532,VB004387
David,Hall,david.hall74@outlook.com,(850) 900-5975,3647 Sunset Blvd,Springfield,ND,75365,1989-11-10,1141,VB004388
Michael,Wilson,michael.wilson79@icloud.com,5112816224,5525 Maple Dr,Oxford,WV,90897,13-Apr-1954,8571,VB004389
David,Jones,david.jones62@outlook.com,590-566-6551,2849 Park Blvd,Franklin,ct,88513,08-16-1955,7218,VB004390
Robert,Williams,,+12617385659,9032 River Dr,Georgetown,MD,32976,02/19/1971,6425,VB004391
Thomas,Young,thomas.young85@gmail.com,228.435.7155,1290 Valley Ln,Franklin,TX,92991,1958-12-07,6988,VB004392
Patricia,Wright,patricia.wright45@gmail.com,(787) 723-5578,7584 Valley Ln,Fairview,sc,78276,08-Jul-1997,4600,VB004393
Jessica,Harris,jessica.harris50@yahoo.com,9099731629,3148 Lake Rd,Clinton,VT,59707,07-13-1945,5324,VB004394
Anthony,Nelson,anthony.nelson5@aol.com,952-797-2196,2235 Maple Dr,Arlington,WV,86089,04/22/1965,4187,VB004395
James,Walker,,+18565535513,5619 Maple Dr,Dayton,oh,49093,1969-05-10,9615,VB004396
Margaret,White,,340.516.6117,161 Hill Rd,Dayton,ME,75273,09-Oct-1979,2782,VB004397
James,Thompson,james.thompson72@icloud.com,(616) 609-4978,1517 Hill Rd,Richmond,PA,31157,04-23-1992,1072,VB004398
Matthew,Johnson,matthew.johnson76@icloud.com,5003506753,9795 Maple Dr,Greenville,al,31826,08/13/1945,4730,VB004399
Jennifer,Jackson,jennifer.jackson69@icloud.com,330-855-3967,728 Oak Ave,Fairview,NH,17567,1954-07-10,8844,VB004400
Barbara,Nguyen,barbara.nguyen29@outlook.com,+15706308913,16 Forest Ave,Dayton,CT,85930,03-Jun-1996,1041,VB004401
Matthew,Williams,matthew.williams13@yahoo.com,860.901.9319,5800 Oak Ave,Fairview,mo,76797,01-07-1965,1525,VB004402
Karen,White,karen.white6@hotmail.com,(845) 221-6529,3894 Forest Ave,Arlington,MT,66186,01/22/1979,1759,VB004403
Sarah,Davis,sarah.davis19@aol.com,4645727423,3005 Washington St,Arlington,TX,53296,1969-02-18,8426,VB004404
Susan,Anderson,susan.anderson67@yahoo.com,256-290-9004,4924 Main St,Georgetown,vt,53923,13-Feb-1991,5737,VB004405
Jennifer,Nelson,jennifer.nelson23@gmail.com,+15819675850,8379 Sunset Blvd,Arlington,DE,58822,04-17-1988,3517,VB004406
Matthew,Thompson,matthew.thompson61@hotmail.com,205.347.4304,3303 Hill Rd,Clinton,OH,65810,07/10/1941,9397,VB004407
Linda,Allen,,(307) 598-2760,2783 Lake Rd,Manchester,wy,84870,1942-06-21,2861,VB004408
Mary,Jackson,mary.jackson80@outlook.com,8857583188,4278 Hill Rd,Franklin,New York,93426,09-Sep-1956,9073,VB004409
Mark,Torres,mark.torres44@aol.com,827-629-9937,2434 Maple Dr,Madison,IN,22212,03-20-1952,2309,VB004410
Charles,Baker,,+17232246077,203 Cedar Ln,Richmond,id,53769,07/06/1958,9185,VB004411
Karen,King,karen.king39@aol.com,954.731.9181,6128 Hill Rd,Georgetown,VT,35582,1963-08-05,2311,VB004412
Mark,Hall,mark.hall63@aol.com,(988) 954-8946,9276 Forest Ave,Marion,GA,65105,07-Oct-1985,7962,VB004413
Daniel,White,daniel.white97@icloud.com,2198666789,1580 Maple Dr,Fairview,ny,73276,09-10-1943,8586,VB004414
Linda,Wilson,,642-310-8228,5640 Oak Ave,Franklin,New York,51427,08/09/1977,4574,VB004415
Daniel,Jackson,daniel.jackson57@hotmail.com,+12358624889,389 Oak Ave,Burlington,ME,84149,1985-08-25,2111,VB004416
Michael,Martin,michael.martin91@outlook.com,819.923.4048,7688 Park Blvd,Burlington,ut,87569,30-Jun-1945,8250,VB004417
Thomas,Walker,thomas.walker9@gmail.com,(958) 695-5595,6708 Sunset Blvd,Dayton,KS,60449,11-11-1959,3603,VB004418
Margaret,Davis,margaret.davis53@gmail.com,2707399162,8612 Forest Ave,Fairview,NH,28864,10/07/1986,3941,VB004419
Linda,Garcia,linda.garcia48@hotmail.com,993-704-8564,9660 Forest Ave,Madison,ok,43350,1940-01-24,9556,VB004420
Susan,Wright,,+15446834379,6305 Maple Dr,Greenville,ND,41619,16-Sep-1964,5389,VB004421
Sarah,Garcia,sarah.garcia67@outlook.com,764.649.2103,5016 Hill Rd,Oxford,MO,15178,06-27-1964,2314,VB004422
Sarah,King,sarah.king37@gmail.com,(555) 451-4436,6936 Maple Dr,Arlington,ok,73272,07/15/1977,9764,VB004423
Daniel,Wright,,8447078833,1015 Hill Rd,Manchester,Illinois,88716,1972-09-05,5522,VB004424
Jennifer,Davis,jennifer.davis73@outlook.com,782-659-9172,3005 Lincoln Ave,Dayton,GA,25625,03-Dec-1995,4347,VB004425
James,Young,james.young79@aol.com,+17247764275,9292 Main St,Fairview,va,23143,01-18-1979,7748,VB004426
Sarah,Allen,,914.435.8029,9181 Forest Ave,Manchester,AK,27371,03/02/1987,9714,VB004427
Mark,Miller,mark.miller74@yahoo.com,(618) 227-9263,6660 Maple Dr,Greenville,NE,96080,1984-05-24,9880,VB004428
Daniel,Nelson,daniel.nelson37@hotmail.com,2584008402,3820 Lake Rd,Springfield,ri,33547,03-Jul-1998,7291,VB004429
Jennifer,Wright,jennifer.wright54@aol.com,738-247-4344,2272 Sunset Blvd,Dayton,NH,37417,07-04-1990,7657,VB004430
Daniel,White,daniel.white7@yahoo.com,+13328805077,8834 Maple Dr,Greenville,IL,45804,09/23/1998,4974,VB004431
Karen,Garcia,karen.garcia73@outlook.com,500.900.2692,3969 Oak Ave,Clinton,ia,75869,1985-04-24,3809,VB004432
Lisa,Jones,lisa.jones16@yahoo.com,(854) 474-2282,6408 River Dr,Springfield,MS,39698,22-Jun-1966,2618,VB004433
Michael,Walker,michael.walker93@gmail.com,9535498606,5304 Jefferson Dr,Greenville,TN,85361,06-07-1976,7473,VB004434
Susan,Young,,993-890-6636,7963 Washington St,Oxford,md,73936,06/27/1972,9217,VB004435
Nancy,Smith,,+13043558941,3643 Cedar Ln,Madison,MS,16181,2004-01-11,6939,VB004436
Linda,Johnson,linda.johnson55@aol.com,637.905.8363,3386 Main St,Madison,AR,96408,05-Sep-1940,1851,VB004437
Ashley,Smith,,(277) 655-6610,6960 Washington St,Dayton,in,95982,11-05-1967,4276,VB004438
Sandra,Garcia,sandra.garcia36@yahoo.com,7284718734,424 Washington St,Oxford,OK,22846,08/30/1991,3592,VB004439
Barbara,Walker,barbara.walker92@outlook.com,977-745-1621,1461 Main St,Madison,NV,68635,1967-06-12,7028,VB004440
Patricia,Young,patricia.young99@yahoo.com,+16625158591,4342 Jefferson Dr,Franklin,co,30658,19-Jul-2001,5984,VB004441
Mary,King,mary.king14@yahoo.com,758.808.6641,4910 Jefferson Dr,Dayton,TN,70120,01-21-1986,9896,VB004442
Joseph,Wright,joseph.wright7@aol.com,(360) 297-5382,2239 Park Blvd,Fairview,MI,14632,04/15/1944,1232,VB004443
Patricia,Johnson,,2957175661,2273 Sunset Blvd,Burlington,mo,49899,1951-02-04,1078,VB004444
Karen,Nelson,karen.nelson17@yahoo.com,973-390-7255,4411 Hill Rd,Springfield,HI,94918,23-Apr-1984,9577,VB004445
Richard,Williams,richard.williams17@aol.com,+14666561519,9533 Valley Ln,Madison,HI,50574,03-17-1990,6352,VB004446
Matthew,Williams,matthew.williams51@icloud.com,565.465.2994,352 Lincoln Ave,Madison,oh,69428,06/02/1986,4749,VB004447
Matthew,Taylor,,(945) 674-5504,4109 Jefferson Dr,Fairview,RI,56647,1963-11-23,5539,VB004448
Patricia,Walker,patricia.walker10@gmail.com,3149837578,8263 Hill Rd,Springfield,ID,75884,23-Jun-1950,3880,VB004449
Richard,Jackson,richard.jackson8@hotmail.com,471-382-8218,1138 Forest Ave,Arlington,il,89993,03-23-1975,3923,VB004450
Mark,Young,mark.young89@outlook.com,+13489284140,3501 Sunset Blvd,Oxford,Michigan,93684,09/10/1968,6315,VB004451
Robert,Baker,robert.baker9@hotmail.com,974.266.6681,3239 Main St,Dayton,NM,99235,1988-12-29,4236,VB004452
Jessica,Walker,jessica.walker9@outlook.com,(627) 674-4783,5164 Jefferson Dr,Oxford,ia,68886,30-Sep-1963,5919,VB004453
Daniel,Jackson,daniel.jackson22@icloud.com,9982758594,6903 Maple Dr,Salem,LA,71670,11-02-1996,9271,VB004454
Daniel,Martin,,347-426-9849,9072 Oak Ave,Dayton,IN,84786,01/15/1967,7429,VB004455
Patricia,Adams,patricia.adams35@outlook.com,+17207209165,7652 Hill Rd,Marion,nc,49919,1971-05-15,9201,VB004456
Sarah,Nelson,,224.457.2816,555 Maple Dr,Burlington,Illinois,38732,07-Sep-1974,3623,VB004457
Nancy,Jackson,nancy.jackson72@hotmail.com,(528) 691-5067,2886 Hill Rd,Arlington,MO,31892,09-11-1941,9239,VB004458
Joseph,King,,4988377331,1430 Oak Ave,Arlington,ny,43572,02/24/1983,5339,VB004459
Daniel,Johnson,daniel.johnson12@hotmail.com,772-577-5985,2682 Jefferson Dr,Fairview,IA,32944,1966-12-03,2482,VB004460
Daniel,Hill,daniel.hill30@gmail.com,+19807361449,1083 Main St,Richmond,MI,27065,10-Mar-2003,9772,VB004461
Mary,Martin,mary.martin31@yahoo.com,558.821.5688,8859 Maple Dr,Dayton,fl,43570,07-03-1972,3077,VB004462
Ashley,Brown,ashley.brown22@hotmail.com,(486) 386-4758,9987 Lincoln Ave,Burlington,VT,97482,09/15/1982,7526,VB004463
Mark,Allen,mark.allen46@aol.com,9763613993,7963 Sunset Blvd,Salem,MO,44433,1948-04-24,5892,VB004464
Linda,Hill,linda.hill59@gmail.com,417-950-1039,7723 River Dr,Marion,ks,81579,12-Jun-1967,2622,VB004465
Susan,White,susan.white68@yahoo.com,+17088125660,7275 Forest Ave,Dayton,ME,19070,10-31-1984,4535,VB004466
Margaret,Adams,margaret.adams2@icloud.com,784.668.8914,9337 Sunset Blvd,Madison,SC,22952,05/20/1998,2321,VB004467
Nancy,Walker,,(930) 964-8775,2299 Main St,Franklin,wy,67282,1962-11-25,9868,VB004468
Mary,Wilson,mary.wilson26@hotmail.com,9865125950,7666 Maple Dr,Richmond,WI,50500,07-Aug-1958,8316,VB004469
William,Nguyen,william.nguyen88@aol.com,612-351-8387,3047 Hill Rd,Marion,MD,15989,04-02-1980,7825,VB004470
Lisa,Brown,lisa.brown76@hotmail.com,+14122883582,7300 Forest Ave,Georgetown,ny,75516,05/09/1994,5167,VB004471
Sandra,Harris,sandra.harris65@gmail.com,984.280.3042,5783 Lincoln Ave,Oxford,CT,37270,1956-01-09,7925,VB004472
Anthony,White,anthony.white76@yahoo.com,(538) 617-2709,1430 Sunset Blvd,Salem,ND,21380,17-Aug-1977,5305,VB004473
Mark,Walker,mark.walker65@aol.com,2327593442,5392 Washington St,Franklin,me,90738,11-05-1949,1694,VB004474
Christopher,Williams,christopher.williams30@gmail.com,633-332-6169,8429 Oak Ave,Arlington,AR,69174,12/12/1982,2832,VB004475
Anthony,Jackson,,+17745927649,1624 Jefferson Dr,Dayton,TX,23827,1985-11-18,2583,VB004476
Lisa,Martin,lisa.martin76@hotmail.com,630.764.5784,5598 Cedar Ln,Dayton,il,18101,30-Apr-1944,6302,VB004477
Mary,Wilson,,(300) 416-3198,4784 Lincoln Ave,Burlington,VA,65899,08-29-1984,7598,VB004478
Betty,Anderson,,8198794507,2072 Lincoln Ave,Clinton,MI,92066,08/31/1979,5048,VB004479
Charles,Taylor,,263-568-8077,6105 Lake Rd,Dayton,mn,19142,1995-03-30,9081,VB004480
Matthew,Wright,,+13504857420,1312 Forest Ave,Marion,UT,77797,28-May-1954,7638,VB004481
Matthew,Anderson,matthew.anderson14@hotmail.com,450.237.2551,9438 Park Blvd,Greenville,MT,70452,11-09-1960,7545,VB004482
Karen,Allen,karen.allen58@icloud.com,(415) 673-9424,1087 Lake Rd,Oxford,ca,51996,04/30/1984,1951,VB004483
Margaret,Thompson,margaret.thompson92@icloud.com,9257965275,9658 Washington St,Greenville,Texas,37596,1950-09-18,6679,VB004484
Thomas,Thomas,thomas.thomas77@outlook.com,441-575-9534,2280 Washington St,Madison,SD,48605,04-Nov-1997,2772,VB004485
Lisa,Torres,,+12623349598,4666 Park Blvd,Springfield,hi,37250,11-05-1968,4426,VB004486
Robert,Torres,,222.740.6197,9013 Sunset Blvd,Richmond,NH,52341,12/28/1952,2063,VB004487
Jessica,Nelson,jessica.nelson77@hotmail.com,(325) 935-6346,2108 Lake Rd,Arlington,OH,37569,1987-03-23,6733,VB004488
Charles,Brown,charles.brown77@outlook.com,5285066418,8882 Maple Dr,Manchester,nm,38440,27-Feb-1981,4022,VB004489
Anthony,Williams,anthony.williams82@icloud.com,382-890-5707,4695 Park Blvd,Greenville,SC,40641,06-28-1962,6312,VB004490
Richard,Williams,richard.williams24@gmail.com,+15757885014,6257 Park Blvd,Greenville,KY,35073,02/06/1977,3750,VB004491
Jessica,Torres,,758.639.2144,9529 Oak Ave,Arlington,ks,66516,2000-10-02,5435,VB004492
Nancy,Young,nancy.young79@hotmail.com,(683) 535-8877,7874 Jefferson Dr,Marion,Texas,54094,27-Oct-1946,4376,VB004493
Anthony,Wilson,anthony.wilson24@outlook.com,3633283372,7507 Hill Rd,Springfield,MI,66314,11-21-1994,8945,VB004494
Thomas,Davis,thomas.davis32@hotmail.com,770-403-9547,3439 Park Blvd,Burlington,va,78880,06/06/1959,1012,VB004495
Jennifer,Anderson,jennifer.anderson61@hotmail.com,+14835407650,3012 Lake Rd,Springfield,VT,30832,1965-09-18,3507,VB004496
Margaret,Adams,margaret.adams23@icloud.com,873.581.1981,9124 Sunset Blvd,Franklin,MS,84205,06-Aug-1969,1368,VB004497
Nancy,Wright,,(362) 861-9669,2374 Valley Ln,Burlington,az,75008,12-01-2004,2736,VB004498
Sandra,Wright,sandra.wright55@aol.com,4165404255,275 Oak Ave,Manchester,ID,72711,05/25/1968,3768,VB004499
John,Taylor,john.taylor16@aol.com,854-990-5699,1784 Hill Rd,Madison,IA,40323,1975-08-13,9681,VB004500
Michael,Adams,michael.adams44@gmail.com,+19048749584,9414 River Dr,Richmond,ok,14588,25-Mar-2000,1779,VB004501
James,Young,james.young81@icloud.com,780.368.8829,881 Park Blvd,Manchester,MA,37001,10-14-1986,7949,VB004502
David,Young,david.young19@hotmail.com,(970) 892-7066,5843 River Dr,Dayton,VT,96962,04/19/1954,5613,VB004503
Lisa,Johnson,lisa.johnson44@aol.com,2929282079,9297 Sunset Blvd,Clinton,fl,41063,1950-03-28,6171,VB004504
Jennifer,Anderson,,484-204-8379,5685 Forest Ave,Burlington,NE,72857,11-Mar-1955,7755,VB004505
Margaret,Nelson,,+12489018192,9383 Oak Ave,Springfield,ND,43278,11-16-1985,3212,VB004506
Matthew,Jackson,matthew.jackson17@icloud.com,890.299.6428,6673 Washington St,Marion,ct,75821,06/22/1953,1388,VB004507
Charles,Allen,charles.allen34@yahoo.com,(916) 453-4905,9006 Washington St,Springfield,SD,14711,1968-04-05,9560,VB004508
Ashley,Wilson,ashley.wilson71@aol.com,3115511490,8719 Maple Dr,Arlington,HI,74038,10-Jun-1982,9432,VB004509
Christopher,Davis,,728-871-9158,2797 Park Blvd,Madison,nm,75893,06-14-1961,1465,VB004510
Karen,Hill,,+12884399390,668 Lake Rd,Dayton,Georgia,12046,04/15/1977,4173,VB004511
William,Harris,william.harris46@outlook.com,373.538.1782,9095 Park Blvd,Arlington,MN,17598,2001-01-18,2273,VB004512
Robert,Davis,robert.davis57@icloud.com,(696) 732-4133,9233 Main St,Salem,ma,20550,10-Jul-1976,4302,VB004513
Matthew,Walker,matthew.walker92@hotmail.com,2925259875,8524 Cedar Ln,Oxford,ND,11166,11-28-1956,7578,VB004514
Anthony,Taylor,anthony.taylor76@yahoo.com,611-293-7750,7648 Oak Ave,Manchester,TX,64800,12/02/1944,5631,VB004515
Christopher,Young,christopher.young25@yahoo.com,+18147728667,3879 Park Blvd,Burlington,ak,22188,1947-07-18,5160,VB004516
Jessica,Jones,jessica.jones97@yahoo.com,528.862.3176,8354 Forest Ave,Madison,MD,13369,30-Jul-1952,2840,VB004517
Michael,Young,michael.young55@outlook.com,(325) 569-4903,5831 Washington St,Georgetown,FL,94462,12-17-1949,4122,VB004518
Joseph,Johnson,joseph.johnson77@hotmail.com,4317541555,4745 River Dr,Franklin,mt,46997,04/09/1946,8701,VB004519
Jennifer,Hill,jennifer.hill36@gmail.com,434-636-9300,7387 Valley Ln,Springfield,Texas,43766,1972-07-01,6014,VB004520
James,Smith,james.smith34@icloud.com,+15339896342,8573 Main St,Arlington,MD,77963,25-Apr-1955,5794,VB004521
Patricia,Wright,patricia.wright22@outlook.com,769.999.2731,1358 Cedar Ln,Salem,nv,70462,03-02-1961,2921,VB004522
Anthony,Smith,anthony.smith29@gmail.com,(763) 840-4145,3484 Jefferson Dr,Clinton,WI,14847,03/25/1949,5800,VB004523
Sandra,Garcia,,3025086492,1312 Main St,Manchester,CA,56983,1996-04-15,4697,VB004524
Linda,Miller,linda.miller27@gmail.com,826-852-3266,6841 Valley Ln,Salem,nc,76831,22-Jun-1998,4231,VB004525
Ashley,Smith,,+19945205977,5601 Forest Ave,Oxford,ME,28309,07-08-1984,7057,VB004526
Lisa,Hill,lisa.hill1@hotmail.com,634.741.9367,2519 Jefferson Dr,Franklin,NV,77723,03/25/1941,9764,VB004527
Joseph,Young,joseph.young65@aol.com,(917) 217-1607,8341 Lake Rd,Dayton,ri,15515,1991-12-02,4781,VB004528
Susan,Thompson,susan.thompson26@icloud.com,6266809880,1434 Sunset Blvd,Salem,North Carolina,35335,22-Aug-1980,4104,VB004529
Charles,Harris,,804-424-1384,9549 Park Blvd,Arlington,OH,64091,03-11-1968,9868,VB004530
Michael,Scott,michael.scott59@icloud.com,+13957816524,2525 Forest Ave,Fairview,wv,63696,02/08/1983,5916,VB004531
Daniel,Johnson,daniel.johnson53@aol.com,493.937.3790,9273 River Dr,Arlington,ID,77889,1961-08-22,6239,VB004532
Lisa,Jones,lisa.jones57@outlook.com,(319) 671-9243,1814 Lake Rd,Oxford,NE,85963,03-Nov-1987,5046,VB004533
Mary,Garcia,,6886814317,5366 Park Blvd,Georgetown,nj,21852,08-31-1968,5024,VB004534
Mary,Scott,mary.scott83@yahoo.com,693-305-2743,1229 Jefferson Dr,Salem,MS,95360,12/20/1983,7978,VB004535
Sarah,Scott,sarah.scott46@aol.com,+19673705273,6716 Jefferson Dr,Marion,NV,60967,1969-05-29,9466,VB004536
Linda,Wright,linda.wright88@yahoo.com,288.807.5463,2355 Lincoln Ave,Oxford,ar,84438,07-Jul-1994,9629,VB004537
Ashley,Smith,ashley.smith70@gmail.com,(310) 845-7685,4961 Park Blvd,Georgetown,WV,56801,07-10-1992,3125,VB004538
Jennifer,Jones,jennifer.jones43@hotmail.com,5494329363,21 Main St,Clinton,SC,49746,10/25/1976,7221,VB004539
Karen,Thomas,karen.thomas35@hotmail.com,516-846-1863,2133 Forest Ave,Dayton,ca,56212,2003-03-27,5868,VB004540
Mark,Scott,mark.scott77@aol.com,+18957193455,1774 Lincoln Ave,Salem,MS,26095,04-Jan-1971,7836,VB004541
Christopher,Thomas,christopher.thomas24@aol.com,272.502.7615,1649 Forest Ave,Richmond,WV,31954,02-16-1982,1508,VB004542
Jennifer,Garcia,jennifer.garcia9@outlook.com,(869) 668-3489,1308 Sunset Blvd,Franklin,nj,17782,03/26/1943,6982,VB004543
William,Jackson,william.jackson98@yahoo.com,9905594615,6682 Park Blvd,Arlington,North Carolina,82945,1989-01-09,9077,VB004544
Barbara,Jackson,,682-316-9766,5285 Main St,Oxford,FL,26258,27-Aug-1945,7040,VB004545
Mark,Jackson,mark.jackson85@gmail.com,+17658592729,3513 Sunset Blvd,Springfield,ga,52351,10-24-1968,5149,VB004546
Jessica,Jones,jessica.jones95@aol.com,601.665.1381,4877 Hill Rd,Burlington,ND,27888,10/06/1997,7758,VB004547
Margaret,Jones,,(412) 293-9107,2273 Jefferson Dr,Dayton,NE,65480,1972-09-24,3396,VB004548
Michael,Martin,,2922991136,4435 Lake Rd,Fairview,la,69811,03-Jul-1985,3250,VB004549
Anthony,Baker,anthony.baker1@hotmail.com,538-699-6827,1028 Sunset Blvd,Salem,ME,61457,08-02-1979,2315,VB004550
Thomas,Wilson,thomas.wilson62@yahoo.com,+12828478369,9878 Hill Rd,Richmond,GA,54802,12/22/1943,8568,VB004551
Susan,Davis,,407.458.5335,3369 Lake Rd,Marion,wa,46322,1991-11-18,2500,VB004552
Jessica,Thompson,,(391) 531-1220,1569 Washington St,Manchester,Ohio,70145,22-May-2004,1289,VB004553
Linda,White,linda.white15@icloud.com,4612018522,2785 Lake Rd,Greenville,KY,93149,02-07-1942,9706,VB004554
Mary,Williams,,477-230-1188,5315 Sunset Blvd,Oxford,wv,63596,07/03/1993,1277,VB004555
Anthony,Nguyen,anthony.nguyen17@yahoo.com,+18014793003,4508 Main St,Clinton,CO,30055,2004-05-27,4328,VB004556
Sandra,Hill,sandra.hill89@icloud.com,719.896.8892,3212 Hill Rd,Franklin,GA,84300,03-Dec-1963,7153,VB004557
Mary,Hill,,(917) 283-6026,5434 River Dr,Salem,nj,58285,10-28-1948,1142,VB004558
John,White,john.white90@outlook.com,3116007724,4909 River Dr,Burlington,CO,75773,08/22/1955,4500,VB004559
Jessica,White,jessica.white22@yahoo.com,697-477-1912,4122 Main St,Burlington,MT,84808,1998-02-13,6011,VB004560
Matthew,Harris,,+16514437858,7235 Lake Rd,Marion,mn,95301,21-Feb-1955,4961,VB004561
Margaret,Hill,margaret.hill35@outlook.com,484.452.7684,7880 Sunset Blvd,Franklin,NM,20134,06-05-1960,7449,VB004562
Richard,Torres,richard.torres86@yahoo.com,(768) 997-2419,7234 Main St,Franklin,SC,87355,11/29/1964,8983,VB004563
David,Nguyen,david.nguyen55@icloud.com,4513236298,8730 Washington St,Georgetown,wv,94837,1968-07-31,5789,VB004564
Lisa,Jones,lisa.jones91@aol.com,956-260-1136,9813 Jefferson Dr,Franklin,MA,43572,07-Jan-1954,3673,VB004565
Robert,Torres,,+13696894117,6120 Cedar Ln,Greenville,AR,18025,11-10-1943,4645,VB004566
Karen,Young,karen.young90@hotmail.com,906.455.2857,2403 Forest Ave,Franklin,wi,15161,03/01/1952,7241,VB004567
Barbara,Harris,,(658) 803-7615,524 Forest Ave,Springfield,Michigan,15202,1945-10-08,9712,VB004568
Mark,Adams,mark.adams58@aol.com,6477388379,3268 Maple Dr,Springfield,NJ,18298,20-Sep-1987,2419,VB004569
Thomas,Thompson,thomas.thompson72@icloud.com,262-278-3322,2728 Oak Ave,Greenville,ky,91991,11-01-1957,7804,VB004570
Jennifer,Anderson,,+19036374099,9489 Oak Ave,Dayton,NM,57855,07/31/2002,6222,VB004571
Betty,Harris,betty.harris38@hotmail.com,752.365.6770,7426 Park Blvd,Greenville,IA,74972,1980-07-08,3984,VB004572
Thomas,White,thomas.white93@outlook.com,(940) 423-9735,8559 Valley Ln,Richmond,la,23075,10-May-1962,3583,VB004573
Charles,Jones,,6627033402,6872 Hill Rd,Franklin,MS,11353,09-24-1957,6508,VB004574
Barbara,Nguyen,,341-854-3603,9198 Oak Ave,Clinton,AZ,52535,09/10/1995,7872,VB004575
Jennifer,Hill,jennifer.hill18@aol.com,+17133133122,6500 Park Blvd,Burlington,fl,55944,1986-12-19,3442,VB004576
Linda,Hill,linda.hill19@outlook.com,324.514.7239,3658 Lake Rd,Georgetown,ME,28677,29-Nov-1987,6004,VB004577
Betty,Allen,betty.allen96@aol.com,(262) 900-9236,8145 Forest Ave,Burlington,AL,95041,04-17-1977,2985,VB004578
Sarah,Jones,,6273575726,2057 Maple Dr,Springfield,ca,94985,05/29/1941,3359,VB004579
Betty,Johnson,betty.johnson71@yahoo.com,932-551-5944,9593 Lake Rd,Marion,MD,35809,1952-08-13,6675,VB004580
Margaret,Adams,margaret.adams20@outlook.com,+17729559368,6345 Main St,Manchester,SD,79571,09-Feb-1988,9750,VB004581
Linda,Wilson,linda.wilson61@outlook.com,336.790.5205,1032 River Dr,Fairview,ks,87062,08-03-1954,4826,VB004582
Thomas,Jackson,thomas.jackson28@aol.com,(229) 728-7231,9976 Maple Dr,Salem,KS,26750,03/23/1950,1235,VB004583
Patricia,Anderson,patricia.anderson25@aol.com,6959709148,2878 Washington St,Clinton,OR,63857,1996-12-19,9714,VB004584
David,Miller,david.miller4@icloud.com,215-533-1385,6826 Washington St,Salem,va,47383,08-Mar-1985,3026,VB004585
Linda,Torres,,+18243445682,5497 Lincoln Ave,Salem,MD,32178,01-14-1972,8581,VB004586
Nancy,Harris,nancy.harris37@aol.com,653.709.3047,3184 Maple Dr,Springfield,GA,12180,12/10/1975,2476,VB004587
Robert,Williams,robert.williams77@aol.com,(252) 232-9742,4162 Forest Ave,Dayton,ma,53629,1972-04-15,8317,VB004588
Linda,Wright,linda.wright7@aol.com,7534334855,1663 Hill Rd,Fairview,Ohio,13625,18-Nov-1950,7472,VB004589
James,Taylor,james.taylor65@gmail.com,916-711-8471,6784 River Dr,Georgetown,MN,81102,03-16-1978,9571,VB004590
Margaret,Harris,margaret.harris9@icloud.com,+12392215388,6657 Oak Ave,Fairview,ak,51065,04/17/1973,4065,VB004591
Christopher,Baker,christopher.baker84@gmail.com,787.814.8433,7049 Valley Ln,Greenville,ND,44614,1954-09-08,6762,VB004592
Michael,Davis,michael.davis50@gmail.com,(343) 288-6201,7793 Lake Rd,Clinton,WA,31860,01-Mar-1978,5216,VB004593
Sarah,Jones,sarah.jones89@yahoo.com,7792471644,7871 Maple Dr,Franklin,in,67478,07-28-1985,9121,VB004594
Anthony,Baker,anthony.baker14@yahoo.com,780-525-2917,1785 River Dr,Salem,Illinois,67935,06/17/1963,9125,VB004595
John,White,john.white47@icloud.com,+19149139032,5227 Valley Ln,Springfield,IL,36290,1942-08-13,3379,VB004596
William,Harris,william.harris71@aol.com,406.204.1616,9698 Lincoln Ave,Oxford,mi,45909,26-Mar-1952,9333,VB004597
Christopher,Baker,christopher.baker91@yahoo.com,(645) 380-9548,4426 Valley Ln,Manchester,Ohio,73372,09-14-1981,8136,VB004598
Nancy,Taylor,,9684134445,4460 Cedar Ln,Georgetown,NM,64969,12/06/1945,6601,VB004599
Betty,Hall,,815-696-1276,8324 Valley Ln,Georgetown,ks,76530,2003-05-14,8735,VB004600
Sarah,Martin,sarah.martin31@aol.com,+12416989449,9330 Sunset Blvd,Salem,SD,53270,20-Aug-1999,9262,VB004601
John,Harris,john.harris66@outlook.com,543.208.5002,9301 Sunset Blvd,Madison,UT,67590,07-05-1973,1908,VB004602
Robert,Adams,robert.adams73@icloud.com,(957) 455-6450,5739 Valley Ln,Salem,ks,30277,08/31/2001,9300,VB004603
Anthony,Jones,anthony.jones54@gmail.com,2922521055,4929 Lincoln Ave,Madison,IA,78947,1981-04-27,6673,VB004604
Sandra,Jackson,sandra.jackson19@aol.com,757-995-2620,5636 Valley Ln,Marion,TN,82828,18-Dec-1946,2956,VB004605
Jessica,Young,jessica.young13@hotmail.com,+19048509934,3213 Cedar Ln,Arlington,mt,53030,09-19-1995,8260,VB004606
John,Allen,,556.827.9786,1347 Hill Rd,Marion,MN,42306,03/18/2004,6062,VB004607
Ashley,Scott,ashley.scott50@icloud.com,(628) 347-6366,2984 Forest Ave,Springfield,NH,89950,1987-12-28,1130,VB004608
Betty,Scott,betty.scott92@aol.com,9628254082,6717 River Dr,Georgetown,fl,14366,09-Sep-2002,5986,VB004609
Betty,Harris,betty.harris23@outlook.com,218-286-9949,7324 Forest Ave,Burlington,NM,91379,01-08-1971,4632,VB004610
William,Wright,william.wright37@yahoo.com,+15966987851,8351 Sunset Blvd,Manchester,NM,90111,11/21/1978,8844,VB004611
David,Hall,david.hall75@yahoo.com,296.876.9725,8373 Sunset Blvd,Greenville,ms,53824,1974-07-31,4919,VB004612
Nancy,Hill,nancy.hill78@gmail.com,(652) 819-5906,2408 Valley Ln,Madison,KY,21687,22-Mar-1940,6755,VB004613
Christopher,Young,,2084763761,3481 Hill Rd,Dayton,TX,52533,03-21-1996,3964,VB004614
Karen,Thomas,karen.thomas13@hotmail.com,329-368-7705,3780 Sunset Blvd,Greenville,ne,26726,03/17/1950,5832,VB004615
Sarah,Jones,sarah.jones40@icloud.com,+13148289092,5787 Main St,Greenville,North Carolina,82937,2000-06-12,8496,VB004616
Matthew,Brown,matthew.brown62@icloud.com,758.942.2610,4786 Valley Ln,Manchester,MO,65372,12-Mar-1974,2678,VB004617
Jessica,Walker,jessica.walker27@outlook.com,(344) 976-4715,4390 Jefferson Dr,Greenville,ut,91525,04-20-1999,8340,VB004618
Daniel,Allen,daniel.allen70@aol.com,4193413146,9490 Hill Rd,Fairview,WI,74033,07/13/1966,7885,VB004619
Susan,Young,susan.young56@gmail.com,639-401-7816,130 Forest Ave,Salem,NM,39511,2002-05-05,5625,VB004620
William,Baker,william.baker1@outlook.com,+12336674184,6766 Main St,Oxford,mi,62421,05-Aug-1980,9399,VB004621
Lisa,Jones,lisa.jones70@hotmail.com,838.818.8349,3085 Park Blvd,Clinton,IA,76858,02-20-1950,9806,VB004622
Charles,Anderson,charles.anderson95@yahoo.com,(659) 693-9462,3612 Lincoln Ave,Madison,AR,47700,09/26/2002,7704,VB004623
Patricia,Davis,patricia.davis80@icloud.com,9356555105,3925 Jefferson Dr,Burlington,mt,88153,1991-08-25,1225,VB004624
Charles,Baker,charles.baker7@aol.com,867-962-5797,9859 Valley Ln,Oxford,KS,46960,02-Aug-1958,1862,VB004625
Mark,Davis,mark.davis11@outlook.com,+17128314382,1002 Lake Rd,Dayton,ID,58086,01-11-1995,2850,VB004626
Sarah,Davis,sarah.davis17@hotmail.com,371.615.7257,2268 Maple Dr,Georgetown,ky,87843,10/18/1953,1541,VB004627
Thomas,Thompson,thomas.thompson21@icloud.com,(768) 642-3072,9451 Hill Rd,Richmond,MA,43572,1954-08-17,7178,VB004628
Michael,Brown,,6833535438,5527 Cedar Ln,Springfield,NY,61410,15-Mar-1954,5972,VB004629
Betty,Davis,betty.davis12@icloud.com,424-285-1757,6708 Hill Rd,Manchester,mn,14683,03-27-1988,1612,VB004630
Jennifer,Nguyen,jennifer.nguyen11@outlook.com,+12488694067,9333 Valley Ln,Burlington,KS,93219,09/23/1999,8567,VB004631
Patricia,Martin,patricia.martin53@gmail.com,698.840.2250,3446 Sunset Blvd,Clinton,MO,51102,1996-11-02,8387,VB004632
John,Nguyen,john.nguyen7@aol.com,(855) 591-2440,6775 Jefferson Dr,Fairview,or,90652,26-Oct-1961,6610,VB004633
Matthew,Anderson,matthew.anderson52@aol.com,8602787702,55 Valley Ln,Clinton,MD,98049,02-28-1945,7063,VB004634
David,Smith,david.smith67@aol.com,525-770-7727,9025 Washington St,Clinton,MO,29092,10/09/1966,2450,VB004635
Betty,Walker,,+13959039975,2954 Sunset Blvd,Franklin,ak,13098,1952-03-18,9139,VB004636
Patricia,Thompson,patricia.thompson94@aol.com,622.287.1364,7731 Valley Ln,Franklin,Ohio,32345,07-Feb-1995,3991,VB004637
Charles,White,charles.white9@aol.com,(900) 558-5575,5455 Maple Dr,Greenville,ND,88879,07-07-2003,9196,VB004638
Joseph,Thompson,joseph.thompson8@icloud.com,5323915317,2368 Cedar Ln,Greenville,mn,55373,07/23/1999,5338,VB004639
Linda,Williams,linda.williams76@aol.com,435-802-4608,118 Oak Ave,Burlington,SD,17716,1960-07-15,2104,VB004640
John,Nguyen,john.nguyen20@icloud.com,+13218523302,1894 Jefferson Dr,Madison,HI,72288,29-Jan-1986,2287,VB004641
Christopher,Wilson,christopher.wilson31@icloud.com,875.686.4197,7471 Washington St,Georgetown,co,43453,03-04-1961,7123,VB004642
Jessica,Allen,jessica.allen67@yahoo.com,(872) 708-8758,7896 Lincoln Ave,Greenville,WI,17017,08/20/1967,4768,VB004643
Joseph,Jones,joseph.jones71@yahoo.com,3457386047,9041 Valley Ln,Arlington,IL,56449,1990-10-24,9241,VB004644
Karen,Scott,karen.scott23@hotmail.com,539-942-3199,7630 Valley Ln,Richmond,vt,18064,09-Jun-2000,6569,VB004645
David,Anderson,david.anderson21@outlook.com,+17468504129,2524 Cedar Ln,Dayton,IA,51919,09-12-1960,3788,VB004646
Linda,Nguyen,,687.622.5528,3012 Lincoln Ave,Clinton,LA,88016,10/19/1957,1955,VB004647
Matthew,Smith,matthew.smith49@outlook.com,(271) 888-7039,2781 Valley Ln,Arlington,il,30712,1970-04-07,8402,VB004648
Robert,Thomas,,9915918487,1242 Cedar Ln,Greenville,Florida,99381,01-Oct-1959,8380,VB004649
Ashley,Miller,ashley.miller35@hotmail.com,609-593-2780,8494 Lincoln Ave,Greenville,AK,67325,12-02-1940,1383,VB004650
Charles,Allen,,+14214096650,2064 Oak Ave,Franklin,de,18934,10/13/1984,2759,VB004651
Thomas,Allen,thomas.allen94@outlook.com,598.441.7928,1937 Lake Rd,Oxford,ND,30807,1962-08-13,3682,VB004652
Patricia,Nguyen,,(984) 496-7026,9978 Valley Ln,Oxford,WA,87369,05-May-1988,8990,VB004653
Mark,Smith,mark.smith15@aol.com,4233575021,6120 Cedar Ln,Springfield,nv,76840,02-18-1986,6617,VB004654
James,Jones,james.jones62@gmail.com,837-437-3592,3051 River Dr,Madison,Georgia,42184,11/21/1955,6187,VB004655
Betty,Taylor,betty.taylor61@gmail.com,+14384374788,7190 River Dr,Clinton,KS,33263,1975-10-24,3096,VB004656
Jennifer,Miller,jennifer.miller4@yahoo.com,901.205.2271,6587 Cedar Ln,Manchester,co,92956,04-Oct-1983,9748,VB004657
David,Martin,david.martin2@aol.com,(938) 214-8030,3739 Washington St,Georgetown,North Carolina,96391,01-30-1943,4493,VB004658
William,White,,6095769779,4541 Hill Rd,Burlington,WA,82659,12/16/1968,5896,VB004659
Betty,Torres,betty.torres19@gmail.com,540-894-3250,6701 Main St,Richmond,tn,62559,1966-10-11,6047,VB004660
Thomas,Taylor,thomas.taylor73@yahoo.com,+18006853143,7386 Forest Ave,Salem,KY,91330,21-Mar-1979,7657,VB004661
Linda,Baker,linda.baker10@aol.com,464.373.3600,7702 Hill Rd,Georgetown,AL,15246,12-15-1974,5426,VB004662
Christopher,Baker,christopher.baker35@hotmail.com,(789) 545-2135,7422 River Dr,Madison,hi,48988,10/18/1992,4940,VB004663
Sarah,Scott,,4347625462,1031 Cedar Ln,Clinton,Illinois,82395,1976-03-20,5712,VB004664
James,Hall,james.hall2@icloud.com,312-416-8267,4311 Cedar Ln,Salem,NC,45549,17-Nov-1983,2599,VB004665
John,King,john.king27@icloud.com,+14247909587,2609 Oak Ave,Georgetown,or,13120,04-13-1941,8553,VB004666
Lisa,Garcia,,463.961.8613,7177 Sunset Blvd,Fairview,OR,27272,05/05/1999,5694,VB004667
Nancy,Walker,,(961) 712-5745,8076 Sunset Blvd,Salem,WY,77297,1993-11-05,1922,VB004668
Richard,Nguyen,richard.nguyen58@hotmail.com,8448445470,6186 Lake Rd,Burlington,in,33706,15-Aug-1973,6194,VB004669
Charles,Adams,charles.adams20@yahoo.com,681-961-3295,8642 Washington St,Madison,NM,63939,10-27-2004,6526,VB004670
Margaret,White,margaret.white77@hotmail.com,+18643227438,6783 Maple Dr,Franklin,MN,65463,12/29/1996,8745,VB004671
James,Harris,james.harris36@aol.com,223.537.7726,5992 Valley Ln,Fairview,ct,57016,1954-10-13,1838,VB004672
Robert,Wilson,robert.wilson3@yahoo.com,(547) 829-6312,8263 Hill Rd,Marion,MS,52713,23-Oct-1979,4423,VB004673
Betty,King,betty.king1@outlook.com,8466625637,219 Valley Ln,Salem,ND,31681,02-04-1951,3241,VB004674
John,Davis,john.davis33@outlook.com,794-452-3838,4341 Cedar Ln,Richmond,ma,32795,12/22/2002,4773,VB004675
Robert,Wilson,robert.wilson85@icloud.com,+14818007381,1316 Valley Ln,Arlington,NE,94393,1996-10-19,6226,VB004676
Sarah,Wright,sarah.wright79@aol.com,686.360.9817,4626 Hill Rd,Manchester,NC,89669,30-Dec-1976,1206,VB004677
Barbara,Adams,,(997) 900-8456,1158 Maple Dr,Clinton,mt,81611,07-29-1975,7399,VB004678
Lisa,Young,lisa.young21@hotmail.com,2192142904,3899 Sunset Blvd,Dayton,Ohio,45016,09/30/1969,5572,VB004679
Patricia,Torres,patricia.torres46@gmail.com,400-253-9002,4875 Lake Rd,Georgetown,GA,88563,1943-02-06,1131,VB004680
Nancy,Wilson,nancy.wilson32@yahoo.com,+12226448919,4460 Lake Rd,Marion,md,75388,22-Apr-1976,1840,VB004681
Nancy,Martin,,793.784.7539,1931 Cedar Ln,Manchester,VT,99209,05-18-2000,1758,VB004682
Margaret,Brown,margaret.brown44@aol.com,(232) 812-5699,5631 Lincoln Ave,Burlington,MO,71826,01/16/1997,3687,VB004683
David,Martin,,4088487974,9103 Washington St,Greenville,ut,23155,1965-06-21,5968,VB004684
John,Allen,john.allen32@yahoo.com,441-604-8639,1307 Valley Ln,Madison,North Carolina,20229,28-Aug-1974,8449,VB004685
Christopher,Adams,christopher.adams48@outlook.com,+17413118438,6203 Valley Ln,Salem,MS,14824,10-24-1971,2546,VB004686
Anthony,Allen,anthony.allen99@aol.com,604.412.7901,5151 Cedar Ln,Clinton,va,94884,04/14/1951,2638,VB004687
Jennifer,Jackson,jennifer.jackson61@outlook.com,(814) 846-3813,6126 Hill Rd,Salem,SC,41084,1986-05-18,3326,VB004688
Betty,Scott,,8773971437,9433 Hill Rd,Springfield,MN,20990,26-Apr-1997,9552,VB004689
Matthew,Brown,matthew.brown68@aol.com,763-304-8216,5509 Oak Ave,Greenville,wi,80147,10-17-2000,6457,VB004690
David,Miller,david.miller27@aol.com,+18625203558,4762 River Dr,Marion,NM,61505,10/30/1969,5561,VB004691
Susan,Anderson,susan.anderson71@icloud.com,996.607.9883,997 River Dr,Dayton,MT,65652,1964-09-29,4221,VB004692
Robert,White,,(311) 693-3502,5923 Washington St,Madison,wv,14758,23-Jun-1948,5172,VB004693
Charles,Walker,charles.walker51@icloud.com,6258685244,7270 Valley Ln,Oxford,Texas,96892,02-13-1941,8443,VB004694
Daniel,Williams,daniel.williams53@aol.com,207-925-7983,861 Jefferson Dr,Franklin,OH,20487,06/23/1963,7603,VB004695
Joseph,Jackson,joseph.jackson68@yahoo.com,+14717529271,4623 Valley Ln,Oxford,ar,93136,1989-09-20,5289,VB004696
John,Allen,john.allen22@outlook.com,294.482.6749,7934 Main St,Clinton,MA,79637,31-Oct-2001,8102,VB004697
Sarah,Hall,sarah.hall62@icloud.com,(410) 902-5483,8741 Lincoln Ave,Franklin,ME,15975,07-16-1990,9937,VB004698
Jessica,King,jessica.king87@aol.com,5043645874,2120 Hill Rd,Oxford,in,60557,09/16/1976,4594,VB004699
Margaret,Williams,margaret.williams86@aol.com,356-796-1169,3758 Forest Ave,Arlington,MD,88482,1963-07-29,1848,VB004700
Jessica,White,,+15053174700,8940 Sunset Blvd,Fairview,DE,33435,02-Dec-1980,8138,VB004701
Ashley,King,ashley.king47@icloud.com,321.897.3187,6138 Park Blvd,Burlington,ut,41685,05-30-1940,4555,VB004702
Mark,Baker,mark.baker42@icloud.com,(864) 872-4563,9128 Cedar Ln,Richmond,AK,98287,08/06/1984,8438,VB004703
John,Allen,john.allen53@aol.com,3643746672,8557 Hill Rd,Georgetown,TX,78507,1964-07-10,4228,VB004704
Lisa,Brown,lisa.brown51@gmail.com,712-711-1854,9329 Hill Rd,Manchester,wy,52650,03-Jul-1943,2917,VB004705
Jessica,Harris,jessica.harris31@outlook.com,+16647419710,2696 Oak Ave,Madison,DE,81222,07-29-1950,1644,VB004706
Linda,Torres,linda.torres27@icloud.com,284.814.4123,7368 Washington St,Clinton,CA,71416,06/15/1963,4073,VB004707
Sarah,Thompson,,(439) 723-7456,7898 Cedar Ln,Oxford,ms,27641,1987-12-25,5805,VB004708
Robert,Hill,,9173976003,3413 Valley Ln,Salem,LA,13590,19-Apr-1946,8161,VB004709
Karen,Brown,,404-272-9757,6001 Park Blvd,Madison,WV,81206,10-30-1944,8076,VB004710
Joseph,Jackson,,+16769634860,1531 Valley Ln,Oxford,de,62169,05/02/1965,6022,VB004711
Mary,Davis,mary.davis43@icloud.com,825.646.3810,1033 Washington St,Georgetown,MN,11854,1957-03-02,6727,VB004712
Susan,White,susan.white57@gmail.com,(437) 463-7672,8827 Maple Dr,Manchester,MI,78093,18-Feb-1945,2903,VB004713
Nancy,Harris,nancy.harris49@outlook.com,4189696552,758 Sunset Blvd,Marion,id,27083,03-28-2002,1162,VB004714
Matthew,Thompson,matthew.thompson92@gmail.com,747-375-6273,3629 Sunset Blvd,Oxford,AZ,12442,06/30/1971,5355,VB004715
Sarah,Scott,sarah.scott6@gmail.com,+16326973030,426 Main St,Burlington,NM,16216,1999-03-07,7002,VB004716
Jennifer,Allen,,610.386.2396,2871 Hill Rd,Burlington,ar,13566,28-Sep-1954,5482,VB004717
Ashley,Walker,ashley.walker6@icloud.com,(701) 548-9753,4042 Cedar Ln,Burlington,DE,75716,07-10-1963,5739,VB004718
Nancy,Wright,,5548541498,6974 River Dr,Salem,CT,43106,07/10/1988,6567,VB004719
Sarah,Williams,sarah.williams38@gmail.com,816-883-9475,9390 Maple Dr,Richmond,wi,55405,1989-09-06,8108,VB004720
Susan,King,susan.king78@aol.com,+19267149853,8989 Main St,Marion,OR,78346,27-Nov-1964,3455,VB004721
Barbara,Martin,barbara.martin38@hotmail.com,662.317.6410,5990 Park Blvd,Oxford,WI,67038,06-13-1988,5145,VB004722
Daniel,Wright,daniel.wright33@icloud.com,(773) 664-1032,6998 Sunset Blvd,Dayton,tn,16797,12/23/1968,8086,VB004723
James,Nguyen,,9439303515,8121 Main St,Madison,AL,13178,1967-11-04,5016,VB004724
Michael,Williams,michael.williams58@icloud.com,358-712-2129,7961 Maple Dr,Dayton,TN,58676,02-May-1994,7821,VB004725
Matthew,Taylor,matthew.taylor69@icloud.com,+15675155285,5893 Hill Rd,Arlington,ny,71080,11-05-1948,8692,VB004726
Patricia,Baker,,775.960.7830,8702 Valley Ln,Arlington,AK,65873,11/29/1959,8489,VB004727
Christopher,Martin,christopher.martin50@aol.com,(532) 216-6250,7992 Lincoln Ave,Dayton,ME,44302,1960-02-11,1124,VB004728
David,Jones,david.jones85@icloud.com,9004746065,3674 River Dr,Springfield,ma,18387,23-Dec-1949,5217,VB004729
Jessica,Williams,jessica.williams43@yahoo.com,243-343-4932,8402 Valley Ln,Salem,LA,36510,08-30-2004,3957,VB004730
Christopher,Nelson,,+17852021556,4621 Sunset Blvd,Fairview,NV,85199,12/21/1975,6444,VB004731
Mary,Martin,,997.669.1172,8945 Forest Ave,Fairview,in,95952,2004-01-07,4073,VB004732
Michael,Thomas,michael.thomas52@aol.com,(778) 300-4915,8787 Maple Dr,Burlington,Ohio,18409,23-Jan-1972,1601,VB004733
John,Adams,,2329123498,6231 Sunset Blvd,Clinton,SD,86960,12-04-1950,5318,VB004734
Matthew,Miller,matthew.miller53@outlook.com,799-582-7614,1222 Lake Rd,Franklin,az,89852,03/02/1941,2099,VB004735
Karen,Smith,karen.smith41@aol.com,+18018108446,1254 River Dr,Fairview,AK,78205,1952-04-15,2426,VB004736
Jessica,Martin,jessica.martin82@icloud.com,748.851.4423,2992 River Dr,Franklin,UT,48533,09-Nov-1969,3298,VB004737
Richard,Wilson,richard.wilson64@outlook.com,(706) 640-9197,4226 Cedar Ln,Oxford,nd,16071,09-03-1954,5637,VB004738
Mark,Anderson,mark.anderson74@aol.com,9079136338,8232 Forest Ave,Manchester,MS,36327,09/25/1946,5872,VB004739
Matthew,White,matthew.white28@outlook.com,260-219-4966,3075 Oak Ave,Springfield,SD,23499,1987-12-29,9409,VB004740
Jessica,Martin,jessica.martin42@outlook.com,+14683651235,5092 Lake Rd,Clinton,ms,74229,02-Oct-1979,6569,VB004741
Sarah,Adams,,371.297.5593,4091 Sunset Blvd,Georgetown,SD,53770,10-23-1970,2257,VB004742
Betty,Harris,betty.harris12@outlook.com,(461) 556-4744,4410 Lake Rd,Arlington,KY,72721,03/08/1954,3761,VB004743
Anthony,Smith,,7333472430,6028 Lake Rd,Salem,il,77851,1970-10-31,6666,VB004744
Richard,Nguyen,richard.nguyen6@icloud.com,849-219-3555,1172 Valley Ln,Salem,WI,95164,24-Nov-1959,4667,VB004745
Anthony,Baker,anthony.baker61@aol.com,+19113262224,6936 Maple Dr,Georgetown,SD,88876,08-05-1988,4788,VB004746
Christopher,Martin,christopher.martin40@aol.com,402.406.1605,7277 Hill Rd,Franklin,de,19684,09/07/1979,2746,VB004747
Lisa,Torres,lisa.torres59@outlook.com,(980) 307-3765,7592 Washington St,Arlington,ND,25702,1953-10-05,1719,VB004748
John,Smith,john.smith45@gmail.com,7527169330,5792 Lincoln Ave,Salem,OK,67657,13-Aug-1987,4060,VB004749
Christopher,Johnson,christopher.johnson66@aol.com,617-244-9680,6123 Lincoln Ave,Greenville,ga,39639,05-07-1951,7982,VB004750
Nancy,Wright,nancy.wright71@outlook.com,+12535967180,2052 River Dr,Burlington,NV,82029,05/11/1952,2893,VB004751
Anthony,Brown,anthony.brown63@gmail.com,877.696.7120,5159 Jefferson Dr,Greenville,WV,97793,1992-04-30,4704,VB004752
John,Torres,john.torres57@hotmail.com,(207) 546-1451,3300 Jefferson Dr,Arlington,ne,17442,20-Aug-1994,4123,VB004753
William,Johnson,william.johnson34@outlook.com,7154091136,7415 Lake Rd,Springfield,CT,62413,08-28-1957,3322,VB004754
Mary,Taylor,mary.taylor56@outlook.com,545-413-9784,220 Sunset Blvd,Greenville,NJ,95278,09/03/1999,5939,VB004755
Matthew,Scott,matthew.scott56@aol.com,+13153182218,5065 Lincoln Ave,Fairview,ia,16072,1978-03-23,5218,VB004756
Robert,Williams,robert.williams51@outlook.com,269.956.1007,5870 Oak Ave,Georgetown,WA,41247,17-Jan-1987,7226,VB004757
William,Miller,william.miller46@aol.com,(534) 752-7007,6347 Park Blvd,Manchester,FL,37788,06-05-1942,5249,VB004758
Christopher,Wright,christopher.wright18@outlook.com,7522756330,2577 Lake Rd,Clinton,nh,85326,10/17/1954,6941,VB004759
Matthew,Baker,matthew.baker20@hotmail.com,491-230-7653,1339 Cedar Ln,Marion,MD,36490,1940-12-22,2014,VB004760
Margaret,Davis,margaret.davis98@gmail.com,+18288529320,56 Main St,Dayton,NJ,72461,18-Jul-1987,6685,VB004761
Sarah,Allen,,505.913.8447,8083 Jefferson Dr,Dayton,de,59008,06-10-1995,2683,VB004762
Barbara,Jackson,barbara.jackson76@yahoo.com,(366) 388-2076,5948 Forest Ave,Madison,Ohio,26630,12/08/1989,7276,VB004763
Joseph,Taylor,joseph.taylor88@aol.com,2458039448,1509 Sunset Blvd,Franklin,GA,28138,1943-06-01,3976,VB004764
Daniel,Taylor,daniel.taylor4@yahoo.com,256-552-4096,4716 Lincoln Ave,Dayton,mi,31920,22-Jul-1950,1401,VB004765
Margaret,Young,margaret.young16@gmail.com,+19755925439,576 Cedar Ln,Madison,IN,87417,03-16-1985,9564,VB004766
John,Taylor,,359.912.4281,8752 River Dr,Greenville,TX,50123,12/31/1990,2314,VB004767
Nancy,Wright,nancy.wright86@gmail.com,(282) 526-2061,6832 Jefferson Dr,Clinton,ny,38973,1999-11-25,2842,VB004768
Sandra,Hall,sandra.hall35@hotmail.com,3523756978,1674 Hill Rd,Richmond,New York,70069,07-Mar-1998,1484,VB004769
Charles,Miller,,251-924-5249,2271 Washington St,Franklin,MD,52853,05-02-2001,8359,VB004770
Anthony,White,anthony.white18@aol.com,+16925485062,8043 Jefferson Dr,Franklin,il,39800,04/19/1952,6759,VB004771
Lisa,Anderson,lisa.anderson5@yahoo.com,960.909.5707,362 Maple Dr,Marion,AL,88142,1994-05-30,6139,VB004772
David,Garcia,david.garcia87@icloud.com,(919) 983-5043,1175 Valley Ln,Georgetown,IL,23826,02-Sep-1995,3877,VB004773
Sandra,Baker,,7967125104,5525 Main St,Arlington,ok,38111,11-29-1981,5072,VB004774
Jennifer,King,jennifer.king64@outlook.com,697-564-7081,5069 Sunset Blvd,Manchester,Ohio,67165,02/11/1952,2059,VB004775
Lisa,Wright,lisa.wright36@icloud.com,+14294019527,5273 Oak Ave,Greenville,KY,31619,1996-01-18,8823,VB004776
James,Scott,james.scott45@yahoo.com,585.377.8332,4003 Sunset Blvd,Arlington,oh,33621,23-Aug-1979,7495,VB004777
Karen,Jones,karen.jones6@aol.com,(754) 436-1339,7167 Valley Ln,Franklin,AL,59348,02-07-1981,8699,VB004778
Jessica,Davis,jessica.davis31@aol.com,3696647314,6405 Washington St,Georgetown,NE,43087,06/12/1951,4908,VB004779
Karen,Harris,karen.harris82@outlook.com,656-474-9853,6165 Valley Ln,Fairview,wa,70762,1996-04-07,2372,VB004780
Joseph,Allen,joseph.allen11@yahoo.com,+18382176760,1293 River Dr,Burlington,UT,40118,19-Jul-2003,4158,VB004781
Jennifer,Adams,jennifer.adams77@hotmail.com,245.525.4264,3106 Jefferson Dr,Richmond,SD,87478,12-29-1986,7492,VB004782
James,Hall,,(908) 726-7559,7961 Jefferson Dr,Arlington,ct,58105,04/20/1955,1645,VB004783
Mary,Jackson,mary.jackson50@icloud.com,9166388253,5656 Lincoln Ave,Oxford,ND,71109,1984-03-08,6768,VB004784
Lisa,Taylor,,466-544-7576,3047 Sunset Blvd,Dayton,CT,29381,29-Jan-1942,3774,VB004785
Richard,Adams,richard.adams33@aol.com,+19697474029,6862 Jefferson Dr,Salem,nm,58943,11-30-1958,4204,VB004786
Margaret,Johnson,margaret.johnson12@gmail.com,598.923.1361,1634 Washington St,Manchester,CO,40487,08/14/1996,1070,VB004787
John,Thompson,,(894) 325-4837,3247 Washington St,Burlington,UT,41511,1984-02-04,6182,VB004788
Michael,Miller,michael.miller49@hotmail.com,9487214356,4432 Lincoln Ave,Salem,wv,61559,18-Feb-1972,8735,VB004789
Patricia,Thompson,,536-498-3462,7758 Valley Ln,Madison,MO,99419,08-31-1958,1204,VB004790
Barbara,Garcia,barbara.garcia10@aol.com,+18162715727,3223 Oak Ave,Georgetown,AL,98349,03/15/1991,8204,VB004791
Anthony,Anderson,anthony.anderson54@gmail.com,799.670.4154,9206 Park Blvd,Manchester,ky,91721,1996-03-25,9425,VB004792
David,Baker,david.baker2@hotmail.com,(349) 288-7697,1388 Washington St,Springfield,North Carolina,18875,10-Feb-2002,8733,VB004793
Susan,Walker,,8579048948,6283 Washington St,Greenville,SC,92846,01-24-1963,7152,VB004794
David,Scott,david.scott16@gmail.com,796-582-2611,7092 Main St,Springfield,wy,93753,09/17/1999,1727,VB004795
Linda,Baker,,+13948198998,9413 Park Blvd,Marion,SC,99798,1983-12-16,2744,VB004796
John,Hall,john.hall76@icloud.com,401.909.7714,6968 Washington St,Franklin,NM,63674,04-May-1972,9308,VB004797
Robert,Thomas,,(374) 732-8343,857 Maple Dr,Salem,ct,51792,04-26-1949,4250,VB004798
Sandra,Williams,sandra.williams88@icloud.com,9458579653,8130 Cedar Ln,Richmond,IN,84759,07/02/1982,9205,VB004799
Betty,Jones,betty.jones99@gmail.com,419-698-3996,3694 Jefferson Dr,Arlington,ID,23628,1943-10-30,4476,VB004800
Michael,Jackson,michael.jackson17@outlook.com,+13884922732,7527 Hill Rd,Madison,id,86298,26-Jun-1945,4060,VB004801
Jessica,Hall,jessica.hall2@hotmail.com,910.717.1191,8017 Valley Ln,Franklin,WI,15881,05-03-1996,7626,VB004802
James,Williams,,(369) 683-9350,5787 Cedar Ln,Manchester,OR,79312,10/18/2003,8624,VB004803
Anthony,Miller,,9308264030,6092 River Dr,Fairview,ut,20462,1947-11-03,5782,VB004804
Mark,Miller,,511-768-4932,7802 Lincoln Ave,Franklin,OR,48125,09-Jul-1962,2135,VB004805
William,Torres,william.torres55@aol.com,+12432111463,2812 Washington St,Salem,SC,92951,04-29-1955,7870,VB004806
Charles,Thompson,charles.thompson81@yahoo.com,909.469.1370,8185 Hill Rd,Franklin,nd,94789,02/24/1941,5865,VB004807
Sarah,Anderson,,(808) 203-1923,9690 Forest Ave,Madison,Pennsylvania,87464,1959-09-11,8228,VB004808
John,Garcia,john.garcia34@aol.com,6258304102,5393 Lincoln Ave,Springfield,MD,89645,10-Mar-1972,4212,VB004809
Charles,Hall,charles.hall68@gmail.com,315-390-7605,6032 Hill Rd,Salem,nc,39940,07-26-1948,3404,VB004810
Karen,Young,karen.young14@gmail.com,+12915622524,9781 Valley Ln,Manchester,MA,60493,02/08/1941,5781,VB004811
William,Hill,william.hill72@hotmail.com,602.583.9484,9705 Valley Ln,Fairview,IL,42013,1970-05-25,8812,VB004812
Thomas,Harris,thomas.harris95@aol.com,(794) 463-8715,8038 Cedar Ln,Madison,de,32188,21-Apr-2003,7330,VB004813
Betty,Adams,betty.adams22@icloud.com,7728947730,5128 Sunset Blvd,Fairview,VA,88718,02-09-1957,2620,VB004814
John,King,john.king4@icloud.com,391-346-8909,8924 Cedar Ln,Dayton,CT,25882,11/24/1974,6593,VB004815
Jennifer,Davis,jennifer.davis26@aol.com,+12937615209,5625 Sunset Blvd,Madison,tx,95685,1992-04-24,8237,VB004816
Sandra,Allen,sandra.allen43@outlook.com,540.570.5306,6443 Lincoln Ave,Springfield,MO,82953,03-Feb-1957,5396,VB004817
Lisa,Garcia,lisa.garcia95@icloud.com,(419) 498-5479,8455 Cedar Ln,Marion,NY,20977,03-24-1983,7947,VB004818
Anthony,Anderson,anthony.anderson60@aol.com,7854939205,9477 Valley Ln,Georgetown,ky,55079,06/04/1996,5699,VB004819
Charles,Thomas,charles.thomas81@yahoo.com,789-573-3967,8782 Lincoln Ave,Springfield,NE,49551,1957-03-09,9619,VB004820
Patricia,Wilson,patricia.wilson17@gmail.com,+12116826241,2567 Hill Rd,Marion,NE,18577,28-Oct-1965,2758,VB004821
Christopher,White,christopher.white66@yahoo.com,436.628.7608,6784 Washington St,Dayton,vt,48166,06-30-1975,3881,VB004822
Ashley,Wright,ashley.wright55@icloud.com,(430) 545-5727,7714 Park Blvd,Georgetown,KY,98484,03/07/2000,3453,VB004823
Jessica,Miller,,6973912111,8200 Valley Ln,Manchester,NC,54897,1968-07-11,6636,VB004824
Mark,Adams,mark.adams80@yahoo.com,994-207-1042,7902 Lake Rd,Arlington,va,56706,20-May-1948,7926,VB004825
Patricia,Anderson,patricia.anderson59@yahoo.com,+16476338843,1151 River Dr,Greenville,Texas,51265,08-25-1974,3510,VB004826
Barbara,Thomas,barbara.thomas90@gmail.com,978.803.5604,2386 Forest Ave,Arlington,ME,81890,02/11/1945,6035,VB004827
Michael,Thomas,,(288) 254-2351,9764 Washington St,Franklin,hi,18815,1964-03-07,3924,VB004828
Joseph,King,,6116362768,8033 Washington St,Arlington,NH,19632,01-Apr-1947,6277,VB004829
William,Allen,william.allen6@gmail.com,413-942-8171,6937 Hill Rd,Fairview,NE,73992,02-15-1972,1264,VB004830
Michael,King,,+14095022254,5424 Forest Ave,Salem,mi,10876,01/22/1950,5198,VB004831
Margaret,Hall,margaret.hall28@hotmail.com,621.819.4343,6437 Lake Rd,Dayton,Illinois,39854,1978-02-08,6883,VB004832
Joseph,Hill,joseph.hill38@aol.com,(591) 639-2244,5012 Park Blvd,Salem,IA,76530,22-Jan-1946,5356,VB004833
Patricia,Walker,patricia.walker82@gmail.com,3712881630,3682 Oak Ave,Georgetown,ma,37314,08-16-1989,4107,VB004834
Mary,Hall,,925-356-9558,2237 River Dr,Arlington,Michigan,11846,07/13/2003,8101,VB004835
Richard,Jackson,richard.jackson81@yahoo.com,+13886458050,3658 Sunset Blvd,Burlington,WV,20553,1986-01-06,9894,VB004836
David,Miller,david.miller39@yahoo.com,855.312.1311,6127 Lake Rd,Marion,vt,88716,26-Sep-1949,2160,VB004837
Barbara,White,barbara.white84@outlook.com,(445) 797-7590,6965 Cedar Ln,Marion,IA,57697,12-14-1975,7932,VB004838
Joseph,Brown,joseph.brown88@hotmail.com,7918188929,8510 Valley Ln,Greenville,OK,55795,07/30/1941,1508,VB004839
Richard,Allen,richard.allen69@outlook.com,791-724-1458,3096 Maple Dr,Fairview,mi,34183,1955-09-05,9537,VB004840
Matthew,Nguyen,matthew.nguyen42@outlook.com,+12223326087,1804 Hill Rd,Richmond,Georgia,75075,13-Jun-2003,2039,VB004841
Karen,Hill,,720.675.6850,9360 Cedar Ln,Madison,PA,97444,12-15-1955,1733,VB004842
John,Hill,,(292) 354-1941,4269 Main St,Burlington,ok,15687,04/21/1976,4275,VB004843
Michael,Wilson,michael.wilson42@gmail.com,7212038953,6812 Oak Ave,Manchester,New York,74456,1993-07-20,7826,VB004844
Lisa,Wright,lisa.wright25@yahoo.com,474-772-4077,1835 Valley Ln,Franklin,MA,87557,24-Mar-1963,4049,VB004845
Betty,White,betty.white92@hotmail.com,+17208748930,2347 Washington St,Franklin,wi,99786,05-11-2003,5627,VB004846
Daniel,Taylor,,781.849.5992,7788 Washington St,Salem,UT,48650,11/08/1953,3106,VB004847
James,Johnson,james.johnson56@gmail.com,(760) 375-7748,6963 Lake Rd,Arlington,TX,63699,1989-04-01,1641,VB004848
Margaret,Torres,margaret.torres77@yahoo.com,8688092840,8641 Jefferson Dr,Manchester,nj,59788,08-Feb-1984,1474,VB004849
Thomas,White,thomas.white60@icloud.com,937-782-5151,5824 Park Blvd,Oxford,CO,75987,06-17-1941,2866,VB004850
Ashley,Taylor,,+16927465810,399 Sunset Blvd,Oxford,SD,14709,06/18/2004,3822,VB004851
Patricia,Thomas,,606.728.2118,1751 Park Blvd,Greenville,md,39852,1988-02-25,5732,VB004852
Christopher,Hill,christopher.hill93@yahoo.com,(335) 598-2407,2171 Park Blvd,Salem,AK,96829,03-Jun-1982,8544,VB004853
Michael,Scott,michael.scott97@gmail.com,4138333342,2303 Maple Dr,Fairview,AR,47246,06-04-1956,2586,VB004854
Daniel,Anderson,,475-811-1832,3413 Cedar Ln,Arlington,ia,22735,03/03/1962,4197,VB004855
Robert,Smith,robert.smith70@hotmail.com,+15135938254,1899 Hill Rd,Springfield,WA,27778,1947-06-11,8302,VB004856
Jessica,King,jessica.king56@aol.com,547.805.1629,903 Cedar Ln,Arlington,NH,10541,13-Aug-1988,7831,VB004857
Betty,Wilson,,(587) 687-1503,8548 Cedar Ln,Clinton,nh,62777,11-17-1953,7947,VB004858
John,Smith,,6079034476,6284 Washington St,Clinton,WV,88275,12/27/1962,2196,VB004859
Barbara,Miller,barbara.miller3@icloud.com,942-650-3103,7928 River Dr,Arlington,MA,63235,1954-02-04,2346,VB004860
Susan,Nguyen,,+17316543393,8066 Cedar Ln,Oxford,wv,48320,04-Mar-1946,7274,VB004861
Thomas,Smith,thomas.smith65@yahoo.com,394.548.8921,8580 Park Blvd,Manchester,MA,28781,10-24-1948,9456,VB004862
Joseph,Baker,joseph.baker12@outlook.com,(304) 668-8859,1619 River Dr,Burlington,MA,58900,08/26/1966,1074,VB004863
Margaret,Walker,margaret.walker11@yahoo.com,3217717818,9934 Valley Ln,Manchester,sc,39581,1986-11-18,7232,VB004864
Nancy,Garcia,nancy.garcia46@yahoo.com,639-399-3602,7063 Cedar Ln,Dayton,WA,35179,04-Jul-1988,8341,VB004865
James,Scott,,+13749339723,239 Main St,Burlington,NE,44475,04-19-1987,7701,VB004866
William,Davis,,837.494.6848,9180 Oak Ave,Springfield,wi,81495,12/26/1971,9551,VB004867
Daniel,Hall,daniel.hall26@gmail.com,(338) 275-8406,2829 Washington St,Salem,CO,99381,1968-09-02,6692,VB004868
Thomas,Torres,thomas.torres28@outlook.com,2222456222,6520 Washington St,Burlington,VT,44611,14-Jun-1957,4796,VB004869
Nancy,Davis,nancy.davis37@yahoo.com,906-558-7392,2211 Oak Ave,Fairview,sd,25910,11-03-1987,5429,VB004870
Karen,Young,karen.young17@yahoo.com,+13715654760,4641 Maple Dr,Fairview,MT,50700,07/25/1966,7853,VB004871
Jennifer,Garcia,jennifer.garcia64@outlook.com,966.460.5092,3610 Hill Rd,Salem,ID,31436,1941-12-04,6909,VB004872
Barbara,Allen,barbara.allen89@icloud.com,(919) 276-1043,7316 Oak Ave,Madison,id,25190,10-Dec-1981,2942,VB004873
Mary,Young,,4704336290,9603 Lincoln Ave,Fairview,LA,57706,10-13-1998,9074,VB004874
David,Johnson,david.johnson44@yahoo.com,795-479-2071,4926 Oak Ave,Springfield,KY,68904,07/02/1991,7774,VB004875
Mark,Johnson,mark.johnson6@yahoo.com,+12818854608,2746 Jefferson Dr,Oxford,oh,82808,1981-04-17,2493,VB004876
Linda,Brown,linda.brown11@icloud.com,561.390.1056,7012 Jefferson Dr,Springfield,MT,46686,12-Mar-1948,3157,VB004877
Barbara,Thompson,,(311) 860-2768,7846 Main St,Manchester,NM,79706,04-05-1951,2718,VB004878
Karen,Thomas,,6777812410,9277 Forest Ave,Franklin,de,21870,05/16/1956,2415,VB004879
Mary,Smith,mary.smith15@icloud.com,892-827-4656,7123 Hill Rd,Oxford,MN,30376,1995-01-18,8693,VB004880
Lisa,Garcia,,+12796851164,4178 Forest Ave,Franklin,MO,17139,07-Nov-2000,4164,VB004881
Charles,King,charles.king82@icloud.com,273.494.9805,2573 Sunset Blvd,Franklin,nv,27224,12-17-1964,9414,VB004882
Nancy,Torres,nancy.torres81@aol.com,(373) 658-2084,6313 Main St,Springfield,MN,37870,02/06/1957,1931,VB004883
Margaret,Young,margaret.young84@icloud.com,3032223574,9063 Park Blvd,Greenville,OR,57915,1943-11-23,8563,VB004884
Barbara,Scott,,828-612-6958,4755 Washington St,Fairview,co,12386,30-Jun-1970,6794,VB004885
Richard,Davis,richard.davis17@outlook.com,+14937609695,4011 Cedar Ln,Dayton,TN,13273,04-15-1965,3812,VB004886
Karen,Torres,karen.torres17@yahoo.com,432.921.3447,9259 Forest Ave,Richmond,AL,45212,08/14/1991,4239,VB004887
Matthew,Martin,matthew.martin33@gmail.com,(438) 934-1138,9914 Main St,Oxford,de,55758,1957-04-25,9399,VB004888
James,Walker,james.walker2@hotmail.com,4576667066,430 Oak Ave,Salem,MA,12034,20-Nov-1969,7756,VB004889
Charles,Allen,charles.allen44@icloud.com,689-725-2163,9207 Cedar Ln,Fairview,ND,93598,07-08-1941,9046,VB004890
Nancy,Harris,nancy.harris36@gmail.com,+19362784831,3722 Maple Dr,Arlington,ok,38935,02/02/1964,5644,VB004891
Lisa,Hill,lisa.hill84@icloud.com,675.723.7462,1824 Oak Ave,Marion,WV,85201,1945-11-16,3699,VB004892
Nancy,Wright,nancy.wright17@yahoo.com,(522) 911-8292,1594 River Dr,Burlington,ME,16496,15-Jul-1942,5590,VB004893
Matthew,Smith,matthew.smith82@yahoo.com,7613849710,7892 Main St,Burlington,ct,57715,01-17-1982,7242,VB004894
Robert,Thomas,robert.thomas10@gmail.com,922-656-6068,8038 Sunset Blvd,Springfield,AR,34259,02/04/1979,7088,VB004895
Lisa,Young,lisa.young74@yahoo.com,+14957545797,8248 Oak Ave,Fairview,AK,11339,1967-01-16,2755,VB004896
Lisa,Allen,lisa.allen43@outlook.com,223.766.2565,9932 Lincoln Ave,Salem,co,43577,14-Jan-1960,4393,VB004897
Lisa,Torres,,(945) 399-2209,3475 Lake Rd,Richmond,Florida,18741,02-25-1967,9295,VB004898
Margaret,Torres,margaret.torres20@yahoo.com,4538753952,3718 River Dr,Manchester,TN,32433,11/04/1946,6672,VB004899
Jennifer,Allen,jennifer.allen50@aol.com,845-986-3970,7825 Cedar Ln,Madison,hi,78622,1990-07-30,1962,VB004900
Barbara,Torres,barbara.torres69@aol.com,+16935189669,4768 Jefferson Dr,Fairview,MN,87031,09-Jul-1987,7781,VB004901
Karen,Baker,karen.baker26@hotmail.com,380.879.1553,3499 Hill Rd,Springfield,NE,86067,01-01-1973,2489,VB004902
Linda,Thompson,linda.thompson13@outlook.com,(941) 670-8773,873 Main St,Franklin,ne,90686,05/13/1941,7944,VB004903
Betty,Allen,betty.allen68@yahoo.com,3488578239,5815 Jefferson Dr,Oxford,IA,81762,1972-11-11,3736,VB004904
Thomas,Scott,thomas.scott62@outlook.com,449-667-3369,6285 Cedar Ln,Arlington,RI,76616,31-Mar-1952,2143,VB004905
Lisa,King,lisa.king60@gmail.com,+19565087924,8525 Cedar Ln,Greenville,ga,70658,12-22-1958,6893,VB004906
Mark,Jones,,640.734.9092,4929 Forest Ave,Marion,HI,51223,06/29/1976,5063,VB004907
Thomas,Adams,,(873) 572-8682,2713 Lake Rd,Greenville,SD,91210,1996-10-11,5844,VB004908
Susan,Nguyen,susan.nguyen93@icloud.com,9216659671,4546 Hill Rd,Richmond,nc,47092,14-May-1961,7146,VB004909
Matthew,Davis,matthew.davis82@yahoo.com,603-612-2986,5844 Cedar Ln,Fairview,MN,43298,11-21-1950,3529,VB004910
Sarah,Walker,sarah.walker64@gmail.com,+17645586805,1169 Cedar Ln,Salem,AR,37346,01/17/2003,6758,VB004911
Ashley,Jackson,ashley.jackson34@yahoo.com,616.718.2744,9153 Oak Ave,Marion,me,54560,1950-07-01,9409,VB004912
James,Allen,,(944) 501-9945,9872 River Dr,Georgetown,Pennsylvania,78886,12-Sep-2002,8952,VB004913
David,Wilson,david.wilson9@outlook.com,3306546848,7796 Cedar Ln,Georgetown,MA,50630,01-03-1990,2748,VB004914
Mark,Nelson,mark.nelson58@aol.com,254-345-4803,4958 Lincoln Ave,Manchester,sd,44997,01/16/1972,7985,VB004915
Barbara,Johnson,barbara.johnson84@outlook.com,+16848571526,206 Cedar Ln,Salem,WY,80012,1949-05-04,9039,VB004916
William,Allen,william.allen2@outlook.com,496.493.1553,4890 Hill Rd,Madison,IN,50284,22-Oct-1961,7521,VB004917
Mary,Hill,mary.hill81@icloud.com,(908) 614-8043,4715 Lake Rd,Franklin,tn,45391,04-28-1977,7261,VB004918
Robert,Torres,robert.torres11@outlook.com,2452015166,864 Maple Dr,Arlington,NM,31634,01/19/1990,9865,VB004919
Ashley,Hall,ashley.hall92@hotmail.com,539-582-4267,7845 Sunset Blvd,Oxford,UT,50509,1985-01-25,8163,VB004920
Margaret,Allen,,+18875026579,3891 Washington St,Arlington,tx,72181,20-Feb-1981,8789,VB004921
Jennifer,Walker,jennifer.walker28@yahoo.com,424.636.3012,6686 Forest Ave,Burlington,Pennsylvania,17709,10-20-1941,8766,VB004922
Mary,Taylor,mary.taylor44@aol.com,(754) 262-9790,9528 Park Blvd,Oxford,NV,13795,02/18/1949,9582,VB004923
John,Anderson,john.anderson39@outlook.com,7838514613,9590 Lincoln Ave,Burlington,id,95774,1960-01-19,1234,VB004924
Patricia,Martin,patricia.martin53@outlook.com,883-418-9070,2865 Hill Rd,Clinton,AK,43899,24-Jun-1996,3822,VB004925
Linda,Jones,linda.jones94@yahoo.com,+15974633626,6031 Washington St,Springfield,NV,49302,12-01-1952,1697,VB004926
Christopher,Martin,christopher.martin63@outlook.com,689.419.4862,1996 Lincoln Ave,Manchester,mn,30356,05/31/1975,4627,VB004927
William,Wright,william.wright55@outlook.com,(957) 401-7537,6654 Forest Ave,Fairview,RI,49918,1998-07-25,3127,VB004928
Christopher,Nguyen,christopher.nguyen41@icloud.com,9456994322,991 Forest Ave,Richmond,OR,79165,16-Oct-1994,8423,VB004929
David,Scott,david.scott42@gmail.com,750-301-7789,8841 Jefferson Dr,Manchester,wv,44478,11-28-1964,6272,VB004930
Christopher,Nguyen,christopher.nguyen86@icloud.com,+12624212600,7974 Lake Rd,Madison,IA,79478,06/06/1941,4042,VB004931
Robert,Smith,,464.402.9436,7455 River Dr,Springfield,NJ,46924,1943-07-29,2991,VB004932
Matthew,Young,matthew.young78@outlook.com,(694) 525-5322,8096 Maple Dr,Burlington,oh,25844,28-Nov-1968,8380,VB004933
Richard,Walker,,5026407221,6948 Washington St,Greenville,SC,44783,03-08-1950,1000,VB004934
Betty,Smith,,843-974-5961,2545 Lincoln Ave,Burlington,NY,36668,11/02/1970,5496,VB004935
Michael,Thomas,michael.thomas85@hotmail.com,+19563808093,8282 Lincoln Ave,Salem,ky,45003,2001-01-11,9160,VB004936
Lisa,Wilson,lisa.wilson15@hotmail.com,950.697.9373,9312 Lincoln Ave,Richmond,VT,24669,29-Jan-1948,8717,VB004937
Patricia,Adams,patricia.adams88@aol.com,(285) 961-1877,8249 Forest Ave,Fairview,SC,30397,01-22-1954,2604,VB004938
Thomas,King,thomas.king42@gmail.com,6608122847,5675 Park Blvd,Richmond,ks,62521,12/15/1991,1668,VB004939
Thomas,Adams,,716-258-7452,2212 Maple Dr,Springfield,NM,30435,1951-11-13,4963,VB004940
Nancy,Brown,nancy.brown85@icloud.com,+12896004642,9427 Forest Ave,Clinton,OR,93631,07-Jul-1987,2872,VB004941
Susan,Torres,susan.torres84@hotmail.com,273.346.7927,6688 Forest Ave,Clinton,tn,76505,05-07-1942,5346,VB004942
Susan,Martin,susan.martin40@yahoo.com,(427) 750-8665,2539 Cedar Ln,Madison,WI,23476,09/23/1962,3408,VB004943
Margaret,Brown,margaret.brown26@icloud.com,3967081395,7469 Park Blvd,Madison,NV,64780,2002-10-06,3929,VB004944
Matthew,Hall,matthew.hall91@outlook.com,691-375-5225,4868 Cedar Ln,Dayton,md,35893,27-Jun-1996,6613,VB004945
Michael,Nelson,michael.nelson42@yahoo.com,+14074684492,2520 River Dr,Georgetown,TN,76175,09-22-1989,4061,VB004946
Daniel,Jackson,daniel.jackson21@yahoo.com,805.317.4269,7473 Sunset Blvd,Manchester,PA,14439,05/22/1996,2033,VB004947
Anthony,Taylor,anthony.taylor51@gmail.com,(932) 262-8984,8184 Washington St,Arlington,or,89324,1997-01-21,8284,VB004948
Christopher,Scott,christopher.scott18@gmail.com,8445404378,6474 Washington St,Richmond,MD,91795,10-Jun-1991,2031,VB004949
John,Nguyen,john.nguyen74@outlook.com,867-854-3543,2828 Park Blvd,Greenville,FL,78724,03-10-1965,9871,VB004950
Barbara,Young,,+15117058593,3679 Main St,Manchester,al,30188,07/26/1963,5917,VB004951
Thomas,Taylor,thomas.taylor78@yahoo.com,301.888.3164,3391 Jefferson Dr,Dayton,KS,84793,1962-09-17,3021,VB004952
Anthony,Walker,anthony.walker79@hotmail.com,(482) 274-2126,6614 Jefferson Dr,Marion,KY,64700,29-Nov-1956,2370,VB004953
Ashley,Nelson,ashley.nelson92@yahoo.com,5153549271,467 Jefferson Dr,Manchester,vt,12908,01-18-1956,8541,VB004954
David,Davis,david.davis29@yahoo.com,484-823-2959,3227 Lake Rd,Salem,NJ,84633,04/17/1997,1199,VB004955
Patricia,Anderson,patricia.anderson39@gmail.com,+16399864246,1458 Lincoln Ave,Franklin,NY,64431,1998-01-07,7972,VB004956
Mary,Nelson,mary.nelson88@hotmail.com,356.416.9598,9376 Cedar Ln,Georgetown,la,43324,03-Apr-1941,8551,VB004957
Patricia,Miller,patricia.miller12@hotmail.com,(593) 678-3846,3338 Lake Rd,Arlington,TN,60143,06-22-1948,4000,VB004958
William,Scott,william.scott12@hotmail.com,7804628583,7996 Washington St,Richmond,IN,22218,04/14/1970,2647,VB004959
Barbara,Thompson,,932-511-4077,92 River Dr,Madison,ca,53554,1951-09-24,2849,VB004960
Ashley,Thomas,ashley.thomas78@hotmail.com,+15323482544,2254 Jefferson Dr,Richmond,Florida,23703,03-Jul-1969,7055,VB004961
Mary,Harris,mary.harris18@aol.com,688.323.7591,8348 Hill Rd,Burlington,NV,32968,07-26-1944,8856,VB004962
Thomas,Jones,,(541) 618-6591,9063 Park Blvd,Clinton,mo,35969,03/31/1983,7670,VB004963
Mark,Davis,mark.davis70@gmail.com,7545706511,6605 Valley Ln,Georgetown,WI,50584,1973-04-16,8361,VB004964
John,Garcia,john.garcia82@icloud.com,701-276-2216,4876 Lake Rd,Springfield,AR,54542,11-Jul-1982,3590,VB004965
Michael,White,michael.white56@gmail.com,+18456279600,4827 Lincoln Ave,Oxford,tx,76023,05-21-1996,2234,VB004966
Joseph,Miller,joseph.miller23@gmail.com,515.240.4986,2917 Sunset Blvd,Manchester,MD,11184,06/16/1965,5970,VB004967
Anthony,Davis,anthony.davis32@icloud.com,(267) 396-3269,3287 Park Blvd,Arlington,TX,61035,1958-12-31,5243,VB004968
Mark,Jackson,mark.jackson24@aol.com,8969078198,9054 Sunset Blvd,Georgetown,in,27960,01-Dec-1976,2832,VB004969
John,Wright,john.wright90@yahoo.com,765-779-6223,9824 Lake Rd,Franklin,AK,66059,05-17-2004,5886,VB004970
Jennifer,Nelson,,+13997069468,111 Washington St,Springfield,RI,85726,08/22/1958,5739,VB004971
Sarah,King,,855.971.4660,6903 Washington St,Franklin,ny,98669,1968-11-19,7153,VB004972
Michael,Thompson,michael.thompson96@outlook.com,(656) 438-3494,379 Valley Ln,Richmond,North Carolina,37457,08-Feb-1981,4114,VB004973
Jennifer,Smith,jennifer.smith24@outlook.com,2995472101,7312 Sunset Blvd,Dayton,WI,54273,03-27-1951,1055,VB004974
Betty,Martin,betty.martin79@gmail.com,722-745-1883,6452 Hill Rd,Manchester,il,21669,01/04/1951,3459,VB004975
William,Smith,william.smith98@yahoo.com,+18766656454,7591 Oak Ave,Springfield,NM,37225,1963-07-01,4021,VB004976
Susan,Wright,susan.wright41@yahoo.com,569.881.7528,6201 Valley Ln,Springfield,MN,53287,26-Dec-1948,1050,VB004977
Nancy,Wright,,(548) 618-7128,1660 Cedar Ln,Fairview,ma,81739,08-30-1968,1813,VB004978
Charles,Hill,charles.hill7@hotmail.com,2955161138,5844 Lincoln Ave,Madison,MT,75564,06/25/1957,6152,VB004979
Christopher,Adams,christopher.adams59@yahoo.com,230-450-6208,7703 Valley Ln,Clinton,MN,65298,1963-04-14,1200,VB004980
Robert,Davis,,+13056807802,2719 Lake Rd,Clinton,mo,67049,31-Dec-1945,7789,VB004981
David,Miller,david.miller12@icloud.com,252.830.1593,4378 Maple Dr,Oxford,North Carolina,57532,08-21-1975,6169,VB004982
Ashley,Johnson,ashley.johnson14@gmail.com,(923) 497-1624,3415 Main St,Madison,SC,86406,08/08/1975,3737,VB004983
Jennifer,Wright,jennifer.wright31@gmail.com,8143502188,4200 River Dr,Clinton,az,41082,1948-03-21,6743,VB004984
Susan,King,susan.king2@hotmail.com,201-977-7164,5039 Oak Ave,Fairview,ND,41217,30-Aug-1977,9061,VB004985
Ashley,Baker,,+17274651588,7905 Lake Rd,Manchester,SD,88016,11-28-1942,4304,VB004986
Sarah,Anderson,sarah.anderson66@outlook.com,285.864.3501,3893 Jefferson Dr,Georgetown,tn,99641,11/26/1984,8408,VB004987
Mark,Garcia,mark.garcia7@icloud.com,(751) 453-7449,587 Cedar Ln,Oxford,AR,37906,1978-01-31,9121,VB004988
Mark,Miller,mark.miller80@aol.com,5677599167,9566 Lincoln Ave,Oxford,MI,44116,02-Apr-1965,4742,VB004989
Charles,Walker,,420-936-4146,4070 Washington St,Madison,ky,83265,10-05-1943,7965,VB004990
John,Adams,john.adams94@hotmail.com,+14622432617,6458 Lincoln Ave,Arlington,WA,54932,06/13/2002,5260,VB004991
Patricia,Scott,patricia.scott75@hotmail.com,888.379.8733,8424 River Dr,Arlington,OR,10026,1997-03-25,4206,VB004992
Lisa,Walker,,(998) 877-4060,92 Maple Dr,Arlington,ky,43922,02-Jul-1985,7804,VB004993
Lisa,Smith,,6494316335,6759 Lincoln Ave,Franklin,New York,99238,07-31-1948,5338,VB004994
Margaret,Scott,margaret.scott11@icloud.com,574-884-9667,8184 River Dr,Springfield,MS,45006,03/05/1973,8649,VB004995
David,Adams,,+15256764524,9612 Cedar Ln,Oxford,nj,65227,1947-12-23,4133,VB004996
Patricia,Garcia,patricia.garcia98@icloud.com,467.535.3825,3307 Maple Dr,Manchester,MS,77676,02-Jan-1945,3967,VB004997
Robert,Nelson,robert.nelson36@aol.com,(556) 560-3630,8203 Lincoln Ave,Burlington,SC,41696,04-18-1985,2119,VB004998
Patricia,Taylor,patricia.taylor81@icloud.com,8997266430,4598 Washington St,Georgetown,hi,78477,06/09/1971,5698,VB004999
Jessica,Allen,jessica.allen23@yahoo.com,487-933-7842,376 Jefferson Dr,Richmond,DE,96234,1993-01-27,5074,VB005000
Thomas,Williams,thomas.williams48@yahoo.com,+15146544169,6132 Hill Rd,Arlington,IL,98953,07-Jul-1961,3137,VB005001
Nancy,Harris,nancy.harris75@aol.com,958.391.9084,8807 Sunset Blvd,Arlington,il,60936,04-05-1997,1525,VB005002
Lisa,Garcia,lisa.garcia66@outlook.com,(483) 312-4597,5638 Sunset Blvd,Clinton,NM,88999,03/15/1976,6086,VB005003
Barbara,Adams,barbara.adams45@yahoo.com,7003053251,763 Washington St,Burlington,SD,25957,1953-12-03,7043,VB005004
Lisa,Scott,,585-858-6381,2094 Sunset Blvd,Burlington,wv,99838,23-Mar-1987,2531,VB005005
Anthony,Davis,,+15853793943,4310 Lake Rd,Oxford,NE,37034,05-26-1979,3776,VB005006
Charles,Brown,charles.brown32@gmail.com,484.247.6177,9916 Lake Rd,Georgetown,NH,21469,08/10/1960,5015,VB005007
Robert,Hill,,(507) 559-6221,7045 Lincoln Ave,Greenville,ne,36772,1972-01-07,2654,VB005008
Jessica,Anderson,jessica.anderson33@hotmail.com,4195173620,6966 Maple Dr,Dayton,MS,74924,17-May-2004,1013,VB005009
Barbara,Taylor,barbara.taylor77@aol.com,842-808-9216,8340 Oak Ave,Fairview,WA,58850,12-07-1985,9184,VB005010
Joseph,King,joseph.king79@aol.com,+19676165200,4466 Jefferson Dr,Madison,pa,18422,10/07/1950,9940,VB005011
Patricia,Taylor,patricia.taylor98@outlook.com,340.938.7109,3722 Main St,Fairview,AR,28152,1965-03-05,2070,VB005012
Daniel,Jones,,(947) 472-7392,3857 Forest Ave,Greenville,DE,64061,08-Jan-1956,7501,VB005013
Sarah,Taylor,sarah.taylor32@yahoo.com,7658042479,4151 Forest Ave,Burlington,wv,75580,06-19-1970,3746,VB005014
Jennifer,Thomas,jennifer.thomas26@yahoo.com,406-342-5318,1456 Lincoln Ave,Springfield,MO,52243,11/28/1990,9746,VB005015
Ashley,Adams,ashley.adams38@aol.com,+16616782216,7199 Cedar Ln,Oxford,KS,30333,1978-03-26,7084,VB005016
Daniel,Thomas,daniel.thomas90@gmail.com,347.418.1298,7718 Sunset Blvd,Manchester,ca,15646,14-Jun-1969,7175,VB005017
Anthony,Williams,anthony.williams69@yahoo.com,(331) 875-8787,9008 Maple Dr,Madison,ND,89507,12-17-1977,4470,VB005018
Christopher,Taylor,christopher.taylor35@icloud.com,2589166014,8142 River Dr,Greenville,MI,98652,10/21/1957,6965,VB005019
Richard,Walker,richard.walker88@gmail.com,376-895-6867,4143 Maple Dr,Marion,ct,34424,1968-05-20,8415,VB005020
Barbara,Scott,barbara.scott62@gmail.com,+12508723085,9403 Cedar Ln,Fairview,WY,23745,12-Jan-1959,3108,VB005021
Lisa,Taylor,,949.331.8253,3935 Main St,Oxford,IN,40981,02-05-1976,2224,VB005022
Robert,Martin,robert.martin15@outlook.com,(836) 339-2629,9826 Lincoln Ave,Arlington,mn,10435,06/10/1973,6047,VB005023
Daniel,Thompson,daniel.thompson35@outlook.com,6213785837,4950 Main St,Clinton,NH,11013,1953-03-14,5711,VB005024
Christopher,Adams,christopher.adams14@gmail.com,493-934-6194,8570 Maple Dr,Clinton,AR,87564,28-Jan-1976,1586,VB005025
Sarah,Harris,sarah.harris51@outlook.com,+14559955681,5777 Sunset Blvd,Fairview,az,11214,08-19-1964,9077,VB005026
Sandra,King,sandra.king34@yahoo.com,242.388.7440,9618 Park Blvd,Dayton,NM,52427,01/08/1969,3934,VB005027
Charles,Williams,charles.williams59@icloud.com,(470) 650-5723,3580 Jefferson Dr,Madison,TN,80606,1996-08-10,6560,VB005028
Mark,Thompson,mark.thompson46@gmail.com,5958076161,2577 Maple Dr,Clinton,nd,50312,27-Jan-1962,8141,VB005029
Patricia,Anderson,patricia.anderson98@outlook.com,447-893-8237,4833 Cedar Ln,Oxford,UT,64346,06-10-1960,5213,VB005030
Michael,Nguyen,,+17154964836,9439 Lake Rd,Oxford,RI,98150,10/07/1968,4881,VB005031
Robert,Allen,robert.allen86@outlook.com,283.720.4687,1404 Hill Rd,Georgetown,nc,22587,1982-07-03,8887,VB005032
Jennifer,Torres,,(952) 588-9653,4699 Park Blvd,Georgetown,MT,52709,24-Feb-1969,3553,VB005033
Charles,Martin,,8125455142,371 Park Blvd,Franklin,AK,99694,02-22-1993,6093,VB005034
Christopher,Walker,christopher.walker67@yahoo.com,801-915-8936,9410 Jefferson Dr,Marion,va,46411,08/30/1993,2267,VB005035
Jennifer,Jones,jennifer.jones90@gmail.com,+17989121381,5184 Washington St,Georgetown,VT,44989,1965-06-12,2999,VB005036
James,Nguyen,james.nguyen16@icloud.com,249.325.6434,8532 Jefferson Dr,Georgetown,GA,59953,15-Aug-1958,3772,VB005037
Nancy,Harris,nancy.harris80@hotmail.com,(435) 668-6361,3368 Washington St,Dayton,al,13263,05-14-1973,6320,VB005038
Patricia,Taylor,,2079692377,3546 Jefferson Dr,Marion,MS,62005,10/15/1991,4105,VB005039
Barbara,Anderson,,665-865-7308,335 Park Blvd,Fairview,MS,63988,1978-06-07,1545,VB005040
Sandra,Jackson,,+19572951847,2847 Washington St,Greenville,sc,41243,22-Aug-1998,9923,VB005041
James,Jones,james.jones90@aol.com,333.873.5253,8264 Cedar Ln,Clinton,NM,36572,04-09-1949,8245,VB005042
Charles,Baker,charles.baker11@yahoo.com,(782) 550-7640,974 Sunset Blvd,Marion,MT,70272,04/11/1971,4352,VB005043
Susan,Walker,,4463418782,311 Main St,Springfield,la,62819,1977-03-19,7972,VB005044
Mark,Williams,mark.williams7@icloud.com,604-579-3477,6556 River Dr,Franklin,North Carolina,84776,23-Aug-1942,3037,VB005045
Jennifer,Brown,,+12312723154,211 Hill Rd,Salem,MD,22073,12-23-1975,8413,VB005046
Richard,Johnson,richard.johnson50@yahoo.com,566.859.4985,561 River Dr,Dayton,ak,99404,05/02/1942,5182,VB005047
Barbara,Miller,barbara.miller62@hotmail.com,(814) 740-4009,4801 Hill Rd,Franklin,IN,29065,1988-04-29,2907,VB005048
William,Walker,,3948346746,5699 Cedar Ln,Burlington,TN,19224,14-Sep-1987,8008,VB005049
William,Garcia,,607-256-8885,8759 Lincoln Ave,Georgetown,me,81152,12-03-1956,4304,VB005050
Margaret,Baker,margaret.baker26@gmail.com,+12475578583,3050 Cedar Ln,Oxford,MS,37007,10/15/1956,8408,VB005051
Mary,Thompson,mary.thompson45@outlook.com,633.812.8606,3058 Sunset Blvd,Madison,CO,76084,1975-08-24,6714,VB005052
Jessica,Nelson,,(445) 805-6386,4792 Cedar Ln,Georgetown,nh,80762,01-Nov-1998,5415,VB005053
Jennifer,Wilson,jennifer.wilson70@gmail.com,9172926131,2313 Main St,Franklin,SD,15241,09-21-2000,2500,VB005054
Margaret,Scott,margaret.scott59@icloud.com,504-693-4147,6933 Jefferson Dr,Madison,AK,42802,07/28/1982,7072,VB005055
Matthew,Allen,matthew.allen78@aol.com,+15064005180,887 Hill Rd,Madison,de,76249,1959-06-19,5830,VB005056
Anthony,Smith,anthony.smith98@outlook.com,571.391.8893,9170 Valley Ln,Manchester,MT,29363,17-Jun-1987,9855,VB005057
Susan,Williams,susan.williams98@aol.com,(973) 657-6951,1238 Jefferson Dr,Oxford,IL,72209,09-27-1986,5103,VB005058
Patricia,Young,patricia.young66@outlook.com,9979843131,3468 River Dr,Springfield,wv,30536,09/22/1944,9896,VB005059
Thomas,Garcia,thomas.garcia73@outlook.com,318-616-4617,8659 Lake Rd,Manchester,WI,47114,1981-04-04,8957,VB005060
Susan,Scott,susan.scott63@outlook.com,+14419572663,2799 Jefferson Dr,Manchester,TX,38576,25-Dec-1948,6290,VB005061
Robert,Taylor,robert.taylor67@yahoo.com,273.900.5852,575 Valley Ln,Franklin,ut,93817,09-02-1979,2804,VB005062
Jennifer,Allen,jennifer.allen35@hotmail.com,(776) 297-8959,3212 River Dr,Greenville,OR,51336,01/05/1955,3764,VB005063
Lisa,Young,lisa.young12@yahoo.com,4063103525,5496 River Dr,Manchester,VT,82458,1940-04-29,7300,VB005064
Betty,Torres,betty.torres62@gmail.com,813-912-7267,4388 Forest Ave,Greenville,tx,96172,25-Mar-1993,6509,VB005065
Sarah,Nelson,sarah.nelson14@gmail.com,+17234092147,9092 Washington St,Georgetown,CO,73112,02-06-1968,4946,VB005066
Mary,Nelson,mary.nelson51@gmail.com,397.887.7122,6403 Forest Ave,Oxford,IA,26688,01/02/1983,9348,VB005067
William,Torres,william.torres70@hotmail.com,(819) 793-8058,8537 Oak Ave,Manchester,nd,94323,1990-12-24,3602,VB005068
Michael,Anderson,michael.anderson14@aol.com,7563849500,6078 Cedar Ln,Fairview,Florida,36491,12-Mar-1949,6698,VB005069
Jessica,Scott,jessica.scott46@yahoo.com,489-358-6333,5788 Lake Rd,Clinton,CO,83005,09-18-1957,3349,VB005070
Michael,Hill,michael.hill74@gmail.com,+17443642646,1154 Maple Dr,Salem,ga,87614,05/03/1958,5125,VB005071
Margaret,Adams,margaret.adams59@aol.com,951.569.1996,6822 Main St,Oxford,WA,39988,1957-10-05,9183,VB005072
Margaret,Thomas,margaret.thomas62@hotmail.com,(661) 608-6588,683 Washington St,Oxford,AK,43708,26-Jun-1947,9235,VB005073
Thomas,Baker,thomas.baker76@yahoo.com,9278933377,7812 Oak Ave,Oxford,ct,76316,02-23-1993,4610,VB005074
Charles,Brown,charles.brown41@aol.com,575-903-9272,9393 Cedar Ln,Dayton,AR,53044,11/13/1980,6146,VB005075
Nancy,Hill,nancy.hill90@yahoo.com,+17543466074,9246 Cedar Ln,Salem,AL,45772,1956-02-24,7215,VB005076
Karen,Torres,karen.torres28@yahoo.com,537.529.8462,4774 Park Blvd,Madison,mi,92440,20-Jul-1977,4891,VB005077
Robert,Young,robert.young61@outlook.com,(372) 396-9216,1824 Oak Ave,Georgetown,Texas,31146,07-23-1952,4757,VB005078
Richard,Adams,richard.adams5@icloud.com,7847295398,7550 Hill Rd,Manchester,WV,49163,09/26/1974,1620,VB005079
Anthony,Martin,anthony.martin35@yahoo.com,983-753-4230,2787 Main St,Dayton,hi,45994,1983-03-05,5682,VB005080
Mark,Adams,mark.adams90@yahoo.com,+18362741502,3555 Maple Dr,Fairview,WV,26213,03-Jun-1987,8064,VB005081
James,Scott,james.scott44@gmail.com,776.307.4552,6121 Sunset Blvd,Arlington,WA,71226,05-13-2003,2497,VB005082
Linda,Hall,,(275) 277-4184,5896 Washington St,Marion,va,92659,10/23/1988,5480,VB005083
Anthony,Baker,anthony.baker49@gmail.com,6339653401,4464 Oak Ave,Franklin,NV,60578,1952-09-11,3391,VB005084
Mary,Baker,mary.baker92@icloud.com,244-471-4259,8758 River Dr,Greenville,UT,27546,29-Jan-1944,1002,VB005085
Sandra,Smith,,+17873154291,8611 Forest Ave,Springfield,nh,46487,03-03-2004,2322,VB005086
Sandra,Williams,sandra.williams3@icloud.com,506.728.5046,5651 Forest Ave,Fairview,OK,34252,10/02/1982,6327,VB005087
Linda,Torres,linda.torres32@yahoo.com,(293) 568-3052,6832 Valley Ln,Springfield,AR,92471,1988-06-10,3979,VB005088
Sandra,Adams,sandra.adams77@outlook.com,8169175482,1505 Cedar Ln,Manchester,ar,11037,13-Mar-1970,8194,VB005089
Robert,Wilson,robert.wilson40@aol.com,392-869-1616,6852 Oak Ave,Burlington,ND,45480,10-07-1969,7643,VB005090
Mary,Garcia,mary.garcia85@outlook.com,+16966252113,182 Main St,Greenville,NV,13597,03/23/1998,5468,VB005091
Mark,Nguyen,mark.nguyen7@hotmail.com,217.366.5688,908 Jefferson Dr,Oxford,al,56269,1943-09-07,4453,VB005092
Sandra,Thompson,,(908) 673-2743,8425 Hill Rd,Fairview,AK,40498,28-Jul-2003,2693,VB005093
Mary,Miller,mary.miller30@outlook.com,3655768997,9187 Washington St,Richmond,ME,13989,08-08-1991,1273,VB005094
Patricia,Hall,patricia.hall3@icloud.com,870-468-4865,8911 Lincoln Ave,Marion,ca,83783,10/17/2002,5416,VB005095
Mark,Nelson,mark.nelson75@yahoo.com,+18099473809,793 Oak Ave,Greenville,TN,72305,1983-01-04,7774,VB005096
Joseph,Anderson,joseph.anderson62@hotmail.com,573.569.4985,8568 Lincoln Ave,Fairview,KS,88402,14-Feb-1940,9653,VB005097
Christopher,Wilson,christopher.wilson62@outlook.com,(375) 716-5982,1834 Lake Rd,Georgetown,nj,53088,09-04-1983,2907,VB005098
Lisa,Allen,lisa.allen50@hotmail.com,5638112325,5859 Cedar Ln,Fairview,CO,80834,04/20/1940,9507,VB005099
Joseph,Davis,joseph.davis81@yahoo.com,390-855-8080,6482 Main St,Burlington,SC,35863,1980-05-01,8037,VB005100
Nancy,Baker,,+14875182468,7266 Lake Rd,Fairview,wv,88334,16-Jun-2002,7953,VB005101
David,Thomas,,874.942.8965,7560 Jefferson Dr,Salem,Illinois,50731,06-23-1958,9289,VB005102
Joseph,Miller,,(464) 821-9691,2661 Park Blvd,Fairview,OK,77191,12/07/1964,5019,VB005103
William,Garcia,william.garcia3@outlook.com,8778586646,2446 Maple Dr,Greenville,ia,34776,1976-08-10,4454,VB005104
Ashley,White,ashley.white56@gmail.com,448-405-2628,4266 Main St,Oxford,VA,92160,04-Sep-2001,5441,VB005105
Betty,Wilson,betty.wilson17@aol.com,+13425101065,9269 Lake Rd,Dayton,MA,18998,03-23-1995,2791,VB005106
David,Nguyen,david.nguyen96@yahoo.com,735.998.8588,1749 Forest Ave,Georgetown,ct,53566,08/26/1949,2056,VB005107
Charles,Johnson,charles.johnson44@yahoo.com,(371) 684-3639,934 Park Blvd,Fairview,ND,97180,1946-11-08,5799,VB005108
Thomas,Torres,thomas.torres10@icloud.com,6329114529,711 Sunset Blvd,Oxford,PA,28640,10-Nov-1966,3735,VB005109
David,Torres,david.torres1@aol.com,822-814-5271,9744 Lincoln Ave,Richmond,mo,11658,11-07-1949,5474,VB005110
Barbara,Hill,barbara.hill29@aol.com,+17535318273,9529 Cedar Ln,Burlington,HI,11225,11/26/1950,2122,VB005111
Jennifer,Jackson,jennifer.jackson18@icloud.com,931.946.7022,4129 Lake Rd,Burlington,ID,56681,1951-12-12,5163,VB005112
Patricia,Jones,patricia.jones86@hotmail.com,(398) 239-5490,9707 Maple Dr,Clinton,il,98508,12-Jun-1948,3457,VB005113
Susan,Torres,,8883189575,3 Lincoln Ave,Oxford,NH,16329,09-13-1947,4584,VB005114
Margaret,Adams,margaret.adams10@yahoo.com,573-633-2005,1077 Forest Ave,Oxford,ND,63146,01/06/1942,1096,VB005115
Richard,Baker,richard.baker59@yahoo.com,+14713425040,9198 Hill Rd,Madison,wv,86622,1978-06-08,7543,VB005116
Margaret,Allen,,459.833.3839,3435 River Dr,Richmond,NJ,92871,27-Feb-1942,6396,VB005117
Christopher,Jackson,christopher.jackson64@icloud.com,(239) 973-8299,2730 Hill Rd,Clinton,NE,65833,01-09-1942,6109,VB005118
Mary,Torres,mary.torres68@gmail.com,4645066008,3883 Lincoln Ave,Oxford,ky,46792,11/05/1976,3754,VB005119
Joseph,Smith,joseph.smith36@gmail.com,405-956-5977,1535 Hill Rd,Burlington,NE,12973,1959-01-09,1363,VB005120
Robert,Nelson,robert.nelson44@hotmail.com,+15536507851,9650 Sunset Blvd,Springfield,PA,48570,26-Dec-1947,5227,VB005121
Richard,Williams,richard.williams46@yahoo.com,325.741.4894,7238 Lincoln Ave,Arlington,nd,91103,06-08-1942,5209,VB005122
William,Harris,william.harris48@gmail.com,(334) 914-2982,2175 Main St,Marion,NE,92270,06/14/1972,6250,VB005123
James,Torres,,8129654183,2578 Valley Ln,Georgetown,IA,94151,1995-09-25,7906,VB005124
Sarah,Smith,sarah.smith85@aol.com,324-669-9056,9813 Cedar Ln,Burlington,vt,84909,07-Oct-1956,3068,VB005125
Jennifer,Miller,jennifer.miller99@outlook.com,+13113456294,1364 Main St,Fairview,California,63389,01-22-1981,1425,VB005126
Lisa,Garcia,lisa.garcia57@gmail.com,925.715.9217,6341 Main St,Fairview,AZ,53647,09/23/1989,1508,VB005127
Jennifer,Anderson,,(874) 819-5164,7127 Maple Dr,Madison,ne,62023,1949-04-07,1398,VB005128
Linda,Nguyen,linda.nguyen83@gmail.com,6052655604,1742 Valley Ln,Springfield,KS,64677,15-Mar-1982,3007,VB005129
Daniel,Thompson,,383-719-9863,4839 Lake Rd,Richmond,PA,12671,12-21-1989,7368,VB005130
Barbara,Wright,barbara.wright48@hotmail.com,+17338865967,2548 Maple Dr,Georgetown,id,70868,06/17/1979,7392,VB005131
Thomas,Anderson,thomas.anderson38@outlook.com,701.657.2020,3813 Lincoln Ave,Salem,North Carolina,42833,1979-02-17,8406,VB005132
Sarah,Thomas,,(207) 300-1316,2965 Hill Rd,Franklin,MO,65681,27-Jun-1946,8788,VB005133
Matthew,Johnson,,3378061056,895 Sunset Blvd,Salem,nh,41779,01-07-1983,8103,VB005134
Charles,Hall,charles.hall26@hotmail.com,277-984-7735,5262 Hill Rd,Burlington,CO,61775,05/14/1960,5334,VB005135
William,Anderson,william.anderson96@aol.com,+16159063804,8642 River Dr,Greenville,OH,70460,1992-12-18,7126,VB005136
Christopher,Wilson,christopher.wilson71@hotmail.com,206.788.3311,8080 Forest Ave,Dayton,ca,56497,30-May-1980,4744,VB005137
Betty,King,betty.king28@hotmail.com,(551) 981-7624,861 Maple Dr,Salem,KS,27193,05-29-1957,9987,VB005138
Joseph,Smith,joseph.smith21@outlook.com,2419601210,8655 Hill Rd,Manchester,OH,50114,03/22/1999,4109,VB005139
Ashley,Hill,ashley.hill25@aol.com,599-620-3585,1927 Park Blvd,Marion,oh,38183,1985-10-16,6444,VB005140
Anthony,Williams,anthony.williams80@icloud.com,+15117204389,7475 Lake Rd,Georgetown,AR,39218,08-Oct-1980,6439,VB005141
Barbara,Allen,barbara.allen7@icloud.com,750.699.9562,4396 Jefferson Dr,Georgetown,MT,26338,07-12-1959,6406,VB005142
Charles,Miller,,(213) 418-5990,4533 River Dr,Madison,ny,90782,03/25/1950,2628,VB005143
Mary,Thompson,,7892706473,8184 Sunset Blvd,Greenville,New York,52738,1940-04-12,8057,VB005144
Barbara,Harris,barbara.harris78@hotmail.com,236-405-6339,2636 Washington St,Arlington,SD,12260,28-Aug-1972,4943,VB005145
Charles,Jones,charles.jones42@icloud.com,+18899083201,4568 Valley Ln,Fairview,ny,24643,12-25-1943,5567,VB005146
Mark,Young,mark.young55@icloud.com,566.675.2136,3289 Jefferson Dr,Fairview,AK,29505,04/21/1982,4201,VB005147
David,Jones,,(375) 878-9573,8853 River Dr,Clinton,PA,15439,1968-05-10,5464,VB005148
Mary,Hall,mary.hall8@hotmail.com,7065436401,6577 Park Blvd,Arlington,az,29125,18-Oct-1942,1086,VB005149
Karen,Taylor,karen.taylor37@yahoo.com,819-467-2204,4276 Maple Dr,Arlington,OR,25930,04-09-1978,8729,VB005150
Daniel,Nguyen,,+14557451777,8885 Oak Ave,Dayton,OK,20393,10/29/1960,8745,VB005151
Richard,Allen,richard.allen17@aol.com,833.226.7673,9730 River Dr,Marion,ia,21106,1961-11-26,1436,VB005152
James,Nelson,james.nelson41@aol.com,(371) 996-8620,7272 Sunset Blvd,Manchester,Michigan,82876,09-Oct-1940,2259,VB005153
Ashley,Thomas,ashley.thomas28@hotmail.com,2863054026,3577 River Dr,Madison,NE,33731,01-09-1998,9899,VB005154
Charles,Anderson,,489-489-4916,2799 Forest Ave,Franklin,pa,31769,03/04/1991,1097,VB005155
Sarah,Scott,,+15655329754,8170 Main St,Manchester,Pennsylvania,44966,1996-11-18,1857,VB005156
Daniel,Walker,,277.564.7241,5614 Cedar Ln,Richmond,VA,59697,07-Oct-1978,9128,VB005157
Anthony,White,anthony.white53@icloud.com,(441) 266-5528,5829 Valley Ln,Arlington,mt,34206,01-22-1967,9367,VB005158
Barbara,Young,barbara.young39@hotmail.com,4387839322,6671 Maple Dr,Manchester,Ohio,99302,08/25/1992,6152,VB005159
Christopher,Scott,christopher.scott85@outlook.com,548-499-9004,7225 Park Blvd,Clinton,WV,17794,1947-05-05,2380,VB005160
David,Adams,david.adams35@gmail.com,+19378515690,7332 Oak Ave,Dayton,me,64737,09-Feb-1974,3217,VB005161
Thomas,Garcia,thomas.garcia13@icloud.com,329.716.2939,9453 Lincoln Ave,Clinton,WI,92223,05-07-1963,3605,VB005162
David,Davis,david.davis60@icloud.com,(258) 554-1112,7689 Jefferson Dr,Dayton,AL,74961,01/06/1983,7143,VB005163
Mark,Martin,mark.martin46@aol.com,3427461862,7535 Washington St,Greenville,ny,41645,1973-05-23,9913,VB005164
Charles,Wilson,,935-201-8418,6522 Hill Rd,Fairview,MO,60189,10-Nov-1975,9481,VB005165
Matthew,Young,matthew.young88@gmail.com,+12714632994,2630 Forest Ave,Arlington,NJ,26737,07-17-1967,2293,VB005166
Karen,Thomas,karen.thomas26@outlook.com,854.473.6752,8379 Hill Rd,Greenville,wi,99714,03/04/1941,9350,VB005167
Linda,Garcia,,(296) 329-3369,8085 River Dr,Arlington,LA,55270,1981-02-02,4999,VB005168
Susan,Nguyen,,8017939208,503 Park Blvd,Greenville,RI,49581,06-Jul-1972,7171,VB005169
Joseph,Young,joseph.young84@yahoo.com,794-754-4314,2263 Park Blvd,Burlington,va,78656,02-18-1952,8046,VB005170
Nancy,Torres,,+19284157096,1302 River Dr,Richmond,VA,38370,12/26/1954,5821,VB005171
Mary,Davis,mary.davis65@hotmail.com,951.374.5166,6172 Cedar Ln,Salem,OH,54744,1997-05-28,1130,VB005172
Betty,Baker,betty.baker57@aol.com,(505) 219-9350,250 Main St,Salem,ms,60181,16-Jan-1957,1930,VB005173
Ashley,Hill,ashley.hill52@outlook.com,6756633501,2328 Washington St,Manchester,MO,64997,03-13-1942,3284,VB005174
James,Garcia,james.garcia9@gmail.com,357-583-6429,5637 Jefferson Dr,Springfield,DE,91027,04/18/1960,6531,VB005175
Mary,Thompson,,+12712341094,6823 Valley Ln,Georgetown,mt,90376,1988-07-12,2530,VB005176
Lisa,Nelson,lisa.nelson46@yahoo.com,752.501.6080,5427 Park Blvd,Arlington,AR,60112,02-Aug-1964,9005,VB005177
Daniel,Scott,daniel.scott96@icloud.com,(607) 917-3953,4028 Maple Dr,Richmond,MI,94350,07-22-1956,9403,VB005178
Margaret,Hill,margaret.hill42@gmail.com,2909425780,1373 Valley Ln,Oxford,ak,80300,12/25/1992,6485,VB005179
Daniel,Hill,daniel.hill58@aol.com,668-755-1264,9156 Forest Ave,Marion,SD,47992,1948-12-24,8503,VB005180
Linda,Young,,+14296777303,5861 Main St,Richmond,ND,49209,11-Dec-2001,9574,VB005181
Matthew,King,,368.991.3311,394 Sunset Blvd,Richmond,id,98560,11-17-1969,6272,VB005182
Sandra,Hall,sandra.hall6@aol.com,(310) 804-2615,9432 Oak Ave,Franklin,WI,41275,05/11/1972,7911,VB005183
Christopher,Brown,christopher.brown20@gmail.com,2257486390,4575 Forest Ave,Manchester,ME,25426,1985-09-03,8913,VB005184
Jessica,Scott,,901-460-6999,7102 Valley Ln,Greenville,nj,63274,04-Nov-1963,1841,VB005185
Patricia,Jones,patricia.jones25@hotmail.com,+12879596101,8474 Lake Rd,Springfield,WY,30959,05-25-2001,8436,VB005186
Anthony,Adams,anthony.adams90@hotmail.com,558.938.7234,1082 Lincoln Ave,Burlington,WV,95872,02/10/1940,4516,VB005187
Nancy,Torres,nancy.torres43@icloud.com,(375) 720-9484,496 Lake Rd,Springfield,ny,51438,1944-02-02,9144,VB005188
Karen,Hill,karen.hill28@icloud.com,5759662570,1451 Washington St,Richmond,VA,57595,09-Feb-1987,8858,VB005189
Mark,Adams,,703-296-9817,2251 Cedar Ln,Burlington,DE,35355,02-01-2000,1330,VB005190
Charles,Smith,charles.smith86@icloud.com,+12675243820,693 Park Blvd,Oxford,ri,75776,05/26/1943,5876,VB005191
William,Adams,william.adams75@yahoo.com,468.590.6797,4290 Oak Ave,Georgetown,California,76111,1946-12-20,3368,VB005192
Margaret,Smith,margaret.smith45@yahoo.com,(231) 266-7071,6724 Sunset Blvd,Burlington,TX,47709,07-Jan-1975,8837,VB005193
Karen,Martin,karen.martin61@outlook.com,3665853941,5618 Sunset Blvd,Manchester,ny,64479,12-06-1953,3165,VB005194
Christopher,Anderson,christopher.anderson59@aol.com,735-448-1498,2909 Sunset Blvd,Fairview,ME,93338,03/25/1999,9562,VB005195
Richard,Martin,richard.martin75@yahoo.com,+15715124550,5225 Washington St,Georgetown,CO,86756,1975-02-24,3765,VB005196
Betty,Scott,,579.874.4583,8202 Washington St,Marion,in,50432,17-Feb-1995,9896,VB005197
Margaret,Brown,margaret.brown58@aol.com,(806) 608-2107,930 Lake Rd,Fairview,WA,65850,11-25-1941,9010,VB005198
Sandra,Miller,sandra.miller81@icloud.com,6285192781,4495 Park Blvd,Richmond,IL,99398,08/17/1992,9184,VB005199
Jennifer,Brown,jennifer.brown87@icloud.com,563-531-8752,3229 Maple Dr,Manchester,nm,88776,1943-11-23,8722,VB005200
Karen,Allen,karen.allen91@hotmail.com,+19173026204,8251 Washington St,Richmond,NE,25727,24-Jun-1987,2522,VB005201
Richard,King,richard.king60@aol.com,986.277.5667,5432 River Dr,Madison,NH,47740,12-26-1961,8273,VB005202
Michael,Johnson,michael.johnson76@yahoo.com,(500) 200-8827,5070 Oak Ave,Dayton,il,54298,11/15/1990,7874,VB005203
James,Miller,james.miller33@outlook.com,6076549980,6660 Main St,Franklin,WI,78388,1960-08-25,6165,VB005204
Richard,Smith,richard.smith32@icloud.com,611-865-4340,865 Lincoln Ave,Springfield,MS,26855,02-Nov-1955,2235,VB005205
Anthony,Johnson,anthony.johnson59@gmail.com,+19896054765,5924 Sunset Blvd,Clinton,al,83771,03-20-1982,1180,VB005206
Matthew,Smith,matthew.smith27@hotmail.com,844.205.5612,5811 Maple Dr,Marion,TN,57740,03/25/1959,6762,VB005207
William,Walker,william.walker64@outlook.com,(474) 788-2462,4032 River Dr,Burlington,CO,63504,1971-08-01,8216,VB005208
Ashley,Hill,ashley.hill16@outlook.com,7278281045,2973 Cedar Ln,Clinton,ny,41772,21-Sep-1996,7952,VB005209
Sandra,Nelson,sandra.nelson59@hotmail.com,419-741-6625,7511 Jefferson Dr,Greenville,RI,15913,11-16-1960,3226,VB005210
Sandra,Johnson,sandra.johnson40@icloud.com,+19425521152,8930 Jefferson Dr,Georgetown,KY,91706,08/11/1992,2456,VB005211
Robert,Jackson,robert.jackson27@hotmail.com,862.280.8369,6080 Oak Ave,Marion,wa,34966,1944-08-15,5398,VB005212
Jennifer,Allen,jennifer.allen5@outlook.com,(342) 715-8495,3076 Lincoln Ave,Madison,Michigan,26186,26-May-1952,7048,VB005213
James,White,james.white34@gmail.com,5905523134,7431 Maple Dr,Arlington,MT,21721,08-19-1989,2686,VB005214
Christopher,King,christopher.king72@gmail.com,888-998-9087,3601 Main St,Clinton,ct,49547,02/25/1990,5910,VB005215
Anthony,Johnson,anthony.johnson48@icloud.com,+13105709095,3161 Sunset Blvd,Burlington,Florida,54982,1971-12-08,5245,VB005216
Joseph,Torres,joseph.torres56@aol.com,609.397.5097,2834 Cedar Ln,Dayton,VA,46842,30-Mar-1975,2685,VB005217
Linda,Martin,linda.martin10@outlook.com,(208) 992-4521,7957 Valley Ln,Dayton,tn,37683,06-19-1942,7785,VB005218
Nancy,Thomas,nancy.thomas17@icloud.com,8653829255,8889 Washington St,Dayton,MA,25126,08/08/1971,8870,VB005219
Robert,Jones,robert.jones76@hotmail.com,660-292-9166,2569 Hill Rd,Clinton,FL,90965,1996-05-05,6866,VB005220
Margaret,Wilson,margaret.wilson55@hotmail.com,+16659116841,1414 River Dr,Franklin,nc,33444,26-Jan-1980,6235,VB005221
Ashley,Thomas,ashley.thomas2@gmail.com,235.254.8475,9342 Oak Ave,Richmond,MD,58733,09-30-1974,7239,VB005222
Nancy,Young,nancy.young42@outlook.com,(639) 567-5140,5826 Lake Rd,Franklin,OH,64825,07/10/1953,4014,VB005223
Mark,Nguyen,mark.nguyen96@gmail.com,3297287105,3996 Valley Ln,Burlington,co,69513,1981-09-14,9486,VB005224
Margaret,Miller,margaret.miller39@gmail.com,440-489-5430,2520 Oak Ave,Fairview,WY,19555,29-Mar-1986,1649,VB005225
William,Anderson,william.anderson63@icloud.com,+14499923650,2848 Lincoln Ave,Franklin,CO,60196,05-11-1980,9930,VB005226
Nancy,Harris,nancy.harris61@gmail.com,350.993.2634,9029 Lincoln Ave,Fairview,ok,19117,12/10/1981,2467,VB005227
Linda,Adams,linda.adams91@yahoo.com,(857) 236-6140,1175 Sunset Blvd,Salem,TN,71228,1947-09-07,9353,VB005228
Daniel,Allen,daniel.allen75@hotmail.com,4705909050,5639 Main St,Salem,MS,13753,04-Feb-1964,7612,VB005229
John,Allen,john.allen66@yahoo.com,907-362-8878,6865 Maple Dr,Manchester,oh,87144,08-21-1996,1954,VB005230
Michael,Martin,michael.martin24@gmail.com,+15112806189,7706 Main St,Oxford,RI,59089,11/16/1951,3006,VB005231
William,Anderson,william.anderson16@aol.com,963.213.6290,8258 Cedar Ln,Oxford,KS,50932,1943-03-30,9488,VB005232
John,Allen,john.allen69@hotmail.com,(890) 462-1439,5006 Forest Ave,Burlington,wa,69215,29-Aug-2003,6828,VB005233
Mark,Garcia,mark.garcia7@gmail.com,4146281175,7403 Maple Dr,Greenville,KS,52236,06-08-1943,3515,VB005234
Michael,Hall,michael.hall1@hotmail.com,705-468-4211,3044 Oak Ave,Burlington,CT,25691,11/12/1970,5359,VB005235
Mary,Hill,mary.hill78@gmail.com,+19363536789,5126 River Dr,Dayton,de,76062,1997-12-02,5749,VB005236
Christopher,Nelson,christopher.nelson30@gmail.com,825.235.6834,7377 Forest Ave,Greenville,AL,45196,27-Jan-1965,2086,VB005237
Charles,Jones,,(917) 800-5134,6532 Valley Ln,Arlington,FL,45828,12-05-1949,8807,VB005238
Anthony,Jackson,,9582146320,6592 River Dr,Greenville,ok,42155,05/04/1942,8348,VB005239
James,Adams,james.adams15@gmail.com,896-262-9355,1775 Oak Ave,Franklin,Pennsylvania,27565,2001-09-18,2884,VB005240
Ashley,White,ashley.white22@aol.com,+14369453483,6275 Park Blvd,Richmond,IL,89419,02-Mar-1972,2936,VB005241
Michael,Johnson,michael.johnson43@aol.com,449.719.1571,4892 Washington St,Dayton,ok,62064,12-21-1977,3176,VB005242
Richard,Nguyen,richard.nguyen18@aol.com,(903) 521-4888,4420 Lincoln Ave,Burlington,Florida,46614,07/31/1998,5632,VB005243
Mark,Williams,mark.williams7@hotmail.com,2754425969,2691 Cedar Ln,Clinton,CO,15846,1986-01-16,3833,VB005244
Betty,Johnson,,441-711-4317,8941 Lake Rd,Salem,oh,97209,03-Feb-1941,3802,VB005245
Lisa,Scott,lisa.scott94@outlook.com,+15723004349,2373 Forest Ave,Franklin,AR,14527,11-05-1966,2699,VB005246
Michael,Garcia,michael.garcia65@aol.com,734.472.6980,8182 Valley Ln,Richmond,ME,74699,11/01/1944,7371,VB005247
Linda,Smith,,(315) 415-2079,4616 River Dr,Madison,md,34237,1947-07-04,5620,VB005248
Joseph,Walker,joseph.walker10@yahoo.com,8285455250,8237 Forest Ave,Fairview,AR,37615,29-Sep-1997,7622,VB005249
Linda,Harris,,573-541-1489,7859 Hill Rd,Richmond,NV,82174,07-21-1987,8317,VB005250
Daniel,Brown,,+16095311427,6505 Oak Ave,Franklin,ga,95029,05/20/1965,7605,VB005251
David,Anderson,david.anderson23@hotmail.com,801.487.6734,6286 Cedar Ln,Georgetown,Ohio,90841,1970-02-04,4826,VB005252
Mark,Miller,,(800) 958-5630,7033 Maple Dr,Fairview,ND,41649,09-May-2001,7685,VB005253
James,Martin,,5705123895,3686 Washington St,Springfield,in,68072,06-10-2001,5352,VB005254
Matthew,King,,817-792-3788,3414 Maple Dr,Arlington,IN,86885,02/05/2001,9271,VB005255
Jennifer,Martin,jennifer.martin3@aol.com,+19062525160,2504 Park Blvd,Marion,WV,40592,1990-09-22,2725,VB005256
Richard,Young,richard.young98@icloud.com,416.795.7999,6253 Oak Ave,Clinton,ks,28915,03-Dec-1974,1866,VB005257
Patricia,King,,(236) 530-7994,7866 Hill Rd,Greenville,NH,37650,01-21-1947,2863,VB005258
Patricia,Garcia,patricia.garcia50@outlook.com,5482768081,1562 River Dr,Clinton,AR,21539,06/21/1997,4153,VB005259
Anthony,Young,,410-927-8135,7464 River Dr,Clinton,ct,69922,1980-12-25,3850,VB005260
Mary,Adams,mary.adams62@yahoo.com,+14596388953,8970 Main St,Greenville,ND,21545,28-Jun-1948,2086,VB005261
Sandra,Miller,sandra.miller11@yahoo.com,919.703.9065,5574 Main St,Salem,MS,99840,04-01-1963,9231,VB005262
Nancy,Martin,,(353) 565-8227,2123 Lake Rd,Oxford,ca,41379,08/31/1941,1171,VB005263
Matthew,Miller,matthew.miller56@icloud.com,3905609085,8351 River Dr,Marion,ME,55092,1974-04-15,2554,VB005264
David,Miller,david.miller26@yahoo.com,490-777-8434,1619 Lincoln Ave,Oxford,NH,26727,10-Feb-1996,1206,VB005265
Charles,Brown,charles.brown44@hotmail.com,+16679076483,2830 Park Blvd,Burlington,sc,83906,02-11-1946,2167,VB005266
Mark,Scott,mark.scott70@gmail.com,628.685.1549,4570 River Dr,Marion,VT,65345,01/02/1946,2067,VB005267
Jennifer,Young,jennifer.young24@hotmail.com,(591) 463-9700,1628 Forest Ave,Fairview,HI,44714,1960-10-25,7739,VB005268
Jessica,Adams,jessica.adams84@aol.com,3395076253,9884 Washington St,Fairview,nm,51180,08-Dec-1955,7524,VB005269
Lisa,Wright,,642-849-3982,4325 Lake Rd,Greenville,KY,14102,11-01-1972,6933,VB005270
Richard,Brown,,+17504826546,9190 Main St,Georgetown,HI,62342,08/14/1961,4055,VB005271
Christopher,Taylor,christopher.taylor20@hotmail.com,889.647.5127,7680 Sunset Blvd,Madison,az,17814,2003-12-19,1265,VB005272
Charles,Martin,charles.martin98@gmail.com,(282) 772-7914,3082 Oak Ave,Madison,WY,29410,20-Sep-1942,5097,VB005273
Lisa,Smith,,2703167898,5248 Oak Ave,Madison,NV,51927,06-03-1945,2636,VB005274
Sandra,Williams,sandra.williams16@hotmail.com,583-978-6736,2208 Park Blvd,Marion,or,91121,05/27/1962,1023,VB005275
Joseph,Williams,joseph.williams24@icloud.com,+17114014647,928 Sunset Blvd,Burlington,AR,66112,1952-06-08,8829,VB005276
David,Thomas,david.thomas14@aol.com,893.257.1839,6816 River Dr,Dayton,AK,56595,25-Dec-1977,8922,VB005277
Margaret,Torres,margaret.torres67@icloud.com,(993) 503-5492,2868 Lincoln Ave,Fairview,ky,99961,11-30-1954,3417,VB005278
Linda,Harris,linda.harris19@hotmail.com,4339276750,7324 Maple Dr,Manchester,SC,12010,09/27/1958,1568,VB005279
Margaret,Davis,margaret.davis65@aol.com,654-816-6876,7555 Cedar Ln,Salem,WV,70505,1972-12-20,8137,VB005280
Sarah,Thomas,sarah.thomas28@gmail.com,+19989996359,8522 Washington St,Clinton,ga,13045,29-Apr-1982,2186,VB005281
Thomas,Wright,,264.236.9059,3363 Park Blvd,Marion,UT,34322,07-26-1995,1777,VB005282
Christopher,Nguyen,christopher.nguyen15@gmail.com,(710) 234-5428,4555 Valley Ln,Clinton,MD,21074,05/10/1945,5572,VB005283
Daniel,Thompson,daniel.thompson68@outlook.com,4808613512,5158 Valley Ln,Madison,il,72918,1962-01-09,7060,VB005284
Margaret,Torres,margaret.torres99@gmail.com,838-421-7601,6315 Park Blvd,Salem,Illinois,53496,09-Dec-1958,3810,VB005285
Karen,Nguyen,karen.nguyen22@gmail.com,+19488874855,2286 Lake Rd,Marion,ND,13289,10-20-1984,7629,VB005286
Ashley,Brown,ashley.brown32@hotmail.com,799.527.2458,5610 Hill Rd,Clinton,de,14486,03/25/1961,8459,VB005287
Joseph,Martin,,(528) 360-8974,3855 Jefferson Dr,Clinton,Georgia,37793,1992-11-26,5298,VB005288
Barbara,Nguyen,barbara.nguyen40@outlook.com,8083441064,7317 Park Blvd,Springfield,MS,23742,09-Jan-2002,8638,VB005289
William,Jones,william.jones83@icloud.com,891-506-6585,6444 Park Blvd,Franklin,co,87821,09-06-1995,3560,VB005290
Sandra,Jackson,sandra.jackson79@aol.com,+14893927971,4312 Valley Ln,Richmond,Pennsylvania,27785,12/18/1946,5108,VB005291
Sandra,Davis,,558.557.8551,9063 Lincoln Ave,Greenville,RI,41029,1942-11-07,6608,VB005292
Sandra,Miller,sandra.miller99@aol.com,(309) 308-3090,2744 Cedar Ln,Franklin,md,44358,10-Feb-1990,9736,VB005293
Mary,Martin,,2367667870,3679 Lake Rd,Fairview,NE,51934,05-02-1964,2276,VB005294
Joseph,Baker,joseph.baker73@hotmail.com,260-210-3587,6844 Lincoln Ave,Manchester,VT,16655,01/30/1947,6234,VB005295
Patricia,Scott,patricia.scott95@aol.com,+14303308569,2589 Lincoln Ave,Salem,id,80899,1947-10-22,3622,VB005296
Sarah,Jones,sarah.jones58@aol.com,314.654.3019,2105 Jefferson Dr,Arlington,North Carolina,65850,15-Oct-2001,1887,VB005297
Matthew,Miller,matthew.miller97@aol.com,(293) 654-9828,6457 Lake Rd,Fairview,ID,95205,04-23-1994,6980,VB005298
Betty,Thompson,betty.thompson52@outlook.com,9615716818,6774 Valley Ln,Madison,ok,10043,03/19/1997,5116,VB005299
Mark,Walker,,819-818-1763,4807 Lincoln Ave,Springfield,VT,55194,1979-07-21,1962,VB005300
Matthew,Wright,matthew.wright65@aol.com,+18514116671,3320 River Dr,Richmond,WY,15242,20-Dec-1972,5644,VB005301
Patricia,Johnson,patricia.johnson11@hotmail.com,296.910.3317,367 Sunset Blvd,Burlington,az,11996,06-19-1986,7795,VB005302
Karen,Torres,,(806) 476-4462,8835 Main St,Arlington,AL,34067,10/18/1967,2570,VB005303
William,Taylor,william.taylor92@aol.com,8282195464,3882 Valley Ln,Burlington,ND,27219,2004-11-23,6092,VB005304
Matthew,Miller,matthew.miller20@gmail.com,640-527-5434,3686 Maple Dr,Clinton,sd,18801,17-Jun-1966,4615,VB005305
Nancy,Nelson,nancy.nelson83@icloud.com,+14743267740,9247 Jefferson Dr,Burlington,OR,38987,06-21-1943,8370,VB005306
David,Brown,david.brown39@icloud.com,306.498.1034,5870 Lincoln Ave,Springfield,OK,55699,04/12/1941,2297,VB005307
Ashley,Thompson,ashley.thompson4@outlook.com,(857) 699-5653,3565 Lincoln Ave,Burlington,co,83157,1946-05-04,8926,VB005308
Susan,Baker,susan.baker70@hotmail.com,7697021423,7163 Cedar Ln,Springfield,Texas,29839,06-Apr-1953,9961,VB005309
Thomas,Williams,thomas.williams20@hotmail.com,577-841-8042,7807 River Dr,Arlington,HI,37962,03-27-1950,2723,VB005310
Jennifer,Williams,jennifer.williams31@aol.com,+13848357119,163 Oak Ave,Arlington,ut,86974,05/11/1983,7300,VB005311
Sandra,Williams,sandra.williams62@icloud.com,701.508.1101,5326 Park Blvd,Georgetown,North Carolina,67295,1978-06-30,2997,VB005312
Patricia,Thomas,patricia.thomas6@yahoo.com,(499) 894-5820,5485 Main St,Burlington,NM,73298,04-Aug-1975,4254,VB005313
Daniel,White,daniel.white52@yahoo.com,7147092588,1259 Forest Ave,Manchester,de,67307,04-11-1973,4476,VB005314
Mary,Harris,mary.harris52@hotmail.com,920-289-6483,1795 River Dr,Georgetown,HI,85305,07/07/1984,6685,VB005315
Linda,Hill,linda.hill90@yahoo.com,+16394713800,1749 Forest Ave,Franklin,DE,69717,1950-06-08,8476,VB005316
Margaret,Wilson,,895.653.1555,3094 Lake Rd,Dayton,me,96338,13-Apr-1956,2265,VB005317
Jessica,Smith,jessica.smith32@hotmail.com,(381) 733-2346,6189 Lincoln Ave,Madison,KY,19003,03-25-2003,7753,VB005318
Jessica,Jackson,jessica.jackson75@outlook.com,7462686983,3856 Sunset Blvd,Arlington,TX,94539,01/10/1949,1411,VB005319
Richard,Taylor,richard.taylor60@hotmail.com,334-342-9003,6062 Lincoln Ave,Burlington,ks,97897,1993-09-29,8097,VB005320
Barbara,Scott,barbara.scott93@aol.com,+17088637951,9274 Jefferson Dr,Burlington,MO,46535,13-Dec-1982,7697,VB005321
Margaret,Brown,margaret.brown92@hotmail.com,684.824.5818,5521 Valley Ln,Georgetown,MI,98331,08-18-1993,5221,VB005322
Jennifer,Miller,,(872) 989-3452,8813 Valley Ln,Clinton,nv,10019,02/18/1976,5229,VB005323
David,Taylor,david.taylor84@yahoo.com,3302912944,5956 River Dr,Springfield,AZ,58152,1955-03-12,9615,VB005324
William,Hill,william.hill19@icloud.com,343-380-4162,89 River Dr,Burlington,MO,13410,03-Sep-1994,6203,VB005325
Michael,Davis,michael.davis51@aol.com,+15239515994,2594 Maple Dr,Fairview,ct,12578,09-17-1947,3851,VB005326
Sandra,Smith,sandra.smith7@icloud.com,972.566.2960,1164 Valley Ln,Franklin,ND,64225,06/18/1954,4188,VB005327
Christopher,Davis,christopher.davis35@icloud.com,(619) 725-1328,146 Forest Ave,Arlington,FL,94852,1955-07-16,1138,VB005328
Margaret,Walker,margaret.walker17@yahoo.com,7203031812,9139 Valley Ln,Franklin,ok,76170,05-Nov-1979,1135,VB005329
Christopher,Brown,christopher.brown91@yahoo.com,793-710-7751,1075 Main St,Georgetown,NH,35885,12-18-1966,8249,VB005330
Susan,Williams,,+14164578044,8728 Park Blvd,Georgetown,NE,82967,07/03/1975,1337,VB005331
Michael,Jones,michael.jones27@hotmail.com,318.494.3552,3748 Washington St,Burlington,va,52078,1966-11-05,5830,VB005332
Karen,Jackson,karen.jackson15@gmail.com,(880) 790-2896,4063 Valley Ln,Manchester,DE,22779,04-Jul-1987,6023,VB005333
Thomas,Brown,thomas.brown36@yahoo.com,4286496867,7180 Park Blvd,Burlington,MI,99210,07-27-1964,7129,VB005334
Michael,Martin,michael.martin99@aol.com,454-344-5792,3051 Hill Rd,Manchester,il,31394,07/22/1990,5237,VB005335
Linda,Thomas,,+17377818862,4605 Park Blvd,Dayton,KY,65567,1990-04-01,8497,VB005336
Betty,Wilson,,828.915.8670,6558 Maple Dr,Franklin,DE,79244,11-Nov-1989,1332,VB005337
Anthony,Torres,,(303) 450-8449,9761 Forest Ave,Richmond,tn,92658,10-23-1975,8796,VB005338
Linda,Harris,linda.harris65@icloud.com,8932287083,5503 Sunset Blvd,Arlington,SC,28100,12/11/1951,8838,VB005339
Mary,Young,mary.young64@outlook.com,337-276-1650,7354 Sunset Blvd,Georgetown,ID,48287,2001-09-26,1848,VB005340
Susan,Johnson,,+19909897804,8199 Oak Ave,Richmond,ri,50093,14-Oct-2000,7075,VB005341
Daniel,Thompson,daniel.thompson23@icloud.com,441.221.8400,4629 Maple Dr,Dayton,ME,85243,07-19-1969,7725,VB005342
Anthony,Johnson,anthony.johnson59@outlook.com,(936) 825-6797,721 Main St,Arlington,OK,71016,05/24/1955,4921,VB005343
Anthony,Davis,anthony.davis27@yahoo.com,2267765396,2559 Maple Dr,Clinton,hi,60179,1951-09-20,8653,VB005344
Matthew,Young,matthew.young57@gmail.com,876-363-3887,6721 Cedar Ln,Franklin,AK,84486,01-Jun-1976,9946,VB005345
Betty,Torres,betty.torres22@yahoo.com,+17775288348,7614 Hill Rd,Georgetown,SC,23497,02-13-1952,3312,VB005346
Sandra,Jackson,,612.229.4382,124 Park Blvd,Marion,hi,21425,04/16/1957,4343,VB005347
Richard,Thompson,,(382) 495-1124,9853 Lincoln Ave,Georgetown,CT,99434,1955-01-25,1033,VB005348
Sarah,Taylor,sarah.taylor82@yahoo.com,5496078554,8258 Washington St,Salem,CA,77291,17-Dec-1984,9623,VB005349
James,White,james.white16@hotmail.com,757-811-3750,5875 Lake Rd,Manchester,il,17678,11-02-1977,9871,VB005350
Sandra,Nguyen,sandra.nguyen33@icloud.com,+17613718545,781 Park Blvd,Fairview,Pennsylvania,11250,02/18/1980,6591,VB005351
Jessica,Hall,jessica.hall64@outlook.com,627.797.6867,5297 Sunset Blvd,Salem,NY,10586,1968-11-05,2926,VB005352
Linda,Hall,,(428) 946-1112,4464 Forest Ave,Franklin,mo,97505,02-May-1976,3483,VB005353
Joseph,Thomas,joseph.thomas59@gmail.com,2046939547,2844 Hill Rd,Franklin,Pennsylvania,75238,11-02-1969,3132,VB005354
Mary,Harris,mary.harris58@hotmail.com,692-532-6889,1723 Lake Rd,Franklin,CO,89343,08/26/1946,5853,VB005355
Barbara,White,barbara.white85@gmail.com,+19082784642,6250 Hill Rd,Salem,wi,57497,1982-12-18,5509,VB005356
Joseph,Williams,joseph.williams46@yahoo.com,492.466.3795,5990 Main St,Oxford,CO,16269,24-Aug-1941,6635,VB005357
Richard,Nguyen,richard.nguyen78@gmail.com,(405) 926-5423,3962 Park Blvd,Madison,VA,68895,03-03-1986,5264,VB005358
David,Allen,,6629227504,7415 Jefferson Dr,Arlington,de,95018,08/27/1976,9284,VB005359
Mark,Nelson,mark.nelson60@hotmail.com,804-682-2500,5163 Sunset Blvd,Franklin,Florida,98201,1993-08-04,6387,VB005360
Mary,Young,mary.young73@aol.com,+17118833128,2321 Cedar Ln,Richmond,TX,47637,14-Feb-1990,1791,VB005361
Betty,Anderson,betty.anderson86@icloud.com,469.350.9141,393 Lincoln Ave,Oxford,nc,38212,09-04-1949,9422,VB005362
Richard,Hill,richard.hill30@outlook.com,(312) 756-2822,5994 Forest Ave,Oxford,NJ,68043,06/23/1976,5706,VB005363
Sandra,Thomas,sandra.thomas34@hotmail.com,4537988240,7168 Hill Rd,Richmond,MT,50143,1986-09-23,3533,VB005364
Karen,Martin,karen.martin78@hotmail.com,313-981-5636,7190 River Dr,Arlington,vt,19542,19-Dec-1987,1890,VB005365
Daniel,Walker,daniel.walker91@aol.com,+19587677014,1772 Hill Rd,Clinton,NH,60908,03-25-1976,8985,VB005366
William,Baker,william.baker75@outlook.com,315.563.7998,722 Forest Ave,Arlington,OK,94191,04/05/1962,3900,VB005367
Daniel,Adams,,(898) 407-6474,2291 Lincoln Ave,Manchester,ky,62537,1956-07-01,5462,VB005368
Jennifer,Taylor,,3838415853,7827 Main St,Salem,AZ,84081,02-Feb-1993,2392,VB005369
Daniel,Jackson,daniel.jackson31@icloud.com,530-919-3013,5637 Main St,Burlington,NV,48437,10-27-1998,7249,VB005370
Daniel,Brown,,+12177059773,5252 Cedar Ln,Salem,in,92986,05/18/1961,6341,VB005371
Karen,Hill,karen.hill79@icloud.com,696.318.3564,3126 Lincoln Ave,Salem,California,76087,1949-03-08,1238,VB005372
Jessica,King,,(984) 758-3732,1168 Valley Ln,Madison,IA,88759,12-Aug-1967,9499,VB005373
James,Wright,james.wright15@icloud.com,6482529224,7338 Cedar Ln,Franklin,ny,11823,12-05-1992,9209,VB005374
Linda,Jackson,,761-322-5564,3655 Oak Ave,Fairview,NH,44584,01/30/1942,1010,VB005375
Mark,Martin,mark.martin11@gmail.com,+13864965423,5181 Lincoln Ave,Dayton,UT,60991,1972-10-09,9920,VB005376
James,King,james.king32@hotmail.com,565.934.8259,3741 Forest Ave,Fairview,id,69323,30-Jun-1963,8408,VB005377
Daniel,Scott,daniel.scott90@outlook.com,(501) 398-7209,846 Jefferson Dr,Madison,Ohio,91752,03-23-1940,9515,VB005378
Michael,King,,6654583591,8480 River Dr,Richmond,NV,48665,03/24/1967,8877,VB005379
Ashley,Davis,ashley.davis8@icloud.com,431-572-3034,8211 Park Blvd,Fairview,or,25445,1975-11-16,4449,VB005380
Patricia,Wilson,patricia.wilson30@icloud.com,+12598846096,6275 Hill Rd,Arlington,AZ,18219,08-Jul-1980,8422,VB005381
Joseph,Hall,joseph.hall84@yahoo.com,529.819.8792,8215 Maple Dr,Springfield,NH,23566,10-23-1970,2381,VB005382
Richard,Allen,,(563) 948-3968,6996 Washington St,Salem,al,96324,05/16/1983,1616,VB005383
Patricia,Thompson,patricia.thompson77@outlook.com,2118782839,4250 Oak Ave,Greenville,OR,75538,2003-11-01,1099,VB005384
Charles,Wright,charles.wright21@yahoo.com,984-605-3814,2588 Valley Ln,Dayton,HI,52687,02-May-1986,8762,VB005385
Charles,Scott,charles.scott72@yahoo.com,+13669069394,7584 River Dr,Springfield,tn,17306,07-12-1994,3926,VB005386
Matthew,Johnson,matthew.johnson36@icloud.com,561.871.7065,2417 River Dr,Arlington,NJ,43511,01/19/1979,4870,VB005387
Sarah,Walker,sarah.walker8@outlook.com,(327) 718-4979,4738 Park Blvd,Greenville,MI,26295,1947-09-29,9290,VB005388
Daniel,Wilson,daniel.wilson26@icloud.com,3398955648,4701 Washington St,Dayton,fl,25727,20-Jun-1967,7538,VB005389
Sarah,Thomas,sarah.thomas21@outlook.com,537-464-1453,7895 Park Blvd,Burlington,LA,94012,04-14-1985,3173,VB005390
Patricia,Jackson,patricia.jackson77@yahoo.com,+19419222002,7093 Forest Ave,Georgetown,LA,84829,02/25/1960,4218,VB005391
Sandra,Jones,,671.242.4107,5898 Sunset Blvd,Arlington,wa,45053,1998-01-15,5081,VB005392
Mary,Anderson,mary.anderson29@icloud.com,(840) 316-3181,1775 Sunset Blvd,Dayton,AR,53082,11-Apr-1948,2915,VB005393
Betty,Hill,,5894719157,1828 Sunset Blvd,Manchester,NJ,88874,05-31-2002,5798,VB005394
Mark,Scott,mark.scott47@hotmail.com,831-767-8325,1429 Park Blvd,Manchester,hi,26132,01/31/1995,3753,VB005395
Barbara,Smith,barbara.smith91@yahoo.com,+15298591547,582 Maple Dr,Franklin,NM,37362,1976-03-17,1535,VB005396
Charles,Nguyen,,536.306.5990,4190 Sunset Blvd,Madison,NC,59388,25-May-1970,8528,VB005397
Michael,Baker,,(572) 431-7496,2085 Cedar Ln,Greenville,co,86438,04-20-1991,1944,VB005398
Nancy,Brown,nancy.brown24@gmail.com,3984677148,8831 Sunset Blvd,Madison,IA,78575,01/03/2000,6536,VB005399
James,Wright,james.wright96@aol.com,487-773-5927,1163 Sunset Blvd,Madison,OR,33540,1951-05-17,9810,VB005400
Mark,Walker,,+13177188850,4761 Main St,Georgetown,ak,24681,16-Jun-1961,4374,VB005401
Mark,White,mark.white54@outlook.com,455.693.3572,9643 River Dr,Marion,NE,21250,07-02-1954,8583,VB005402
Michael,Brown,michael.brown1@outlook.com,(726) 819-5825,6754 Park Blvd,Burlington,WY,86891,08/14/1947,8945,VB005403
Daniel,Thompson,daniel.thompson17@icloud.com,4188271907,797 Lake Rd,Greenville,hi,40791,1985-11-29,3610,VB005404
Anthony,Harris,anthony.harris14@gmail.com,641-375-9469,5450 Forest Ave,Madison,NJ,57995,09-Mar-1995,6263,VB005405
David,Taylor,david.taylor13@aol.com,+12862215571,388 Maple Dr,Salem,MD,65225,03-03-1995,7816,VB005406
Mark,Garcia,mark.garcia39@outlook.com,448.685.8853,3954 Park Blvd,Dayton,ok,92564,02/10/1969,1879,VB005407
William,Martin,william.martin24@icloud.com,(708) 489-3159,3254 Sunset Blvd,Arlington,CO,77673,2004-11-20,4509,VB005408
Patricia,Torres,,5707513200,7070 River Dr,Arlington,AZ,99551,15-May-1991,1394,VB005409
Michael,Smith,michael.smith50@outlook.com,528-261-2568,9230 Washington St,Salem,mi,51738,06-26-1968,6073,VB005410
Joseph,Harris,joseph.harris25@gmail.com,+14314324303,6152 Oak Ave,Madison,IN,47975,08/28/1997,6204,VB005411
Margaret,Baker,margaret.baker93@gmail.com,523.329.7597,547 Lake Rd,Burlington,NJ,87802,1965-08-19,9961,VB005412
Richard,Baker,,(369) 706-7555,3309 Main St,Oxford,ne,58682,28-Jul-1943,1577,VB005413
Ashley,Adams,ashley.adams66@icloud.com,6977613103,269 Sunset Blvd,Madison,WY,95769,06-20-1964,3258,VB005414
Karen,Nguyen,,261-953-9966,5856 Park Blvd,Oxford,TN,20199,07/24/1952,5748,VB005415
Patricia,Jones,patricia.jones59@icloud.com,+15065243239,7940 Washington St,Franklin,wy,89635,1959-02-13,8145,VB005416
Mark,Williams,mark.williams63@icloud.com,678.753.2457,4891 Jefferson Dr,Clinton,WY,85594,14-Aug-1998,1017,VB005417
Joseph,Brown,,(510) 234-8282,699 Lake Rd,Greenville,NJ,70076,11-03-1964,1149,VB005418
Charles,Jackson,,4717194311,1838 Hill Rd,Greenville,wi,18670,07/22/1949,9946,VB005419
Charles,Scott,charles.scott90@hotmail.com,986-983-7709,8418 Lake Rd,Springfield,North Carolina,77507,1982-09-08,8949,VB005420
Daniel,Thomas,,+13225286109,4237 Park Blvd,Oxford,MI,34434,25-Dec-1993,4778,VB005421
Betty,Jones,betty.jones39@yahoo.com,794.529.5623,6027 Cedar Ln,Franklin,mo,34835,03-18-1948,1338,VB005422
Robert,Hall,robert.hall17@aol.com,(989) 858-7858,3976 Oak Ave,Oxford,MO,34558,08/15/1967,7575,VB005423
Anthony,Taylor,anthony.taylor13@yahoo.com,6649171664,1740 Lake Rd,Georgetown,MA,24336,2003-01-16,6846,VB005424
Nancy,Nelson,nancy.nelson11@outlook.com,215-360-9328,6128 Washington St,Oxford,mn,35198,30-Apr-2004,9806,VB005425
Anthony,Hall,anthony.hall34@icloud.com,+16734089696,44 River Dr,Oxford,NH,38174,02-09-2000,5137,VB005426
Patricia,White,patricia.white35@aol.com,610.807.1467,2688 Hill Rd,Greenville,MD,88230,08/02/2002,9586,VB005427
Sandra,Johnson,sandra.johnson73@outlook.com,(303) 956-5034,6256 Lincoln Ave,Fairview,mi,87559,1947-01-17,2489,VB005428
Ashley,Garcia,ashley.garcia8@gmail.com,5003234292,1632 River Dr,Dayton,MT,74776,14-Sep-1981,6769,VB005429
John,Thomas,,595-423-3894,4220 Jefferson Dr,Springfield,MA,23547,02-12-1944,3312,VB005430
Sandra,Wilson,sandra.wilson83@yahoo.com,+13192932740,1118 Hill Rd,Oxford,ga,77256,07/29/1986,7648,VB005431
Betty,Martin,betty.martin2@yahoo.com,717.663.9095,4762 Jefferson Dr,Clinton,LA,40435,1985-07-15,6597,VB005432
Lisa,Hill,lisa.hill62@yahoo.com,(943) 726-8439,9637 Hill Rd,Dayton,TX,40414,30-Sep-1983,9213,VB005433
Nancy,Davis,nancy.davis9@gmail.com,2206514419,2590 Hill Rd,Springfield,id,48090,12-01-1953,4406,VB005434
Sarah,Smith,sarah.smith52@hotmail.com,850-799-8858,5721 Hill Rd,Richmond,KS,55171,06/23/1986,8104,VB005435
Linda,Adams,,+14075942225,2897 Lake Rd,Franklin,ME,31765,1999-04-08,7343,VB005436
Jessica,Jackson,,224.703.2709,5268 Hill Rd,Salem,sc,60961,11-Jun-1967,9152,VB005437
Joseph,Johnson,joseph.johnson57@hotmail.com,(706) 307-3888,8059 Washington St,Marion,WY,63129,07-26-1967,2315,VB005438
Jennifer,Wright,jennifer.wright70@aol.com,5826923566,1495 Cedar Ln,Clinton,GA,28038,10/10/1990,5465,VB005439
Nancy,Scott,nancy.scott56@gmail.com,854-434-4970,9410 Park Blvd,Greenville,id,79357,1986-06-22,7762,VB005440
Anthony,Davis,anthony.davis82@aol.com,+17575147789,5614 Oak Ave,Oxford,AZ,37155,17-Dec-2003,5767,VB005441
Joseph,Baker,,298.470.3822,8784 River Dr,Arlington,KS,63822,06-22-1966,3944,VB005442
Sarah,King,sarah.king85@icloud.com,(886) 771-2980,8011 Valley Ln,Clinton,ga,26302,03/25/1947,8106,VB005443
Nancy,Torres,nancy.torres98@yahoo.com,6932418002,9886 Lake Rd,Dayton,CT,18607,1986-11-18,2711,VB005444
Sarah,King,sarah.king85@icloud.com,856-901-8650,5571 Valley Ln,Manchester,KS,91985,25-Sep-1980,3148,VB005445
Karen,Davis,karen.davis4@hotmail.com,+15436048118,5721 Cedar Ln,Fairview,co,22151,06-21-2004,2316,VB005446
Daniel,Williams,daniel.williams2@gmail.com,369.629.2019,4377 Lincoln Ave,Georgetown,SD,20881,07/05/1980,1934,VB005447
Barbara,Hall,barbara.hall8@yahoo.com,(406) 929-5833,7793 Lincoln Ave,Salem,HI,10030,1978-04-16,9434,VB005448
Jennifer,Nelson,jennifer.nelson38@outlook.com,9688783155,6010 River Dr,Oxford,wy,27589,01-Jan-1978,9969,VB005449
Richard,Nelson,richard.nelson20@yahoo.com,756-867-1294,1232 Cedar Ln,Dayton,NH,14192,11-05-1955,1489,VB005450
Margaret,King,margaret.king93@gmail.com,+17205621113,3829 Cedar Ln,Clinton,KY,68334,05/01/1991,1057,VB005451
Matthew,Scott,matthew.scott23@outlook.com,549.992.4642,1546 Jefferson Dr,Salem,ct,70889,2004-09-05,2039,VB005452
Mark,Harris,mark.harris10@yahoo.com,(277) 555-2997,7358 River Dr,Salem,North Carolina,81688,28-Apr-1953,4899,VB005453
Christopher,Davis,,2822416452,9042 Sunset Blvd,Oxford,WA,88539,01-31-1950,2764,VB005454
Nancy,King,nancy.king14@gmail.com,902-714-4777,9362 Lincoln Ave,Clinton,ms,74537,11/18/1999,5202,VB005455
Linda,Scott,linda.scott39@aol.com,+17153999964,4975 Maple Dr,Georgetown,IA,60151,1996-07-29,5881,VB005456
Matthew,White,,390.206.7966,7034 Washington St,Salem,CA,52075,18-Dec-1972,7088,VB005457
Nancy,Taylor,nancy.taylor20@yahoo.com,(628) 206-8203,4844 Oak Ave,Salem,ar,66084,02-21-1941,3742,VB005458
Jessica,Thomas,jessica.thomas33@aol.com,2699886492,8101 Lincoln Ave,Madison,WI,73081,09/22/2003,3858,VB005459
Richard,Smith,,726-568-4630,6050 Hill Rd,Springfield,AR,84819,1991-09-15,8578,VB005460
Sandra,Scott,sandra.scott6@gmail.com,+19353765771,2096 Park Blvd,Arlington,nv,50431,28-Jun-1952,5368,VB005461
Sarah,Jackson,sarah.jackson99@gmail.com,824.479.8595,7750 Forest Ave,Georgetown,DE,57614,02-29-1940,9361,VB005462
Lisa,Hill,lisa.hill93@hotmail.com,(666) 536-5461,8020 Cedar Ln,Dayton,TN,68920,07/22/1981,1605,VB005463
Thomas,Johnson,thomas.johnson43@icloud.com,2918883340,7168 Forest Ave,Oxford,md,23602,1979-11-18,4615,VB005464
Patricia,King,patricia.king85@outlook.com,803-795-4468,3031 Park Blvd,Clinton,VA,91504,05-Jul-1998,7557,VB005465
Christopher,King,christopher.king37@hotmail.com,+16662065696,1938 Washington St,Burlington,MD,58742,02-28-1943,6389,VB005466
Mary,Young,,321.903.2940,2271 Main St,Salem,ga,25379,02/21/1980,2630,VB005467
Joseph,King,joseph.king92@gmail.com,(797) 986-5831,7441 Jefferson Dr,Arlington,MN,36489,1958-12-09,6324,VB005468
Karen,Young,karen.young45@icloud.com,8096328101,8538 Oak Ave,Clinton,CO,98807,27-Oct-1943,5833,VB005469
Jennifer,Brown,jennifer.brown70@hotmail.com,558-242-4344,5940 Lake Rd,Dayton,pa,88491,08-22-1975,8559,VB005470
Lisa,White,,+16716291247,1486 Maple Dr,Fairview,Michigan,55566,04/09/1994,3816,VB005471
Susan,Baker,susan.baker35@icloud.com,718.670.6272,159 Oak Ave,Burlington,MO,98634,1964-06-04,1960,VB005472
Lisa,Wright,,(244) 871-8423,5324 Washington St,Burlington,or,26950,18-Dec-1958,1797,VB005473
Sandra,Hall,,7633001828,8857 Jefferson Dr,Springfield,CO,40982,12-02-1954,7658,VB005474
Ashley,Scott,,387-295-3610,7780 Cedar Ln,Greenville,WY,98465,05/07/1943,5185,VB005475
Karen,Scott,karen.scott27@icloud.com,+12982003161,3646 Park Blvd,Arlington,mn,13994,2002-01-24,9665,VB005476
Joseph,Thomas,joseph.thomas73@icloud.com,571.522.8568,1435 Park Blvd,Manchester,ID,21046,14-Jan-1948,7904,VB005477
Patricia,Williams,patricia.williams44@hotmail.com,(431) 624-7730,8605 River Dr,Madison,NV,45979,09-09-1961,9704,VB005478
Christopher,Johnson,christopher.johnson17@icloud.com,7448126884,117 Maple Dr,Burlington,sc,19139,11/16/1968,7010,VB005479
Matthew,Nguyen,matthew.nguyen23@hotmail.com,236-670-1772,1107 Sunset Blvd,Marion,Georgia,69865,1978-10-12,1155,VB005480
Jennifer,Young,jennifer.young91@aol.com,+14404923210,34 River Dr,Madison,IL,36276,13-Jan-1999,6229,VB005481
David,Taylor,david.taylor37@outlook.com,713.795.6033,3156 Valley Ln,Greenville,nc,34690,08-26-1994,3166,VB005482
Richard,Taylor,richard.taylor62@outlook.com,(300) 712-6414,6943 Hill Rd,Madison,TN,68329,05/23/1966,7278,VB005483
Thomas,Wilson,thomas.wilson2@hotmail.com,5024495946,2459 Park Blvd,Clinton,KY,57164,1954-04-04,3585,VB005484
Sarah,King,,372-856-2377,3880 Lincoln Ave,Richmond,wa,35002,15-Aug-1981,9756,VB005485
Richard,Wright,richard.wright5@hotmail.com,+16313833679,6525 Sunset Blvd,Marion,CT,70938,05-31-1947,6673,VB005486
Richard,Wilson,richard.wilson42@icloud.com,931.801.8455,3821 Jefferson Dr,Franklin,SD,71920,03/15/1961,1730,VB005487
Daniel,Scott,daniel.scott53@gmail.com,(642) 560-9066,241 Hill Rd,Marion,ky,24310,2002-03-17,4162,VB005488
Joseph,Garcia,,3258592191,4530 Oak Ave,Clinton,North Carolina,84223,02-Jul-1970,1608,VB005489
Mark,Smith,mark.smith88@icloud.com,892-837-6901,1367 Hill Rd,Clinton,SC,52468,06-02-1977,2420,VB005490
Patricia,Wilson,patricia.wilson39@yahoo.com,+12554665167,5733 Jefferson Dr,Dayton,nh,59386,01/08/2000,3207,VB005491
Christopher,King,christopher.king30@outlook.com,381.288.5443,7379 Forest Ave,Greenville,AR,68457,1946-12-26,9143,VB005492
Joseph,Williams,joseph.williams52@hotmail.com,(762) 880-9622,9071 Cedar Ln,Oxford,IN,50890,18-Nov-1952,4614,VB005493
Mark,Hill,mark.hill76@icloud.com,4335378883,6193 Valley Ln,Madison,ks,81929,11-10-1971,8091,VB005494
Susan,Davis,susan.davis11@gmail.com,777-842-1137,7054 Lake Rd,Georgetown,IN,35981,02/24/1945,2284,VB005495
Barbara,Wilson,barbara.wilson12@aol.com,+18738086588,4138 Oak Ave,Salem,CO,14657,1940-05-02,7662,VB005496
Thomas,Davis,thomas.davis52@aol.com,996.387.4664,1262 Hill Rd,Franklin,ri,52720,07-May-1978,9463,VB005497
Robert,Davis,robert.davis86@gmail.com,(804) 991-3057,8809 Sunset Blvd,Greenville,AR,99576,07-25-1984,4556,VB005498
Sarah,Nguyen,sarah.nguyen30@aol.com,7419433115,5615 Lincoln Ave,Burlington,NH,82827,11/13/1962,4372,VB005499
Matthew,Allen,matthew.allen33@aol.com,927-297-5439,5005 Main St,Springfield,ar,45616,1943-04-01,8283,VB005500
Jennifer,Scott,,+16323752012,7091 Cedar Ln,Marion,Michigan,73144,25-Jul-1962,8321,VB005501
Daniel,Wilson,daniel.wilson22@aol.com,803.643.4295,8654 Valley Ln,Dayton,OR,85680,12-05-1976,9338,VB005502
Betty,Nelson,betty.nelson47@yahoo.com,(492) 232-7958,5102 River Dr,Burlington,md,62082,09/05/1984,2318,VB005503
Jennifer,Allen,jennifer.allen45@aol.com,8064614452,6440 Cedar Ln,Springfield,AL,25006,1986-11-22,5570,VB005504
James,Hill,james.hill79@hotmail.com,975-561-4208,1711 Oak Ave,Dayton,NH,75398,22-May-1978,7893,VB005505
John,Nelson,john.nelson52@gmail.com,+16767073340,8044 Maple Dr,Springfield,sd,47006,09-11-1972,1795,VB005506
Thomas,Williams,thomas.williams91@icloud.com,783.453.4224,8331 Main St,Oxford,NE,39857,06/03/1967,3804,VB005507
Margaret,Jones,margaret.jones23@hotmail.com,(260) 222-3420,9612 Washington St,Arlington,GA,24538,1987-03-20,6978,VB005508
William,Allen,william.allen2@hotmail.com,5984396948,7132 Oak Ave,Oxford,ne,95426,08-Mar-1972,3074,VB005509
Mary,White,mary.white22@hotmail.com,796-745-3700,8910 Forest Ave,Oxford,Georgia,44925,10-12-1947,3480,VB005510
Nancy,Torres,nancy.torres44@outlook.com,+13537248469,2486 Maple Dr,Clinton,UT,85578,11/06/1958,5850,VB005511
Ashley,Jones,ashley.jones95@gmail.com,628.288.2871,1567 Main St,Georgetown,la,48361,2002-04-24,2842,VB005512
Charles,Anderson,charles.anderson58@gmail.com,(353) 799-8559,3544 Lincoln Ave,Clinton,Pennsylvania,27589,17-Oct-1974,8882,VB005513
Betty,Jackson,betty.jackson19@yahoo.com,2765085788,9514 Jefferson Dr,Springfield,OH,18519,07-23-1981,3934,VB005514
Mark,Jones,mark.jones26@outlook.com,207-915-3328,5228 River Dr,Salem,ks,33491,07/26/2002,3763,VB005515
Mary,Nelson,mary.nelson7@icloud.com,+12643723372,1742 Lincoln Ave,Greenville,MN,80702,1967-08-17,9046,VB005516
Nancy,Baker,nancy.baker67@yahoo.com,228.616.5298,5701 River Dr,Greenville,TN,91997,30-Aug-1942,1419,VB005517
Matthew,Adams,matthew.adams82@hotmail.com,(787) 218-3931,5751 Main St,Clinton,mt,16009,11-11-1993,8019,VB005518
Lisa,Garcia,lisa.garcia99@aol.com,2835214214,4373 Sunset Blvd,Clinton,CO,90473,10/30/1947,9793,VB005519
Thomas,Jones,thomas.jones63@gmail.com,228-582-7861,185 Maple Dr,Fairview,IA,89574,1985-09-19,1332,VB005520
Karen,Walker,,+19113939202,8979 River Dr,Arlington,tx,19956,15-Jun-1958,4754,VB005521
Jennifer,Walker,jennifer.walker28@aol.com,355.718.9695,7428 Forest Ave,Salem,Ohio,75036,02-11-1958,3031,VB005522
Margaret,Scott,margaret.scott73@icloud.com,(796) 390-1479,5339 Maple Dr,Greenville,GA,85582,11/09/1990,4507,VB005523
Betty,Jackson,betty.jackson99@gmail.com,5544382407,2174 Oak Ave,Madison,ca,98690,1960-12-10,9540,VB005524
Charles,Nguyen,charles.nguyen51@icloud.com,448-944-1052,8776 Cedar Ln,Marion,TN,60583,16-Jun-1946,5136,VB005525
Christopher,Brown,,+18008077543,4340 Forest Ave,Greenville,IN,66903,02-28-1975,2359,VB005526
Lisa,Thompson,lisa.thompson40@aol.com,302.913.9349,2220 Valley Ln,Georgetown,mn,24848,02/06/2000,3928,VB005527
Anthony,Nguyen,,(760) 304-7974,3233 Jefferson Dr,Salem,LA,79186,1996-12-11,4009,VB005528
Michael,Garcia,michael.garcia89@outlook.com,8232722601,9144 River Dr,Clinton,MD,99468,11-Dec-1949,2210,VB005529
Sarah,Harris,sarah.harris48@aol.com,380-288-6377,1517 Jefferson Dr,Greenville,il,66154,02-19-1997,6115,VB005530
Thomas,Wright,thomas.wright26@hotmail.com,+18853216787,2965 Lincoln Ave,Georgetown,NM,64101,10/18/1947,7111,VB005531
Jennifer,Torres,jennifer.torres57@gmail.com,808.981.4824,9368 Oak Ave,Clinton,MA,31809,1979-10-26,8244,VB005532
John,Jackson,john.jackson37@outlook.com,(741) 701-7471,9017 Hill Rd,Burlington,mt,78819,11-Nov-1981,9514,VB005533
Karen,Hall,karen.hall75@outlook.com,8057042676,357 River Dr,Clinton,KS,39979,07-07-1946,9920,VB005534
Lisa,Nelson,lisa.nelson12@yahoo.com,860-520-9768,1139 Valley Ln,Fairview,NV,61035,11/28/1991,5704,VB005535
Susan,Baker,susan.baker92@aol.com,+12396158209,8009 Park Blvd,Dayton,ga,18564,1940-09-11,4150,VB005536
Mark,Adams,mark.adams88@icloud.com,479.224.3578,9959 Lake Rd,Madison,SC,84720,20-Jan-1999,8835,VB005537
Charles,Anderson,charles.anderson66@aol.com,(320) 808-5557,6771 Forest Ave,Oxford,MO,51804,07-20-1945,7719,VB005538
Susan,Johnson,susan.johnson19@aol.com,3799394891,1755 Cedar Ln,Madison,fl,71784,06/16/1972,7079,VB005539
Mary,Jackson,mary.jackson62@gmail.com,832-870-7523,656 Washington St,Dayton,Illinois,48017,1985-11-23,8959,VB005540
Linda,Miller,linda.miller27@yahoo.com,+17969248790,6850 Jefferson Dr,Oxford,WI,22365,02-Dec-1949,4985,VB005541
James,Martin,james.martin57@gmail.com,384.881.1886,2407 Oak Ave,Georgetown,ak,88348,08-03-1958,1745,VB005542
Barbara,Wilson,,(477) 359-1504,2578 Washington St,Madison,KS,58215,08/27/1940,6040,VB005543
Matthew,Garcia,matthew.garcia94@outlook.com,5609862941,8691 Hill Rd,Greenville,WA,42688,1996-09-09,8711,VB005544
Betty,Davis,,420-420-5277,9992 Valley Ln,Clinton,nv,12201,09-Sep-2003,9902,VB005545
Margaret,White,margaret.white74@icloud.com,+19453807480,8947 Lincoln Ave,Georgetown,Texas,95681,03-17-1955,4312,VB005546
Betty,Jackson,betty.jackson37@aol.com,571.853.7980,5017 Sunset Blvd,Marion,KS,12547,04/19/1993,9303,VB005547
Barbara,Young,,(280) 331-1879,5864 Valley Ln,Fairview,ar,82571,1991-06-28,9526,VB005548
Sandra,Thompson,sandra.thompson58@outlook.com,9206395157,8130 Main St,Fairview,DE,83565,28-Jun-1940,6468,VB005549
Matthew,Nguyen,matthew.nguyen9@aol.com,487-245-3208,5194 Maple Dr,Oxford,MN,74721,11-02-1945,7466,VB005550
Charles,Martin,charles.martin86@aol.com,+14196299216,6891 Jefferson Dr,Madison,hi,25411,05/10/1968,2108,VB005551
Sandra,Hall,,888.207.7332,8620 Washington St,Greenville,NE,57768,1977-11-14,2308,VB005552
David,Thomas,david.thomas67@yahoo.com,(823) 381-3972,1825 Jefferson Dr,Salem,IN,24297,25-Dec-1947,4910,VB005553
John,Wright,john.wright16@hotmail.com,5746378461,3882 Washington St,Fairview,nh,59271,07-18-1946,1794,VB005554
Michael,Davis,michael.davis2@outlook.com,812-946-2346,5921 Cedar Ln,Burlington,ND,47644,04/22/1954,4709,VB005555
Anthony,Torres,,+14112725488,5895 Main St,Greenville,OK,41892,1991-04-14,4825,VB005556
Jennifer,Williams,jennifer.williams46@outlook.com,277.568.8413,8048 Cedar Ln,Burlington,de,72943,30-Jun-1969,4942,VB005557
Sarah,Allen,sarah.allen74@hotmail.com,(383) 764-1373,7039 Cedar Ln,Manchester,NE,36417,12-11-1969,3946,VB005558
Nancy,Brown,nancy.brown49@aol.com,7699675794,1673 River Dr,Arlington,MO,23051,04/26/1953,4543,VB005559
Susan,Garcia,susan.garcia14@aol.com,890-940-2889,3743 Washington St,Marion,al,15772,1941-02-06,5006,VB005560
Betty,Jackson,,+18213106414,7673 Washington St,Burlington,MS,46244,19-May-1949,7117,VB005561
Patricia,Johnson,,680.232.4290,1990 Washington St,Arlington,MD,49381,02-22-1954,6640,VB005562
Karen,Hill,karen.hill2@hotmail.com,(870) 720-1684,8954 Oak Ave,Madison,ak,35243,06/08/1959,5630,VB005563
Matthew,Young,,7358613862,8363 Cedar Ln,Franklin,AL,41653,1976-10-27,7714,VB005564
Jennifer,Thomas,,705-582-6382,1126 River Dr,Richmond,NY,49985,28-Mar-2002,9845,VB005565
Christopher,Smith,christopher.smith39@gmail.com,+17347195863,4439 Lake Rd,Madison,sd,34516,12-24-1940,4591,VB005566
James,Jackson,james.jackson14@outlook.com,901.940.7585,9116 Washington St,Madison,NE,50738,11/29/2001,9822,VB005567
Nancy,Thomas,nancy.thomas96@gmail.com,(633) 293-1500,4910 Main St,Clinton,KY,30945,1940-12-01,1887,VB005568
Jessica,Miller,,3356267055,972 Hill Rd,Clinton,ct,66280,20-Aug-1945,1281,VB005569
Jennifer,Scott,jennifer.scott83@aol.com,769-846-9793,7376 Main St,Richmond,KS,65959,12-22-1970,7300,VB005570
Patricia,Garcia,,+17593954195,4758 Main St,Richmond,TN,20217,02/02/1982,2185,VB005571
Patricia,Williams,patricia.williams18@gmail.com,229.360.2433,850 Oak Ave,Oxford,nh,59067,1993-03-02,4122,VB005572
Margaret,White,margaret.white69@outlook.com,(422) 838-2954,1315 Maple Dr,Franklin,KY,95720,18-Nov-1997,5790,VB005573
Lisa,Jones,lisa.jones34@icloud.com,3965056419,721 Maple Dr,Clinton,NV,44157,11-04-1997,3846,VB005574
Richard,Smith,,339-970-3466,9708 Jefferson Dr,Burlington,tn,12538,07/02/1965,1858,VB005575
David,Garcia,,+12843032345,1349 Lincoln Ave,Burlington,AL,29666,1988-06-23,8021,VB005576
Anthony,Johnson,anthony.johnson18@gmail.com,730.674.1244,3916 Valley Ln,Georgetown,WA,15357,27-Oct-1999,9979,VB005577
Lisa,Baker,lisa.baker7@aol.com,(238) 217-7265,7597 Washington St,Marion,pa,66248,10-27-1947,7909,VB005578
Lisa,Walker,,3339562206,9088 Oak Ave,Madison,UT,44850,10/02/1993,2599,VB005579
Nancy,Smith,nancy.smith11@outlook.com,620-848-6800,2361 Jefferson Dr,Fairview,ME,40545,1946-01-30,5511,VB005580
Mark,Adams,mark.adams98@aol.com,+17927386394,4641 Maple Dr,Franklin,mi,22119,07-Mar-1997,2804,VB005581
Mary,Davis,,936.805.9920,612 Hill Rd,Clinton,DE,47520,03-19-1977,8386,VB005582
Mark,Wilson,mark.wilson36@outlook.com,(856) 632-2487,1104 Park Blvd,Fairview,KY,38982,11/06/1985,4597,VB005583
Ashley,Williams,ashley.williams65@gmail.com,8799818126,8778 Lake Rd,Dayton,nh,38203,1953-03-11,5140,VB005584
Betty,Nelson,betty.nelson62@hotmail.com,840-959-2066,1577 Valley Ln,Manchester,RI,62731,02-May-1945,4762,VB005585
Charles,Jackson,charles.jackson28@yahoo.com,+14209481322,4442 Washington St,Oxford,OR,48830,01-24-1944,9901,VB005586
Susan,Martin,,830.786.7281,2655 Lincoln Ave,Franklin,ut,96029,06/14/1958,8964,VB005587
Betty,Martin,betty.martin53@yahoo.com,(940) 751-4529,8969 Main St,Dayton,MD,38406,1943-08-08,9263,VB005588
John,Young,john.young82@icloud.com,6984513958,6684 Lake Rd,Richmond,FL,37780,07-Dec-1962,8012,VB005589
Sandra,Hall,sandra.hall45@icloud.com,319-796-8712,7697 Park Blvd,Salem,in,74065,04-01-1991,2772,VB005590
Matthew,Williams,,+17808306907,2290 Forest Ave,Franklin,Ohio,10561,05/08/1961,9081,VB005591
Daniel,Davis,,568.887.8073,9063 Sunset Blvd,Franklin,NE,27529,1985-07-22,4888,VB005592
Richard,Jackson,richard.jackson99@yahoo.com,(811) 552-2569,9587 Washington St,Marion,ct,39916,06-Dec-1987,4821,VB005593
William,Wilson,,6182937065,6054 Forest Ave,Salem,MN,41208,12-06-1989,1418,VB005594
Christopher,Smith,christopher.smith84@icloud.com,873-302-3157,530 Jefferson Dr,Marion,OK,24405,01/04/1992,1471,VB005595
Robert,White,robert.white73@yahoo.com,+15935789839,3591 Lake Rd,Dayton,id,71829,1961-07-08,9794,VB005596
William,Johnson,william.johnson85@outlook.com,645.930.7884,336 Lincoln Ave,Arlington,MT,43124,11-Jan-1944,7165,VB005597
Jennifer,White,,(746) 836-1845,581 Cedar Ln,Madison,MO,78922,09-21-1978,2625,VB005598
Sarah,King,sarah.king5@gmail.com,4605384489,5565 Hill Rd,Georgetown,va,86547,02/23/1982,4577,VB005599
Mark,Hill,mark.hill8@outlook.com,536-337-1394,5494 Washington St,Arlington,IA,60408,1979-07-30,2960,VB005600
Linda,Adams,linda.adams48@yahoo.com,+16477575868,3952 Lake Rd,Arlington,NH,79000,03-Jun-1968,4647,VB005601
Jennifer,Allen,jennifer.allen68@yahoo.com,944.479.9565,7087 Oak Ave,Fairview,ut,20923,09-11-1948,1001,VB005602
Sandra,Smith,sandra.smith72@yahoo.com,(507) 516-7798,1756 Oak Ave,Arlington,HI,97883,05/13/1983,9274,VB005603
Mark,Brown,,2478802258,638 Lincoln Ave,Fairview,AK,31277,1956-02-08,2680,VB005604
John,Thomas,john.thomas21@outlook.com,529-919-1230,7632 Sunset Blvd,Burlington,in,65791,06-Jun-1947,4913,VB005605
Lisa,Thomas,,+13777429441,606 Cedar Ln,Fairview,KY,52805,07-11-1966,2834,VB005606
Sarah,Martin,sarah.martin76@outlook.com,453.948.1111,9656 River Dr,Madison,LA,91551,10/13/1949,8582,VB005607
Jessica,King,jessica.king94@aol.com,(577) 907-1164,3701 Jefferson Dr,Manchester,vt,99480,1959-03-19,3635,VB005608
Barbara,Torres,barbara.torres13@aol.com,6078445360,5455 Cedar Ln,Salem,MA,73964,10-Jan-1958,5190,VB005609
Sarah,Wright,sarah.wright66@gmail.com,598-626-1935,1429 Main St,Fairview,FL,16473,06-16-1946,8576,VB005610
Mary,Young,mary.young97@icloud.com,+17236732777,8742 Cedar Ln,Oxford,or,21497,02/09/1943,5414,VB005611
Margaret,Nelson,margaret.nelson58@gmail.com,931.791.2880,4999 River Dr,Georgetown,VT,92353,1949-01-03,3363,VB005612
William,Thomas,william.thomas82@yahoo.com,(543) 941-2831,3408 Forest Ave,Greenville,AL,64166,14-Jan-1982,8231,VB005613
Margaret,Garcia,,8809212746,3110 Washington St,Richmond,az,63831,07-27-1965,5025,VB005614
Christopher,Hall,christopher.hall41@aol.com,997-472-8963,4179 Lincoln Ave,Arlington,AK,27129,03/22/1944,4561,VB005615
Sarah,Baker,sarah.baker14@gmail.com,+17636788873,8689 River Dr,Fairview,KY,92190,1946-02-04,5484,VB005616
Sarah,Brown,sarah.brown64@icloud.com,837.298.7786,2140 Valley Ln,Richmond,sd,31795,18-Jan-1976,2806,VB005617
Linda,Williams,linda.williams89@yahoo.com,(493) 836-5389,7651 River Dr,Fairview,IN,13754,02-14-1942,3046,VB005618
Lisa,Johnson,lisa.johnson41@hotmail.com,5456624897,4318 Sunset Blvd,Marion,WV,53103,06/11/1964,2934,VB005619
David,Taylor,david.taylor30@aol.com,362-938-8354,6649 River Dr,Arlington,mi,23441,1982-09-16,6929,VB005620
Joseph,Torres,joseph.torres22@gmail.com,+12088384517,8618 Maple Dr,Georgetown,NV,72642,17-Sep-1974,7139,VB005621
Michael,Garcia,michael.garcia77@hotmail.com,867.726.5758,5475 Jefferson Dr,Franklin,NY,69381,10-11-1952,5493,VB005622
Robert,Scott,robert.scott18@gmail.com,(227) 682-6980,7454 Oak Ave,Georgetown,ut,20545,07/18/1971,8074,VB005623
John,Garcia,,6634092192,8006 Oak Ave,Salem,MA,71106,1975-08-08,3994,VB005624
Margaret,Allen,,487-292-3878,3653 Maple Dr,Marion,WI,10127,23-Feb-1975,4038,VB005625
Thomas,Johnson,thomas.johnson68@hotmail.com,+14104769038,1803 Forest Ave,Madison,md,48484,07-08-1965,2249,VB005626
Ashley,Taylor,,645.503.6757,8591 Oak Ave,Manchester,NH,92710,07/25/1995,8396,VB005627
Sandra,Johnson,sandra.johnson4@aol.com,(954) 280-2149,982 Washington St,Fairview,MD,86665,1999-09-20,6925,VB005628
Joseph,Johnson,joseph.johnson94@hotmail.com,2297893597,6496 Park Blvd,Dayton,in,62214,06-May-1995,1597,VB005629
Patricia,Allen,patricia.allen89@outlook.com,937-976-8853,7586 Oak Ave,Manchester,AK,78726,07-30-1975,7463,VB005630
Mary,Nelson,,+19284134316,8596 Main St,Salem,SC,26485,06/05/1976,7362,VB005631
Daniel,Baker,daniel.baker14@yahoo.com,656.673.6632,8795 Park Blvd,Fairview,ak,92120,1986-09-14,9555,VB005632
Betty,Jackson,betty.jackson58@icloud.com,(708) 552-5341,1941 Oak Ave,Marion,ME,75382,23-Jul-1975,3736,VB005633
Ashley,Torres,ashley.torres80@yahoo.com,5639714628,1889 Jefferson Dr,Burlington,WI,83589,11-24-1976,1692,VB005634
William,Wright,william.wright84@aol.com,212-327-6028,9314 Sunset Blvd,Georgetown,ky,33433,10/25/1979,8581,VB005635
Robert,White,robert.white30@icloud.com,+12492262254,9871 Lincoln Ave,Arlington,WA,31533,1992-12-13,9652,VB005636
Daniel,Young,daniel.young9@outlook.com,727.551.6857,5580 Cedar Ln,Richmond,NH,74002,08-Oct-1941,5932,VB005637
Robert,Taylor,robert.taylor54@gmail.com,(841) 231-1816,9300 Park Blvd,Springfield,ri,18626,08-02-1977,6805,VB005638
Patricia,Martin,patricia.martin85@gmail.com,3455602510,5989 Lincoln Ave,Georgetown,KY,65387,12/08/1947,6678,VB005639
Patricia,Thompson,patricia.thompson78@outlook.com,767-987-9793,4805 Maple Dr,Springfield,NY,33619,1986-03-28,2516,VB005640
Thomas,Jackson,thomas.jackson95@gmail.com,+16994524315,3643 Oak Ave,Franklin,ok,71109,05-Jun-1942,4164,VB005641
John,King,john.king2@hotmail.com,727.220.9437,9207 Main St,Georgetown,TN,72714,07-05-1963,9565,VB005642
Jessica,Baker,jessica.baker12@hotmail.com,(350) 461-4546,6733 Sunset Blvd,Greenville,WV,55026,09/21/1998,6252,VB005643
Karen,Allen,karen.allen17@gmail.com,3383942165,3915 River Dr,Manchester,pa,84669,1988-04-16,9493,VB005644
Daniel,Wright,daniel.wright15@hotmail.com,666-589-3126,2594 Hill Rd,Oxford,Texas,78236,01-Mar-1991,4070,VB005645
Mary,White,mary.white11@yahoo.com,+17693852963,7767 Washington St,Greenville,WV,91824,01-25-1968,3363,VB005646
Susan,Baker,,282.899.9835,2179 Sunset Blvd,Richmond,mn,25549,01/05/1956,9802,VB005647
David,Garcia,david.garcia45@aol.com,(315) 636-5787,1933 Sunset Blvd,Oxford,MS,50491,1957-09-17,3967,VB005648
Karen,Martin,karen.martin63@hotmail.com,8828492444,6398 Jefferson Dr,Greenville,MN,50029,29-Jun-1981,2692,VB005649
Anthony,Martin,anthony.martin84@outlook.com,598-317-2440,8604 Forest Ave,Franklin,nj,97387,11-16-1990,9374,VB005650
Ashley,Taylor,ashley.taylor69@aol.com,+16347627555,3333 Cedar Ln,Springfield,IA,69039,04/09/1996,3835,VB005651
John,Miller,john.miller2@hotmail.com,320.296.1066,1537 Jefferson Dr,Greenville,PA,65587,1974-08-12,9297,VB005652
Michael,Thomas,michael.thomas69@aol.com,(422) 710-7630,2332 Sunset Blvd,Madison,ri,92257,09-May-1941,2851,VB005653
Matthew,Allen,,8729923410,493 Maple Dr,Burlington,IN,24152,02-26-1958,5466,VB005654
Joseph,Thomas,joseph.thomas45@aol.com,885-910-5223,730 Valley Ln,Manchester,MA,95767,09/03/1998,4997,VB005655
James,White,james.white34@gmail.com,+14917066581,2820 Main St,Salem,al,65992,1956-07-02,4940,VB005656
Daniel,Thomas,daniel.thomas47@hotmail.com,696.887.1999,7218 Hill Rd,Marion,IN,57728,10-Oct-1995,5745,VB005657
John,Adams,john.adams3@gmail.com,(790) 818-2402,9116 Sunset Blvd,Madison,OK,12584,11-09-1986,8208,VB005658
Nancy,Johnson,,2005759499,4695 Jefferson Dr,Springfield,wv,99030,06/17/1982,6150,VB005659
Karen,Taylor,karen.taylor23@icloud.com,902-602-4115,5533 Lake Rd,Manchester,LA,64332,1994-10-19,1665,VB005660
Joseph,Johnson,,+17769355025,6165 Oak Ave,Fairview,UT,92733,21-Oct-1941,2066,VB005661
Karen,Torres,,371.958.7613,8555 Valley Ln,Arlington,nd,26349,10-30-1952,2479,VB005662
Lisa,Adams,,(766) 973-9262,2638 Oak Ave,Salem,KY,47433,07/22/1995,5339,VB005663
Joseph,Adams,joseph.adams63@gmail.com,5484139644,8421 Jefferson Dr,Georgetown,WI,50871,2003-07-25,8438,VB005664
Barbara,Torres,barbara.torres49@hotmail.com,517-805-5827,5557 Lincoln Ave,Richmond,tn,40894,22-Nov-1953,5218,VB005665
Michael,Davis,michael.davis1@gmail.com,+18127459784,3370 Valley Ln,Clinton,DE,53380,08-01-1983,6089,VB005666
Betty,Wilson,betty.wilson72@yahoo.com,821.597.8885,1522 Lincoln Ave,Springfield,VT,17290,11/24/1959,3993,VB005667
Lisa,Smith,lisa.smith58@aol.com,(718) 450-7389,4200 Cedar Ln,Burlington,co,66101,1984-03-06,9507,VB005668
Jessica,Wilson,jessica.wilson41@yahoo.com,4638641695,5126 River Dr,Burlington,Ohio,47794,13-Mar-1997,1299,VB005669
Jennifer,Walker,jennifer.walker63@outlook.com,299-372-9847,5719 Lake Rd,Manchester,NY,16343,01-28-1941,8338,VB005670
Michael,Brown,michael.brown2@yahoo.com,+18714945335,8678 Forest Ave,Madison,co,20003,10/26/1945,7684,VB005671
Mark,Baker,mark.baker86@icloud.com,527.748.2764,8276 Oak Ave,Dayton,California,11531,1975-09-15,5726,VB005672
Susan,King,susan.king26@icloud.com,(473) 822-9075,3401 Maple Dr,Springfield,AL,86466,22-Feb-1977,1546,VB005673
Charles,Jones,,2092495230,6829 Maple Dr,Manchester,tx,33084,09-15-1984,9623,VB005674
Matthew,Torres,matthew.torres64@icloud.com,516-288-2840,9808 Sunset Blvd,Marion,MO,99663,09/21/1975,5468,VB005675
Mary,Thomas,mary.thomas88@outlook.com,+18048645325,8371 Valley Ln,Marion,IA,10864,1950-10-05,9536,VB005676
Christopher,Brown,christopher.brown40@hotmail.com,870.720.5581,1315 Maple Dr,Salem,ks,67263,30-May-2004,6588,VB005677
Mark,Wilson,mark.wilson8@gmail.com,(562) 340-1628,2448 Valley Ln,Greenville,Georgia,67122,03-14-1972,6592,VB005678
Richard,Nguyen,richard.nguyen41@yahoo.com,6769399019,591 Valley Ln,Clinton,KY,30398,04/06/1952,7015,VB005679
Anthony,Hall,anthony.hall67@hotmail.com,429-660-3549,1830 Park Blvd,Burlington,or,32367,1967-10-29,2383,VB005680
Thomas,Smith,thomas.smith15@yahoo.com,+15484299491,5029 Forest Ave,Richmond,Illinois,29602,15-Oct-1963,3539,VB005681
Sarah,Taylor,sarah.taylor43@gmail.com,765.438.9726,8717 Valley Ln,Oxford,VA,52151,08-10-1948,6226,VB005682
John,King,,(203) 809-6552,3722 Hill Rd,Richmond,mi,92027,01/28/1968,8892,VB005683
Susan,Young,,2777819179,5412 Lake Rd,Arlington,New York,15510,1989-12-09,3791,VB005684
Betty,Torres,,829-826-9950,5960 River Dr,Manchester,WY,40822,29-Jan-1987,6882,VB005685
Sandra,Taylor,,+15684792413,6749 Lincoln Ave,Dayton,in,88210,05-02-2004,8679,VB005686
Thomas,Scott,thomas.scott37@gmail.com,252.785.7631,109 Lincoln Ave,Springfield,WV,66569,01/18/1974,2907,VB005687
Matthew,Wright,matthew.wright46@icloud.com,(509) 914-9694,7470 Maple Dr,Salem,KS,71849,1997-02-21,3674,VB005688
Anthony,Hill,anthony.hill80@aol.com,3768425169,7255 River Dr,Richmond,ca,71290,05-Jan-1967,2136,VB005689
Michael,Williams,,297-343-3511,3848 Lincoln Ave,Burlington,Michigan,29710,12-13-1945,3280,VB005690
Lisa,Wilson,lisa.wilson89@yahoo.com,+19856717078,9314 Forest Ave,Burlington,RI,58059,09/30/1960,2836,VB005691
Michael,Davis,michael.davis79@icloud.com,327.254.2678,6072 Forest Ave,Burlington,vt,12366,1994-05-03,1778,VB005692
James,Scott,james.scott2@yahoo.com,(740) 307-1409,6483 Maple Dr,Fairview,IA,78774,19-Jun-1999,4166,VB005693
Jennifer,Nguyen,jennifer.nguyen2@gmail.com,7706835969,1030 Forest Ave,Greenville,MT,18577,07-09-1995,5418,VB005694
Linda,Young,linda.young5@gmail.com,292-547-5644,478 Sunset Blvd,Arlington,wy,36452,08/29/1957,6573,VB005695
Susan,Adams,susan.adams18@outlook.com,+12626291177,7309 Forest Ave,Dayton,WA,95065,1946-09-01,5506,VB005696
Joseph,Garcia,joseph.garcia66@icloud.com,487.416.3461,3063 Maple Dr,Georgetown,RI,25509,24-Apr-1999,4773,VB005697
William,Nguyen,,(771) 448-4373,1279 Oak Ave,Salem,ar,37849,03-06-1941,4541,VB005698
Linda,King,linda.king18@yahoo.com,9827652404,4990 Cedar Ln,Fairview,DE,63252,09/03/1946,8067,VB005699
Christopher,Williams,christopher.williams37@yahoo.com,947-345-1048,9510 Forest Ave,Fairview,LA,90709,1975-06-26,4660,VB005700
Thomas,Taylor,thomas.taylor44@gmail.com,+12872453898,9720 Lake Rd,Oxford,nd,91764,22-Jun-1972,7651,VB005701
Jennifer,King,jennifer.king22@hotmail.com,759.763.6083,5601 Hill Rd,Franklin,RI,51840,06-13-2000,3953,VB005702
Lisa,Torres,lisa.torres43@icloud.com,(705) 384-1308,5686 Lake Rd,Georgetown,IA,31328,01/16/1949,7498,VB005703
James,Hill,james.hill6@icloud.com,5996131486,8597 Forest Ave,Oxford,vt,28150,1977-08-06,8595,VB005704
Anthony,White,,700-758-2660,2765 Jefferson Dr,Burlington,North Carolina,87251,02-Jun-1962,5020,VB005705
John,Harris,john.harris67@gmail.com,+14315344026,6464 Sunset Blvd,Clinton,KY,81554,11-16-1977,9821,VB005706
Linda,Thomas,linda.thomas13@hotmail.com,927.937.9071,1016 Sunset Blvd,Madison,id,94555,03/19/1966,4098,VB005707
William,Davis,william.davis92@aol.com,(855) 993-9850,6830 Valley Ln,Franklin,LA,82134,1944-12-20,4521,VB005708
Richard,Jackson,richard.jackson62@aol.com,3449744154,2551 River Dr,Burlington,IN,95048,06-Jan-1941,4539,VB005709
Jessica,Scott,,318-717-8105,6361 Main St,Oxford,ms,60360,02-24-1976,2643,VB005710
Jennifer,Hall,,+12205795063,6827 Washington St,Dayton,CT,12488,02/19/1970,2874,VB005711
Christopher,Thompson,christopher.thompson89@yahoo.com,858.345.1142,4958 Hill Rd,Salem,HI,78969,1980-03-06,6049,VB005712
David,Harris,david.harris51@hotmail.com,(997) 343-6005,1481 Maple Dr,Marion,mi,41777,12-Apr-1983,1795,VB005713
John,Allen,john.allen7@hotmail.com,2817375180,7424 Maple Dr,Madison,Georgia,67133,12-26-1964,4047,VB005714
David,Garcia,david.garcia24@outlook.com,240-245-2802,2508 Forest Ave,Dayton,HI,63805,10/31/1966,2039,VB005715
Sarah,Johnson,sarah.johnson2@aol.com,+13373366898,4732 Washington St,Burlington,la,36018,1975-03-11,1730,VB005716
Nancy,Walker,nancy.walker68@yahoo.com,422.277.1107,2335 Jefferson Dr,Franklin,MT,25692,24-Dec-1963,3587,VB005717
Betty,Davis,betty.davis7@yahoo.com,(651) 469-2930,8176 Maple Dr,Richmond,NM,20022,06-27-1962,8881,VB005718
Ashley,Nelson,,7059523110,4163 Lincoln Ave,Fairview,ok,70696,12/14/1950,3371,VB005719
Robert,Smith,robert.smith50@hotmail.com,838-799-6309,4593 Park Blvd,Springfield,OK,11576,1992-07-11,6193,VB005720
Joseph,Brown,joseph.brown27@yahoo.com,+19224897919,7738 Washington St,Richmond,MI,59149,10-Mar-1945,3306,VB005721
James,Hill,james.hill50@gmail.com,214.269.3934,998 Valley Ln,Georgetown,wv,98371,10-12-1942,5339,VB005722
Anthony,Nelson,anthony.nelson25@aol.com,(786) 305-6573,6634 Maple Dr,Madison,CO,99714,01/19/2001,6371,VB005723
Linda,Walker,linda.walker62@outlook.com,9376217618,5242 Maple Dr,Salem,CT,62832,1947-05-06,4743,VB005724
Christopher,Johnson,christopher.johnson60@hotmail.com,357-703-4185,6045 Sunset Blvd,Springfield,al,39229,20-Aug-1967,3209,VB005725
John,White,john.white2@hotmail.com,+13419885005,5448 Park Blvd,Franklin,AK,69398,01-22-1960,8319,VB005726
James,Brown,james.brown7@outlook.com,749.822.2599,5458 Oak Ave,Manchester,CA,31027,03/10/1985,9372,VB005727
Ashley,Thomas,ashley.thomas20@aol.com,(435) 789-7190,9032 Sunset Blvd,Springfield,oh,41142,1972-10-17,5554,VB005728
Patricia,Adams,patricia.adams21@aol.com,5543922432,7278 Oak Ave,Richmond,KS,31613,14-Jan-1940,9789,VB005729
Mark,Walker,,596-427-6702,783 Park Blvd,Manchester,OR,66261,05-03-1945,3055,VB005730
Anthony,Johnson,anthony.johnson74@outlook.com,+19153887922,2363 Valley Ln,Greenville,ga,55815,12/10/1990,6848,VB005731
Anthony,Hill,anthony.hill44@icloud.com,552.286.8860,2165 Forest Ave,Madison,VT,82019,1966-08-08,8460,VB005732
David,Thomas,david.thomas59@icloud.com,(689) 501-2064,4771 Park Blvd,Burlington,OH,73982,18-Oct-1972,8308,VB005733
Patricia,Williams,patricia.williams77@hotmail.com,5599815013,23 Sunset Blvd,Georgetown,ne,18237,04-28-1984,6017,VB005734
Margaret,Miller,margaret.miller92@aol.com,962-532-2723,1988 Lincoln Ave,Dayton,NV,48222,08/11/1962,9594,VB005735
Charles,Wright,,+15576501261,9706 Lake Rd,Dayton,NE,50177,1974-04-08,3263,VB005736
John,Garcia,john.garcia84@hotmail.com,402.956.1055,7975 Washington St,Manchester,ga,32899,13-Aug-1992,6944,VB005737
Jessica,Torres,,(368) 958-3930,9546 Lake Rd,Manchester,VA,74327,03-26-1942,4657,VB005738
Nancy,Smith,nancy.smith41@outlook.com,2818242486,2196 Main St,Georgetown,HI,93121,03/09/1956,6806,VB005739
Linda,Baker,,521-976-7366,489 Valley Ln,Georgetown,co,84008,1984-08-16,4439,VB005740
Sandra,Allen,sandra.allen42@yahoo.com,+13047066363,2151 Jefferson Dr,Arlington,Ohio,59234,22-Dec-1948,4029,VB005741
Margaret,Johnson,margaret.johnson50@outlook.com,302.503.9246,7517 Hill Rd,Fairview,CA,12854,10-03-1957,2713,VB005742
Daniel,King,daniel.king93@yahoo.com,(713) 979-9128,2166 Sunset Blvd,Burlington,de,33142,12/21/1996,6159,VB005743
Richard,Scott,,4103996278,3314 Cedar Ln,Marion,KS,80233,1981-04-18,5756,VB005744
William,King,william.king98@icloud.com,553-766-4332,1921 Valley Ln,Arlington,FL,84608,20-Jul-1952,8424,VB005745
Richard,Nguyen,richard.nguyen8@aol.com,+19262061744,383 Main St,Burlington,tn,35896,10-29-1977,4766,VB005746
Mary,White,,264.409.2458,6916 Park Blvd,Arlington,ID,31541,12/13/1942,7875,VB005747
Barbara,King,,(616) 263-7849,2576 Main St,Dayton,CT,31129,1980-09-08,6977,VB005748
Charles,Nguyen,charles.nguyen44@hotmail.com,6384781277,9332 Sunset Blvd,Franklin,or,59279,23-Feb-1993,4465,VB005749
William,White,,622-609-6789,3967 Maple Dr,Madison,IA,65344,04-16-1969,1039,VB005750
David,Hall,david.hall85@hotmail.com,+14552183840,8783 Lincoln Ave,Dayton,LA,51971,07/18/1996,6455,VB005751
Joseph,Harris,joseph.harris95@gmail.com,494.861.8476,5682 Washington St,Richmond,va,48987,1975-02-01,3869,VB005752
Barbara,White,,(722) 717-8149,6655 Maple Dr,Franklin,ME,51666,24-Feb-1958,4121,VB005753
Matthew,Adams,matthew.adams89@hotmail.com,7322224211,181 Sunset Blvd,Springfield,NJ,98282,09-03-2004,4740,VB005754
Jessica,Nelson,jessica.nelson43@icloud.com,744-357-3537,3501 Jefferson Dr,Springfield,ri,49234,09/08/1983,7571,VB005755
William,Anderson,william.anderson54@yahoo.com,+14193792138,7462 Valley Ln,Franklin,LA,98565,1941-03-04,2698,VB005756
Thomas,Brown,thomas.brown48@hotmail.com,749.250.6993,187 Main St,Arlington,VA,91057,19-Jun-1986,6509,VB005757
John,Taylor,john.taylor33@hotmail.com,(590) 929-2338,1689 Valley Ln,Richmond,nc,41603,05-31-1945,8495,VB005758
Thomas,Taylor,thomas.taylor53@aol.com,4728838732,3136 Lincoln Ave,Springfield,CO,60657,10/26/1953,4995,VB005759
Richard,Thomas,richard.thomas73@gmail.com,931-302-8833,4495 Valley Ln,Oxford,SD,38775,1986-04-07,4077,VB005760
Mary,Johnson,mary.johnson7@gmail.com,+15554878088,6196 Washington St,Marion,az,73768,05-Nov-1993,8429,VB005761
Thomas,Smith,,885.249.8772,729 Oak Ave,Salem,NJ,48493,09-05-1967,7492,VB005762
Joseph,Allen,,(852) 471-1524,3107 Valley Ln,Greenville,MS,38717,03/26/1997,4815,VB005763
Ashley,Martin,ashley.martin88@yahoo.com,2997723795,6465 Washington St,Georgetown,ks,53993,1960-06-02,9889,VB005764
Jessica,Thomas,jessica.thomas4@icloud.com,202-578-3889,3578 Cedar Ln,Marion,ME,94182,09-Mar-1963,4915,VB005765
John,Nelson,john.nelson11@aol.com,+13249875513,2677 Valley Ln,Clinton,NH,36274,05-26-1941,8319,VB005766
Michael,King,michael.king38@icloud.com,838.929.3241,7200 Oak Ave,Richmond,mn,27127,07/21/1961,4174,VB005767
Jennifer,Martin,jennifer.martin57@icloud.com,(250) 614-1887,6855 Main St,Greenville,RI,96144,1957-09-19,4975,VB005768
Nancy,Nguyen,,4793578219,5867 Maple Dr,Fairview,VA,14514,23-Jul-2000,9721,VB005769
Ashley,Taylor,ashley.taylor57@hotmail.com,966-714-3300,9343 Washington St,Richmond,ks,12517,06-10-2001,5727,VB005770
Matthew,Wilson,matthew.wilson70@aol.com,+12799623708,5897 Hill Rd,Arlington,WV,69365,02/04/1958,6119,VB005771
Mary,Garcia,mary.garcia88@hotmail.com,209.334.7599,3870 Jefferson Dr,Burlington,MA,65390,1989-03-31,9908,VB005772
Nancy,Scott,,(514) 492-7828,9340 Forest Ave,Manchester,ri,56466,03-Nov-1996,6376,VB005773
Patricia,Smith,,7374291871,8668 River Dr,Marion,RI,97548,09-05-1990,1904,VB005774
Linda,Thomas,linda.thomas77@hotmail.com,792-607-3559,6206 Main St,Burlington,AR,18980,06/08/1940,6438,VB005775
Charles,Torres,,+17054381516,3321 Jefferson Dr,Fairview,ny,72794,1990-12-01,6522,VB005776
Anthony,Jackson,,296.421.9440,2456 Lincoln Ave,Greenville,HI,64429,13-Oct-1953,4225,VB005777
Christopher,Jackson,christopher.jackson38@icloud.com,(929) 584-9499,5246 Valley Ln,Arlington,AL,27662,07-30-2001,7347,VB005778
Ashley,Scott,ashley.scott7@aol.com,2392385666,2772 Main St,Fairview,mt,72169,03/04/1991,9064,VB005779
Susan,Martin,susan.martin33@aol.com,588-619-1594,5963 Maple Dr,Arlington,IA,88761,1944-12-21,9735,VB005780
James,Baker,james.baker36@hotmail.com,+16933551956,3848 Forest Ave,Madison,OR,95478,06-Dec-1983,5116,VB005781
Linda,Brown,linda.brown75@outlook.com,982.571.2074,834 Cedar Ln,Georgetown,nc,83948,11-03-1964,5877,VB005782
Karen,Williams,,(533) 217-2941,4525 Forest Ave,Clinton,KY,30377,01/05/1984,9283,VB005783
Lisa,Allen,lisa.allen14@yahoo.com,5112067483,5444 Jefferson Dr,Oxford,MO,53193,1979-06-30,6484,VB005784
Anthony,Taylor,anthony.taylor89@aol.com,223-883-7418,8561 Park Blvd,Franklin,md,59002,30-Oct-1981,6794,VB005785
Charles,Miller,charles.miller44@aol.com,+13008003169,2963 River Dr,Salem,California,40025,12-16-1948,8890,VB005786
Sandra,Nguyen,sandra.nguyen93@outlook.com,750.648.4187,4189 River Dr,Dayton,MS,56123,01/14/1968,5718,VB005787
Jennifer,Jones,jennifer.jones79@yahoo.com,(324) 267-6097,3035 Jefferson Dr,Fairview,co,20395,1972-07-08,6092,VB005788
Christopher,Williams,christopher.williams74@hotmail.com,3126712088,5684 Jefferson Dr,Richmond,HI,37531,08-Mar-1991,2533,VB005789
Betty,Anderson,betty.anderson24@gmail.com,744-626-9162,3662 Maple Dr,Fairview,TX,79737,04-03-1951,2622,VB005790
Daniel,Hall,daniel.hall24@icloud.com,+13536479311,515 Hill Rd,Franklin,me,62221,02/28/1962,6269,VB005791
Michael,Young,michael.young15@gmail.com,475.322.8722,9130 Oak Ave,Greenville,VA,97497,1946-08-17,8429,VB005792
Sandra,Garcia,sandra.garcia6@icloud.com,(680) 864-1468,958 Maple Dr,Richmond,ND,55530,23-Mar-1970,9231,VB005793
Ashley,Hall,ashley.hall90@gmail.com,8477168777,9126 Washington St,Clinton,wa,83674,04-13-1979,9508,VB005794
Patricia,Brown,patricia.brown9@gmail.com,332-382-1512,3311 Oak Ave,Salem,Illinois,22943,11/08/1942,7366,VB005795
Jessica,Anderson,jessica.anderson56@icloud.com,+17747833460,6993 Forest Ave,Springfield,KS,90884,1953-01-25,3392,VB005796
Michael,Johnson,michael.johnson91@hotmail.com,357.458.2298,4933 Park Blvd,Marion,ut,73121,07-Apr-1987,6083,VB005797
Anthony,Walker,anthony.walker87@gmail.com,(754) 534-2918,5868 Oak Ave,Manchester,ID,28388,12-18-1997,9359,VB005798
Mark,Walker,mark.walker62@gmail.com,4642697269,3611 Sunset Blvd,Burlington,IA,51383,12/31/1976,6785,VB005799
Daniel,Thompson,daniel.thompson80@icloud.com,375-449-8669,5490 Valley Ln,Burlington,al,85729,1984-03-20,4055,VB005800
Joseph,Wilson,joseph.wilson31@yahoo.com,+16963501562,2760 Washington St,Springfield,NH,21524,25-Jan-1945,5632,VB005801
Mary,Miller,mary.miller68@yahoo.com,620.294.5961,9203 Lincoln Ave,Dayton,UT,19808,04-30-1979,3734,VB005802
Nancy,Johnson,nancy.johnson66@icloud.com,(967) 959-6912,336 Sunset Blvd,Springfield,de,99934,02/07/1980,7978,VB005803
Robert,Harris,robert.harris99@outlook.com,2989274470,8550 Park Blvd,Arlington,KY,59309,1961-01-23,8735,VB005804
Michael,Adams,michael.adams42@icloud.com,924-231-1174,7934 Park Blvd,Marion,NC,39045,23-Oct-1985,3440,VB005805
Barbara,Thompson,barbara.thompson98@outlook.com,+17628959704,3820 Cedar Ln,Dayton,ny,39787,04-27-1956,1509,VB005806
Matthew,Allen,,830.657.4681,1943 Jefferson Dr,Oxford,ME,79987,12/07/1990,7565,VB005807
John,Scott,john.scott34@yahoo.com,(641) 876-3286,432 Cedar Ln,Salem,AR,77576,1981-05-02,9856,VB005808
Jessica,Allen,jessica.allen97@aol.com,6234651576,2904 Maple Dr,Richmond,ri,71486,04-Jul-1990,1357,VB005809
Jennifer,Scott,jennifer.scott25@aol.com,600-317-9684,2030 Forest Ave,Manchester,KS,25951,07-28-1962,4720,VB005810
Barbara,Wright,,+12983264365,9628 Cedar Ln,Greenville,TX,56076,08/16/1942,2487,VB005811
Charles,Jones,,459.402.3176,4277 Sunset Blvd,Greenville,or,37525,2004-03-09,3828,VB005812
Mary,Williams,mary.williams4@aol.com,(623) 781-8022,6849 Cedar Ln,Clinton,ND,43587,24-May-1987,6392,VB005813
Mary,Miller,mary.miller42@hotmail.com,6149798843,5615 River Dr,Marion,NY,82718,03-29-1988,5196,VB005814
Joseph,Wright,joseph.wright82@icloud.com,680-653-8057,3322 Oak Ave,Oxford,or,47367,12/30/1976,8260,VB005815
Anthony,Garcia,anthony.garcia5@aol.com,+13716815233,4082 Oak Ave,Manchester,AK,61602,2001-08-16,4810,VB005816
James,Walker,james.walker32@hotmail.com,238.387.5662,342 Main St,Clinton,NM,88972,06-Oct-1960,2301,VB005817
Charles,Martin,,(300) 727-6231,238 River Dr,Richmond,tx,79397,07-04-1941,3296,VB005818
Richard,Torres,richard.torres78@outlook.com,2355306075,9055 Lincoln Ave,Burlington,NH,38384,01/22/1995,7727,VB005819
Lisa,Brown,lisa.brown24@yahoo.com,842-486-8565,1389 Valley Ln,Burlington,AR,54766,1981-06-22,5146,VB005820
Charles,Martin,charles.martin30@hotmail.com,+12566264619,1829 Cedar Ln,Greenville,fl,20692,26-Nov-1960,7988,VB005821
Mark,Martin,,252.840.4433,5596 Cedar Ln,Oxford,KS,33595,06-17-1950,1639,VB005822
Anthony,White,anthony.white39@gmail.com,(750) 648-8406,1954 Washington St,Fairview,MI,26740,07/22/1973,2864,VB005823
Anthony,White,anthony.white77@gmail.com,6043866238,1406 Lake Rd,Salem,ma,86830,1970-07-09,2764,VB005824
Michael,Young,michael.young94@hotmail.com,421-771-4837,2556 Washington St,Richmond,MT,31140,09-Jun-1951,6526,VB005825
James,Brown,james.brown92@aol.com,+14762611404,8348 Cedar Ln,Dayton,ND,58662,03-02-1942,8345,VB005826
William,Jackson,,613.867.9720,2352 Cedar Ln,Franklin,sd,48184,11/21/1972,8305,VB005827
Charles,Harris,charles.harris83@yahoo.com,(487) 842-2125,7352 Park Blvd,Greenville,Florida,97051,1977-02-22,6194,VB005828
Margaret,Brown,margaret.brown45@gmail.com,2576636388,4821 Main St,Clinton,WA,40056,16-Sep-1949,3109,VB005829
Jennifer,Taylor,,823-633-3592,3759 Main St,Greenville,nj,21450,03-18-2003,5493,VB005830
Lisa,Wright,lisa.wright61@aol.com,+16238764079,52 Sunset Blvd,Richmond,MA,12179,11/09/1996,6901,VB005831
Sandra,Hill,,727.523.9120,5105 Forest Ave,Madison,NV,51200,1978-04-06,4178,VB005832
Sarah,Smith,,(315) 559-8842,7557 Jefferson Dr,Greenville,me,55693,24-Mar-1994,3087,VB005833
Thomas,Allen,thomas.allen15@icloud.com,2197737096,8765 Forest Ave,Salem,NJ,10055,07-22-2004,8695,VB005834
William,Smith,william.smith12@yahoo.com,473-273-9051,8304 Oak Ave,Springfield,SC,10755,09/08/1983,2823,VB005835
Patricia,Smith,patricia.smith64@aol.com,+15967752929,4289 Lincoln Ave,Madison,va,68493,1959-04-02,5678,VB005836
James,Thompson,james.thompson79@yahoo.com,630.903.9833,9944 Hill Rd,Richmond,OK,37889,15-Dec-1968,3697,VB005837
Mark,Harris,mark.harris71@hotmail.com,(383) 719-5652,6025 Lake Rd,Salem,NV,23454,07-02-1987,8010,VB005838
Thomas,Jones,thomas.jones70@icloud.com,7115142098,4491 Maple Dr,Salem,nc,57388,12/24/1960,2040,VB005839
Ashley,King,ashley.king59@icloud.com,296-523-8227,6321 Main St,Clinton,New York,96496,1940-07-20,1288,VB005840
Nancy,Taylor,nancy.taylor59@aol.com,+14157286364,4488 Washington St,Greenville,PA,75139,04-Aug-1972,9778,VB005841
John,Walker,,605.466.6118,4356 Valley Ln,Springfield,la,39279,12-05-1992,5733,VB005842
Christopher,Walker,,(261) 974-5406,1892 Jefferson Dr,Fairview,AR,53124,06/10/1972,8236,VB005843
Patricia,Nguyen,patricia.nguyen66@gmail.com,8737558569,6771 Main St,Fairview,ND,57419,1995-11-10,9167,VB005844
Ashley,Smith,ashley.smith55@yahoo.com,937-823-4833,8095 Hill Rd,Greenville,wy,41957,06-Nov-1977,2868,VB005845
Margaret,Allen,margaret.allen90@gmail.com,+18875188740,5298 Lincoln Ave,Franklin,SD,10887,01-16-1966,4025,VB005846
John,Walker,john.walker65@hotmail.com,821.526.2191,3466 Park Blvd,Franklin,IA,14103,02/06/1979,4532,VB005847
Jessica,White,jessica.white36@aol.com,(937) 509-1580,5604 Park Blvd,Manchester,md,50140,1958-02-11,2230,VB005848
Betty,Nelson,betty.nelson95@yahoo.com,8983965109,8296 Oak Ave,Springfield,WA,86371,07-Jul-1965,6330,VB005849
Mark,Wilson,mark.wilson99@hotmail.com,954-927-6080,2741 Main St,Marion,WA,49056,04-21-1990,2952,VB005850
Jennifer,White,jennifer.white36@aol.com,+18525274651,7209 Main St,Georgetown,nm,56061,05/18/1964,5847,VB005851
Susan,Adams,susan.adams12@yahoo.com,528.438.9367,584 Forest Ave,Manchester,ND,19878,1992-08-09,2493,VB005852
David,Wright,david.wright70@icloud.com,(857) 725-2925,9114 Washington St,Georgetown,TX,28002,09-Nov-1963,3679,VB005853
Anthony,Williams,anthony.williams27@yahoo.com,7169252991,3206 Washington St,Clinton,ok,30240,08-22-1958,4609,VB005854
Jessica,Brown,jessica.brown7@yahoo.com,390-563-2388,4833 Park Blvd,Clinton,LA,80966,08/23/1966,2423,VB005855
Barbara,Thomas,barbara.thomas65@gmail.com,+16164913982,433 River Dr,Madison,MI,33365,1954-11-12,8995,VB005856
Sandra,Miller,sandra.miller27@outlook.com,558.894.4194,1377 Sunset Blvd,Madison,wv,51303,03-Mar-2002,5586,VB005857
Mary,Harris,mary.harris94@outlook.com,(334) 327-8256,6655 Lake Rd,Franklin,New York,48263,10-09-1981,9286,VB005858
Mary,Jones,mary.jones12@hotmail.com,8897618648,2754 Forest Ave,Franklin,NM,96853,07/03/1988,4946,VB005859
Richard,Scott,,940-454-4567,1272 Cedar Ln,Madison,sd,29543,1967-12-06,2025,VB005860
William,White,william.white33@yahoo.com,+13995041106,9284 Washington St,Dayton,NJ,17036,01-Oct-1968,6537,VB005861
Lisa,Allen,lisa.allen42@aol.com,966.502.1539,2533 Washington St,Oxford,KS,70893,10-01-1977,5125,VB005862
Karen,Davis,karen.davis49@outlook.com,(980) 854-6007,4668 Valley Ln,Fairview,me,71122,11/18/2002,5619,VB005863
Lisa,Brown,lisa.brown71@gmail.com,5732552657,6243 Park Blvd,Georgetown,KY,63589,1974-07-18,3514,VB005864
Sandra,Hill,,370-726-5536,5683 Jefferson Dr,Dayton,CA,27050,05-Aug-1993,4424,VB005865
William,Hall,william.hall56@yahoo.com,+12422343854,8416 Maple Dr,Oxford,mi,83311,02-03-1949,4108,VB005866
Linda,Taylor,,275.501.5148,1557 Jefferson Dr,Manchester,OK,30364,09/23/1980,8955,VB005867
Lisa,Allen,,(760) 484-4401,802 Maple Dr,Greenville,AR,95626,1971-04-24,1601,VB005868
Robert,Torres,robert.torres72@hotmail.com,4198189875,7254 Valley Ln,Madison,mi,59254,30-Apr-1987,8270,VB005869
Jessica,Torres,jessica.torres16@icloud.com,959-283-7980,1329 Maple Dr,Greenville,DE,54306,12-21-1943,4895,VB005870
Richard,Hall,richard.hall28@outlook.com,+13744422350,6716 Washington St,Franklin,KS,54425,03/05/1940,3339,VB005871
Jessica,Jackson,jessica.jackson76@hotmail.com,329.727.1068,2313 Jefferson Dr,Madison,tx,63960,1948-12-15,3741,VB005872
Michael,Garcia,michael.garcia51@yahoo.com,(549) 676-5782,9155 Valley Ln,Richmond,NH,64072,02-Nov-1972,3918,VB005873
Betty,Harris,betty.harris26@icloud.com,2198058417,5648 Forest Ave,Oxford,AL,23494,02-25-1992,2926,VB005874
Margaret,Harris,margaret.harris36@aol.com,828-423-8090,3755 Jefferson Dr,Clinton,ct,71264,10/01/1956,3810,VB005875
Robert,Hill,,+17903253565,7274 Washington St,Dayton,ID,61751,2003-11-06,2506,VB005876
Joseph,Davis,joseph.davis43@gmail.com,484.820.7453,7872 Valley Ln,Dayton,OH,34137,21-Nov-1960,2428,VB005877
Betty,Harris,betty.harris29@hotmail.com,(268) 941-9616,6571 Oak Ave,Salem,ia,50913,03-21-1976,2879,VB005878
Susan,Smith,susan.smith11@gmail.com,7008569351,3686 Main St,Oxford,OR,85055,01/07/1983,5484,VB005879
Mary,Nelson,mary.nelson42@icloud.com,524-554-4994,797 Washington St,Dayton,KY,12674,1983-04-04,5557,VB005880
Christopher,Nguyen,christopher.nguyen66@yahoo.com,+18509451882,3503 Main St,Clinton,mt,14297,04-Nov-1981,8686,VB005881
Jessica,Johnson,jessica.johnson40@aol.com,946.825.7585,9444 Oak Ave,Madison,OK,45339,08-13-1963,6796,VB005882
Thomas,Anderson,thomas.anderson12@outlook.com,(938) 987-8864,1606 Sunset Blvd,Manchester,SD,33134,08/18/1967,5262,VB005883
Anthony,Wright,anthony.wright31@icloud.com,2024101885,8138 Hill Rd,Richmond,wi,40681,1996-03-17,9142,VB005884
Robert,Jones,robert.jones55@aol.com,268-557-5965,7519 Washington St,Madison,WY,70030,02-May-1940,6693,VB005885
Mary,Williams,mary.williams60@yahoo.com,+14987775040,8402 Maple Dr,Richmond,NJ,37396,05-21-1986,4983,VB005886
Richard,Taylor,richard.taylor31@icloud.com,689.747.7290,2753 Park Blvd,Fairview,wv,16218,01/11/1997,2163,VB005887
Karen,Miller,karen.miller33@hotmail.com,(387) 466-6126,4539 River Dr,Salem,VT,73815,1970-02-20,3454,VB005888
Linda,Garcia,linda.garcia8@icloud.com,2286633700,1763 Maple Dr,Franklin,ND,69155,17-Apr-1989,6270,VB005889
Sarah,King,sarah.king84@hotmail.com,686-837-6235,9095 Forest Ave,Dayton,ok,16175,03-23-1974,7189,VB005890
William,Thompson,william.thompson43@hotmail.com,+19624109197,1361 Park Blvd,Dayton,WI,62098,10/29/1976,4823,VB005891
Jennifer,Davis,jennifer.davis53@outlook.com,686.338.9167,536 Lake Rd,Salem,ND,67230,1971-01-08,6600,VB005892
Joseph,Jones,joseph.jones82@gmail.com,(518) 687-8692,4209 Maple Dr,Georgetown,tx,80777,18-Oct-1972,2579,VB005893
Patricia,Jackson,patricia.jackson98@icloud.com,4852124481,2721 Park Blvd,Manchester,Georgia,31155,12-03-1949,7934,VB005894
Matthew,Torres,matthew.torres39@aol.com,276-425-2942,3062 Jefferson Dr,Clinton,NJ,66752,06/13/1946,3693,VB005895
Anthony,Martin,anthony.martin42@outlook.com,+12465537891,536 Forest Ave,Fairview,nj,67586,1947-07-06,2962,VB005896
Charles,Torres,charles.torres71@gmail.com,229.938.3122,7673 Jefferson Dr,Franklin,Florida,78505,02-May-2002,1031,VB005897
Patricia,Scott,patricia.scott72@aol.com,(541) 424-4373,9864 Sunset Blvd,Arlington,VT,31389,04-15-1993,7059,VB005898
Ashley,Williams,ashley.williams88@icloud.com,7604222471,8786 Jefferson Dr,Oxford,ky,28808,06/06/1956,3294,VB005899
Ashley,Hill,,464-827-9652,4175 Oak Ave,Richmond,California,69855,1941-01-19,6672,VB005900
Richard,Nguyen,richard.nguyen5@outlook.com,+17896221517,2523 Jefferson Dr,Greenville,GA,99130,07-Jul-1982,1381,VB005901
Mark,Hall,mark.hall30@yahoo.com,979.981.8243,2079 Oak Ave,Fairview,nd,70980,10-13-1979,9435,VB005902
Richard,Davis,richard.davis40@outlook.com,(870) 246-8108,3268 Sunset Blvd,Fairview,KS,74152,05/26/1993,1686,VB005903
Daniel,Harris,daniel.harris2@outlook.com,5758566754,1972 Washington St,Oxford,ME,86085,1984-06-04,4439,VB005904
Sandra,Hall,sandra.hall36@icloud.com,617-314-9126,1818 Valley Ln,Greenville,ok,18965,09-Jul-1982,1103,VB005905
Matthew,Jones,matthew.jones64@icloud.com,+12197429827,993 Washington St,Georgetown,AZ,18493,06-18-1969,3029,VB005906
Matthew,Torres,matthew.torres41@icloud.com,602.367.6726,3715 River Dr,Madison,SD,28620,01/09/1961,1829,VB005907
Nancy,Wright,,(483) 222-6084,8102 Lincoln Ave,Franklin,de,32778,1966-06-21,7595,VB005908
Joseph,Jones,joseph.jones92@icloud.com,6674316167,8078 Oak Ave,Dayton,IN,61143,28-Feb-1946,9210,VB005909
Nancy,Torres,nancy.torres58@icloud.com,557-901-3263,3571 Forest Ave,Fairview,LA,17955,08-28-1941,2173,VB005910
Susan,Taylor,,+17995258399,5134 River Dr,Marion,mi,48970,02/14/1953,1400,VB005911
Sandra,Allen,sandra.allen92@hotmail.com,998.448.7341,1842 Washington St,Greenville,New York,34921,1971-06-08,6867,VB005912
Joseph,Jackson,joseph.jackson17@outlook.com,(867) 418-8104,9805 Washington St,Dayton,AL,93273,04-Apr-1943,9310,VB005913
Ashley,Garcia,ashley.garcia33@outlook.com,7027049186,1249 Washington St,Burlington,mi,83763,11-15-1984,7490,VB005914
Nancy,Scott,nancy.scott44@aol.com,511-510-9256,6456 Lincoln Ave,Salem,MS,87552,09/29/2004,9141,VB005915
Linda,King,,+17744978569,8720 Jefferson Dr,Marion,MS,45020,1944-12-19,8783,VB005916
Jennifer,Hill,jennifer.hill54@yahoo.com,484.688.3594,3251 Main St,Clinton,wv,63281,09-May-1989,6323,VB005917
Jessica,Garcia,jessica.garcia88@hotmail.com,(752) 212-9615,4017 Oak Ave,Madison,Pennsylvania,71618,04-20-1942,2951,VB005918
Patricia,Thomas,patricia.thomas11@gmail.com,2692294363,9558 Lake Rd,Dayton,VT,66590,01/24/1954,9645,VB005919
Charles,Williams,charles.williams41@hotmail.com,769-973-5644,3988 Maple Dr,Franklin,mo,23076,1968-03-11,9949,VB005920
Nancy,Thompson,,+13862091270,7044 Sunset Blvd,Oxford,NJ,75598,28-Jun-1983,9214,VB005921
Thomas,Torres,thomas.torres60@hotmail.com,429.844.7301,370 Park Blvd,Marion,UT,91181,08-18-1987,9530,VB005922
Matthew,Young,,(530) 667-7948,9086 Forest Ave,Dayton,il,37143,12/01/1970,3671,VB005923
Daniel,Williams,daniel.williams13@yahoo.com,2436256691,3498 Maple Dr,Marion,ND,45268,1974-07-24,9277,VB005924
Jennifer,Hall,jennifer.hall92@hotmail.com,711-220-1342,5746 Forest Ave,Georgetown,AL,37832,28-Sep-1979,7999,VB005925
Daniel,Baker,daniel.baker51@gmail.com,+15802434983,4325 Lincoln Ave,Clinton,sd,16981,02-08-1959,6138,VB005926
Margaret,Brown,margaret.brown71@yahoo.com,447.328.5013,1362 Park Blvd,Springfield,OK,62761,01/22/1977,4868,VB005927
Jessica,Smith,,(640) 515-1123,6896 Park Blvd,Dayton,ND,95137,1940-07-19,1483,VB005928
William,Scott,william.scott53@hotmail.com,9819742560,9475 Hill Rd,Richmond,tx,11942,14-Jun-1987,2156,VB005929
Patricia,King,patricia.king57@icloud.com,492-335-4101,6439 Hill Rd,Fairview,NH,78745,10-07-1940,4581,VB005930
Patricia,Williams,patricia.williams60@icloud.com,+19084044118,2531 Washington St,Franklin,WY,98170,02/21/1998,5006,VB005931
Christopher,Davis,christopher.davis60@yahoo.com,344.490.1350,4395 Main St,Salem,mn,46186,1995-12-24,3951,VB005932
James,Jones,james.jones15@gmail.com,(384) 982-3192,4601 Sunset Blvd,Greenville,AR,25481,09-Oct-1964,8372,VB005933
Nancy,Nelson,nancy.nelson78@aol.com,5942725859,9879 Park Blvd,Oxford,CT,80787,07-25-1971,2959,VB005934
Nancy,Nguyen,nancy.nguyen78@hotmail.com,353-652-7627,6254 Lake Rd,Madison,ak,57662,12/18/1980,8245,VB005935
David,King,david.king32@aol.com,+17534086246,9109 Park Blvd,Madison,NE,26011,1983-11-17,8586,VB005936
Nancy,Hall,nancy.hall60@gmail.com,986.205.6751,1977 Sunset Blvd,Greenville,MA,39793,31-Dec-1985,1875,VB005937
John,Johnson,,(965) 874-9687,4040 Sunset Blvd,Georgetown,ga,48038,12-20-1954,1446,VB005938
Ashley,Garcia,,8522568647,6111 Main St,Burlington,TN,57614,10/15/2004,8805,VB005939
Joseph,Wilson,joseph.wilson15@aol.com,729-298-4482,2105 River Dr,Clinton,KY,73896,1957-02-20,9573,VB005940
Daniel,Jackson,daniel.jackson10@outlook.com,+17515902937,1671 Park Blvd,Clinton,ak,35984,24-Aug-1973,2247,VB005941
Karen,Garcia,,586.707.1007,9611 Valley Ln,Salem,Texas,76105,07-12-1969,1605,VB005942
James,Garcia,james.garcia31@hotmail.com,(970) 647-3101,5485 Cedar Ln,Marion,LA,47634,10/04/1959,8099,VB005943
Mary,King,mary.king90@gmail.com,9459912530,8171 Lincoln Ave,Richmond,vt,42189,1946-09-28,1657,VB005944
Robert,Miller,robert.miller84@icloud.com,982-573-4084,6286 Lincoln Ave,Springfield,DE,85913,19-Jul-1965,2424,VB005945
William,Johnson,william.johnson29@icloud.com,+15672854587,3130 Washington St,Manchester,CT,56591,10-06-1980,3923,VB005946
Patricia,Wilson,patricia.wilson80@hotmail.com,210.424.3024,7265 Lake Rd,Salem,in,57455,02/09/1954,7828,VB005947
William,Thomas,william.thomas41@icloud.com,(368) 765-6475,3266 Jefferson Dr,Arlington,IN,61681,1992-12-24,4133,VB005948
John,Jones,john.jones53@gmail.com,4409116477,7645 Lincoln Ave,Dayton,RI,90959,20-Jul-1974,5581,VB005949
Matthew,Wright,matthew.wright29@aol.com,354-374-2497,8174 Maple Dr,Franklin,wi,79796,02-01-1958,7207,VB005950
Karen,Scott,,+12908551557,2007 Washington St,Salem,Illinois,70684,08/19/1987,5176,VB005951
Linda,King,linda.king42@icloud.com,453.288.1416,775 Maple Dr,Franklin,NV,61574,1989-08-17,5758,VB005952
Patricia,Jackson,patricia.jackson8@hotmail.com,(568) 502-7136,9949 Washington St,Greenville,al,78599,07-Oct-1985,2952,VB005953
Daniel,Williams,daniel.williams33@icloud.com,7342829432,2448 Jefferson Dr,Madison,WI,83516,05-12-1957,9206,VB005954
Thomas,Smith,,612-486-9856,186 Maple Dr,Fairview,NV,27717,03/29/1988,1955,VB005955
Patricia,Wright,patricia.wright6@aol.com,+19722083277,9856 Valley Ln,Manchester,tx,93779,1991-05-28,8752,VB005956
Robert,Walker,robert.walker39@outlook.com,395.420.9581,6750 Oak Ave,Greenville,UT,37383,24-Jan-1967,2056,VB005957
Betty,Taylor,betty.taylor2@hotmail.com,(982) 921-2223,3255 Oak Ave,Georgetown,MO,15827,09-25-1995,2723,VB005958
John,Johnson,john.johnson67@gmail.com,2116082559,9785 Lake Rd,Marion,wi,99291,07/21/1982,4264,VB005959
Mark,Garcia,mark.garcia28@outlook.com,701-284-1684,7073 Maple Dr,Dayton,OK,70105,1993-09-07,6261,VB005960
Christopher,Jackson,christopher.jackson35@icloud.com,+14278942866,5632 Sunset Blvd,Marion,PA,16790,27-Mar-1949,7219,VB005961
Charles,Anderson,charles.anderson95@gmail.com,778.294.2840,8713 Maple Dr,Manchester,nc,21498,06-28-1991,8675,VB005962
Nancy,Johnson,nancy.johnson33@outlook.com,(886) 984-5657,3400 Valley Ln,Dayton,WI,71752,01/23/1966,3959,VB005963
Susan,Garcia,susan.garcia37@icloud.com,8925223358,4872 Cedar Ln,Richmond,MT,76878,1940-06-10,2314,VB005964
David,Wilson,david.wilson17@hotmail.com,671-984-8510,3611 Park Blvd,Franklin,al,88386,20-May-1964,7540,VB005965
James,Martin,,+17049661343,9768 Lincoln Ave,Salem,Michigan,27741,07-08-1989,6315,VB005966
Barbara,Miller,,367.286.4232,4501 Jefferson Dr,Burlington,MA,53300,06/07/1979,1500,VB005967
Ashley,Anderson,ashley.anderson12@gmail.com,(770) 216-2978,8979 Valley Ln,Clinton,mn,92477,1971-06-08,9673,VB005968
Richard,Brown,,3856243151,538 Sunset Blvd,Fairview,AR,60899,06-Feb-1993,7071,VB005969
Nancy,Garcia,nancy.garcia45@hotmail.com,666-953-1948,998 Valley Ln,Clinton,NM,45035,05-29-1959,8660,VB005970
Betty,Wright,betty.wright42@yahoo.com,+16722288611,5520 Oak Ave,Georgetown,hi,70955,04/02/1944,9344,VB005971
Michael,Smith,michael.smith21@yahoo.com,530.352.4908,4962 Hill Rd,Franklin,KS,53639,1942-04-06,6182,VB005972
Lisa,Davis,lisa.davis55@hotmail.com,(846) 410-7368,5584 Park Blvd,Salem,LA,57580,10-Feb-1998,6321,VB005973
Matthew,Young,matthew.young56@outlook.com,9876055669,8103 Valley Ln,Greenville,nd,41769,04-24-1982,9840,VB005974
Jennifer,Garcia,jennifer.garcia16@outlook.com,799-238-7298,9871 Sunset Blvd,Manchester,MO,82284,08/13/1971,8469,VB005975
Michael,Brown,,+19293801818,8248 Lake Rd,Burlington,GA,15673,1997-08-27,6951,VB005976
Michael,Williams,michael.williams17@aol.com,288.566.1013,4567 Jefferson Dr,Fairview,mt,93862,21-Jun-1948,3298,VB005977
Jessica,Taylor,jessica.taylor51@yahoo.com,(818) 692-2302,8202 Main St,Richmond,CO,28279,01-03-1944,7318,VB005978
Mark,Hill,mark.hill48@hotmail.com,4545826776,3259 Valley Ln,Clinton,PA,98997,09/18/1980,9142,VB005979
Robert,Walker,robert.walker86@aol.com,867-283-8754,9820 Hill Rd,Springfield,tn,12964,1971-10-16,4007,VB005980
Jennifer,Garcia,jennifer.garcia37@icloud.com,+15299314441,9642 Cedar Ln,Georgetown,AK,29118,02-Jan-1991,2626,VB005981
Anthony,Smith,anthony.smith98@aol.com,933.833.4562,7915 Hill Rd,Madison,OH,62719,03-19-1968,3658,VB005982
Thomas,Nguyen,thomas.nguyen7@yahoo.com,(498) 650-7521,4990 Lincoln Ave,Richmond,me,70469,12/08/1954,7921,VB005983
Margaret,Allen,margaret.allen8@aol.com,4593356721,8746 Park Blvd,Salem,Illinois,47162,1947-11-05,4286,VB005984
Margaret,Brown,margaret.brown46@gmail.com,312-333-3406,3346 Maple Dr,Salem,CO,39758,06-Aug-1953,1371,VB005985
William,Adams,william.adams57@hotmail.com,+14289586645,4702 Hill Rd,Springfield,il,79815,09-14-1943,5432,VB005986
Mary,Thompson,mary.thompson93@gmail.com,719.207.4071,1541 Park Blvd,Burlington,TN,81463,07/15/1999,3276,VB005987
Jessica,Taylor,jessica.taylor98@outlook.com,(254) 616-9977,38 Maple Dr,Richmond,NV,85784,1998-11-25,4242,VB005988
Linda,Martin,,7384623286,4558 Forest Ave,Franklin,ne,47739,15-Aug-1990,2058,VB005989
William,Baker,william.baker60@gmail.com,522-686-2143,4239 Valley Ln,Oxford,IA,24589,10-19-1956,6360,VB005990
Barbara,Williams,barbara.williams99@icloud.com,+17373554045,2756 Cedar Ln,Madison,ID,40088,11/21/1954,3339,VB005991
Robert,Nelson,,252.897.7300,5670 Main St,Richmond,al,86218,1945-06-29,1474,VB005992
Betty,Williams,betty.williams48@aol.com,(776) 694-3503,6709 Forest Ave,Fairview,North Carolina,84352,05-May-1999,7802,VB005993
Patricia,Davis,patricia.davis18@hotmail.com,9593382302,9470 Park Blvd,Franklin,OR,76362,02-24-1991,3974,VB005994
Joseph,Young,joseph.young33@gmail.com,384-928-2056,5552 Washington St,Oxford,nm,20141,01/22/1988,8394,VB005995
Nancy,Williams,nancy.williams43@outlook.com,+13452138775,7012 Lake Rd,Springfield,ID,44581,1946-11-27,3797,VB005996
Daniel,Davis,daniel.davis72@outlook.com,211.449.2844,9743 Lincoln Ave,Clinton,ME,37069,14-Dec-1972,4144,VB005997
Karen,Garcia,karen.garcia14@icloud.com,(514) 612-8975,432 Park Blvd,Georgetown,ky,93406,04-09-2000,6022,VB005998
Betty,Davis,betty.davis45@hotmail.com,3796977940,6281 Valley Ln,Salem,Pennsylvania,37308,08/15/1985,1785,VB005999
William,Jackson,william.jackson3@outlook.com,653-898-6841,1087 River Dr,Oxford,VT,25518,1962-01-22,6974,VB006000
Matthew,Walker,matthew.walker10@yahoo.com,+18325362433,6968 Main St,Richmond,ia,84491,30-May-1993,9986,VB006001
Mark,Adams,mark.adams64@icloud.com,409.910.9362,9940 Forest Ave,Manchester,AR,30360,02-25-1958,6922,VB006002
Michael,Harris,michael.harris66@outlook.com,(747) 321-5753,6425 River Dr,Madison,MO,97357,11/13/1977,8730,VB006003
Sandra,Martin,sandra.martin13@yahoo.com,8857129217,4295 Valley Ln,Clinton,ky,15203,1969-12-23,5320,VB006004
Richard,Davis,richard.davis47@gmail.com,246-485-8662,1287 Lincoln Ave,Madison,AL,13770,17-Oct-1969,7281,VB006005
Karen,Nguyen,karen.nguyen48@icloud.com,+17464561610,7489 Cedar Ln,Manchester,ME,39998,06-10-1947,1334,VB006006
David,Johnson,david.johnson14@yahoo.com,921.644.3746,3555 Main St,Oxford,nh,60613,06/23/1944,7460,VB006007
Margaret,Miller,,(257) 394-2136,4164 Washington St,Franklin,WV,13232,1992-07-08,9555,VB006008
Margaret,Nguyen,margaret.nguyen36@icloud.com,6915951959,9680 Park Blvd,Richmond,OK,36659,05-Apr-2002,8976,VB006009
Linda,Wright,linda.wright40@icloud.com,289-251-2251,2224 Washington St,Franklin,de,34208,09-12-1970,8569,VB006010
Mary,Baker,mary.baker92@aol.com,+12517016754,4933 Oak Ave,Dayton,NH,25471,10/27/1953,5872,VB006011
Karen,Anderson,karen.anderson82@outlook.com,746.521.1571,429 Maple Dr,Franklin,AZ,79973,1995-02-03,3341,VB006012
Nancy,Smith,nancy.smith15@aol.com,(714) 721-7937,3890 Cedar Ln,Burlington,ar,22253,18-Dec-2003,5069,VB006013
Charles,Allen,charles.allen39@yahoo.com,2165621916,9046 Cedar Ln,Fairview,VA,21366,09-13-2000,2525,VB006014
Mark,Garcia,mark.garcia5@hotmail.com,250-823-5728,1239 Park Blvd,Oxford,IL,82217,12/06/1940,9087,VB006015
Anthony,King,anthony.king3@yahoo.com,+17583307486,2184 Lake Rd,Madison,hi,15179,1963-07-03,2111,VB006016
Sarah,Torres,,827.412.7259,4472 Oak Ave,Franklin,NM,72414,30-May-1998,5230,VB006017
Christopher,Hall,christopher.hall28@outlook.com,(850) 383-8417,2920 Hill Rd,Richmond,NE,23343,11-05-1962,2972,VB006018
Thomas,White,thomas.white53@hotmail.com,5064986585,8657 Cedar Ln,Madison,ak,57800,06/20/1993,8525,VB006019
Ashley,Anderson,,918-298-1718,1135 River Dr,Burlington,Georgia,64926,1940-10-19,1503,VB006020
Nancy,White,nancy.white35@aol.com,+13064142347,2758 Valley Ln,Georgetown,TN,85382,15-Jan-1985,7410,VB006021
James,Johnson,james.johnson44@icloud.com,707.771.9783,6778 Hill Rd,Salem,ut,75150,11-26-1988,2961,VB006022
David,Baker,,(922) 453-8277,4375 River Dr,Oxford,North Carolina,42197,12/15/1958,1443,VB006023
Sarah,Nelson,sarah.nelson34@yahoo.com,9038076367,4617 Cedar Ln,Franklin,NE,58182,1956-04-26,7447,VB006024
David,Nguyen,david.nguyen96@gmail.com,696-239-9584,3620 Cedar Ln,Georgetown,ca,48900,02-Sep-1997,4014,VB006025
Nancy,Walker,nancy.walker71@yahoo.com,+17817077577,7508 Cedar Ln,Marion,North Carolina,72693,02-14-1952,6076,VB006026
Christopher,Torres,christopher.torres74@hotmail.com,921.201.2162,2680 Washington St,Arlington,NC,56577,07/31/1990,7263,VB006027
Christopher,Wright,,(601) 370-4903,7446 Cedar Ln,Manchester,nd,86636,1941-09-03,2279,VB006028
Thomas,Smith,thomas.smith86@hotmail.com,9789801277,6189 Main St,Burlington,ME,84020,04-Feb-1977,6594,VB006029
James,Garcia,james.garcia39@yahoo.com,880-291-6576,5623 Lake Rd,Greenville,KY,88943,03-19-1948,2845,VB006030
Michael,Miller,michael.miller9@outlook.com,+12115107332,2738 Valley Ln,Springfield,sd,73149,01/07/1943,6586,VB006031
Margaret,Harris,margaret.harris38@yahoo.com,420.866.5236,7447 Lake Rd,Dayton,New York,63222,1956-04-19,6225,VB006032
Betty,Wilson,,(237) 889-6358,8533 Park Blvd,Fairview,AR,29284,30-Aug-1956,5798,VB006033
Mark,Miller,mark.miller8@aol.com,5496048868,5018 Valley Ln,Salem,nj,26694,06-24-1963,5548,VB006034
Christopher,Baker,christopher.baker46@icloud.com,839-732-9051,2249 Valley Ln,Salem,AR,31827,05/30/1975,4854,VB006035
Anthony,Davis,anthony.davis58@hotmail.com,+13348777311,6933 Cedar Ln,Fairview,NC,92303,1995-12-29,2378,VB006036
Matthew,Wilson,matthew.wilson27@yahoo.com,544.442.9480,925 Oak Ave,Georgetown,md,23059,05-Oct-1993,8676,VB006037
William,Thomas,william.thomas62@outlook.com,(693) 931-9125,8595 Lake Rd,Oxford,Florida,89873,10-23-1964,6557,VB006038
Patricia,Nguyen,patricia.nguyen17@hotmail.com,5805806255,9571 Sunset Blvd,Burlington,NH,14247,09/05/1999,6852,VB006039
Betty,Thomas,betty.thomas10@outlook.com,855-437-2093,5220 Hill Rd,Madison,ne,45744,1983-04-15,3066,VB006040
Jessica,Williams,,+16587255300,6279 Lake Rd,Greenville,OR,87473,02-Nov-1941,5866,VB006041
Susan,Hall,susan.hall16@aol.com,786.700.1070,5998 Valley Ln,Franklin,NV,23948,01-20-1950,9243,VB006042
Karen,Williams,karen.williams1@icloud.com,(588) 605-2127,3280 Washington St,Springfield,wa,38226,07/11/1952,4556,VB006043
Margaret,Allen,margaret.allen53@gmail.com,5415584478,186 Sunset Blvd,Fairview,VT,46913,1962-10-28,2111,VB006044
Joseph,Taylor,,594-530-6302,9632 Maple Dr,Richmond,CT,30197,28-Dec-1969,2888,VB006045
Karen,Nelson,karen.nelson86@icloud.com,+15466993630,5811 Lincoln Ave,Georgetown,mn,43547,01-29-1974,1707,VB006046
Matthew,Martin,matthew.martin77@gmail.com,411.918.1689,2024 Cedar Ln,Arlington,Ohio,45056,06/26/1997,2127,VB006047
Jessica,Allen,jessica.allen89@gmail.com,(682) 326-4651,311 Washington St,Marion,AK,30271,1999-02-12,9330,VB006048
Mark,Nguyen,mark.nguyen10@yahoo.com,6758316090,4441 Washington St,Springfield,ct,39921,13-Dec-1941,6704,VB006049
Joseph,Thompson,joseph.thompson57@outlook.com,872-339-6285,3107 Washington St,Greenville,AR,90906,09-12-1971,3991,VB006050
Joseph,Williams,joseph.williams61@icloud.com,+14702941008,6716 River Dr,Oxford,MA,50667,06/25/1968,1876,VB006051
Joseph,Torres,joseph.torres97@yahoo.com,324.511.9990,1518 Maple Dr,Madison,ny,87450,1973-06-18,7979,VB006052
Lisa,White,lisa.white54@outlook.com,(366) 990-8453,8263 Washington St,Richmond,KS,38139,16-Sep-1955,3912,VB006053
James,Martin,james.martin99@aol.com,7926207586,5044 Valley Ln,Madison,NM,58046,12-22-1961,9224,VB006054
Susan,Jackson,susan.jackson94@outlook.com,759-908-4598,3760 Valley Ln,Fairview,ri,86080,12/14/1965,4400,VB006055
Jennifer,White,jennifer.white21@icloud.com,+13875545209,9860 Park Blvd,Manchester,VT,55639,1943-09-24,4237,VB006056
Ashley,White,ashley.white76@gmail.com,239.655.5029,5755 Oak Ave,Greenville,CT,32370,03-Oct-1999,2376,VB006057
Jennifer,Martin,jennifer.martin97@hotmail.com,(266) 384-5422,5139 Forest Ave,Dayton,ri,40728,11-03-1988,2757,VB006058
Robert,Davis,,5647383539,5454 Lincoln Ave,Georgetown,MO,76161,01/13/1991,6789,VB006059
Daniel,Jackson,daniel.jackson87@yahoo.com,756-788-1238,5703 Main St,Georgetown,HI,62224,1985-08-21,7746,VB006060
Barbara,Nelson,barbara.nelson91@hotmail.com,+13978929246,8418 Main St,Manchester,de,42232,21-Aug-2004,8557,VB006061
James,Baker,,731.254.2672,3263 Hill Rd,Springfield,WV,98954,10-08-1979,7463,VB006062
Thomas,Taylor,thomas.taylor67@aol.com,(333) 581-9299,1129 Maple Dr,Manchester,WV,17509,05/26/1998,4057,VB006063
James,Scott,,2078765464,9572 Sunset Blvd,Arlington,me,24354,1982-10-19,3581,VB006064
Patricia,Miller,patricia.miller62@gmail.com,775-304-9098,7754 Lake Rd,Dayton,VT,38583,21-Feb-1966,4425,VB006065
Mary,Young,,+19586403775,9230 River Dr,Burlington,SC,51827,01-29-1961,9580,VB006066
Betty,Walker,,858.673.4534,2936 Lake Rd,Burlington,ut,69572,07/12/1956,7274,VB006067
Daniel,Nelson,daniel.nelson54@aol.com,(255) 773-6834,128 Park Blvd,Manchester,WV,86091,1948-03-22,1491,VB006068
Thomas,Miller,,5162731137,7152 Lake Rd,Arlington,DE,97135,14-May-1987,8162,VB006069
Susan,Harris,susan.harris20@yahoo.com,663-287-9761,5709 Lincoln Ave,Franklin,vt,94140,02-06-1987,7354,VB006070
Mark,White,mark.white70@aol.com,+15373217970,9019 Maple Dr,Springfield,Illinois,82964,12/25/1972,3391,VB006071
Sarah,Wright,sarah.wright53@hotmail.com,601.498.8563,6990 Main St,Oxford,MA,13264,1943-10-18,2013,VB006072
Anthony,Garcia,anthony.garcia94@outlook.com,(453) 206-1595,6872 Cedar Ln,Marion,ri,39554,24-Oct-1992,6968,VB006073
Nancy,Williams,,7702767848,1747 Cedar Ln,Fairview,Pennsylvania,11536,07-13-1983,7001,VB006074
Betty,Thompson,betty.thompson88@hotmail.com,815-324-8805,370 Maple Dr,Manchester,MI,45233,07/16/2001,2613,VB006075
Betty,Thomas,betty.thomas55@icloud.com,+16789508716,2058 Valley Ln,Oxford,az,61178,1959-05-31,7058,VB006076
Sandra,Smith,sandra.smith8@outlook.com,253.678.9108,8116 Forest Ave,Clinton,WA,56324,09-Mar-1986,3041,VB006077
Mark,Torres,mark.torres9@hotmail.com,(341) 440-6866,8303 Hill Rd,Greenville,WA,75721,06-12-1940,4243,VB006078
Jessica,Walker,,2984939989,8451 Forest Ave,Franklin,al,63978,09/26/1992,6572,VB006079
John,Davis,john.davis46@gmail.com,590-643-4243,1819 Hill Rd,Madison,OR,82729,1960-08-11,5680,VB006080
Margaret,Wright,margaret.wright44@hotmail.com,+18649759544,5599 Maple Dr,Burlington,NH,46947,04-Mar-1977,8665,VB006081
Linda,Scott,linda.scott68@outlook.com,225.799.1176,4674 Lake Rd,Springfield,oh,35696,08-29-1995,5118,VB006082
James,Wilson,james.wilson43@outlook.com,(292) 851-8491,3685 Jefferson Dr,Richmond,SD,67819,01/24/1981,2096,VB006083
Jennifer,Miller,jennifer.miller17@aol.com,3525981519,5009 Lake Rd,Springfield,AK,71332,1947-08-14,9822,VB006084
William,Thomas,william.thomas78@hotmail.com,412-658-1190,8642 River Dr,Franklin,az,56033,14-Jun-1944,4979,VB006085
Robert,Miller,robert.miller92@outlook.com,+14929889802,8049 Sunset Blvd,Oxford,WA,21123,06-09-1980,8182,VB006086
Robert,Torres,robert.torres79@aol.com,960.904.1839,3940 Lincoln Ave,Oxford,MN,37498,01/21/1958,6016,VB006087
Linda,Nelson,linda.nelson95@hotmail.com,(638) 958-3709,2065 Maple Dr,Dayton,oh,49390,1981-02-08,7628,VB006088
Susan,Thompson,susan.thompson65@yahoo.com,5499117899,3841 Sunset Blvd,Oxford,Pennsylvania,81848,04-Feb-1951,3509,VB006089
Mark,Thompson,mark.thompson11@aol.com,257-552-3710,7230 River Dr,Salem,VA,37430,02-09-2000,1872,VB006090
Anthony,Brown,anthony.brown4@aol.com,+14847912787,445 River Dr,Arlington,vt,60843,12/27/1985,8216,VB006091
Susan,Garcia,,748.723.8818,3072 Forest Ave,Fairview,MT,59918,1979-01-14,9692,VB006092
Thomas,Harris,thomas.harris53@hotmail.com,(685) 506-9838,1291 Forest Ave,Springfield,NE,74019,19-Feb-1969,6463,VB006093
Robert,Scott,robert.scott14@icloud.com,7562222740,9790 Jefferson Dr,Georgetown,tn,71110,01-05-1999,9561,VB006094
Sarah,King,sarah.king83@outlook.com,316-459-5972,8444 Lake Rd,Burlington,SC,11029,09/28/1981,2088,VB006095
Joseph,Jones,joseph.jones50@yahoo.com,+12508682824,7982 Jefferson Dr,Arlington,WA,78764,1992-10-16,9893,VB006096
David,Martin,david.martin88@hotmail.com,439.842.8625,5159 Jefferson Dr,Franklin,id,29794,25-Jan-1941,8942,VB006097
Betty,Anderson,betty.anderson47@icloud.com,(765) 840-7099,9384 Park Blvd,Greenville,California,91613,02-19-1962,9186,VB006098
Barbara,Williams,,5942174672,2750 River Dr,Manchester,NH,55952,12/20/1960,2070,VB006099
John,Wilson,john.wilson79@gmail.com,727-259-4464,5529 Hill Rd,Clinton,hi,47125,1944-01-18,6824,VB006100
Daniel,Johnson,daniel.johnson70@gmail.com,+18935666372,5793 Main St,Salem,OK,65698,15-Aug-1948,5072,VB006101
Joseph,Wilson,joseph.wilson43@yahoo.com,723.849.2735,6222 Jefferson Dr,Greenville,MD,46366,07-06-1946,1391,VB006102
Sarah,Wright,sarah.wright66@hotmail.com,(415) 932-4505,7616 Cedar Ln,Marion,ks,34190,08/24/2002,3494,VB006103
Sarah,Hall,,4025721760,8564 Lincoln Ave,Madison,HI,46971,1959-01-03,2843,VB006104
Linda,Adams,linda.adams77@gmail.com,357-446-9228,2028 Washington St,Arlington,CO,95971,22-Aug-1989,9033,VB006105
Joseph,Nelson,,+12548492166,7737 Cedar Ln,Marion,de,99220,03-29-1974,9680,VB006106
Karen,Brown,karen.brown68@hotmail.com,259.698.7362,6643 Forest Ave,Fairview,VT,84674,11/01/1942,5786,VB006107
Christopher,Miller,christopher.miller54@outlook.com,(798) 727-7076,9577 Oak Ave,Arlington,MA,97936,1982-10-15,1817,VB006108
Nancy,Jackson,nancy.jackson80@gmail.com,9615061531,9005 Lincoln Ave,Clinton,ga,97846,25-Apr-1962,6203,VB006109
Charles,Nelson,,635-902-8837,3081 Park Blvd,Madison,MO,75085,11-11-1947,8851,VB006110
Betty,Johnson,betty.johnson58@icloud.com,+16797028745,4888 Cedar Ln,Fairview,TN,59833,01/25/1941,8243,VB006111
Jessica,White,jessica.white26@outlook.com,400.450.2763,283 River Dr,Oxford,tn,19472,1994-12-13,9714,VB006112
Jessica,Hall,jessica.hall73@icloud.com,(648) 385-7221,5876 Valley Ln,Springfield,UT,27125,04-May-1983,8997,VB006113
Nancy,Young,nancy.young55@outlook.com,7907535358,6317 Cedar Ln,Clinton,WI,59966,02-17-1971,3143,VB006114
Lisa,King,,696-894-3256,7718 Jefferson Dr,Manchester,md,24952,10/05/1990,6477,VB006115
Jessica,Adams,jessica.adams67@yahoo.com,+13016544153,41 River Dr,Clinton,ID,87379,1959-03-02,2416,VB006116
Daniel,Williams,daniel.williams4@outlook.com,956.790.3405,8582 Valley Ln,Marion,MN,83654,30-Jul-1959,5308,VB006117
Jennifer,Thompson,jennifer.thompson52@gmail.com,(341) 545-9167,6767 Lincoln Ave,Burlington,nd,43348,03-25-1947,3691,VB006118
Nancy,Thompson,nancy.thompson31@icloud.com,7476031997,663 Cedar Ln,Springfield,LA,49597,03/13/1961,7354,VB006119
Sandra,Smith,,963-413-5158,6989 Forest Ave,Richmond,MO,78669,1999-11-10,3941,VB006120
Jessica,Walker,jessica.walker91@icloud.com,+16989765769,3681 Hill Rd,Franklin,co,89077,28-Sep-1993,6940,VB006121
Christopher,Wright,,339.262.7271,4668 River Dr,Madison,WA,63581,01-07-1983,7160,VB006122
William,Baker,william.baker84@gmail.com,(716) 787-6116,9205 Washington St,Georgetown,VT,48408,05/13/1960,3307,VB006123
Lisa,King,lisa.king17@hotmail.com,9494268105,1584 Forest Ave,Burlington,il,60518,2000-05-15,3007,VB006124
Anthony,Nelson,,698-821-9177,7092 River Dr,Richmond,HI,73876,24-Sep-1999,1979,VB006125
Karen,Miller,karen.miller64@aol.com,+14082469057,8880 Cedar Ln,Springfield,AR,67337,12-25-1975,6828,VB006126
William,White,william.white94@icloud.com,902.433.8957,2184 Sunset Blvd,Clinton,la,93425,08/26/1987,1629,VB006127
Linda,Adams,linda.adams13@icloud.com,(758) 571-4530,5666 Hill Rd,Madison,WA,95880,1944-07-29,5992,VB006128
John,Johnson,john.johnson72@icloud.com,9149711966,1499 Oak Ave,Oxford,MS,10134,06-Oct-1994,3916,VB006129
Daniel,Allen,daniel.allen79@hotmail.com,781-759-7500,9098 Forest Ave,Marion,il,52381,08-30-1965,6619,VB006130
Lisa,Brown,,+17813115886,8381 Hill Rd,Fairview,NJ,74003,04/22/1958,6714,VB006131
James,Hall,james.hall36@hotmail.com,454.844.4411,827 Maple Dr,Fairview,NV,50661,1949-02-06,3928,VB006132
Jessica,Thompson,,(604) 487-1261,662 Maple Dr,Richmond,tn,23123,20-Jun-2001,7543,VB006133
Jessica,Miller,jessica.miller35@aol.com,8003115023,4393 Main St,Manchester,New York,27665,08-26-1964,5350,VB006134
Sarah,Thomas,,959-711-8614,514 Valley Ln,Oxford,AR,34678,05/14/1950,8271,VB006135
Nancy,Brown,nancy.brown7@yahoo.com,+14228873752,4931 Lincoln Ave,Arlington,ny,50190,1975-07-25,9633,VB006136
Ashley,Nguyen,ashley.nguyen76@hotmail.com,830.374.1409,9850 Jefferson Dr,Arlington,OR,62777,23-Sep-2000,8188,VB006137
Sarah,Nguyen,sarah.nguyen68@hotmail.com,(996) 627-1059,9 Park Blvd,Burlington,IL,13579,09-22-1985,8282,VB006138
Betty,Walker,betty.walker48@hotmail.com,9615683397,3195 Lake Rd,Richmond,mt,51559,06/23/1964,9178,VB006139
Joseph,Martin,,887-900-9061,3117 Hill Rd,Georgetown,ID,90911,1955-10-09,7227,VB006140
Thomas,Hall,thomas.hall95@hotmail.com,+14986413413,5968 Lake Rd,Clinton,TX,37283,03-Jan-1971,8114,VB006141
Karen,Walker,karen.walker58@yahoo.com,429.485.1257,9931 Washington St,Georgetown,oh,61776,12-04-1961,6246,VB006142
Richard,Hall,richard.hall63@yahoo.com,(266) 778-7767,8465 Maple Dr,Madison,Illinois,65104,03/05/1992,9194,VB006143
Jessica,Torres,jessica.torres93@gmail.com,5979097691,4171 Maple Dr,Greenville,UT,12338,1961-12-24,2867,VB006144
Patricia,Jackson,patricia.jackson44@hotmail.com,392-600-8889,3958 Oak Ave,Dayton,ne,22304,21-Dec-1996,5373,VB006145
John,Baker,,+16839778220,1419 Lincoln Ave,Salem,OK,20929,02-28-1975,1607,VB006146
William,Davis,william.davis17@outlook.com,612.488.7497,1889 Lincoln Ave,Greenville,IN,88784,07/18/1971,6284,VB006147
Richard,White,richard.white56@yahoo.com,(749) 627-1521,5344 Jefferson Dr,Richmond,mi,25026,2003-12-27,1465,VB006148
Richard,Hill,,8663645839,5551 Hill Rd,Clinton,DE,34623,03-Jan-1965,8518,VB006149
Jessica,Wright,,360-805-9561,3420 Main St,Marion,CO,97876,03-22-1976,4207,VB006150
Patricia,Young,patricia.young76@aol.com,+13575471719,7628 Washington St,Manchester,nc,38492,10/22/1974,7633,VB006151
James,Miller,james.miller72@aol.com,321.725.1361,9567 Oak Ave,Manchester,MT,24421,1980-06-20,7245,VB006152
Robert,Harris,robert.harris60@icloud.com,(397) 589-3859,3649 Main St,Fairview,OH,64874,09-Oct-1965,5340,VB006153
Margaret,Baker,,2666388667,9279 Lake Rd,Dayton,tx,30555,07-02-1998,1690,VB006154
Margaret,Nelson,margaret.nelson53@hotmail.com,546-516-3342,1605 Park Blvd,Arlington,MN,25591,05/23/1969,9362,VB006155
David,Walker,david.walker70@icloud.com,+14475998841,9587 Maple Dr,Arlington,AR,81376,1995-11-23,5822,VB006156
Barbara,Smith,barbara.smith35@aol.com,716.508.6042,8745 Valley Ln,Dayton,wi,44325,29-Mar-1997,8204,VB006157
Jessica,Scott,jessica.scott26@hotmail.com,(626) 981-2461,6500 Park Blvd,Dayton,MO,20085,09-10-1968,3436,VB006158
Patricia,Thomas,patricia.thomas93@hotmail.com,8162318446,5435 Maple Dr,Springfield,NH,62733,05/26/1973,3080,VB006159
Linda,Allen,linda.allen95@gmail.com,519-986-8318,8853 Oak Ave,Oxford,ne,21147,1950-07-30,2915,VB006160
Margaret,Hall,margaret.hall79@yahoo.com,+13102417444,4370 Cedar Ln,Franklin,NH,19184,03-Aug-1984,7863,VB006161
Susan,Garcia,susan.garcia24@icloud.com,848.757.6426,7882 Maple Dr,Franklin,IN,58719,10-30-1946,7518,VB006162
Robert,Nguyen,robert.nguyen69@outlook.com,(539) 829-6926,8952 Valley Ln,Arlington,ms,98858,06/09/1964,2053,VB006163
John,Miller,john.miller74@aol.com,6673368070,7674 Valley Ln,Fairview,ME,65239,1989-04-25,2350,VB006164
Anthony,Miller,anthony.miller11@yahoo.com,307-988-7992,1659 Lincoln Ave,Manchester,TN,69302,22-Aug-1977,3283,VB006165
Joseph,Torres,joseph.torres14@outlook.com,+18578519113,5262 Jefferson Dr,Madison,ne,23876,10-30-1995,3996,VB006166
Barbara,Smith,,672.491.3147,6600 Main St,Arlington,Ohio,79142,07/05/1943,6527,VB006167
Anthony,Harris,anthony.harris20@icloud.com,(662) 989-6744,1500 Forest Ave,Springfield,AR,54279,1987-11-10,9373,VB006168
Richard,Garcia,richard.garcia3@icloud.com,3189924567,8078 Lincoln Ave,Franklin,ok,87978,13-Mar-1957,3425,VB006169
Mark,Johnson,mark.johnson96@outlook.com,517-654-6815,6230 Washington St,Dayton,MT,22363,05-31-1957,7821,VB006170
Barbara,White,barbara.white42@hotmail.com,+16554614635,9201 Oak Ave,Burlington,NJ,82680,01/10/1964,3514,VB006171
John,Jones,john.jones30@gmail.com,248.888.9388,2293 Sunset Blvd,Manchester,il,79580,1967-03-07,7151,VB006172
Linda,Thomas,,(980) 899-1544,7137 Main St,Fairview,ID,19934,13-Apr-1956,6603,VB006173
Daniel,Walker,daniel.walker39@aol.com,8413935503,917 Lake Rd,Franklin,TN,60179,07-01-1988,6076,VB006174
Matthew,Jackson,matthew.jackson33@aol.com,296-798-1359,3174 Cedar Ln,Franklin,nj,24234,04/28/1986,1691,VB006175
Joseph,Miller,joseph.miller37@icloud.com,+19478257585,6182 Hill Rd,Clinton,NV,68978,1992-11-04,9829,VB006176
Matthew,King,,631.398.4118,9236 Valley Ln,Madison,IN,16410,24-May-1955,7902,VB006177
Ashley,Wilson,ashley.wilson64@yahoo.com,(468) 327-2595,7028 Lake Rd,Dayton,az,35329,07-13-2002,5737,VB006178
Sarah,White,sarah.white55@hotmail.com,9157402353,2549 River Dr,Clinton,ID,94245,09/02/1945,6111,VB006179
Christopher,Torres,,590-343-7546,3637 Valley Ln,Marion,KS,75872,1964-08-31,4048,VB006180
Susan,Garcia,susan.garcia26@outlook.com,+13867142806,7384 Valley Ln,Richmond,in,34331,10-Jan-1958,1966,VB006181
Patricia,Taylor,,762.359.4117,1727 Main St,Franklin,NM,21234,12-31-2001,8354,VB006182
Michael,Brown,michael.brown9@yahoo.com,(479) 406-4631,9192 Oak Ave,Fairview,GA,11457,03/28/1998,2744,VB006183
Patricia,Allen,patricia.allen69@hotmail.com,9343563394,3922 Valley Ln,Manchester,ca,32695,1955-04-05,4083,VB006184
Patricia,Wright,patricia.wright42@outlook.com,273-710-1555,1326 Hill Rd,Clinton,MO,58842,16-Aug-1940,7564,VB006185
Christopher,Smith,christopher.smith35@outlook.com,+13029186029,1931 Washington St,Georgetown,MN,75472,10-11-1953,6043,VB006186
Linda,Young,linda.young56@aol.com,244.571.4463,6188 Maple Dr,Georgetown,ne,99462,08/22/1975,7059,VB006187
David,White,david.white96@gmail.com,(490) 845-6715,1672 River Dr,Madison,SC,80567,1999-11-29,8968,VB006188
Jennifer,Hill,,9572438161,5040 Sunset Blvd,Clinton,AR,23519,06-May-1979,8633,VB006189
Mary,Johnson,,723-417-6600,395 Lake Rd,Georgetown,wa,83863,06-14-1961,7780,VB006190
Richard,Wright,richard.wright86@hotmail.com,+18744671462,4397 Lake Rd,Dayton,NV,75839,07/18/1963,8947,VB006191
Patricia,Miller,patricia.miller98@outlook.com,576.743.8488,8261 Main St,Salem,NH,60766,1979-11-19,8215,VB006192
Thomas,Hill,thomas.hill94@outlook.com,(549) 340-6193,7673 River Dr,Richmond,oh,71783,12-Mar-1971,3962,VB006193
John,Davis,john.davis4@hotmail.com,6058973011,1266 Valley Ln,Franklin,KS,60575,05-30-1940,9308,VB006194
Mary,Jackson,mary.jackson39@yahoo.com,593-627-8708,7841 Forest Ave,Springfield,AL,59328,03/04/1949,8282,VB006195
Robert,Adams,robert.adams27@aol.com,+16982504592,1521 Jefferson Dr,Arlington,ut,50221,1998-09-03,5582,VB006196
Mark,Hall,mark.hall75@aol.com,682.435.6436,2257 River Dr,Oxford,AR,84197,07-Sep-1943,2138,VB006197
Patricia,Harris,,(215) 743-6816,6889 Lincoln Ave,Richmond,NH,51754,08-07-1991,2913,VB006198
Patricia,Scott,patricia.scott17@gmail.com,8114388646,3814 Valley Ln,Dayton,ny,82300,08/09/1947,3115,VB006199
Christopher,Brown,christopher.brown53@gmail.com,319-748-7097,7592 Main St,Burlington,AR,22260,1941-10-28,3570,VB006200
Robert,Nelson,,+13757919318,6399 Forest Ave,Manchester,NH,63112,24-Oct-1977,7537,VB006201
Thomas,White,thomas.white61@aol.com,865.429.4532,7134 Valley Ln,Fairview,or,49444,05-14-1993,6395,VB006202
Christopher,Nguyen,christopher.nguyen7@hotmail.com,(736) 242-6231,8847 Valley Ln,Greenville,MA,75850,08/07/2002,4617,VB006203
Michael,Davis,michael.davis57@hotmail.com,5575119789,5800 River Dr,Greenville,NJ,56777,1979-07-10,8770,VB006204
Karen,Nguyen,,433-897-2834,1191 Main St,Franklin,wi,84730,23-May-1974,9442,VB006205
Margaret,Garcia,,+14544785317,9707 Lake Rd,Clinton,AK,74630,11-15-1946,5195,VB006206
Jessica,Johnson,jessica.johnson64@aol.com,589.528.3097,7743 Cedar Ln,Oxford,OK,42287,05/02/1946,2564,VB006207
Thomas,Hall,thomas.hall30@hotmail.com,(709) 747-6738,2764 Lincoln Ave,Arlington,nc,48717,1970-01-27,6067,VB006208
Mark,Williams,,3178335973,8811 Lincoln Ave,Madison,VA,26894,23-Jul-1951,8033,VB006209
Michael,Walker,,298-797-2251,1202 Main St,Dayton,NJ,45417,05-10-1970,2843,VB006210
Linda,Davis,linda.davis16@aol.com,+16276757298,8127 Valley Ln,Arlington,al,27487,01/08/1985,3337,VB006211
Nancy,Allen,nancy.allen22@icloud.com,279.525.2748,965 River Dr,Dayton,MO,77661,1962-07-29,4324,VB006212
Richard,Hill,richard.hill82@hotmail.com,(446) 540-3980,2961 Forest Ave,Clinton,ID,38472,13-May-1982,2435,VB006213
Michael,Thompson,michael.thompson16@yahoo.com,4522608540,6355 Park Blvd,Madison,nj,15984,02-16-1944,8713,VB006214
Nancy,Jackson,nancy.jackson59@gmail.com,207-514-5119,4961 Main St,Burlington,NV,22562,02/09/1986,6703,VB006215
Linda,Miller,linda.miller49@icloud.com,+19936229452,5930 Washington St,Dayton,MN,60964,1948-09-22,3027,VB006216
David,Allen,david.allen46@icloud.com,322.975.2578,5762 Main St,Franklin,ri,82422,02-Jun-1943,8276,VB006217
Margaret,Wright,,(400) 831-4180,898 Lincoln Ave,Richmond,IA,76788,11-16-1940,4119,VB006218
Lisa,Martin,lisa.martin76@hotmail.com,9524787212,5941 River Dr,Burlington,MI,42174,06/15/1980,2678,VB006219
Richard,Martin,richard.martin88@outlook.com,224-595-8828,7006 Cedar Ln,Georgetown,ks,27758,1953-07-24,4250,VB006220
Joseph,Wright,joseph.wright50@yahoo.com,+17947543799,3154 Hill Rd,Dayton,KY,24009,21-Jun-1990,9356,VB006221
William,Williams,william.williams46@aol.com,457.866.2196,8629 Forest Ave,Springfield,WV,86830,11-17-1988,2834,VB006222
Daniel,Taylor,,(303) 698-7671,7568 River Dr,Greenville,hi,67462,02/09/1943,3356,VB006223
Daniel,Jones,,8424832989,7319 Valley Ln,Fairview,VT,90772,1966-11-04,4593,VB006224
Robert,Garcia,,752-224-4424,9644 River Dr,Clinton,WY,31013,31-Jul-1943,4908,VB006225
Joseph,Hill,joseph.hill83@icloud.com,+18055364246,9888 Main St,Arlington,oh,71320,04-23-1988,4480,VB006226
Nancy,Torres,,690.390.4394,4187 Oak Ave,Burlington,NM,62027,09/27/1972,7523,VB006227
Michael,Williams,michael.williams20@outlook.com,(326) 699-1113,2550 Lincoln Ave,Dayton,KY,39634,1982-03-24,7477,VB006228
William,Torres,william.torres95@aol.com,4533847629,2787 Park Blvd,Oxford,ri,18321,24-May-1967,5135,VB006229
Jennifer,Torres,jennifer.torres3@outlook.com,745-938-2832,3717 Maple Dr,Marion,NM,75179,06-07-2003,6989,VB006230
Karen,Thompson,karen.thompson84@icloud.com,+13098365161,669 Lake Rd,Madison,NC,42937,02/09/1977,6864,VB006231
Robert,Allen,robert.allen58@aol.com,804.900.2946,1249 Lake Rd,Oxford,ne,72044,1950-10-31,3504,VB006232
Susan,Davis,susan.davis33@icloud.com,(297) 713-6906,4499 Lake Rd,Georgetown,LA,18444,15-May-1988,3690,VB006233
Karen,Williams,karen.williams20@yahoo.com,4275798204,6909 Oak Ave,Salem,VA,16267,03-27-1980,4601,VB006234
Robert,Hall,robert.hall43@icloud.com,762-305-1537,3059 Oak Ave,Madison,me,11021,05/18/1950,7680,VB006235
Mark,Jones,,+19765827547,8436 Washington St,Richmond,AK,43099,1958-04-28,5036,VB006236
James,Jones,james.jones15@gmail.com,593.602.8275,3604 Lincoln Ave,Greenville,SC,10851,06-Apr-1965,6480,VB006237
Richard,Thomas,,(591) 208-8805,370 Sunset Blvd,Springfield,co,48543,08-31-1998,5496,VB006238
Betty,Hall,betty.hall94@aol.com,8367722829,4290 Maple Dr,Dayton,VT,84019,08/23/1992,9176,VB006239
Betty,Hall,,282-833-2973,3642 Oak Ave,Arlington,IN,71772,1985-12-16,3416,VB006240
Michael,Baker,michael.baker14@hotmail.com,+14432931718,4308 Sunset Blvd,Fairview,ak,81061,12-Jul-1942,5769,VB006241
Mary,Martin,mary.martin70@yahoo.com,731.588.4066,5986 Washington St,Georgetown,ND,67761,02-14-1956,4101,VB006242
Matthew,Allen,matthew.allen53@hotmail.com,(682) 349-8908,3089 Hill Rd,Springfield,CT,64554,08/04/2002,6542,VB006243
Joseph,Jackson,joseph.jackson14@aol.com,9324235176,2945 Washington St,Oxford,ak,11707,1954-03-20,5677,VB006244
Susan,Nelson,susan.nelson55@yahoo.com,721-269-5736,6032 Oak Ave,Fairview,Michigan,91641,08-May-1987,8614,VB006245
Betty,Thomas,betty.thomas76@hotmail.com,+12813253420,2060 River Dr,Dayton,MD,75820,01-27-1942,2515,VB006246
David,Brown,david.brown94@hotmail.com,620.206.1853,1248 Sunset Blvd,Madison,nd,11857,02/02/1976,2175,VB006247
Linda,Torres,linda.torres67@icloud.com,(843) 809-3053,6449 Lake Rd,Dayton,MO,32572,1957-05-08,2961,VB006248
Daniel,Baker,daniel.baker85@yahoo.com,2217597408,814 Oak Ave,Madison,TX,59412,26-Jul-1941,6236,VB006249
Sandra,Nelson,sandra.nelson32@outlook.com,920-950-2556,4554 Hill Rd,Dayton,mt,12832,08-02-1988,4852,VB006250
Karen,Williams,karen.williams68@yahoo.com,+12765887151,4734 Oak Ave,Fairview,NM,40535,09/24/1941,6673,VB006251
Michael,Allen,michael.allen22@yahoo.com,427.676.7892,3658 Lake Rd,Manchester,CO,75208,1946-01-16,2204,VB006252
Mary,Hall,mary.hall68@aol.com,(536) 424-4544,728 Jefferson Dr,Salem,or,34773,21-Nov-1980,3998,VB006253
James,Garcia,,2719927845,8601 River Dr,Dayton,ME,66485,04-23-1955,3890,VB006254
Nancy,Thompson,,760-822-2735,2996 Park Blvd,Clinton,IA,89467,01/04/1989,9363,VB006255
Mary,Smith,mary.smith65@icloud.com,+14179501743,6293 Sunset Blvd,Clinton,sd,78015,1976-12-29,3712,VB006256
William,Martin,,456.597.6131,6179 Hill Rd,Oxford,MO,87746,19-Oct-1985,8914,VB006257
Barbara,Baker,barbara.baker14@icloud.com,(451) 796-2407,8064 Oak Ave,Madison,NV,45377,01-01-1955,2474,VB006258
Nancy,Jones,nancy.jones13@gmail.com,4858251117,3098 River Dr,Franklin,ar,34342,05/12/1946,7362,VB006259
Daniel,Miller,daniel.miller56@yahoo.com,711-801-1697,3031 Main St,Dayton,Texas,40959,1988-09-29,8332,VB006260
Richard,Wilson,richard.wilson68@gmail.com,+13934645185,849 Lake Rd,Marion,MN,67293,24-Dec-1971,6973,VB006261
Jennifer,Anderson,jennifer.anderson32@icloud.com,785.594.3393,5296 Jefferson Dr,Georgetown,nv,20265,05-12-1964,5406,VB006262
Joseph,Taylor,joseph.taylor14@aol.com,(320) 592-7190,6278 Lincoln Ave,Richmond,DE,32566,02/24/1985,8418,VB006263
David,Young,david.young70@outlook.com,4175929995,595 Jefferson Dr,Salem,ID,87957,1975-05-09,7985,VB006264
Mary,Wright,mary.wright77@hotmail.com,274-938-1033,7990 Washington St,Oxford,de,25203,14-May-1977,2953,VB006265
Margaret,Wright,margaret.wright18@aol.com,+15205737075,7575 Sunset Blvd,Greenville,Texas,37408,09-09-1995,3461,VB006266
Christopher,Nguyen,christopher.nguyen21@hotmail.com,517.706.1199,99 Washington St,Franklin,RI,62195,10/25/1991,1832,VB006267
Ashley,Walker,,(202) 465-8073,1742 Forest Ave,Springfield,oh,43072,1946-01-30,6636,VB006268
Nancy,Hall,nancy.hall39@yahoo.com,7245044943,765 Lincoln Ave,Oxford,NM,84710,19-Oct-1983,6397,VB006269
Thomas,Brown,thomas.brown65@icloud.com,373-469-3468,692 River Dr,Springfield,IN,31806,10-07-2004,7298,VB006270
Anthony,Hill,anthony.hill86@aol.com,+12735653965,780 Hill Rd,Oxford,ut,56427,06/10/1952,2813,VB006271
Daniel,Torres,daniel.torres64@yahoo.com,961.653.6674,304 Oak Ave,Manchester,TN,98957,1975-12-27,7080,VB006272
Susan,Wilson,susan.wilson23@hotmail.com,(330) 326-4810,8249 Lake Rd,Arlington,KY,57451,28-Jan-1964,1772,VB006273
Betty,Hall,,8905721844,1819 River Dr,Georgetown,nj,91151,09-01-1943,6989,VB006274
Susan,Nelson,susan.nelson58@yahoo.com,785-334-4744,1637 Washington St,Madison,KS,82789,10/10/1978,7240,VB006275
Linda,Wright,linda.wright23@aol.com,+14336265675,9243 Washington St,Manchester,WV,24175,1990-07-02,4095,VB006276
John,Thomas,john.thomas82@aol.com,554.380.2302,9697 Hill Rd,Richmond,ca,15369,05-May-1962,1759,VB006277
Ashley,Harris,,(775) 264-4159,8987 Jefferson Dr,Fairview,Michigan,78881,04-21-1949,9064,VB006278
Joseph,Johnson,joseph.johnson99@outlook.com,4776768021,5424 Hill Rd,Dayton,MS,69577,09/18/1972,8370,VB006279
Richard,Torres,,370-670-1194,2725 Maple Dr,Clinton,nd,37346,1994-08-13,1487,VB006280
Sandra,Johnson,,+12564823975,2734 Main St,Greenville,DE,54235,24-Jan-1986,7093,VB006281
Betty,Scott,,253.876.8069,2117 Main St,Marion,TN,14310,09-14-1953,1048,VB006282
William,Baker,william.baker74@hotmail.com,(910) 653-7178,9227 Forest Ave,Manchester,ks,54520,03/01/1981,8548,VB006283
Robert,Jones,,6602532489,9499 Main St,Dayton,Illinois,51895,1958-01-27,7224,VB006284
David,Williams,david.williams13@gmail.com,462-605-7875,3318 Park Blvd,Madison,MS,56637,12-Oct-1941,9426,VB006285
Robert,Jones,robert.jones68@icloud.com,+13095506233,4278 Jefferson Dr,Greenville,ut,92802,08-07-1997,1124,VB006286
Susan,Garcia,susan.garcia64@hotmail.com,215.695.5920,9606 Lake Rd,Georgetown,TN,43428,06/22/1940,2866,VB006287
Ashley,Torres,ashley.torres4@yahoo.com,(896) 744-6697,6598 Main St,Springfield,MN,90945,1942-11-02,8567,VB006288
Daniel,Hall,daniel.hall77@yahoo.com,6079669196,5845 Washington St,Georgetown,de,29324,31-Jan-1983,1864,VB006289
Susan,Scott,susan.scott14@gmail.com,451-631-4123,205 Lake Rd,Clinton,RI,53654,06-08-1998,7802,VB006290
Betty,Jones,betty.jones89@yahoo.com,+12629435520,3171 Main St,Fairview,OK,17319,11/28/1988,1312,VB006291
Jennifer,Scott,jennifer.scott89@outlook.com,411.966.6322,2087 Sunset Blvd,Burlington,ia,54766,1977-01-24,2324,VB006292
Sarah,Baker,sarah.baker19@hotmail.com,(776) 856-1571,3504 Maple Dr,Salem,NJ,76415,23-May-1981,8616,VB006293
Lisa,Hall,lisa.hall5@yahoo.com,8499819988,9487 Washington St,Burlington,CO,66944,02-27-1989,5461,VB006294
Charles,Brown,charles.brown6@hotmail.com,424-780-6185,3919 Washington St,Madison,ca,77247,12/04/1960,5429,VB006295
James,Thompson,,+18784911386,3367 Lincoln Ave,Fairview,ME,43392,1947-03-20,9789,VB006296
James,Anderson,james.anderson83@hotmail.com,275.747.8276,7667 Sunset Blvd,Oxford,MD,64540,21-Nov-1962,2780,VB006297
Matthew,Hill,matthew.hill10@gmail.com,(577) 310-3679,1014 Sunset Blvd,Franklin,ne,49850,11-28-1974,2527,VB006298
Mark,Nelson,mark.nelson61@icloud.com,9185346814,1165 River Dr,Manchester,WI,88466,08/08/1995,2064,VB006299
Ashley,Davis,ashley.davis2@hotmail.com,867-615-7870,8889 Washington St,Salem,NY,72537,1976-04-12,3069,VB006300
Betty,Wilson,betty.wilson30@yahoo.com,+13945054406,4465 Oak Ave,Franklin,wy,92103,27-Apr-1985,3914,VB006301
Thomas,Torres,,719.582.8170,189 Hill Rd,Greenville,AR,13367,04-13-1963,9848,VB006302
Betty,Harris,,(569) 656-1484,3240 Maple Dr,Fairview,AL,82194,03/03/1987,9821,VB006303
Barbara,Jones,barbara.jones10@icloud.com,8782248530,6943 Forest Ave,Arlington,vt,29992,1961-11-30,9390,VB006304
Ashley,Johnson,,596-973-8948,2149 Cedar Ln,Springfield,MO,93969,25-Oct-1958,7866,VB006305
Richard,Taylor,richard.taylor93@gmail.com,+18864871106,4115 Cedar Ln,Marion,UT,70436,05-10-1975,3902,VB006306
Karen,Miller,karen.miller5@gmail.com,326.408.6946,4882 Maple Dr,Arlington,ms,77231,09/01/1999,3769,VB006307
Betty,Williams,,(233) 898-7657,8516 Forest Ave,Richmond,MO,19222,1977-06-02,5260,VB006308
Nancy,Hill,nancy.hill8@icloud.com,5032926333,6628 Main St,Arlington,CO,26427,03-Jun-1944,8927,VB006309
Jennifer,Jackson,jennifer.jackson80@yahoo.com,505-854-6929,2974 River Dr,Springfield,tn,18345,12-03-1946,5144,VB006310
Joseph,King,joseph.king34@icloud.com,+13422291738,5727 Main St,Greenville,TN,91334,05/11/1966,1076,VB006311
Mark,Baker,mark.baker22@yahoo.com,533.265.8906,4567 Jefferson Dr,Salem,MA,33060,1993-07-06,5436,VB006312
Patricia,Thompson,patricia.thompson48@outlook.com,(724) 223-6370,398 Washington St,Greenville,ne,78365,23-Jun-1971,8324,VB006313
Michael,Nelson,,6394676948,4200 River Dr,Richmond,MA,38721,03-14-1960,2177,VB006314
Betty,Anderson,betty.anderson6@icloud.com,366-925-5524,7134 Park Blvd,Springfield,NV,25322,02/24/1955,5380,VB006315
Ashley,Jones,ashley.jones55@aol.com,+18239218265,5077 Jefferson Dr,Greenville,nm,51825,1979-11-16,2160,VB006316
Jennifer,Allen,jennifer.allen21@hotmail.com,687.967.7080,3989 Maple Dr,Burlington,AR,42207,17-Oct-1999,3756,VB006317
Susan,Brown,susan.brown32@hotmail.com,(574) 623-3691,9262 Cedar Ln,Fairview,MD,97387,11-18-1993,6328,VB006318
Ashley,Allen,ashley.allen60@gmail.com,5617925348,4559 River Dr,Franklin,nh,39322,04/16/1968,4711,VB006319
Jennifer,Baker,jennifer.baker81@aol.com,351-748-3965,5861 Oak Ave,Greenville,MN,21294,1983-10-28,3874,VB006320
Robert,Baker,robert.baker78@gmail.com,+16459124713,5925 Sunset Blvd,Salem,WA,55437,23-Apr-2001,8799,VB006321
Michael,Baker,,281.231.2864,5297 Hill Rd,Madison,ms,61860,09-26-1979,4690,VB006322
Jennifer,Jackson,jennifer.jackson71@gmail.com,(200) 831-1759,1102 Valley Ln,Franklin,New York,69864,11/22/1950,3972,VB006323
Jessica,Walker,jessica.walker37@aol.com,3503324209,260 Hill Rd,Franklin,MI,35475,1987-11-26,7399,VB006324
Karen,Johnson,,911-358-9980,1466 Jefferson Dr,Fairview,nh,30848,04-May-1950,5272,VB006325
Sandra,King,sandra.king68@hotmail.com,+15732092973,1263 Cedar Ln,Salem,Michigan,39288,04-18-1970,9685,VB006326
James,Harris,james.harris88@outlook.com,605.373.3964,4649 Oak Ave,Madison,SD,19492,06/11/1995,9831,VB006327
Nancy,Brown,nancy.brown35@outlook.com,(751) 804-2328,7147 Park Blvd,Springfield,me,62420,1964-06-24,7947,VB006328
Robert,Jones,robert.jones55@outlook.com,7903748327,9420 Main St,Dayton,Michigan,43682,06-Jul-1946,4460,VB006329
Sandra,Brown,sandra.brown33@yahoo.com,792-621-3472,6723 Oak Ave,Oxford,TX,26744,03-22-1987,3774,VB006330
Christopher,Davis,christopher.davis46@hotmail.com,+13238856649,1668 Main St,Manchester,tx,86563,12/26/1961,5134,VB006331
Anthony,Hill,anthony.hill42@hotmail.com,572.246.3944,7025 Main St,Fairview,HI,31382,1978-05-17,5627,VB006332
Linda,Hill,linda.hill26@yahoo.com,(844) 414-3342,7003 Oak Ave,Fairview,DE,32416,27-Nov-1968,1756,VB006333
Barbara,Baker,barbara.baker63@gmail.com,9279869110,8321 Main St,Burlington,md,58247,01-17-1947,3702,VB006334
Joseph,Thompson,joseph.thompson35@aol.com,500-684-8652,1320 Sunset Blvd,Greenville,Pennsylvania,17876,05/03/1997,4402,VB006335
Mary,Brown,mary.brown83@outlook.com,+15238154976,581 Main St,Franklin,IA,43750,1996-04-23,2285,VB006336
Joseph,Davis,joseph.davis19@yahoo.com,448.919.3210,6584 Main St,Franklin,nj,57042,02-Sep-1965,3357,VB006337
Michael,Baker,michael.baker73@yahoo.com,(391) 625-7541,9724 Jefferson Dr,Madison,NV,11851,01-06-1985,7799,VB006338
Sandra,Martin,sandra.martin38@icloud.com,4222438635,1821 Park Blvd,Dayton,CO,68678,05/06/1967,9184,VB006339
James,Torres,james.torres73@aol.com,253-815-7745,5375 Lake Rd,Oxford,az,47515,1955-11-06,2061,VB006340
Daniel,Thompson,,+13688593218,1735 Lincoln Ave,Arlington,AZ,15072,12-Nov-1980,3291,VB006341
Ashley,Adams,ashley.adams87@aol.com,961.808.5032,1041 Forest Ave,Arlington,HI,64157,09-07-1952,4734,VB006342
Thomas,Wright,thomas.wright44@aol.com,(388) 856-8650,4516 Oak Ave,Franklin,ne,80757,03/12/1940,7930,VB006343
John,Jones,john.jones3@icloud.com,5796163570,2111 River Dr,Clinton,Pennsylvania,31282,1960-12-22,7352,VB006344
Anthony,Adams,anthony.adams6@hotmail.com,609-933-9381,7210 River Dr,Manchester,DE,23582,04-Feb-1953,5300,VB006345
William,Walker,william.walker82@outlook.com,+15089676180,2393 Jefferson Dr,Burlington,id,54274,06-20-1974,1579,VB006346
Anthony,Nelson,anthony.nelson49@aol.com,464.924.4712,38 River Dr,Oxford,MN,95769,09/16/1951,4124,VB006347
Patricia,Baker,patricia.baker92@yahoo.com,(867) 318-9307,6064 Valley Ln,Greenville,OR,41648,1944-08-16,1408,VB006348
Thomas,Williams,,4279245906,3652 Oak Ave,Richmond,or,87351,09-May-1942,2198,VB006349
Thomas,Baker,thomas.baker88@hotmail.com,929-339-4216,378 Washington St,Arlington,IN,88080,11-29-1940,7244,VB006350
Jessica,Hill,jessica.hill66@hotmail.com,+14195674873,4255 Park Blvd,Clinton,PA,91530,03/28/1955,9406,VB006351
Ashley,Adams,ashley.adams93@icloud.com,298.484.5903,1220 Maple Dr,Madison,mi,31024,1956-08-23,3536,VB006352
Linda,Torres,linda.torres84@icloud.com,(326) 255-8655,4619 Park Blvd,Fairview,AR,35498,09-May-1997,3825,VB006353
Linda,Harris,linda.harris95@yahoo.com,7593822581,2898 Forest Ave,Franklin,MT,47181,10-21-1960,2811,VB006354
Matthew,Wright,matthew.wright32@outlook.com,261-591-2190,7347 Hill Rd,Salem,id,82732,01/18/2002,3837,VB006355
Nancy,Baker,,+14268466894,3564 Maple Dr,Madison,ME,51957,1979-05-11,7710,VB006356
Susan,Martin,susan.martin4@hotmail.com,312.203.5134,5056 Forest Ave,Salem,IN,81066,01-Jul-1954,4316,VB006357
Barbara,Walker,barbara.walker20@hotmail.com,(295) 317-5271,9640 Forest Ave,Marion,nd,71152,11-24-1992,6190,VB006358
John,Nelson,john.nelson29@aol.com,3987282550,3356 Hill Rd,Springfield,ID,31025,10/28/1940,8529,VB006359
Christopher,Williams,,427-639-5897,8441 Forest Ave,Salem,OR,46161,1977-05-28,8287,VB006360
James,Thompson,james.thompson14@aol.com,+18076731050,8127 Jefferson Dr,Burlington,wv,75855,27-Jul-1958,4385,VB006361
Richard,Adams,richard.adams50@outlook.com,388.221.5612,4102 Maple Dr,Arlington,AR,66445,07-11-1944,4155,VB006362
Karen,Baker,,(931) 827-5660,9708 Lincoln Ave,Fairview,AK,84022,11/06/1944,7450,VB006363
Barbara,Adams,barbara.adams96@gmail.com,3139833648,224 Oak Ave,Greenville,ok,94468,1962-11-10,6475,VB006364
Lisa,King,lisa.king32@hotmail.com,698-348-5829,4270 Oak Ave,Burlington,NV,70786,11-Oct-1974,3363,VB006365
Daniel,Hill,daniel.hill61@aol.com,+16604718849,6882 Lincoln Ave,Burlington,MS,29816,10-27-1952,9293,VB006366
Mary,Allen,mary.allen5@icloud.com,377.251.7564,8360 Oak Ave,Marion,in,66080,02/13/1994,2957,VB006367
Mary,Allen,mary.allen99@icloud.com,(807) 655-9631,6755 Hill Rd,Springfield,NM,59192,1970-03-06,3882,VB006368
Richard,Harris,richard.harris16@gmail.com,4939642559,2259 Washington St,Georgetown,AR,55227,11-Oct-1966,4445,VB006369
Sandra,Harris,sandra.harris85@hotmail.com,737-297-7509,8737 Lake Rd,Madison,ia,14959,08-19-1987,6840,VB006370
Sandra,Young,sandra.young74@icloud.com,+14535824534,9088 Sunset Blvd,Franklin,AZ,69756,07/11/1950,6763,VB006371
Robert,Hill,robert.hill59@icloud.com,992.742.9202,2688 Lincoln Ave,Manchester,CA,61689,1998-04-28,6133,VB006372
Matthew,Adams,matthew.adams8@gmail.com,(316) 275-9790,1681 Valley Ln,Georgetown,ak,57448,07-May-1955,9868,VB006373
Nancy,Nelson,nancy.nelson6@aol.com,9835878216,7722 Jefferson Dr,Franklin,Texas,98582,10-23-1998,4146,VB006374
Mark,Hall,mark.hall24@icloud.com,706-864-1438,2459 Washington St,Fairview,WY,44973,11/20/1951,1084,VB006375
William,Harris,,+15803712791,6875 Cedar Ln,Clinton,va,29519,1948-03-12,9228,VB006376
Jessica,Johnson,,850.290.9838,1753 Maple Dr,Arlington,KS,12172,28-Jan-1983,4480,VB006377
Anthony,Allen,anthony.allen47@icloud.com,(993) 414-1498,4998 Hill Rd,Springfield,TX,17025,02-28-1965,3009,VB006378
Daniel,Jones,daniel.jones63@icloud.com,5087987216,6917 Park Blvd,Marion,ca,66765,07/26/1940,4569,VB006379
Lisa,Smith,lisa.smith68@aol.com,539-324-9155,4900 Jefferson Dr,Dayton,MO,35197,1969-09-28,1606,VB006380
Lisa,Johnson,,+17605311040,2932 Washington St,Manchester,MI,54993,13-Sep-1945,4412,VB006381
Nancy,Thompson,,699.920.9467,4280 Jefferson Dr,Greenville,ia,55404,04-10-1947,1623,VB006382
Jessica,Williams,,(487) 425-4802,6611 River Dr,Salem,CT,97931,09/15/1955,9684,VB006383
Daniel,Walker,,5854811981,7365 Cedar Ln,Arlington,MT,66795,1972-06-23,6285,VB006384
Ashley,Miller,ashley.miller95@outlook.com,324-472-4515,4287 Oak Ave,Madison,ca,61824,14-Oct-1994,4950,VB006385
Sarah,Thomas,sarah.thomas80@hotmail.com,+16475126220,7833 Lake Rd,Greenville,VA,66230,11-10-2004,3597,VB006386
Robert,Johnson,robert.johnson1@gmail.com,318.464.1986,4471 Main St,Dayton,VT,48427,10/12/1945,8628,VB006387
William,Johnson,william.johnson29@yahoo.com,(335) 380-6639,2287 Washington St,Fairview,ut,11459,1960-01-04,6830,VB006388
Sarah,Williams,sarah.williams36@hotmail.com,5515695549,8709 Oak Ave,Arlington,Florida,47817,17-May-1965,5007,VB006389
Sandra,Williams,sandra.williams42@gmail.com,815-783-8709,6362 River Dr,Georgetown,ID,58517,08-31-1979,1420,VB006390
Charles,Wilson,charles.wilson48@gmail.com,+13988472165,9824 Hill Rd,Manchester,pa,45974,08/20/1999,9614,VB006391
Patricia,White,,697.696.5246,3998 Cedar Ln,Manchester,VT,67733,1962-06-09,9361,VB006392
Jennifer,Young,jennifer.young93@outlook.com,(382) 551-7374,2748 Valley Ln,Greenville,MT,87217,20-Nov-1959,4641,VB006393
Michael,Anderson,michael.anderson16@hotmail.com,3469831697,3832 Forest Ave,Springfield,al,34832,05-16-1950,2231,VB006394
Mark,Adams,,455-864-1143,5306 Sunset Blvd,Burlington,DE,13134,07/17/1968,1623,VB006395
James,Thomas,james.thomas83@outlook.com,+15028784298,3391 Cedar Ln,Dayton,NC,48819,1992-12-17,7046,VB006396
Daniel,Davis,daniel.davis53@yahoo.com,356.817.9793,2891 Jefferson Dr,Manchester,hi,53079,02-Feb-1941,6663,VB006397
Sarah,Williams,sarah.williams62@outlook.com,(754) 311-7230,175 Cedar Ln,Arlington,OR,10790,12-29-1973,5116,VB006398
Susan,Walker,susan.walker18@outlook.com,6164275659,9113 River Dr,Salem,TX,81982,01/19/1942,4677,VB006399
Daniel,Hill,,515-754-6954,558 Forest Ave,Springfield,ca,41407,2002-11-01,5954,VB006400
Robert,Thompson,robert.thompson71@outlook.com,+18937803789,8325 Main St,Clinton,WY,34528,25-Apr-1962,9980,VB006401
Mary,Anderson,mary.anderson3@icloud.com,358.247.7493,5511 Oak Ave,Georgetown,NH,28286,04-02-1942,3944,VB006402
James,King,james.king27@outlook.com,(360) 889-3906,7670 Lake Rd,Georgetown,ia,71138,07/13/1957,5964,VB006403
Daniel,Baker,daniel.baker30@icloud.com,6476084481,3227 Park Blvd,Clinton,North Carolina,75776,1999-05-13,4441,VB006404
Joseph,King,joseph.king54@yahoo.com,826-462-4228,3269 Valley Ln,Franklin,NE,80233,15-Nov-1973,8546,VB006405
Robert,Jones,robert.jones77@yahoo.com,+15284732757,1800 Valley Ln,Marion,nd,49561,10-30-1963,2562,VB006406
Barbara,Miller,barbara.miller91@yahoo.com,745.570.5764,1591 Maple Dr,Burlington,ID,70046,03/02/1943,6729,VB006407
Sarah,Nelson,,(480) 874-2869,1329 Sunset Blvd,Fairview,MT,41761,1947-02-23,9070,VB006408
Anthony,Scott,anthony.scott57@icloud.com,8863008634,7630 River Dr,Franklin,ut,93469,05-May-1957,6182,VB006409
Joseph,Thompson,joseph.thompson11@yahoo.com,265-961-2888,3217 Valley Ln,Greenville,CO,18832,08-05-1945,2755,VB006410
Nancy,Jones,nancy.jones14@hotmail.com,+12564879241,4297 Hill Rd,Greenville,CT,65050,02/22/1983,7154,VB006411
Sandra,Garcia,sandra.garcia9@hotmail.com,648.860.5631,6501 Forest Ave,Georgetown,ny,38764,1955-02-27,6188,VB006412
Betty,Young,betty.young66@outlook.com,(679) 951-5408,9298 Hill Rd,Manchester,Michigan,43543,17-Mar-1988,6768,VB006413
Joseph,Jackson,joseph.jackson41@icloud.com,6233955515,3260 Hill Rd,Clinton,SD,70955,01-07-1991,7797,VB006414
Robert,Nelson,robert.nelson57@gmail.com,329-268-4866,6002 Lake Rd,Clinton,or,14244,04/14/1994,3513,VB006415
Anthony,Harris,anthony.harris38@yahoo.com,+18809681342,8141 Oak Ave,Burlington,Ohio,84428,1963-07-17,1104,VB006416
Lisa,Jackson,lisa.jackson52@yahoo.com,471.348.7834,2032 Jefferson Dr,Marion,SD,42777,16-Jan-1981,6401,VB006417
Sandra,Thompson,sandra.thompson53@hotmail.com,(948) 642-9306,8371 Main St,Manchester,sc,13318,07-03-2003,5132,VB006418
William,Walker,william.walker50@icloud.com,3985751675,230 Cedar Ln,Salem,IN,45658,10/20/1989,6422,VB006419
Margaret,Thompson,margaret.thompson3@yahoo.com,529-990-9952,3006 Lake Rd,Salem,HI,99275,1946-09-21,3773,VB006420
Thomas,Brown,thomas.brown2@icloud.com,+15276945821,1253 Main St,Fairview,nm,63860,29-Mar-1954,3870,VB006421
Daniel,Walker,daniel.walker12@icloud.com,852.261.1030,1262 Oak Ave,Greenville,VA,37136,09-02-1959,1375,VB006422
Lisa,Scott,lisa.scott66@hotmail.com,(918) 760-6143,9070 Sunset Blvd,Fairview,IL,37487,12/30/1995,5760,VB006423
Sandra,Adams,sandra.adams82@yahoo.com,2533976717,8306 Maple Dr,Franklin,nm,32974,1974-11-01,4688,VB006424
Robert,Torres,robert.torres60@gmail.com,252-906-2744,3909 Forest Ave,Fairview,ID,43326,18-Nov-1955,4476,VB006425
Lisa,Young,lisa.young25@yahoo.com,+12876078710,9652 Lincoln Ave,Greenville,MO,60436,11-04-1965,1281,VB006426
Linda,Anderson,,727.551.3402,2433 Park Blvd,Salem,mt,72735,01/08/1973,3001,VB006427
Charles,Anderson,charles.anderson48@hotmail.com,(226) 550-6311,3933 Washington St,Dayton,MO,27564,1990-07-10,2359,VB006428
Mark,Harris,mark.harris10@hotmail.com,7155328520,2967 River Dr,Springfield,HI,83744,01-Jul-1955,6444,VB006429
Jennifer,Martin,jennifer.martin80@gmail.com,312-213-8639,4998 River Dr,Georgetown,mi,15298,05-29-1976,7053,VB006430
Joseph,Harris,,+12213994429,4675 Lake Rd,Arlington,SC,43020,12/10/1947,9264,VB006431
Christopher,Brown,christopher.brown67@aol.com,592.425.3407,400 River Dr,Springfield,AL,26254,2001-11-30,6693,VB006432
William,Nelson,,(711) 942-6104,7488 Jefferson Dr,Georgetown,ak,37786,24-Aug-1999,1074,VB006433
Thomas,Walker,thomas.walker43@aol.com,6647198984,8279 River Dr,Arlington,Georgia,28469,04-04-1969,9287,VB006434
John,Jackson,,999-596-4981,8227 Forest Ave,Greenville,KS,84626,03/18/1972,2403,VB006435
Betty,Smith,betty.smith44@hotmail.com,+18755938877,617 Cedar Ln,Marion,nh,10430,1979-02-26,9863,VB006436
Margaret,Johnson,margaret.johnson1@aol.com,742.549.5441,5668 Main St,Clinton,SD,88285,28-May-1958,6578,VB006437
Richard,Allen,richard.allen79@outlook.com,(772) 674-4347,9157 Forest Ave,Arlington,CT,80230,12-13-1957,5710,VB006438
Mark,White,mark.white84@hotmail.com,7222138930,6764 Maple Dr,Manchester,wa,44383,04/03/1968,9686,VB006439
Jessica,Hill,jessica.hill49@icloud.com,283-391-5077,9451 Cedar Ln,Franklin,DE,59637,2002-01-27,7283,VB006440
Nancy,Scott,,+17436451194,4732 Lincoln Ave,Salem,MO,98931,27-Apr-1968,9687,VB006441
Karen,Wilson,karen.wilson13@icloud.com,903.633.4356,655 Sunset Blvd,Oxford,ar,11291,12-30-1949,6531,VB006442
Margaret,White,,(409) 513-8206,4232 River Dr,Madison,SC,93468,09/16/1956,1110,VB006443
Karen,Nelson,,3783532435,9084 Maple Dr,Oxford,AR,52310,1983-02-12,7249,VB006444
Christopher,Thomas,christopher.thomas20@yahoo.com,285-370-2373,6075 Oak Ave,Franklin,az,82305,26-Jun-1988,1004,VB006445
Joseph,Williams,,+12747015195,1952 Cedar Ln,Georgetown,VT,94929,11-26-1953,8335,VB006446
Linda,Adams,linda.adams92@gmail.com,802.202.6287,3269 Cedar Ln,Greenville,MA,14000,10/10/1947,6762,VB006447
Richard,Jones,richard.jones66@yahoo.com,(772) 420-4532,859 Main St,Dayton,or,33947,1982-01-20,4581,VB006448
Sarah,Williams,sarah.williams15@hotmail.com,2392043547,8628 Main St,Georgetown,NJ,42513,22-Feb-1946,3318,VB006449
James,White,james.white36@hotmail.com,404-943-9027,1685 Main St,Dayton,TX,78004,12-26-1962,3737,VB006450
Richard,Scott,richard.scott2@gmail.com,+17486232631,1568 Park Blvd,Dayton,ma,25337,08/06/1974,8715,VB006451
Jennifer,Allen,jennifer.allen56@gmail.com,475.460.1778,5392 Jefferson Dr,Marion,ID,17710,1971-05-06,8490,VB006452
James,Jackson,james.jackson19@aol.com,(443) 775-2488,5056 Main St,Manchester,IN,60965,30-Jul-1995,1253,VB006453
Christopher,Nelson,christopher.nelson71@yahoo.com,5988767885,7108 Lincoln Ave,Fairview,ia,79810,09-30-1965,9264,VB006454
Nancy,Walker,nancy.walker14@yahoo.com,631-543-1821,8644 Hill Rd,Burlington,RI,89352,08/19/1983,6900,VB006455
Michael,Martin,michael.martin65@yahoo.com,+16568647939,2259 Cedar Ln,Franklin,WA,46052,1982-04-26,1067,VB006456
Matthew,Scott,matthew.scott31@icloud.com,722.881.9626,9329 Jefferson Dr,Madison,ri,20388,20-May-1955,9627,VB006457
Michael,Johnson,,(589) 377-2664,3866 Valley Ln,Franklin,HI,75845,12-05-1989,4909,VB006458
Michael,Davis,michael.davis58@aol.com,2076609203,3544 Park Blvd,Springfield,ID,16283,08/31/1940,1251,VB006459
Matthew,King,,744-607-8122,4921 Jefferson Dr,Burlington,mt,86118,1959-04-09,8039,VB006460
Susan,Nguyen,susan.nguyen95@hotmail.com,+14713745848,9112 Lincoln Ave,Salem,ND,47038,14-Oct-1996,1721,VB006461
Daniel,Adams,daniel.adams21@outlook.com,904.499.5447,2729 Forest Ave,Marion,AZ,64773,12-13-1956,6794,VB006462
Barbara,Johnson,barbara.johnson71@gmail.com,(592) 460-5628,8639 Oak Ave,Salem,ks,18412,12/23/1972,9880,VB006463
Nancy,Hall,nancy.hall47@gmail.com,7033498932,8180 Washington St,Georgetown,WI,38783,1954-02-01,2850,VB006464
Lisa,Anderson,lisa.anderson85@yahoo.com,821-469-9816,6767 Cedar Ln,Manchester,AR,89526,22-Jun-1991,8564,VB006465
Robert,Baker,robert.baker15@yahoo.com,+18543315927,6592 Lincoln Ave,Fairview,wy,87399,11-01-1967,9643,VB006466
Sarah,Taylor,sarah.taylor22@gmail.com,438.696.3231,4693 Forest Ave,Clinton,Georgia,65710,03/03/1990,1429,VB006467
Joseph,Miller,,(474) 293-4762,5954 River Dr,Georgetown,IL,16786,1965-02-11,4581,VB006468
Thomas,Nguyen,,3755191804,337 Jefferson Dr,Fairview,sc,71757,16-Jan-1945,2530,VB006469
Sarah,Miller,sarah.miller72@aol.com,350-406-4111,708 Valley Ln,Salem,AK,22237,08-11-1994,9880,VB006470
Susan,Taylor,susan.taylor52@hotmail.com,+19128186981,4681 Lincoln Ave,Burlington,NJ,73623,11/06/1996,6689,VB006471
Thomas,Adams,thomas.adams92@icloud.com,327.971.4399,1923 Maple Dr,Richmond,ri,33584,1940-06-23,8327,VB006472
James,Harris,james.harris75@gmail.com,(349) 993-1980,972 Oak Ave,Greenville,AL,29498,08-Dec-1987,6466,VB006473
Nancy,Young,nancy.young88@outlook.com,6225502172,5585 Cedar Ln,Arlington,ND,28279,09-13-1943,2544,VB006474
Patricia,Wilson,patricia.wilson68@hotmail.com,535-945-7563,1369 Oak Ave,Franklin,ky,83830,05/01/1958,2005,VB006475
Anthony,Nguyen,anthony.nguyen23@aol.com,+15768908226,8097 Hill Rd,Franklin,LA,45293,1943-02-18,4212,VB006476
Patricia,Garcia,patricia.garcia8@outlook.com,406.493.5252,3956 Oak Ave,Burlington,SD,93791,29-Nov-1953,2350,VB006477
Ashley,Young,ashley.young11@outlook.com,(669) 235-8918,6436 Cedar Ln,Greenville,sc,29501,09-27-1958,8293,VB006478
David,Thompson,david.thompson87@hotmail.com,9013232612,9027 Lake Rd,Marion,CO,25825,10/08/1944,2536,VB006479
Sarah,King,sarah.king62@gmail.com,663-711-3865,8887 Sunset Blvd,Georgetown,NE,25759,1972-07-19,9239,VB006480
Sandra,Taylor,,+18673007495,8387 Hill Rd,Georgetown,pa,33084,16-Apr-1976,7593,VB006481
Daniel,White,daniel.white43@icloud.com,741.685.1255,3169 Forest Ave,Richmond,WI,59989,05-14-1983,5681,VB006482
Lisa,Martin,lisa.martin33@icloud.com,(530) 950-1230,8083 Maple Dr,Arlington,WI,51104,09/08/1944,2589,VB006483
Patricia,King,,5295485180,4230 Sunset Blvd,Madison,tx,73473,1948-06-23,8473,VB006484
Patricia,Nguyen,patricia.nguyen53@hotmail.com,348-902-6387,9845 Maple Dr,Oxford,SD,47135,14-Jul-1945,3009,VB006485
Thomas,Harris,thomas.harris22@gmail.com,+12406839547,8598 Cedar Ln,Franklin,HI,93450,08-07-1979,4760,VB006486
Betty,Thomas,betty.thomas37@hotmail.com,432.920.5239,9411 Forest Ave,Greenville,or,28264,04/22/1983,8268,VB006487
Matthew,Nelson,,(479) 787-9756,3678 Washington St,Richmond,HI,18419,1997-08-18,2371,VB006488
Barbara,Wright,,8272372439,2900 Hill Rd,Springfield,ID,85969,13-Dec-1945,5975,VB006489
Robert,Garcia,,405-439-1136,95 River Dr,Arlington,id,40382,05-12-1945,6208,VB006490
Jennifer,Thomas,jennifer.thomas32@yahoo.com,+13934546310,1647 Hill Rd,Greenville,AR,18244,11/08/1982,8968,VB006491
Linda,Wilson,linda.wilson94@outlook.com,947.627.2026,2534 Washington St,Arlington,WI,24839,1940-12-07,3870,VB006492
Sandra,Johnson,sandra.johnson29@aol.com,(791) 413-5990,7887 River Dr,Dayton,la,91515,14-Jun-1992,6253,VB006493
Charles,Brown,charles.brown37@hotmail.com,6949919997,2266 River Dr,Marion,NE,63973,07-13-1992,4907,VB006494
Jennifer,Scott,jennifer.scott78@gmail.com,667-328-5739,4717 Main St,Franklin,LA,75386,06/23/1953,3334,VB006495
Barbara,Wright,barbara.wright51@gmail.com,+12322628612,9857 Maple Dr,Fairview,ar,44668,1978-04-05,7691,VB006496
Sandra,Williams,sandra.williams55@outlook.com,889.284.3868,5472 River Dr,Salem,MA,20492,07-Jul-1941,2032,VB006497
Jessica,Scott,,(716) 625-4805,5292 Oak Ave,Clinton,TN,24464,06-10-1996,5795,VB006498
Charles,Nelson,charles.nelson39@icloud.com,6024537082,1067 Forest Ave,Oxford,ne,40335,05/07/1948,6178,VB006499
Karen,Thomas,,450-684-8939,2633 Forest Ave,Georgetown,KY,56506,1987-01-20,2316,VB006500
David,Wilson,david.wilson14@hotmail.com,+18499036870,12 Washington St,Richmond,MT,74239,12-Jan-1992,1013,VB006501
Anthony,Nguyen,,936.651.9951,3581 River Dr,Franklin,wv,95678,03-17-1962,5877,VB006502
Michael,Wright,,(203) 680-3496,3685 Lincoln Ave,Greenville,ME,81656,05/21/1997,5484,VB006503
Anthony,King,anthony.king52@aol.com,2964903183,5138 Lincoln Ave,Arlington,MI,50401,1952-10-15,6315,VB006504
Susan,Jackson,,355-923-2979,354 Forest Ave,Georgetown,nm,84871,30-Sep-1945,9853,VB006505
Charles,Martin,charles.martin99@gmail.com,+13199618475,108 Hill Rd,Salem,OK,28528,09-27-1953,4835,VB006506
Mary,Thomas,,752.617.4007,7670 Forest Ave,Fairview,KY,11371,02/24/1978,9218,VB006507
Christopher,Garcia,,(406) 328-7547,8027 Sunset Blvd,Arlington,nc,54361,1948-02-07,6817,VB006508
Sarah,Taylor,sarah.taylor89@aol.com,7714296460,6184 Lake Rd,Franklin,WY,70324,16-Feb-1992,7523,VB006509
Sarah,Martin,sarah.martin66@aol.com,245-489-4421,8754 Washington St,Franklin,AR,11351,08-02-1975,4534,VB006510
David,Wilson,david.wilson14@aol.com,+19848834368,2842 Lincoln Ave,Greenville,ak,61303,01/06/1946,6783,VB006511
Sarah,White,sarah.white15@yahoo.com,219.909.2127,70 Cedar Ln,Georgetown,MO,98918,1947-08-19,5311,VB006512
Joseph,Thomas,joseph.thomas64@yahoo.com,(950) 759-5016,2467 Main St,Arlington,NE,13133,25-Nov-1960,9872,VB006513
Jessica,Martin,jessica.martin39@yahoo.com,7629993030,6591 Cedar Ln,Salem,ct,62835,08-26-1963,8176,VB006514
John,White,john.white84@gmail.com,284-643-4213,3302 Oak Ave,Oxford,NJ,42160,04/24/1960,1788,VB006515
Ashley,Allen,ashley.allen37@yahoo.com,+18215604588,3116 Valley Ln,Madison,UT,96400,2001-01-30,3240,VB006516
Betty,Torres,,635.307.5509,7363 Lake Rd,Clinton,nd,32713,26-Apr-1951,4685,VB006517
Mary,Adams,mary.adams13@outlook.com,(515) 478-3461,5395 Jefferson Dr,Oxford,Illinois,55405,10-17-2003,5976,VB006518
Nancy,Baker,nancy.baker40@yahoo.com,9907405275,8359 Park Blvd,Franklin,VT,39777,01/30/1983,7661,VB006519
Linda,Hall,linda.hall86@icloud.com,896-731-8233,2555 Valley Ln,Franklin,id,40806,1944-09-20,3914,VB006520
Daniel,Allen,,+14124124630,1099 River Dr,Oxford,NE,58023,11-Apr-1942,4756,VB006521
Patricia,Johnson,patricia.johnson20@yahoo.com,471.575.5093,3818 Park Blvd,Manchester,MD,22046,03-07-1991,7550,VB006522
Mary,Smith,,(978) 725-5282,5104 Sunset Blvd,Manchester,ca,96569,01/13/1976,6508,VB006523
Mark,Hall,mark.hall74@yahoo.com,9739737246,7371 Park Blvd,Springfield,North Carolina,95800,1977-04-04,7025,VB006524
Karen,Anderson,,555-883-2114,4844 Valley Ln,Madison,AZ,97073,17-Oct-1941,9108,VB006525
Joseph,Johnson,joseph.johnson24@gmail.com,+16007374721,7913 Cedar Ln,Manchester,in,84532,08-08-1970,5843,VB006526
Ashley,Miller,,577.728.7564,172 Maple Dr,Clinton,MD,27069,11/10/1958,7606,VB006527
James,Walker,james.walker98@yahoo.com,(400) 247-9542,7809 Main St,Fairview,NC,31170,2003-03-11,5488,VB006528
Matthew,Jones,matthew.jones77@yahoo.com,3817995973,3212 River Dr,Franklin,ne,42267,30-Oct-1947,2612,VB006529
Nancy,Walker,nancy.walker2@icloud.com,520-888-9642,8207 River Dr,Franklin,Michigan,64856,01-31-2003,6440,VB006530
Robert,Thomas,robert.thomas65@icloud.com,+14968421930,8927 Jefferson Dr,Franklin,AK,72979,11/01/1953,1967,VB006531
Barbara,Thomas,barbara.thomas79@outlook.com,936.582.2532,2126 Main St,Franklin,ne,40962,1959-01-02,4841,VB006532
Matthew,Smith,matthew.smith26@gmail.com,(836) 356-4908,2069 Forest Ave,Dayton,DE,83920,22-Jul-1959,8619,VB006533
Jessica,Hall,jessica.hall60@aol.com,4112264157,1598 Forest Ave,Greenville,RI,44929,07-03-1944,4539,VB006534
Mark,Hall,mark.hall29@gmail.com,672-355-3404,609 Forest Ave,Springfield,mn,36221,08/27/1962,3850,VB006535
Mary,Jones,mary.jones12@aol.com,+13847053807,3188 Valley Ln,Dayton,California,94151,1940-12-22,6253,VB006536
James,White,james.white80@outlook.com,398.996.2218,7670 Cedar Ln,Clinton,NH,29533,06-May-1962,2291,VB006537
David,Walker,david.walker65@icloud.com,(514) 613-2469,3352 Maple Dr,Springfield,co,24468,11-23-1973,3383,VB006538
Matthew,Thompson,,9282342388,151 Oak Ave,Dayton,DE,85643,03/25/1942,6641,VB006539
Jennifer,Thompson,jennifer.thompson79@outlook.com,895-940-2882,665 Lake Rd,Salem,MA,44788,2001-12-12,9940,VB006540
Sandra,Hall,sandra.hall94@icloud.com,+13669044753,1987 Jefferson Dr,Springfield,nj,76140,30-Oct-1965,7687,VB006541
John,Hall,john.hall91@outlook.com,268.207.2085,2213 Hill Rd,Burlington,Georgia,72810,09-15-1983,6165,VB006542
David,Nguyen,david.nguyen19@gmail.com,(952) 948-4451,7054 Hill Rd,Madison,OR,90671,03/15/1968,2629,VB006543
Ashley,Hall,ashley.hall97@aol.com,7697568391,5297 Jefferson Dr,Oxford,id,21498,1955-05-05,7938,VB006544
Ashley,Hall,,847-608-1558,227 Lake Rd,Springfield,AR,92051,23-Aug-1956,8079,VB006545
Patricia,Harris,patricia.harris96@icloud.com,+14687987242,6087 Oak Ave,Dayton,IA,71797,03-31-1942,6374,VB006546
Matthew,Allen,matthew.allen72@aol.com,747.991.5399,3854 River Dr,Oxford,ri,81022,11/28/1965,9957,VB006547
Jessica,Wright,jessica.wright96@hotmail.com,(323) 919-4417,1646 Washington St,Oxford,ID,90896,1994-04-07,4435,VB006548
Charles,Smith,charles.smith26@hotmail.com,9529752243,8532 Park Blvd,Springfield,MO,37349,13-Sep-1993,3513,VB006549
Betty,Walker,betty.walker87@hotmail.com,608-628-7777,3531 Forest Ave,Greenville,me,40352,07-08-1988,1783,VB006550
Mark,Johnson,,+14434858953,3511 Hill Rd,Greenville,WA,84847,09/11/1991,8744,VB006551
William,Davis,william.davis38@aol.com,597.673.9060,3363 Oak Ave,Georgetown,SC,65215,1988-12-11,4284,VB006552
Linda,Allen,linda.allen61@icloud.com,(648) 601-8895,5242 Cedar Ln,Greenville,sc,84431,28-Oct-1990,9788,VB006553
Linda,Nelson,,3862323653,1294 Hill Rd,Manchester,NV,76212,11-04-1977,8595,VB006554
Ashley,Jones,ashley.jones96@hotmail.com,421-648-6043,2531 Hill Rd,Burlington,FL,30175,02/14/1942,4028,VB006555
Joseph,Miller,joseph.miller50@outlook.com,+12768539817,8960 Park Blvd,Clinton,ne,25045,1960-10-03,4957,VB006556
William,Thompson,william.thompson9@yahoo.com,581.558.3153,1601 Sunset Blvd,Clinton,MN,36573,20-Aug-1994,9119,VB006557
Margaret,Jackson,margaret.jackson83@aol.com,(736) 265-4485,5968 Maple Dr,Richmond,OK,98520,07-02-1971,1486,VB006558
Michael,Allen,michael.allen74@outlook.com,2244196092,8510 Jefferson Dr,Greenville,wy,40829,06/06/1978,9120,VB006559
Linda,Wright,linda.wright12@gmail.com,536-825-8854,8232 Sunset Blvd,Madison,Texas,33474,1999-05-24,9850,VB006560
James,Miller,,+19024172751,2178 Oak Ave,Salem,ND,24853,03-Mar-1980,1277,VB006561
Robert,Hill,,758.598.3231,7004 Hill Rd,Burlington,tx,54292,09-12-1956,8720,VB006562
Sandra,White,sandra.white26@gmail.com,(709) 679-8690,4450 Washington St,Arlington,LA,29387,03/31/1956,3377,VB006563
Susan,Anderson,susan.anderson98@icloud.com,2673342245,2786 Hill Rd,Clinton,TX,86292,1988-12-20,3515,VB006564
Patricia,King,patricia.king39@gmail.com,921-609-1316,1864 Sunset Blvd,Oxford,tn,40409,20-Dec-1976,4745,VB006565
Susan,Jackson,susan.jackson77@yahoo.com,+19742983246,2256 Oak Ave,Springfield,MT,90925,08-03-1966,4369,VB006566
William,Thompson,william.thompson93@hotmail.com,392.313.6968,5133 Washington St,Marion,MT,70970,05/04/1982,6887,VB006567
John,Baker,john.baker90@aol.com,(925) 746-1145,2675 Jefferson Dr,Clinton,nc,80734,1963-02-18,7835,VB006568
Daniel,Harris,,6525658949,7500 Forest Ave,Franklin,WA,29405,03-Feb-1951,6727,VB006569
Betty,Hill,,443-205-9508,8892 Sunset Blvd,Greenville,ME,86242,06-02-2001,1415,VB006570
James,Davis,james.davis98@gmail.com,+15825748946,5559 Cedar Ln,Burlington,mt,44496,06/29/1953,2110,VB006571
Ashley,King,,685.383.7502,3576 Forest Ave,Springfield,VT,32463,1982-01-16,5020,VB006572
David,Johnson,,(978) 643-3218,4626 Park Blvd,Richmond,MD,10013,29-May-1942,1519,VB006573
Margaret,Thompson,margaret.thompson25@hotmail.com,5054438813,9016 Washington St,Arlington,nd,27890,07-21-1976,1755,VB006574
Daniel,Scott,,622-573-4827,289 Main St,Clinton,MS,75272,08/12/1950,2374,VB006575
Karen,Thomas,karen.thomas82@yahoo.com,+18887871544,7657 Lake Rd,Manchester,SD,29520,1968-08-04,1118,VB006576
James,Walker,james.walker8@outlook.com,784.439.2373,9888 Jefferson Dr,Clinton,ks,12644,26-Jan-1961,6505,VB006577
Patricia,Martin,patricia.martin55@gmail.com,(816) 905-8168,6498 Washington St,Clinton,Illinois,15921,01-28-1956,6660,VB006578
Anthony,Davis,anthony.davis56@outlook.com,4662811997,3462 River Dr,Dayton,TX,10259,10/05/1943,5030,VB006579
Matthew,Garcia,matthew.garcia9@yahoo.com,616-802-9159,8221 Sunset Blvd,Fairview,me,62110,2004-06-02,6259,VB006580
Jennifer,White,,+12429366256,461 Lake Rd,Marion,IN,59142,03-Jan-1957,5187,VB006581
Daniel,Garcia,daniel.garcia2@aol.com,617.295.4681,1859 Forest Ave,Franklin,TN,30181,09-16-1984,5781,VB006582
Richard,Young,richard.young5@yahoo.com,(391) 486-8824,1492 Forest Ave,Fairview,ma,62641,02/08/1969,9772,VB006583
Joseph,Allen,joseph.allen99@outlook.com,3436481848,4110 River Dr,Madison,ND,74101,1986-05-04,3292,VB006584
Nancy,Young,,500-631-4950,1884 Maple Dr,Dayton,NV,27582,30-Dec-1953,2776,VB006585
Barbara,Williams,barbara.williams49@hotmail.com,+15952278986,1762 Lake Rd,Springfield,al,66560,05-29-1997,7444,VB006586
Michael,Young,michael.young63@aol.com,520.261.5940,7386 Hill Rd,Springfield,New York,78218,04/03/1962,1680,VB006587
James,White,,(264) 419-7816,1684 Forest Ave,Franklin,IN,90669,1955-12-19,9938,VB006588
Richard,Hall,richard.hall68@outlook.com,9043154942,5739 Main St,Fairview,ut,98861,30-Oct-1986,6998,VB006589
Jessica,Nguyen,jessica.nguyen63@yahoo.com,543-381-8351,9677 Cedar Ln,Manchester,WA,47188,10-29-1962,5440,VB006590
Karen,Anderson,karen.anderson87@yahoo.com,+16487343592,3774 Forest Ave,Marion,AR,97906,01/26/2002,3009,VB006591
Christopher,Thomas,,623.968.9717,152 Valley Ln,Marion,il,76060,1958-10-18,2109,VB006592
Michael,Garcia,,(437) 421-2496,2401 Maple Dr,Greenville,NM,10032,03-Jan-1969,2274,VB006593
John,Adams,john.adams32@outlook.com,6035732707,3875 Main St,Clinton,NM,88488,04-05-1947,4419,VB006594
Thomas,Anderson,thomas.anderson95@outlook.com,787-464-2493,4886 Hill Rd,Springfield,ak,77633,04/27/1959,1500,VB006595
Michael,Smith,michael.smith65@yahoo.com,+12398882494,3217 Maple Dr,Franklin,LA,29144,1999-12-28,4097,VB006596
Christopher,Thomas,christopher.thomas18@aol.com,781.670.6600,3672 Washington St,Fairview,SC,97057,05-Apr-1976,7950,VB006597
Sandra,Torres,sandra.torres25@hotmail.com,(869) 274-1812,9384 Oak Ave,Salem,de,80666,10-20-1994,5517,VB006598
Sandra,Williams,,7503563878,4216 River Dr,Salem,MD,69454,05/29/1965,7146,VB006599
Barbara,Nelson,barbara.nelson40@icloud.com,321-810-8132,2119 Cedar Ln,Madison,TX,33631,1950-01-11,3308,VB006600
Linda,Thompson,linda.thompson2@outlook.com,+12729069365,4978 River Dr,Clinton,al,89513,14-Apr-1942,4993,VB006601
Sarah,Johnson,sarah.johnson64@gmail.com,229.847.3861,1927 Lincoln Ave,Richmond,AL,13618,04-04-1999,6582,VB006602
Linda,Taylor,linda.taylor21@icloud.com,(587) 245-4552,2953 Maple Dr,Greenville,TX,68392,08/19/1969,7151,VB006603
Ashley,Torres,ashley.torres5@icloud.com,7978341731,7585 Maple Dr,Arlington,wi,70175,1988-12-06,1031,VB006604
Anthony,Thomas,anthony.thomas90@hotmail.com,882-785-2433,663 Maple Dr,Arlington,MD,53272,19-Dec-1948,1638,VB006605
Richard,Thomas,richard.thomas55@aol.com,+17989308154,2282 Oak Ave,Fairview,GA,58062,05-09-1945,9593,VB006606
Linda,Torres,linda.torres64@gmail.com,977.584.3355,8918 Cedar Ln,Fairview,mn,65613,04/26/1989,1873,VB006607
Sarah,Taylor,,(212) 928-9589,5828 Washington St,Dayton,NM,24693,1995-10-08,1248,VB006608
Susan,Adams,susan.adams86@aol.com,4777223759,8178 Oak Ave,Manchester,WY,94392,17-Feb-1974,3072,VB006609
Mark,Thompson,mark.thompson10@yahoo.com,421-253-7165,3772 Park Blvd,Arlington,in,81465,02-15-1998,8471,VB006610
Lisa,Thompson,lisa.thompson11@hotmail.com,+17047655881,4863 Lake Rd,Springfield,AR,99236,01/26/1990,5578,VB006611
Charles,Martin,charles.martin2@outlook.com,831.803.2551,4658 Valley Ln,Fairview,NY,24086,1993-11-09,2527,VB006612
Nancy,Miller,nancy.miller7@outlook.com,(584) 875-5188,982 Washington St,Richmond,mt,16125,10-Apr-1975,1650,VB006613
Lisa,Smith,,5655085571,6604 Washington St,Arlington,NE,79382,12-26-1973,7827,VB006614
Sandra,Scott,,926-232-6033,2220 Washington St,Springfield,UT,17947,12/17/1952,1599,VB006615
Karen,Williams,karen.williams96@icloud.com,+19435524469,6761 Sunset Blvd,Richmond,nc,28671,1954-06-10,4014,VB006616
David,Hill,david.hill80@outlook.com,679.863.7274,6238 Jefferson Dr,Marion,AR,14434,22-Sep-1941,3787,VB006617
Sarah,Martin,sarah.martin52@gmail.com,(368) 588-1035,6397 Park Blvd,Arlington,NJ,47388,12-13-1977,8973,VB006618
Thomas,Brown,,6436799798,6741 Washington St,Greenville,ri,10925,02/08/1956,6240,VB006619
David,Walker,david.walker37@hotmail.com,465-561-1278,3710 Maple Dr,Burlington,Illinois,26185,1953-05-17,5309,VB006620
Betty,Baker,betty.baker94@gmail.com,+12197191511,9534 Valley Ln,Clinton,WY,87337,01-Feb-1959,1600,VB006621
Michael,Hill,michael.hill67@outlook.com,894.749.3440,9493 Cedar Ln,Arlington,ca,14833,09-13-1952,9010,VB006622
Mary,Martin,mary.martin16@icloud.com,(573) 916-3286,7986 Forest Ave,Dayton,Ohio,73596,03/17/1944,3767,VB006623
Matthew,Johnson,matthew.johnson92@outlook.com,3939916471,8320 Lincoln Ave,Arlington,NM,89948,1953-01-11,3329,VB006624
Nancy,Wright,nancy.wright37@outlook.com,501-660-6343,5523 Lake Rd,Fairview,ar,11982,27-Feb-1986,3536,VB006625
Joseph,Thomas,joseph.thomas15@hotmail.com,+17853724002,921 Washington St,Franklin,Ohio,97815,01-12-1953,1407,VB006626
Ashley,Jones,ashley.jones95@outlook.com,883.725.3790,3059 Oak Ave,Springfield,HI,93763,04/11/1948,9053,VB006627
James,King,james.king50@hotmail.com,(831) 473-3969,9469 Valley Ln,Greenville,az,93122,1955-08-28,4962,VB006628
Charles,Allen,charles.allen78@hotmail.com,3903909098,9004 Forest Ave,Dayton,Ohio,30148,06-Feb-1959,1878,VB006629
Michael,Hill,michael.hill55@outlook.com,216-438-9532,100 Valley Ln,Springfield,DE,40760,12-29-1948,9106,VB006630
William,Davis,william.davis73@gmail.com,+17533609197,1929 Maple Dr,Madison,nm,90976,08/24/1975,7863,VB006631
Linda,Smith,,705.773.6869,3687 Lake Rd,Dayton,MT,42070,1958-05-20,1188,VB006632
Mark,Wright,mark.wright52@icloud.com,(389) 532-6890,9066 Main St,Manchester,NC,19393,13-Jun-1984,9274,VB006633
Susan,Johnson,susan.johnson71@aol.com,9923421320,815 Forest Ave,Springfield,nv,28244,05-02-1964,5561,VB006634
Karen,Wilson,karen.wilson91@yahoo.com,710-663-2596,1126 River Dr,Georgetown,Ohio,30872,10/23/1981,5068,VB006635
Jennifer,Hall,jennifer.hall21@outlook.com,+17593901356,7193 Lincoln Ave,Oxford,NJ,87801,1991-09-03,8126,VB006636
Sarah,Johnson,sarah.johnson13@aol.com,850.502.4505,9994 Washington St,Greenville,mt,21432,08-Jan-1991,2402,VB006637
Jennifer,Torres,jennifer.torres27@hotmail.com,(882) 816-6919,1859 Cedar Ln,Fairview,IA,19067,03-12-2004,7692,VB006638
Margaret,Harris,,9467864262,3272 Oak Ave,Marion,IN,98440,04/17/1946,2436,VB006639
Karen,Nelson,karen.nelson83@gmail.com,864-645-7466,7268 Oak Ave,Oxford,wv,83537,1962-09-18,6117,VB006640
Margaret,Young,,+16768467401,7219 Sunset Blvd,Madison,HI,31829,05-Mar-1982,1810,VB006641
Anthony,Wright,anthony.wright84@gmail.com,546.415.5998,7475 Cedar Ln,Georgetown,MS,96626,05-17-1955,9633,VB006642
Betty,Wright,,(276) 644-3315,2051 Washington St,Greenville,nj,68184,11/12/1951,8070,VB006643
Nancy,Thompson,nancy.thompson53@aol.com,4209172139,4816 River Dr,Salem,VT,66732,1953-08-24,1301,VB006644
Jessica,Adams,jessica.adams14@gmail.com,548-877-4550,6822 Main St,Oxford,MO,48271,10-Nov-1958,5905,VB006645
Mary,Baker,mary.baker27@gmail.com,+12384409928,113 Hill Rd,Dayton,mo,89097,01-16-1946,4222,VB006646
Linda,Anderson,,560.714.4676,6999 Park Blvd,Georgetown,KY,93053,05/28/1990,8345,VB006647
James,Brown,james.brown52@outlook.com,(455) 410-9508,2305 Maple Dr,Greenville,FL,46421,1943-05-09,1516,VB006648
Jessica,Thompson,jessica.thompson9@icloud.com,8445621024,7499 Jefferson Dr,Madison,la,33289,21-Mar-1945,2498,VB006649
Jessica,Nelson,,378-691-8357,9350 Washington St,Richmond,Illinois,41655,04-17-1960,4916,VB006650
Jennifer,Miller,jennifer.miller95@gmail.com,+14725573913,9391 Valley Ln,Salem,NC,85711,01/08/1986,6199,VB006651
Anthony,Jones,anthony.jones15@hotmail.com,896.849.1037,5121 Lake Rd,Oxford,sc,59924,1992-05-02,8380,VB006652
Mary,Jackson,mary.jackson10@icloud.com,(309) 521-9002,3710 Cedar Ln,Greenville,DE,23801,09-Feb-1977,7111,VB006653
Daniel,Wilson,daniel.wilson2@yahoo.com,3018611716,8393 Park Blvd,Manchester,NV,25628,10-19-1979,6708,VB006654
William,King,william.king73@gmail.com,516-435-5291,2352 Lake Rd,Burlington,nm,75062,09/28/1998,6731,VB006655
Mark,Allen,mark.allen69@aol.com,+19703202526,7902 Sunset Blvd,Greenville,RI,80685,1940-02-09,8069,VB006656
Christopher,Anderson,christopher.anderson91@hotmail.com,421.225.3329,2669 River Dr,Arlington,MO,57814,06-Jul-1997,9489,VB006657
Richard,Williams,richard.williams65@hotmail.com,(986) 435-6595,9172 Jefferson Dr,Dayton,ut,25360,07-22-1967,2026,VB006658
Daniel,Anderson,daniel.anderson56@yahoo.com,8357195590,8151 Washington St,Georgetown,MD,76030,03/20/1984,1732,VB006659
Anthony,Martin,anthony.martin22@outlook.com,765-781-3233,605 Park Blvd,Oxford,AK,57126,1982-10-31,6017,VB006660
Michael,King,michael.king7@icloud.com,+19657789346,6253 Sunset Blvd,Arlington,tx,25717,25-Dec-1982,3102,VB006661
Mary,Thomas,mary.thomas56@outlook.com,362.511.3408,2308 Forest Ave,Madison,California,92723,11-12-1983,7546,VB006662
Jessica,Hill,,(470) 797-9388,7046 River Dr,Fairview,LA,32789,11/21/1944,6842,VB006663
Nancy,Wright,nancy.wright99@outlook.com,3438087982,7313 Maple Dr,Richmond,ar,45763,1947-12-28,8045,VB006664
Linda,Jones,linda.jones23@aol.com,685-562-5098,2469 Sunset Blvd,Marion,Pennsylvania,13481,17-Jan-1942,7074,VB006665
Charles,Thompson,charles.thompson54@icloud.com,+16884508095,9324 Hill Rd,Greenville,SC,48056,12-28-1951,9378,VB006666
Barbara,Taylor,,575.422.1100,1973 River Dr,Georgetown,ne,73459,04/21/1996,5025,VB006667
John,Allen,,(785) 826-3723,9344 Valley Ln,Salem,Georgia,24897,1947-06-04,5148,VB006668
Karen,Johnson,karen.johnson27@hotmail.com,6913459250,9795 Hill Rd,Greenville,AZ,55272,17-May-1967,2531,VB006669
Christopher,Torres,,557-935-4825,5305 Sunset Blvd,Dayton,wv,87734,05-31-1964,5314,VB006670
Mark,Wright,mark.wright53@outlook.com,+19868697116,3969 Valley Ln,Springfield,Michigan,93457,02/20/1968,8883,VB006671
Jennifer,Wright,,428.207.2147,465 Valley Ln,Madison,WI,36228,1963-08-28,9818,VB006672
Sarah,Jones,sarah.jones86@icloud.com,(609) 950-7494,1746 Hill Rd,Madison,mn,26772,14-Apr-1966,6628,VB006673
Michael,Nelson,michael.nelson17@outlook.com,7052759332,932 Lincoln Ave,Richmond,MD,19581,11-22-1990,4870,VB006674
Michael,Davis,,832-671-6177,8599 Jefferson Dr,Madison,NH,72993,06/26/1986,8337,VB006675
Karen,Nelson,karen.nelson63@aol.com,+16403527709,4497 River Dr,Manchester,co,61933,1950-09-06,6437,VB006676
Joseph,Torres,joseph.torres28@yahoo.com,554.897.6826,7546 Cedar Ln,Marion,Florida,47754,27-Oct-1941,8384,VB006677
Barbara,Nguyen,barbara.nguyen60@gmail.com,(599) 498-7387,2567 Lake Rd,Manchester,MS,48091,10-18-1943,4057,VB006678
Mark,Scott,,4795697873,5833 Main St,Madison,me,79417,04/27/1997,2258,VB006679
Anthony,Walker,anthony.walker98@icloud.com,903-925-7633,7833 Maple Dr,Fairview,UT,38580,1946-08-07,2005,VB006680
Susan,Anderson,susan.anderson95@aol.com,+15677911429,8441 Park Blvd,Georgetown,ME,93311,24-Sep-1980,9187,VB006681
Karen,Baker,karen.baker46@gmail.com,607.482.4109,2002 Jefferson Dr,Richmond,nj,22015,06-17-1999,4475,VB006682
Mary,Williams,,(336) 384-4413,8411 Lincoln Ave,Richmond,WY,88082,01/17/1980,1602,VB006683
Daniel,Martin,daniel.martin76@gmail.com,2343786529,3937 Main St,Fairview,KY,82188,1998-11-26,3328,VB006684
Anthony,Harris,anthony.harris38@gmail.com,288-702-1820,3609 Hill Rd,Manchester,va,49516,15-Jun-1988,7912,VB006685
Thomas,Young,thomas.young27@gmail.com,+19997183913,4975 River Dr,Marion,HI,17137,04-11-1990,8948,VB006686
Daniel,King,daniel.king79@gmail.com,339.301.4169,7751 Valley Ln,Georgetown,AK,92499,05/30/1966,9181,VB006687
Christopher,Jones,christopher.jones45@outlook.com,(285) 392-1349,2050 Lincoln Ave,Dayton,ia,31120,1983-02-27,7597,VB006688
Ashley,Nelson,ashley.nelson18@hotmail.com,6758851070,2648 Hill Rd,Marion,TN,21569,15-Dec-1965,2507,VB006689
Mark,Baker,mark.baker60@yahoo.com,808-280-1505,6080 Main St,Springfield,WA,37603,01-17-1988,3311,VB006690
Matthew,Garcia,,+19928219317,3943 Jefferson Dr,Salem,sd,67873,05/27/2002,6900,VB006691
Ashley,Williams,ashley.williams63@aol.com,597.333.5825,9802 Sunset Blvd,Franklin,Illinois,65256,1968-03-07,3728,VB006692
Lisa,Torres,,(810) 976-9859,1495 Lincoln Ave,Fairview,OH,54533,06-Mar-1952,6794,VB006693
Ashley,Adams,ashley.adams45@hotmail.com,3902447780,9178 Park Blvd,Fairview,ne,51840,12-20-1948,7306,VB006694
James,Smith,james.smith81@hotmail.com,727-911-8925,3005 Park Blvd,Greenville,Texas,32871,05/27/1983,5800,VB006695
Jessica,Thomas,jessica.thomas85@aol.com,+16619897505,1138 Cedar Ln,Georgetown,MI,27169,2003-05-20,3275,VB006696
Sarah,Harris,sarah.harris85@hotmail.com,910.798.3496,9267 Valley Ln,Georgetown,ma,66139,16-Feb-1955,1079,VB006697
Karen,Jackson,karen.jackson36@outlook.com,(288) 647-5393,878 Lake Rd,Oxford,Pennsylvania,22607,08-11-1952,2730,VB006698
Susan,Taylor,susan.taylor49@gmail.com,4924166839,1093 Hill Rd,Salem,AK,99055,07/22/1956,9446,VB006699
Anthony,Nguyen,anthony.nguyen96@aol.com,306-359-6842,1090 Park Blvd,Richmond,va,40709,1960-11-20,9256,VB006700
Mary,Jones,mary.jones72@hotmail.com,+17686514935,396 Forest Ave,Madison,Ohio,38024,13-Oct-1982,8436,VB006701
Charles,Williams,charles.williams12@outlook.com,574.488.1066,7361 Forest Ave,Clinton,CA,54876,01-03-1968,5187,VB006702
James,Wilson,james.wilson73@yahoo.com,(486) 537-4418,262 Cedar Ln,Oxford,sd,58467,02/16/1949,5558,VB006703
Susan,Adams,,6968326397,8526 Lake Rd,Fairview,Georgia,67137,1974-08-27,3127,VB006704
Karen,Jackson,,596-672-8604,8921 River Dr,Dayton,AR,54526,24-Jun-1979,6125,VB006705
Linda,Hall,linda.hall41@aol.com,+15247888414,1701 Maple Dr,Burlington,la,68974,08-31-1964,9216,VB006706
James,Wilson,james.wilson25@yahoo.com,517.911.6421,8738 Maple Dr,Arlington,UT,61830,04/21/1985,5211,VB006707
Betty,White,betty.white68@gmail.com,(916) 652-8581,2861 Valley Ln,Dayton,TN,34186,1970-12-12,8671,VB006708
Barbara,Nelson,barbara.nelson18@aol.com,8397987779,4277 Oak Ave,Fairview,me,10154,30-Jul-1959,2059,VB006709
David,Taylor,david.taylor58@hotmail.com,987-810-2130,4788 Valley Ln,Oxford,Texas,89338,02-18-1972,8356,VB006710
Betty,Scott,betty.scott54@icloud.com,+13125373151,403 Valley Ln,Fairview,GA,24859,05/19/1983,2051,VB006711
Betty,Allen,betty.allen77@hotmail.com,667.531.8709,7157 Cedar Ln,Arlington,wi,74196,2003-01-03,9254,VB006712
Betty,White,,(644) 588-3981,6681 Oak Ave,Fairview,ND,27329,05-Oct-1976,9976,VB006713
Anthony,Allen,,5615148260,5246 Maple Dr,Richmond,DE,19254,06-19-1954,8229,VB006714
Thomas,Adams,thomas.adams73@gmail.com,324-928-1611,9051 Oak Ave,Richmond,mo,95204,03/04/1962,8029,VB006715
Christopher,Baker,,+13008631441,5194 Hill Rd,Franklin,UT,76622,1981-08-17,4793,VB006716
Margaret,Jones,margaret.jones83@hotmail.com,957.894.3606,6053 River Dr,Fairview,MD,49572,07-Mar-1957,2051,VB006717
Richard,Torres,richard.torres70@gmail.com,(586) 296-1052,8629 Lake Rd,Manchester,ks,69476,09-05-1943,1106,VB006718
Patricia,King,,2524622445,2362 Lake Rd,Marion,North Carolina,63868,10/03/2001,1721,VB006719
Anthony,Taylor,,480-363-2004,2313 Park Blvd,Marion,MD,34854,1971-02-01,1807,VB006720
Michael,Allen,michael.allen70@yahoo.com,+17079095159,9257 Washington St,Georgetown,al,54711,02-May-1997,6857,VB006721
Thomas,Torres,thomas.torres45@aol.com,850.383.4466,776 River Dr,Georgetown,CT,25178,12-13-1982,7775,VB006722
David,Jones,david.jones27@outlook.com,(386) 687-3882,5366 Hill Rd,Richmond,MT,25389,06/18/1985,4012,VB006723
Sandra,Allen,sandra.allen46@icloud.com,4052479453,2894 Main St,Franklin,nd,23641,1997-11-10,4122,VB006724
Joseph,King,joseph.king49@yahoo.com,816-283-9282,853 Lake Rd,Fairview,NJ,45810,23-Nov-1995,8623,VB006725
Nancy,Torres,,+14299138002,4230 Valley Ln,Springfield,KS,66599,11-14-2003,6363,VB006726
Linda,Walker,linda.walker48@gmail.com,926.233.8939,6393 Lincoln Ave,Fairview,ca,75969,12/08/1989,3462,VB006727
Mark,Hill,,(612) 872-4202,2228 River Dr,Clinton,OR,23452,1993-11-26,8902,VB006728
Lisa,Baker,lisa.baker39@outlook.com,2547908289,5728 Oak Ave,Greenville,KY,19665,08-Nov-1997,8233,VB006729
Sarah,Johnson,sarah.johnson57@outlook.com,667-649-7137,7675 Main St,Manchester,tn,36885,02-03-1991,7656,VB006730
Margaret,White,margaret.white76@yahoo.com,+19413492608,5612 Maple Dr,Arlington,RI,73591,05/09/1987,6884,VB006731
Lisa,Jones,,329.740.1667,3756 Valley Ln,Burlington,AZ,84401,1990-05-05,1021,VB006732
James,Hall,james.hall6@icloud.com,(983) 807-1621,1791 Main St,Franklin,me,64735,13-Aug-1948,1820,VB006733
Sandra,Johnson,sandra.johnson75@icloud.com,7239571868,3360 Hill Rd,Greenville,OK,74920,03-27-1952,4662,VB006734
Michael,Davis,michael.davis34@outlook.com,963-579-9580,4297 Sunset Blvd,Dayton,AZ,65058,01/13/1947,9731,VB006735
William,Harris,william.harris73@aol.com,+14134321459,3665 Washington St,Marion,ga,48453,1999-07-15,7682,VB006736
Thomas,Garcia,thomas.garcia79@hotmail.com,938.486.1082,958 Oak Ave,Salem,ND,95452,10-May-1986,3994,VB006737
Robert,Scott,robert.scott27@yahoo.com,(672) 949-5652,9011 Maple Dr,Franklin,NE,73533,03-23-1971,2359,VB006738
Robert,Miller,robert.miller94@hotmail.com,9758792021,3861 Forest Ave,Franklin,or,89954,01/28/2003,1579,VB006739
Betty,Brown,betty.brown53@hotmail.com,677-336-1757,8935 Oak Ave,Salem,Florida,27792,1955-01-24,4378,VB006740
Robert,Baker,,+19379404946,1400 Washington St,Arlington,NE,63706,26-Apr-1971,2874,VB006741
Michael,Scott,michael.scott45@gmail.com,742.418.5667,7729 Cedar Ln,Clinton,ms,10571,10-17-1986,7516,VB006742
William,Taylor,william.taylor50@yahoo.com,(874) 501-7274,4275 Forest Ave,Madison,OR,66823,05/06/1970,2986,VB006743
Jennifer,Scott,jennifer.scott84@aol.com,5489069051,9513 Oak Ave,Greenville,WV,61796,1942-05-06,2601,VB006744
Richard,Harris,,608-336-9682,3374 Cedar Ln,Fairview,va,35030,28-Dec-1990,4188,VB006745
Christopher,White,christopher.white85@hotmail.com,+15016342653,379 Cedar Ln,Oxford,WA,58655,10-01-1972,3371,VB006746
John,Scott,john.scott53@gmail.com,408.942.9530,3912 River Dr,Fairview,NV,56833,12/21/1942,6080,VB006747
Betty,Torres,betty.torres35@aol.com,(508) 772-5617,1473 Washington St,Arlington,me,32771,1996-02-12,5017,VB006748
Margaret,Anderson,,2795374749,3935 Hill Rd,Oxford,NE,11456,17-May-1949,1529,VB006749
John,Garcia,john.garcia27@outlook.com,490-580-3907,4157 Oak Ave,Greenville,AR,12869,09-09-1961,5751,VB006750
John,Torres,john.torres75@icloud.com,+16799797239,1466 River Dr,Burlington,ma,49522,05/28/1978,4901,VB006751
David,Thomas,david.thomas49@icloud.com,246.980.8567,2635 Cedar Ln,Burlington,MO,12472,1953-10-09,5843,VB006752
Ashley,Taylor,ashley.taylor21@gmail.com,(701) 608-4467,4243 Jefferson Dr,Burlington,MN,24716,18-Sep-2003,5659,VB006753
Anthony,Nguyen,anthony.nguyen20@outlook.com,8798945225,2716 Main St,Madison,co,63013,07-01-1965,2851,VB006754
Sandra,Hill,sandra.hill48@icloud.com,975-440-6453,7490 Cedar Ln,Burlington,NV,84038,07/30/1999,7740,VB006755
Matthew,Wright,,+12755379443,3070 Jefferson Dr,Greenville,TX,12371,1973-07-25,6702,VB006756
Michael,Brown,michael.brown4@hotmail.com,453.959.9867,4521 Oak Ave,Oxford,mo,61364,21-Jul-1954,3471,VB006757
Linda,Miller,linda.miller29@gmail.com,(222) 262-3854,5930 Lincoln Ave,Salem,WV,75950,10-17-1947,8943,VB006758
Jessica,Hill,jessica.hill17@yahoo.com,4058221212,8029 Jefferson Dr,Clinton,DE,57621,06/22/1942,1543,VB006759
Christopher,Thomas,christopher.thomas74@aol.com,290-570-9663,4277 Cedar Ln,Madison,ut,55972,1973-12-28,6738,VB006760
Margaret,Jones,margaret.jones56@icloud.com,+13673424932,6789 Hill Rd,Fairview,CO,32808,02-Mar-1982,6578,VB006761
Joseph,Wilson,joseph.wilson27@aol.com,924.235.6192,5634 Maple Dr,Georgetown,NH,80761,08-02-1954,9743,VB006762
Susan,Martin,susan.martin38@hotmail.com,(585) 757-5639,4646 Maple Dr,Richmond,mo,40394,07/18/1957,4452,VB006763
Jessica,Taylor,jessica.taylor66@hotmail.com,8709697393,9011 Lake Rd,Franklin,Pennsylvania,30062,1976-02-20,2077,VB006764
Robert,Nguyen,robert.nguyen49@gmail.com,594-558-6737,4032 Maple Dr,Burlington,ID,92945,28-Jan-1999,7619,VB006765
Patricia,Anderson,,+17919508101,2028 Cedar Ln,Greenville,md,93556,06-19-1961,7085,VB006766
Anthony,Adams,anthony.adams69@icloud.com,664.339.9043,2020 Forest Ave,Madison,Illinois,12788,07/30/1997,7960,VB006767
Joseph,Taylor,joseph.taylor36@gmail.com,(290) 510-6217,7483 Lake Rd,Manchester,IN,39074,1993-02-23,6407,VB006768
Margaret,Anderson,margaret.anderson79@outlook.com,2323126199,5159 Valley Ln,Manchester,nc,85864,10-Feb-1999,3571,VB006769
Susan,Thomas,susan.thomas48@outlook.com,971-465-5693,8455 Forest Ave,Richmond,AK,38905,10-25-1989,2406,VB006770
Margaret,Thomas,margaret.thomas51@icloud.com,+13293894186,5480 Jefferson Dr,Springfield,NH,72437,02/06/1975,2531,VB006771
Mark,White,,859.680.5297,860 Maple Dr,Manchester,nm,24278,1964-04-13,3505,VB006772
Barbara,Baker,barbara.baker5@icloud.com,(295) 313-9475,826 Hill Rd,Greenville,WY,95809,18-Mar-1994,6341,VB006773
Patricia,Walker,patricia.walker4@outlook.com,7284617617,500 Sunset Blvd,Fairview,IN,47921,11-01-1955,6748,VB006774
Daniel,Martin,daniel.martin4@yahoo.com,769-707-5172,8987 Lincoln Ave,Richmond,pa,32780,05/07/1988,4052,VB006775
Michael,Garcia,michael.garcia44@outlook.com,+19657645763,4291 Lincoln Ave,Arlington,IA,34419,1961-07-02,8667,VB006776
Lisa,Nguyen,lisa.nguyen68@outlook.com,490.799.2207,2120 Lake Rd,Oxford,MD,84310,23-Jun-1983,3853,VB006777
Nancy,Anderson,nancy.anderson35@icloud.com,(804) 340-1718,5227 Park Blvd,Burlington,ok,89295,04-03-1965,5674,VB006778
Ashley,Hill,,7378192023,608 Washington St,Burlington,DE,93336,04/18/1965,3477,VB006779
Robert,Nelson,robert.nelson43@aol.com,709-246-6927,5462 Main St,Fairview,RI,16995,1974-08-29,7771,VB006780
Betty,Miller,betty.miller64@outlook.com,+12112031807,6742 Jefferson Dr,Oxford,me,25078,24-May-2000,2455,VB006781
Michael,Taylor,,695.947.9501,5414 Lake Rd,Burlington,KS,50983,12-23-1943,4627,VB006782
Mark,Jones,,(365) 597-2553,9215 Jefferson Dr,Clinton,VA,14082,12/06/1963,1833,VB006783
Thomas,Wilson,thomas.wilson79@yahoo.com,5042342652,2138 Forest Ave,Dayton,nh,86424,1994-07-09,7034,VB006784
Linda,Thompson,,930-826-2160,4899 Washington St,Greenville,Illinois,71645,08-Feb-2002,5325,VB006785
Barbara,Johnson,barbara.johnson32@aol.com,+19797958819,7607 Oak Ave,Marion,AR,51793,11-13-1996,2196,VB006786
Mary,King,mary.king65@hotmail.com,274.943.8758,8538 Forest Ave,Clinton,al,30255,11/01/1985,9079,VB006787
Daniel,Allen,daniel.allen1@gmail.com,(389) 715-8811,5003 Jefferson Dr,Arlington,VT,41276,1955-04-10,6162,VB006788
Daniel,King,daniel.king42@aol.com,7646105678,6632 Maple Dr,Madison,SC,30932,07-Aug-1948,2810,VB006789
Ashley,Wright,ashley.wright22@gmail.com,352-630-5614,3163 Lake Rd,Salem,id,77719,02-03-1966,1962,VB006790
John,Thomas,john.thomas11@icloud.com,+13389592104,8623 Park Blvd,Greenville,VT,91972,12/19/1997,7134,VB006791
William,King,william.king20@hotmail.com,202.587.7957,2912 Hill Rd,Burlington,IL,45410,1976-10-16,4134,VB006792
Mary,Johnson,mary.johnson89@gmail.com,(399) 814-9087,3817 Park Blvd,Richmond,al,89748,14-Mar-1940,3694,VB006793
Thomas,Jones,thomas.jones60@yahoo.com,3124161364,2937 Maple Dr,Richmond,AK,40350,08-13-1980,5028,VB006794
Sarah,Baker,sarah.baker45@outlook.com,585-769-2498,7723 Hill Rd,Springfield,IN,86591,01/21/1994,9033,VB006795
Michael,Nelson,michael.nelson98@gmail.com,+16625331770,954 Valley Ln,Madison,fl,65554,1973-12-31,4110,VB006796
Jennifer,Young,jennifer.young78@icloud.com,931.750.1011,7599 Park Blvd,Oxford,Pennsylvania,41698,11-Jul-1968,9772,VB006797
Lisa,Wilson,lisa.wilson88@icloud.com,(900) 438-4666,8053 Valley Ln,Richmond,WI,53333,11-15-1956,2288,VB006798
James,Smith,james.smith74@icloud.com,3733379402,8585 Forest Ave,Marion,il,61957,10/27/1945,2697,VB006799
Betty,White,,501-795-3746,3167 Lake Rd,Arlington,NH,67711,1979-10-25,5711,VB006800
Anthony,Thompson,anthony.thompson74@yahoo.com,+12015659570,6871 Forest Ave,Fairview,NJ,22958,13-Nov-1989,8306,VB006801
James,Davis,james.davis60@hotmail.com,816.873.3786,3287 Hill Rd,Marion,mt,53603,06-26-1954,3913,VB006802
David,Davis,david.davis26@yahoo.com,(514) 425-8708,219 Hill Rd,Dayton,DE,75132,04/29/1953,4656,VB006803
Matthew,Brown,matthew.brown51@gmail.com,2977446425,1182 Valley Ln,Richmond,MN,99321,1993-12-31,3684,VB006804
Sarah,Brown,sarah.brown18@outlook.com,440-693-3642,2284 River Dr,Fairview,wi,79206,15-Nov-1977,2829,VB006805
Lisa,Young,,+14214999487,2187 River Dr,Burlington,NM,10941,06-22-1994,7865,VB006806
Susan,White,susan.white26@icloud.com,320.325.9423,2500 Valley Ln,Burlington,IA,78628,11/29/1980,4402,VB006807
Barbara,Jackson,,(553) 743-1983,8862 Main St,Fairview,nd,76790,1991-10-09,1585,VB006808
Patricia,Allen,,5389833610,1916 Jefferson Dr,Manchester,UT,74885,17-Mar-1967,9541,VB006809
Jennifer,Anderson,jennifer.anderson64@yahoo.com,554-202-4509,8505 Jefferson Dr,Georgetown,WI,66219,01-22-1951,7956,VB006810
Christopher,Allen,christopher.allen50@outlook.com,+17712126618,5581 Lake Rd,Georgetown,nh,29893,06/11/1981,9175,VB006811
William,Baker,william.baker7@outlook.com,721.763.4004,7148 Valley Ln,Franklin,New York,92100,1983-07-15,7954,VB006812
Betty,Young,betty.young91@yahoo.com,(770) 705-7952,2356 Lincoln Ave,Burlington,VT,46948,07-Oct-1963,1972,VB006813
Betty,Miller,betty.miller24@outlook.com,7385753084,1740 Jefferson Dr,Arlington,sd,70638,04-08-1998,1436,VB006814
Daniel,Adams,daniel.adams65@aol.com,830-958-2205,8544 Lincoln Ave,Fairview,MS,52711,02/23/1980,3283,VB006815
Susan,Davis,susan.davis56@outlook.com,+14653348868,3604 Lincoln Ave,Clinton,HI,79318,1952-12-29,3705,VB006816
James,Thompson,james.thompson54@icloud.com,883.404.4319,4570 Forest Ave,Oxford,mi,83834,01-Dec-1976,8584,VB006817
Susan,Davis,,(577) 781-8760,4871 Valley Ln,Salem,OK,93654,01-27-1979,7802,VB006818
Jennifer,Young,jennifer.young8@gmail.com,9304523337,1656 Lake Rd,Richmond,MT,65554,04/06/1980,2013,VB006819
Jessica,Wright,jessica.wright75@hotmail.com,357-422-5752,3095 Hill Rd,Dayton,in,73133,1972-01-19,5702,VB006820
Lisa,Williams,lisa.williams88@icloud.com,+12756805891,6196 Jefferson Dr,Oxford,AZ,30856,20-Mar-1992,9698,VB006821
Michael,Wright,michael.wright10@yahoo.com,678.329.2297,622 Lincoln Ave,Arlington,CT,42076,09-13-1995,6279,VB006822
Jessica,Young,jessica.young31@hotmail.com,(636) 955-2598,8925 Lincoln Ave,Dayton,nd,50196,03/12/1965,5281,VB006823
Anthony,Allen,anthony.allen24@yahoo.com,6692069668,6084 Oak Ave,Manchester,DE,86564,1947-03-22,5338,VB006824
John,Jackson,john.jackson50@gmail.com,429-942-3639,4083 Sunset Blvd,Salem,WV,13949,15-Dec-1948,5342,VB006825
Jessica,Baker,jessica.baker87@gmail.com,+18755514173,1300 Forest Ave,Clinton,mt,12732,03-01-2002,3695,VB006826
Jessica,Allen,jessica.allen95@aol.com,243.913.5533,479 Forest Ave,Fairview,NJ,37398,12/19/1944,5502,VB006827
Charles,White,,(602) 557-1280,4164 Sunset Blvd,Marion,KY,35429,1944-02-09,9485,VB006828
Nancy,King,nancy.king24@yahoo.com,9514308963,9888 Maple Dr,Springfield,mt,36266,02-Apr-1988,1426,VB006829
Mark,Nelson,mark.nelson90@gmail.com,590-711-4182,2673 Main St,Manchester,NJ,71450,10-02-1988,9769,VB006830
Sandra,Scott,sandra.scott11@aol.com,+13775276396,1460 Oak Ave,Richmond,AZ,35158,11/24/1965,9423,VB006831
Patricia,Jackson,patricia.jackson51@gmail.com,868.922.2860,1547 River Dr,Manchester,nd,58372,1992-09-20,7087,VB006832
Robert,Wright,robert.wright59@hotmail.com,(969) 274-1152,7509 Valley Ln,Oxford,CT,19602,26-Mar-1988,4492,VB006833
Lisa,Torres,,2274794449,7851 Park Blvd,Greenville,AR,72116,02-22-1983,3685,VB006834
Robert,Adams,robert.adams79@gmail.com,211-858-3571,8284 Jefferson Dr,Salem,ny,31679,09/19/1946,9055,VB006835
Anthony,King,anthony.king6@yahoo.com,+17886597665,9947 Jefferson Dr,Georgetown,MS,92383,1986-11-06,7988,VB006836
Betty,Wright,betty.wright4@hotmail.com,246.282.2283,1118 Sunset Blvd,Madison,AK,59057,30-Nov-1960,4097,VB006837
Karen,Young,karen.young1@outlook.com,(668) 695-5603,9020 Cedar Ln,Richmond,ky,68378,08-31-1991,3821,VB006838
Betty,Wright,betty.wright56@outlook.com,5262654335,6758 Park Blvd,Richmond,ME,94678,05/29/1954,5201,VB006839
Lisa,Jackson,lisa.jackson41@outlook.com,958-284-4464,9962 Lake Rd,Arlington,OR,29376,1950-12-08,2425,VB006840
Sandra,Thompson,sandra.thompson91@aol.com,+15683665318,1921 Park Blvd,Fairview,sd,46810,01-Feb-2003,6959,VB006841
Charles,King,charles.king98@aol.com,367.489.3608,6356 River Dr,Dayton,Georgia,22355,12-30-1981,8896,VB006842
Lisa,Jackson,lisa.jackson19@icloud.com,(283) 292-8223,2410 Sunset Blvd,Burlington,MA,22672,07/09/1968,8738,VB006843
Nancy,Anderson,,4414017248,6371 Jefferson Dr,Manchester,mo,57625,1976-06-08,5409,VB006844
Nancy,Miller,,239-288-1550,8189 Jefferson Dr,Arlington,IN,12840,08-Sep-1947,9994,VB006845
John,Jones,,+12045372527,6426 Park Blvd,Marion,IA,93177,08-17-1996,6255,VB006846
Betty,Williams,betty.williams74@icloud.com,348.934.7720,4536 Sunset Blvd,Burlington,tn,45737,09/05/1958,4977,VB006847
Margaret,Miller,margaret.miller74@outlook.com,(788) 245-7854,8115 River Dr,Madison,VT,96412,1994-06-10,1058,VB006848
Charles,Harris,charles.harris14@aol.com,7616253249,9048 Sunset Blvd,Arlington,VA,74381,19-Aug-1971,9020,VB006849
Karen,Hill,karen.hill46@icloud.com,409-590-5231,1979 Main St,Manchester,al,41600,04-25-2000,8954,VB006850
Mary,Jackson,,+18542702581,6616 Valley Ln,Manchester,NM,64717,09/25/1994,1172,VB006851
Robert,Baker,robert.baker9@aol.com,673.986.5461,6577 Lake Rd,Clinton,IN,92695,1987-08-17,3424,VB006852
Betty,Young,betty.young64@icloud.com,(389) 221-1914,9134 Sunset Blvd,Dayton,ak,56595,25-Dec-1980,1338,VB006853
Anthony,Johnson,anthony.johnson51@icloud.com,5663023369,1640 Maple Dr,Manchester,IN,15178,01-07-1989,1683,VB006854
Betty,Miller,betty.miller26@icloud.com,864-365-5336,8932 Hill Rd,Georgetown,AR,11946,03/15/1960,2693,VB006855
Sarah,Hall,sarah.hall30@outlook.com,+18534608529,4184 Sunset Blvd,Springfield,nj,47700,2000-10-15,9955,VB006856
Linda,Walker,,200.332.8385,4836 Forest Ave,Madison,LA,25646,07-Oct-1998,2471,VB006857
John,Allen,john.allen21@aol.com,(282) 719-2959,5958 Oak Ave,Springfield,KS,81242,04-07-1984,7752,VB006858
John,White,john.white92@icloud.com,3797896963,870 Washington St,Clinton,me,18562,03/31/1941,4502,VB006859
Daniel,Jackson,daniel.jackson70@hotmail.com,419-376-7426,5859 Sunset Blvd,Springfield,Georgia,70568,1995-05-02,3579,VB006860
James,Brown,james.brown75@aol.com,+17832152520,163 Oak Ave,Springfield,HI,59605,04-Jan-1962,1646,VB006861
Matthew,Jackson,matthew.jackson34@yahoo.com,320.768.2991,9112 Lincoln Ave,Springfield,ca,78892,05-23-1982,5575,VB006862
David,Nelson,david.nelson93@gmail.com,(723) 998-1605,9938 Lincoln Ave,Salem,RI,68004,04/03/1974,7596,VB006863
Jennifer,Hill,jennifer.hill49@gmail.com,6814274269,7542 Lake Rd,Madison,IA,39219,1942-02-14,4164,VB006864
John,Hall,,352-513-7998,8797 Park Blvd,Springfield,ok,45623,04-Sep-1991,5963,VB006865
Sandra,Adams,,+15215715263,4128 Maple Dr,Arlington,Georgia,79547,09-16-1950,2489,VB006866
Richard,Nguyen,richard.nguyen99@hotmail.com,928.346.6960,968 Forest Ave,Fairview,IA,92977,04/10/1940,6361,VB006867
Barbara,Jones,barbara.jones14@yahoo.com,(358) 826-8750,5277 Main St,Georgetown,ri,87677,1950-12-17,4425,VB006868
Daniel,Wright,daniel.wright55@icloud.com,8336763680,2292 Oak Ave,Salem,WI,58592,03-Jan-1949,8838,VB006869
Mary,Miller,,383-484-3713,7570 Valley Ln,Burlington,IN,22680,05-29-1975,7459,VB006870
Linda,Young,linda.young33@icloud.com,+16688259834,5203 River Dr,Marion,la,84030,11/26/1945,9760,VB006871
John,Martin,john.martin51@outlook.com,212.423.9645,6975 Maple Dr,Georgetown,MT,95581,1981-07-16,8062,VB006872
Charles,Hill,charles.hill42@gmail.com,(883) 860-1007,9549 Main St,Clinton,VA,95929,22-Sep-1971,2613,VB006873
Daniel,Miller,daniel.miller94@hotmail.com,7833771504,4641 Valley Ln,Oxford,in,12133,12-17-2003,7787,VB006874
Thomas,Nelson,thomas.nelson84@yahoo.com,580-502-6163,6941 Jefferson Dr,Marion,ME,70249,04/13/1993,2537,VB006875
Linda,Anderson,linda.anderson77@icloud.com,+16455728492,2657 Forest Ave,Greenville,OK,74545,1989-07-15,2841,VB006876
John,Hill,,215.903.8603,2811 Valley Ln,Marion,ms,13142,26-Feb-1955,4995,VB006877
Matthew,Baker,matthew.baker51@icloud.com,(341) 513-7948,4941 River Dr,Madison,AZ,86758,08-20-2003,7232,VB006878
Karen,King,karen.king86@icloud.com,5412848571,5970 Sunset Blvd,Greenville,AR,49867,09/07/1981,8915,VB006879
Matthew,Brown,matthew.brown15@outlook.com,955-897-8456,7322 Jefferson Dr,Clinton,id,41586,2001-01-26,5264,VB006880
Daniel,Davis,daniel.davis38@icloud.com,+14967415086,7958 Lake Rd,Burlington,CO,82064,23-Mar-1968,8247,VB006881
Patricia,Hill,patricia.hill81@outlook.com,416.691.8185,3015 Forest Ave,Fairview,AL,94636,03-21-1949,5791,VB006882
Sandra,Hill,sandra.hill7@hotmail.com,(568) 986-3127,6211 Lake Rd,Marion,wy,16275,04/13/1956,1436,VB006883
Michael,Allen,michael.allen58@gmail.com,2926301469,1594 River Dr,Franklin,Texas,89913,1995-09-01,7063,VB006884
James,Taylor,james.taylor33@hotmail.com,457-838-8568,6309 Hill Rd,Manchester,IN,48756,15-Jan-1988,8220,VB006885
Anthony,Williams,anthony.williams97@hotmail.com,+14396535695,9670 Oak Ave,Dayton,ri,21683,03-06-1972,8731,VB006886
Barbara,Hill,,459.494.7688,8993 Lincoln Ave,Arlington,Ohio,20980,09/07/1957,1588,VB006887
James,Anderson,james.anderson53@yahoo.com,(249) 230-1724,8288 Valley Ln,Oxford,CT,32750,1997-09-09,6638,VB006888
Thomas,Thomas,thomas.thomas51@aol.com,9525175935,5384 Oak Ave,Burlington,ky,33215,04-Aug-1950,7028,VB006889
Sandra,Young,sandra.young90@gmail.com,627-671-2251,1910 Jefferson Dr,Greenville,AK,72851,03-29-1971,6104,VB006890
Sarah,Torres,sarah.torres23@gmail.com,+19706982099,6188 Main St,Clinton,OH,95934,05/08/1946,5920,VB006891
Susan,Smith,susan.smith65@icloud.com,248.919.2675,5256 Washington St,Greenville,nh,63203,1971-05-04,1617,VB006892
Joseph,Garcia,joseph.garcia44@gmail.com,(233) 983-1188,448 Lincoln Ave,Dayton,VT,13172,14-Nov-2004,1497,VB006893
Betty,Davis,betty.davis88@hotmail.com,7468302075,4579 Washington St,Franklin,ME,17496,03-23-1983,7095,VB006894
Jessica,Young,jessica.young40@outlook.com,604-509-4082,8930 Main St,Madison,oh,75176,06/12/1973,3478,VB006895
Betty,Wilson,,+18813399757,8061 Oak Ave,Manchester,VT,53620,1960-01-29,2059,VB006896
Susan,Torres,susan.torres67@outlook.com,688.833.3791,5640 Sunset Blvd,Greenville,PA,75679,12-Mar-1968,9574,VB006897
Linda,Nguyen,linda.nguyen85@aol.com,(323) 735-8247,6298 River Dr,Salem,wy,21110,09-08-1946,2093,VB006898
Jennifer,Wilson,jennifer.wilson11@yahoo.com,6358323339,6343 Lincoln Ave,Clinton,IN,73315,09/04/1942,9399,VB006899
Ashley,Martin,ashley.martin64@icloud.com,706-975-3672,3200 River Dr,Georgetown,VA,68495,1976-12-21,2231,VB006900
Anthony,Davis,anthony.davis27@outlook.com,+15085919791,2551 Cedar Ln,Dayton,nc,41869,13-Sep-1948,9891,VB006901
Jennifer,White,,750.284.1726,4439 River Dr,Dayton,California,66020,01-31-1958,4839,VB006902
Barbara,Allen,barbara.allen41@gmail.com,(895) 982-7623,381 Cedar Ln,Salem,NY,27110,06/23/1996,3336,VB006903
Lisa,Nguyen,,7159854096,3448 Washington St,Georgetown,az,84553,1941-04-10,3502,VB006904
Charles,King,charles.king81@yahoo.com,540-461-7136,8606 Forest Ave,Greenville,North Carolina,23071,11-Apr-1957,8064,VB006905
Robert,Wright,robert.wright31@icloud.com,+16877204007,158 Main St,Franklin,UT,11931,03-12-1994,2504,VB006906
Betty,Baker,betty.baker4@aol.com,701.646.6595,8514 Cedar Ln,Dayton,mn,74610,03/26/1950,8703,VB006907
Nancy,Garcia,nancy.garcia46@hotmail.com,(419) 803-5657,7247 Main St,Franklin,Georgia,22236,1981-02-18,9696,VB006908
Nancy,Scott,,2499302456,6666 Maple Dr,Greenville,CT,41812,22-May-1968,8409,VB006909
Barbara,Wilson,barbara.wilson78@icloud.com,813-234-9663,4552 Cedar Ln,Fairview,ma,67955,02-06-1974,4968,VB006910
Nancy,Garcia,nancy.garcia53@aol.com,+14595526523,2740 Lake Rd,Greenville,WI,95981,07/28/1984,6109,VB006911
Michael,Hill,michael.hill69@gmail.com,879.919.8536,6034 River Dr,Dayton,KS,43287,1966-01-01,2587,VB006912
William,Thomas,,(569) 704-4457,2093 Washington St,Clinton,sd,61959,22-Oct-1957,1960,VB006913
David,Thompson,david.thompson42@yahoo.com,3499877996,2592 Cedar Ln,Burlington,SD,70075,04-23-2004,2058,VB006914
William,Jones,william.jones16@icloud.com,957-799-3487,3373 Forest Ave,Greenville,UT,46106,05/18/1969,1176,VB006915
James,Young,james.young74@outlook.com,+18442386368,7480 Oak Ave,Richmond,sc,33717,1994-06-28,6120,VB006916
Linda,Scott,linda.scott66@outlook.com,392.903.7100,5205 Forest Ave,Richmond,UT,94991,23-Mar-1984,6148,VB006917
Matthew,Allen,matthew.allen32@gmail.com,(884) 896-7885,591 Hill Rd,Oxford,ND,76346,01-04-1989,6738,VB006918
Karen,Torres,,5094282535,6838 Maple Dr,Arlington,id,40549,01/14/1972,7480,VB006919
Michael,Smith,michael.smith98@aol.com,509-796-6517,2190 Park Blvd,Arlington,VA,37835,1960-05-12,4005,VB006920
Mary,Hall,mary.hall36@gmail.com,+19389949138,5734 Jefferson Dr,Manchester,NH,18171,21-Nov-1978,2913,VB006921
Mark,Thompson,mark.thompson23@gmail.com,494.572.8760,3639 Lincoln Ave,Georgetown,ia,26934,05-01-1960,7934,VB006922
Joseph,Davis,joseph.davis66@yahoo.com,(503) 832-4484,1438 Sunset Blvd,Oxford,MO,24084,08/18/1986,2653,VB006923
Barbara,Walker,,6517633665,7935 River Dr,Oxford,OH,23047,1983-02-16,2829,VB006924
Charles,Hall,charles.hall41@aol.com,801-422-9416,7340 Sunset Blvd,Arlington,nc,80094,02-Nov-1986,6247,VB006925
Lisa,Jones,lisa.jones44@gmail.com,+16604754345,5571 Jefferson Dr,Richmond,AK,85709,03-02-1971,3672,VB006926
Thomas,Jones,,248.841.4351,1291 Washington St,Greenville,IN,58896,06/02/1965,9406,VB006927
Ashley,Scott,ashley.scott90@aol.com,(732) 485-3155,7617 Forest Ave,Marion,ok,59021,1979-10-20,2171,VB006928
Nancy,Nguyen,nancy.nguyen88@icloud.com,9094708932,3151 Cedar Ln,Madison,OK,49124,04-Mar-1960,5876,VB006929
Thomas,Torres,thomas.torres5@gmail.com,426-297-2916,1025 Forest Ave,Georgetown,DE,74295,04-26-1961,4379,VB006930
Sarah,Harris,sarah.harris93@gmail.com,+16824921953,4670 Cedar Ln,Fairview,nv,81823,12/11/1991,7111,VB006931
Patricia,Wilson,patricia.wilson72@aol.com,231.367.3189,9195 Park Blvd,Fairview,ND,71187,1952-01-02,7557,VB006932
Jessica,Garcia,,(581) 915-7500,1542 River Dr,Franklin,NC,39961,13-Jul-1999,7866,VB006933
Ashley,Wilson,ashley.wilson51@aol.com,4525889299,4186 Jefferson Dr,Manchester,ia,75513,07-22-1980,2466,VB006934
Betty,Brown,betty.brown47@yahoo.com,608-295-5456,2575 Maple Dr,Springfield,NH,88519,01/14/1985,3830,VB006935
Mark,Walker,,+16353585500,5079 Main St,Richmond,LA,41014,1997-09-14,8460,VB006936
Lisa,Torres,lisa.torres95@icloud.com,815.779.4674,1176 Oak Ave,Richmond,la,13160,26-Mar-2001,4351,VB006937
David,Adams,david.adams15@yahoo.com,(470) 299-1152,4021 Park Blvd,Salem,HI,77225,01-02-1941,1630,VB006938
Robert,Taylor,robert.taylor33@gmail.com,8487839826,6133 Cedar Ln,Burlington,NJ,30615,12/06/1944,4960,VB006939
Jessica,Miller,jessica.miller80@aol.com,645-434-2462,7548 Cedar Ln,Fairview,wi,36038,1990-03-25,6768,VB006940
Matthew,Smith,matthew.smith52@gmail.com,+19839248119,5924 Sunset Blvd,Springfield,KS,68571,18-Aug-1993,3470,VB006941
Ashley,Smith,,725.840.9949,6934 Forest Ave,Dayton,MN,77590,11-10-2002,8939,VB006942
David,Taylor,david.taylor82@outlook.com,(789) 448-6339,6162 Park Blvd,Richmond,mt,57843,03/20/1950,4273,VB006943
Karen,Johnson,,8392663216,375 Valley Ln,Burlington,NJ,48336,1995-06-08,4386,VB006944
Joseph,Hill,,501-426-7625,3987 Park Blvd,Dayton,PA,58368,16-Jun-1982,9698,VB006945
Matthew,Wilson,matthew.wilson19@yahoo.com,+19424851512,5242 Main St,Oxford,ne,96963,08-06-2004,1999,VB006946
Margaret,Torres,margaret.torres63@outlook.com,589.692.9645,4997 Lake Rd,Fairview,Illinois,48043,03/25/1997,4132,VB006947
Robert,Miller,robert.miller30@outlook.com,(475) 456-6610,4371 Jefferson Dr,Oxford,SD,68509,1980-08-16,9665,VB006948
Betty,Thomas,betty.thomas46@icloud.com,8994184844,2431 Maple Dr,Greenville,sd,68024,08-May-1960,4114,VB006949
Patricia,Jones,patricia.jones76@yahoo.com,551-230-3764,7380 River Dr,Salem,KY,91797,11-13-1941,7153,VB006950
Betty,Adams,betty.adams77@gmail.com,+15788403396,693 Lincoln Ave,Arlington,NH,79773,10/24/1948,2787,VB006951
James,King,,296.691.5564,6418 Main St,Marion,oh,60059,1940-07-16,8900,VB006952
Robert,Scott,robert.scott80@aol.com,(696) 591-8962,7163 Maple Dr,Richmond,MN,92756,30-May-1942,6466,VB006953
William,Thompson,,7773095114,9104 Park Blvd,Fairview,ND,57645,05-15-1990,5410,VB006954
Anthony,Jackson,anthony.jackson60@yahoo.com,906-693-5126,6275 Maple Dr,Madison,ct,34110,03/22/1973,4417,VB006955
Linda,Wilson,linda.wilson29@yahoo.com,+17067501246,4388 Hill Rd,Oxford,AL,68630,2001-07-15,3352,VB006956
Karen,Anderson,karen.anderson27@yahoo.com,531.843.1500,3621 Oak Ave,Springfield,MI,70181,23-Dec-1989,4463,VB006957
Lisa,Williams,,(672) 685-6868,7668 Washington St,Madison,az,91000,09-03-1959,7357,VB006958
Joseph,Jackson,,6386984934,6030 Sunset Blvd,Manchester,MN,79099,04/27/1993,7676,VB006959
Susan,Harris,susan.harris52@hotmail.com,519-418-6775,9767 Maple Dr,Marion,OR,23108,1962-12-29,7941,VB006960
Linda,Smith,linda.smith64@yahoo.com,+16693004204,8921 Jefferson Dr,Richmond,nd,72629,13-Sep-1965,1762,VB006961
Susan,Allen,susan.allen30@gmail.com,703.829.6235,3891 Lincoln Ave,Georgetown,Georgia,59627,11-19-1976,1581,VB006962
Thomas,Young,thomas.young61@hotmail.com,(240) 997-6756,952 Cedar Ln,Manchester,CA,54622,12/12/1945,4407,VB006963
Patricia,Allen,patricia.allen3@yahoo.com,5365028293,6375 Main St,Dayton,vt,33219,1955-02-02,1389,VB006964
Lisa,White,lisa.white8@gmail.com,887-852-7655,5953 Hill Rd,Manchester,WV,99051,09-May-1954,1510,VB006965
Sarah,Wright,sarah.wright12@outlook.com,+16108836146,508 Lake Rd,Madison,IN,47787,12-19-1985,6347,VB006966
Jennifer,Taylor,jennifer.taylor77@hotmail.com,714.874.2371,1323 Forest Ave,Oxford,sd,17097,02/18/1952,3702,VB006967
Christopher,Williams,,(696) 789-8978,2211 Jefferson Dr,Madison,Michigan,30035,1989-10-24,5402,VB006968
Sarah,White,sarah.white99@icloud.com,8338158148,7711 Maple Dr,Marion,ID,50289,19-May-1949,8553,VB006969
Linda,Brown,,711-222-9575,7525 Hill Rd,Burlington,ca,53711,02-28-1980,5274,VB006970
Sandra,Taylor,sandra.taylor60@aol.com,+17073687166,5930 Forest Ave,Franklin,Michigan,63228,10/15/2003,6036,VB006971
Jessica,Williams,jessica.williams56@yahoo.com,842.351.5225,5239 Washington St,Arlington,CA,21406,1974-10-26,7510,VB006972
Mark,Young,mark.young33@outlook.com,(525) 752-7179,7502 Washington St,Dayton,fl,60710,16-May-1945,3994,VB006973
Betty,Hall,,8967252803,2584 Park Blvd,Madison,Pennsylvania,64350,04-26-1959,8836,VB006974
William,Allen,william.allen17@hotmail.com,428-938-1867,5192 Lincoln Ave,Marion,WV,22257,01/27/1957,6324,VB006975
Anthony,Brown,,+16296235069,9119 Valley Ln,Oxford,oh,25601,1982-06-27,3729,VB006976
Richard,Wright,richard.wright43@outlook.com,594.610.5006,9604 Maple Dr,Greenville,Texas,84433,11-Apr-1996,3005,VB006977
Robert,King,robert.king10@aol.com,(781) 263-8126,2142 Cedar Ln,Madison,KY,51288,04-03-1975,6345,VB006978
Ashley,Allen,ashley.allen15@aol.com,9375044791,5318 Washington St,Burlington,ri,72205,02/24/1960,1196,VB006979
Daniel,Scott,daniel.scott5@aol.com,586-224-5862,2431 Hill Rd,Richmond,Texas,40820,1948-08-25,7517,VB006980
Sandra,Garcia,sandra.garcia56@icloud.com,+14505068858,337 Lincoln Ave,Oxford,MA,75201,20-Dec-1941,3822,VB006981
Robert,Davis,robert.davis75@gmail.com,805.626.9330,8980 Main St,Burlington,la,85749,02-08-2002,2164,VB006982
Mark,Taylor,mark.taylor3@outlook.com,(883) 248-8636,7068 Park Blvd,Arlington,TN,89964,03/26/1942,4629,VB006983
Daniel,Hill,daniel.hill77@gmail.com,6763114602,5651 Valley Ln,Georgetown,CA,94188,1985-07-14,5583,VB006984
Sandra,Miller,sandra.miller12@aol.com,988-219-8450,7288 Lincoln Ave,Oxford,tn,33483,09-May-1975,6847,VB006985
Lisa,Johnson,lisa.johnson16@icloud.com,+14379543728,573 Washington St,Springfield,TN,10249,04-14-1979,7540,VB006986
Robert,Allen,robert.allen76@aol.com,877.716.4993,1821 Sunset Blvd,Greenville,PA,66874,08/16/1977,7810,VB006987
Mark,Miller,mark.miller56@gmail.com,(649) 526-6193,6851 Lake Rd,Franklin,nj,36760,1997-12-18,5229,VB006988
Richard,King,,7495476840,8554 River Dr,Clinton,OR,29052,13-Jun-1994,2168,VB006989
Charles,Baker,charles.baker90@yahoo.com,725-306-3619,5196 Maple Dr,Springfield,WY,13856,10-26-2004,2617,VB006990
William,Nelson,william.nelson13@yahoo.com,+12698951934,954 Lincoln Ave,Georgetown,wi,49402,08/12/1942,2108,VB006991
Mary,Wright,mary.wright16@yahoo.com,822.954.9211,1966 River Dr,Richmond,New York,39538,1963-03-04,5015,VB006992
Susan,Davis,,(411) 730-6918,6359 Forest Ave,Arlington,NJ,16086,31-Jul-1943,6309,VB006993
David,Brown,david.brown2@aol.com,6085795340,4818 Lake Rd,Fairview,az,43697,05-31-1955,3316,VB006994
Betty,Baker,betty.baker78@hotmail.com,918-625-4043,4037 Oak Ave,Marion,IA,24773,02/03/2004,5399,VB006995
Barbara,Scott,barbara.scott63@yahoo.com,+16936371644,8408 Maple Dr,Salem,IL,42926,1955-11-05,3650,VB006996
David,Taylor,,393.618.6571,2129 Hill Rd,Georgetown,ut,15664,20-Oct-1956,4673,VB006997
Nancy,Jackson,nancy.jackson23@aol.com,(974) 412-8670,4570 Lake Rd,Richmond,NJ,96036,09-18-2000,7524,VB006998
Margaret,Taylor,margaret.taylor8@yahoo.com,2933413198,4675 Lincoln Ave,Burlington,AR,77083,11/09/1952,5561,VB006999
Nancy,Wright,,298-880-3750,2737 Main St,Clinton,nc,24114,1969-05-07,6286,VB007000
Jennifer,Scott,jennifer.scott31@gmail.com,+19008668721,6028 Main St,Richmond,MT,56930,14-May-2001,2721,VB007001
John,Davis,john.davis26@gmail.com,309.598.6405,3533 Oak Ave,Greenville,NE,43065,01-27-1971,7246,VB007002
Michael,White,michael.white32@gmail.com,(212) 911-2109,2315 Maple Dr,Franklin,ky,32907,01/10/1942,8384,VB007003
Mary,Hill,mary.hill16@hotmail.com,7338164630,3521 Cedar Ln,Georgetown,Florida,81278,1977-04-26,7571,VB007004
Michael,Young,michael.young87@outlook.com,461-612-1528,9361 Oak Ave,Dayton,NY,83574,23-Dec-1970,2361,VB007005
Jennifer,Allen,jennifer.allen95@hotmail.com,+19192228222,9574 Lincoln Ave,Fairview,ky,99760,02-28-1964,3268,VB007006
Nancy,Allen,nancy.allen82@outlook.com,641.722.5836,7651 Forest Ave,Fairview,Pennsylvania,95693,06/27/1978,1241,VB007007
Sandra,Young,sandra.young98@gmail.com,(985) 865-8535,7511 Lincoln Ave,Greenville,WY,85302,1967-09-17,6227,VB007008
Anthony,Scott,,9924067123,3779 Forest Ave,Franklin,id,22857,13-Mar-1966,7457,VB007009
Christopher,Walker,christopher.walker66@aol.com,321-969-1868,157 Main St,Richmond,AZ,91269,12-21-1955,1158,VB007010
Joseph,Wilson,joseph.wilson51@icloud.com,+12502319798,6688 Washington St,Manchester,GA,42106,08/09/1985,9833,VB007011
Joseph,Thompson,joseph.thompson98@icloud.com,404.610.8200,709 Forest Ave,Greenville,md,25439,1956-12-30,4091,VB007012
Richard,Williams,richard.williams99@icloud.com,(903) 543-3346,1014 River Dr,Arlington,AR,50995,09-Apr-1980,4662,VB007013
Daniel,White,daniel.white32@gmail.com,2096863902,2742 Oak Ave,Georgetown,TX,40534,06-21-1981,4802,VB007014
James,Anderson,james.anderson34@aol.com,916-805-2040,4371 Maple Dr,Dayton,az,48590,02/23/1978,6190,VB007015
Ashley,Wilson,,+15688559873,3726 Hill Rd,Richmond,NH,30196,2000-10-16,8686,VB007016
Jessica,Miller,jessica.miller47@gmail.com,645.229.4249,1794 Maple Dr,Franklin,WY,91151,14-Apr-1947,5913,VB007017
Barbara,Adams,barbara.adams85@aol.com,(875) 769-1774,7375 Hill Rd,Richmond,oh,88594,12-28-1995,1818,VB007018
Joseph,Taylor,joseph.taylor17@gmail.com,7443316200,5278 Park Blvd,Dayton,DE,14433,12/07/1967,3581,VB007019
Patricia,Nguyen,patricia.nguyen18@icloud.com,665-604-4055,3319 Cedar Ln,Dayton,NM,88209,1991-06-02,6699,VB007020
Nancy,Young,nancy.young77@icloud.com,+17729244379,5317 Main St,Dayton,mn,97754,22-Apr-1970,6859,VB007021
Barbara,Baker,barbara.baker84@outlook.com,268.240.4543,773 Main St,Madison,NJ,24052,06-13-1981,6567,VB007022
Joseph,Smith,joseph.smith95@aol.com,(686) 354-7386,4191 Jefferson Dr,Arlington,OR,63329,05/13/1958,4003,VB007023
Robert,Nelson,robert.nelson87@icloud.com,6986635017,9778 Lake Rd,Arlington,sc,70245,1996-09-23,4029,VB007024
John,Harris,,769-305-3055,4651 Sunset Blvd,Dayton,Michigan,68782,03-May-1976,2227,VB007025
Betty,Hill,,+15942975681,6406 Valley Ln,Arlington,MN,61221,12-04-1949,5223,VB007026
Daniel,White,daniel.white31@aol.com,302.531.4836,8523 Cedar Ln,Greenville,az,71470,02/14/1990,3724,VB007027
Joseph,Johnson,joseph.johnson19@icloud.com,(896) 320-5415,8426 Maple Dr,Marion,HI,62798,1984-04-11,5275,VB007028
Matthew,Taylor,matthew.taylor86@icloud.com,9136242113,658 Cedar Ln,Oxford,AZ,37372,03-Aug-1960,9052,VB007029
Sarah,Thomas,sarah.thomas88@yahoo.com,542-559-8078,1076 Hill Rd,Springfield,fl,23531,01-02-1969,4795,VB007030
Joseph,Torres,,+16538864750,9860 Forest Ave,Franklin,Ohio,18861,08/14/1994,1743,VB007031
Daniel,Adams,,629.619.9008,4136 Sunset Blvd,Marion,NH,18454,1957-03-16,4464,VB007032
Christopher,Williams,christopher.williams60@aol.com,(686) 423-4873,1756 Park Blvd,Marion,nm,95596,08-Sep-1979,5871,VB007033
Patricia,Allen,patricia.allen76@aol.com,8182502313,1466 Lincoln Ave,Madison,AZ,11730,10-29-1958,5879,VB007034
Anthony,Thomas,anthony.thomas36@aol.com,984-294-5001,6753 Sunset Blvd,Manchester,TN,87644,12/31/1970,7850,VB007035
Betty,Brown,betty.brown32@hotmail.com,+17514586576,4542 Lake Rd,Fairview,ne,69595,1990-11-03,4084,VB007036
Matthew,Taylor,matthew.taylor6@hotmail.com,537.723.9202,1068 Washington St,Arlington,CO,46054,04-Aug-1977,4581,VB007037
Christopher,Anderson,christopher.anderson69@gmail.com,(248) 510-7306,3085 Lake Rd,Marion,AR,99674,12-01-1978,9329,VB007038
Sandra,Johnson,sandra.johnson45@gmail.com,6493204882,3439 Lincoln Ave,Burlington,pa,55957,10/06/2003,8015,VB007039
Sarah,White,sarah.white36@icloud.com,520-281-4895,977 Valley Ln,Clinton,DE,28452,1981-04-19,4698,VB007040
David,Hill,david.hill30@icloud.com,+14437278266,9641 Cedar Ln,Richmond,IN,33957,23-Mar-1960,6682,VB007041
Anthony,Wright,anthony.wright73@aol.com,497.384.1984,6789 Oak Ave,Oxford,nm,21405,06-28-1999,3838,VB007042
Nancy,White,nancy.white34@icloud.com,(693) 773-9998,134 Lincoln Ave,Greenville,DE,97578,05/18/1999,6969,VB007043
Sandra,Brown,sandra.brown70@hotmail.com,5774543573,3356 Forest Ave,Georgetown,AL,76091,1959-05-09,9109,VB007044
Matthew,Miller,matthew.miller39@gmail.com,203-731-2821,1229 Jefferson Dr,Springfield,mn,28506,03-Mar-1948,3751,VB007045
Thomas,Anderson,thomas.anderson64@hotmail.com,+17339955480,6441 Oak Ave,Georgetown,OR,90724,10-22-2002,9063,VB007046
William,Martin,william.martin65@icloud.com,538.542.6403,2410 Washington St,Greenville,WI,10415,08/27/1997,7613,VB007047
Michael,Allen,michael.allen51@hotmail.com,(943) 811-1092,9673 Washington St,Georgetown,la,65798,1989-04-27,9727,VB007048
John,King,john.king19@hotmail.com,3854195421,1349 Maple Dr,Burlington,Texas,12230,01-May-1992,5449,VB007049
Jessica,Garcia,jessica.garcia19@gmail.com,513-301-9285,8127 River Dr,Greenville,ND,37309,03-25-1995,2550,VB007050
Mary,Wright,mary.wright10@outlook.com,+19614823137,6330 River Dr,Richmond,ia,40291,06/29/1950,7211,VB007051
Daniel,Thomas,daniel.thomas63@outlook.com,722.242.2265,3208 Hill Rd,Manchester,MS,96105,1951-06-16,3230,VB007052
Lisa,Jones,lisa.jones84@aol.com,(713) 735-7342,7005 River Dr,Franklin,TX,24156,18-May-1987,8275,VB007053
Michael,Walker,,3949551730,360 Hill Rd,Clinton,wa,52436,10-12-2000,8919,VB007054
Sarah,Hall,sarah.hall86@hotmail.com,964-795-4508,6803 Main St,Manchester,California,62197,05/01/1947,8147,VB007055
Sandra,Johnson,sandra.johnson57@hotmail.com,+18279911207,220 River Dr,Franklin,OK,15169,1953-09-18,1529,VB007056
Robert,Miller,robert.miller20@hotmail.com,483.768.6890,1542 Maple Dr,Madison,ar,48190,15-Dec-1994,7312,VB007057
William,Walker,william.walker83@yahoo.com,(486) 311-7731,5925 River Dr,Salem,AZ,10655,10-03-1956,9733,VB007058
Thomas,Brown,thomas.brown96@hotmail.com,4568825687,4589 Washington St,Madison,TX,55940,02/16/1999,3340,VB007059
David,Anderson,david.anderson1@gmail.com,328-871-3331,2291 Oak Ave,Arlington,sc,78319,1998-01-18,9237,VB007060
Robert,Harris,robert.harris26@icloud.com,+18027848681,913 Maple Dr,Franklin,MD,97862,03-Mar-1974,2268,VB007061
Betty,Hill,betty.hill29@gmail.com,618.372.7577,8850 Washington St,Clinton,NY,14098,03-17-2000,5780,VB007062
David,Smith,david.smith98@yahoo.com,(323) 488-4360,1328 Washington St,Springfield,nh,53441,10/01/1959,6440,VB007063
Karen,Hill,karen.hill61@hotmail.com,9434611099,2671 River Dr,Fairview,MD,43803,1980-06-29,1570,VB007064
Margaret,Walker,margaret.walker90@icloud.com,389-728-9532,7332 Jefferson Dr,Arlington,MD,20076,03-Feb-1970,5208,VB007065
William,Johnson,william.johnson40@hotmail.com,+17879879344,2989 Park Blvd,Richmond,va,11173,12-29-1950,3399,VB007066
Michael,Brown,michael.brown27@gmail.com,803.781.5704,3968 Valley Ln,Clinton,SC,33661,10/04/1949,3364,VB007067
James,White,james.white46@outlook.com,(769) 912-3691,441 Washington St,Franklin,SD,84934,1941-11-30,5509,VB007068
Sarah,Thomas,sarah.thomas86@icloud.com,7233074520,20 Washington St,Franklin,fl,21757,19-Mar-1981,1377,VB007069
Joseph,Anderson,joseph.anderson70@icloud.com,334-204-8686,9786 Main St,Salem,NM,94063,02-05-1992,9233,VB007070
William,Allen,william.allen13@outlook.com,+15794765111,37 Forest Ave,Marion,HI,62143,06/11/1944,9503,VB007071
Anthony,Walker,anthony.walker71@outlook.com,913.432.6478,5195 Jefferson Dr,Richmond,or,94862,2000-10-08,7862,VB007072
Charles,Williams,charles.williams35@yahoo.com,(638) 831-5431,1888 Oak Ave,Manchester,CO,69251,03-Sep-2001,3233,VB007073
Anthony,Torres,,9594076956,539 River Dr,Dayton,CT,53190,07-10-1985,2100,VB007074
Lisa,Williams,,467-470-5564,7469 Main St,Burlington,wi,41703,11/16/1957,9115,VB007075
Christopher,Walker,christopher.walker53@aol.com,+19063134104,1445 Park Blvd,Arlington,Michigan,40658,1995-03-26,5611,VB007076
Anthony,Adams,,493.683.7851,9026 Main St,Dayton,ME,85637,19-Oct-1963,9118,VB007077
Charles,Baker,charles.baker44@icloud.com,(769) 381-2812,8132 Hill Rd,Franklin,sd,16576,01-04-1972,2427,VB007078
Robert,Johnson,robert.johnson85@outlook.com,8588303409,5441 Valley Ln,Springfield,Illinois,38238,02/07/1993,2570,VB007079
Daniel,Brown,,808-361-1494,2407 Lake Rd,Greenville,CO,42118,1946-11-30,1204,VB007080
Sandra,Nguyen,sandra.nguyen67@icloud.com,+15253121525,9702 Washington St,Manchester,ct,14552,30-May-1965,6081,VB007081
Linda,Walker,linda.walker61@icloud.com,574.595.2036,5142 Washington St,Madison,NM,15902,06-07-1972,6217,VB007082
Ashley,Young,ashley.young67@outlook.com,(540) 582-9073,9710 Jefferson Dr,Dayton,OH,38959,05/19/1951,4070,VB007083
Linda,Anderson,linda.anderson38@icloud.com,4738197479,4445 Forest Ave,Manchester,ms,86928,1986-09-26,8377,VB007084
Charles,Brown,,251-782-1370,1001 Jefferson Dr,Greenville,Michigan,52140,14-Apr-1986,8486,VB007085
James,Anderson,james.anderson65@icloud.com,+14259953700,8593 Maple Dr,Fairview,IA,18377,01-25-1983,8736,VB007086
Jennifer,Taylor,jennifer.taylor68@hotmail.com,559.318.6591,7341 Main St,Fairview,ky,36609,05/28/1965,2519,VB007087
Mary,Wilson,mary.wilson12@icloud.com,(222) 950-7539,6247 Lincoln Ave,Clinton,AL,58942,1989-11-23,9413,VB007088
David,Jackson,david.jackson19@outlook.com,8586224091,9071 Main St,Richmond,SD,78962,14-Jul-1955,7269,VB007089
Joseph,Davis,joseph.davis56@aol.com,993-868-4067,8213 Jefferson Dr,Salem,mo,55117,04-23-1980,6896,VB007090
Ashley,Martin,,+14435556234,2751 Sunset Blvd,Arlington,CO,97821,05/03/1997,6500,VB007091
Barbara,Hall,,687.704.9841,6937 Lake Rd,Dayton,IN,82624,1975-01-07,4856,VB007092
Sarah,Jones,sarah.jones39@outlook.com,(957) 458-5600,7770 Oak Ave,Springfield,mo,16323,19-Apr-1975,2004,VB007093
Charles,Allen,,9445942697,2534 Valley Ln,Richmond,North Carolina,74419,11-20-1981,1006,VB007094
Mary,Hill,mary.hill32@gmail.com,557-516-4291,2176 Maple Dr,Salem,NJ,35741,06/15/1974,3223,VB007095
Matthew,Thompson,matthew.thompson51@aol.com,+15414703727,8161 Sunset Blvd,Greenville,me,10342,1943-07-14,1563,VB007096
Mark,Nelson,mark.nelson34@hotmail.com,355.897.5750,8133 Sunset Blvd,Madison,MD,74961,30-Mar-1982,6979,VB007097
Michael,Garcia,,(687) 563-8578,5858 Oak Ave,Madison,UT,62978,03-12-1995,7055,VB007098
Ashley,Torres,ashley.torres71@gmail.com,5253192849,5607 Cedar Ln,Clinton,ky,59201,07/03/1965,5311,VB007099
Sandra,Williams,sandra.williams99@icloud.com,755-704-4384,8110 River Dr,Madison,IA,44678,1993-12-08,9443,VB007100
Jennifer,Scott,jennifer.scott58@yahoo.com,+12923397876,1188 River Dr,Arlington,OH,58908,23-Jul-1940,8888,VB007101
Mark,Anderson,,576.923.6672,6269 Jefferson Dr,Greenville,nc,49522,06-16-1994,9156,VB007102
Thomas,Miller,thomas.miller25@hotmail.com,(526) 463-2045,4215 Oak Ave,Salem,SD,17746,08/14/1953,5177,VB007103
Thomas,Thompson,thomas.thompson31@hotmail.com,4398197599,297 Lake Rd,Burlington,SC,19727,1957-02-23,8941,VB007104
Nancy,Smith,nancy.smith53@gmail.com,218-796-8676,5108 Jefferson Dr,Arlington,ut,29370,23-Jan-1994,2790,VB007105
Daniel,Wilson,daniel.wilson1@outlook.com,+18956153702,2825 Cedar Ln,Georgetown,OK,72418,03-16-1963,4185,VB007106
Michael,Harris,michael.harris72@gmail.com,583.342.3102,5007 Washington St,Springfield,NY,96356,10/26/1971,6567,VB007107
Robert,Torres,robert.torres73@outlook.com,(429) 356-3361,9217 Washington St,Greenville,ri,91319,1957-03-07,1962,VB007108
Linda,Young,linda.young42@aol.com,9002921064,2821 Valley Ln,Greenville,NE,32324,06-Apr-1944,1698,VB007109
Joseph,Thompson,joseph.thompson24@gmail.com,301-500-5188,3706 Park Blvd,Arlington,NH,88618,01-07-1968,7196,VB007110
Robert,Williams,,+12237041560,2186 Hill Rd,Marion,ks,64539,01/01/1951,6207,VB007111
Mark,Taylor,mark.taylor96@hotmail.com,563.633.9461,2242 Lake Rd,Richmond,KY,30622,1982-01-09,8936,VB007112
Michael,Johnson,michael.johnson90@outlook.com,(629) 638-9794,5134 Maple Dr,Fairview,AK,40595,09-Aug-2004,7162,VB007113
Margaret,Miller,margaret.miller97@aol.com,9107468547,3533 Sunset Blvd,Franklin,nj,34491,03-31-1979,1239,VB007114
John,Jackson,john.jackson43@aol.com,796-268-5526,5138 Jefferson Dr,Richmond,MT,96089,04/21/1966,5891,VB007115
Ashley,Wright,ashley.wright95@aol.com,+15679038355,9811 Main St,Fairview,MA,46529,2000-03-05,1754,VB007116
Linda,Thomas,linda.thomas37@yahoo.com,408.651.3608,4189 River Dr,Clinton,nh,60328,11-Apr-1951,3742,VB007117
Lisa,Adams,lisa.adams57@aol.com,(349) 651-1735,3826 Cedar Ln,Dayton,MS,30446,09-12-1947,2841,VB007118
Matthew,Hall,matthew.hall64@aol.com,3009463380,5857 Valley Ln,Marion,IA,38166,06/03/2004,2256,VB007119
Jennifer,Harris,jennifer.harris2@icloud.com,521-291-5233,3971 Oak Ave,Arlington,mo,48136,1948-03-05,2128,VB007120
Jennifer,Martin,jennifer.martin59@icloud.com,+14454188817,9279 Maple Dr,Greenville,KS,26465,16-Apr-1969,2334,VB007121
Charles,Nelson,,778.356.6097,7243 Valley Ln,Fairview,IL,15509,03-28-2004,6205,VB007122
Jennifer,Hall,,(894) 443-1095,5288 Lincoln Ave,Clinton,ok,27499,08/09/1944,1771,VB007123
Sarah,Harris,sarah.harris51@icloud.com,5855191727,4986 Jefferson Dr,Manchester,OR,68404,1983-11-10,5912,VB007124
Margaret,Adams,margaret.adams24@yahoo.com,951-773-1292,2397 River Dr,Arlington,ME,93217,20-Jun-1945,1758,VB007125
William,Miller,,+16123581380,6261 Hill Rd,Franklin,md,98596,09-01-2000,5894,VB007126
Thomas,Thompson,thomas.thompson31@gmail.com,783.618.3430,820 Lincoln Ave,Oxford,New York,30462,03/24/1955,8286,VB007127
Mark,Martin,mark.martin4@icloud.com,(316) 706-8308,906 Cedar Ln,Franklin,NV,92134,1977-07-08,8266,VB007128
Mary,Davis,mary.davis86@gmail.com,7534789057,3251 Maple Dr,Franklin,ne,60224,15-Dec-1965,4711,VB007129
Anthony,Torres,anthony.torres51@gmail.com,767-398-9474,9686 Maple Dr,Franklin,NV,66103,11-09-1953,3119,VB007130
Robert,Nguyen,robert.nguyen54@yahoo.com,+13416397773,6707 Forest Ave,Richmond,ND,99417,06/15/1972,1487,VB007131
Charles,Taylor,charles.taylor26@aol.com,521.375.2252,5208 Lake Rd,Franklin,nc,17167,1997-07-25,3091,VB007132
Daniel,Scott,daniel.scott1@aol.com,(403) 866-7194,3994 River Dr,Arlington,MT,32619,25-Jul-1945,6961,VB007133
Anthony,Young,anthony.young4@gmail.com,5105471861,1359 Lake Rd,Burlington,KS,19181,06-29-2003,2843,VB007134
Mark,Adams,,658-841-2451,7765 Washington St,Greenville,de,87621,01/12/1957,1833,VB007135
Anthony,Smith,anthony.smith49@yahoo.com,+19764369529,9590 Valley Ln,Richmond,OR,90898,1973-04-06,6688,VB007136
Charles,Davis,charles.davis47@hotmail.com,472.942.1463,5490 Washington St,Georgetown,LA,92818,13-Aug-1974,4872,VB007137
Karen,White,karen.white72@icloud.com,(495) 287-7300,2299 Jefferson Dr,Marion,md,23883,09-21-1993,5285,VB007138
James,White,,5484998067,7975 Maple Dr,Fairview,WV,32678,08/08/1946,4837,VB007139
Michael,Taylor,michael.taylor23@aol.com,482-742-9087,8498 River Dr,Franklin,UT,16536,1997-12-26,5078,VB007140
William,Young,william.young32@icloud.com,+19908532545,9919 Hill Rd,Madison,nv,76152,28-Jul-1986,8757,VB007141
Robert,Harris,robert.harris3@icloud.com,374.669.6621,9741 Hill Rd,Greenville,NH,56334,09-22-1997,1204,VB007142
Betty,Nguyen,betty.nguyen12@aol.com,(626) 781-9221,8886 Oak Ave,Fairview,VA,92004,08/06/1978,7242,VB007143
Matthew,Nguyen,,3852673138,6309 Oak Ave,Springfield,pa,97879,2002-08-30,1074,VB007144
Mary,Martin,mary.martin83@outlook.com,672-281-6604,784 River Dr,Franklin,KS,94990,30-May-1987,1820,VB007145
Sarah,Wilson,sarah.wilson59@gmail.com,+16423484815,9681 Maple Dr,Arlington,MN,27443,01-10-1979,6689,VB007146
William,White,william.white80@gmail.com,865.790.4187,504 Lincoln Ave,Richmond,in,22035,01/27/1973,9519,VB007147
Daniel,Taylor,daniel.taylor10@yahoo.com,(367) 249-1738,7822 Cedar Ln,Oxford,KS,72633,2003-08-11,9292,VB007148
Mark,White,mark.white52@yahoo.com,2669589008,3468 River Dr,Arlington,NM,21246,15-Jan-1961,9643,VB007149
Anthony,Nguyen,anthony.nguyen33@aol.com,763-533-6733,9243 Forest Ave,Oxford,mi,84946,02-24-1974,6419,VB007150
Michael,Walker,michael.walker63@yahoo.com,+14029803131,9071 Hill Rd,Greenville,TN,39498,07/06/1995,3999,VB007151
Joseph,Garcia,,599.253.8024,4461 Jefferson Dr,Marion,SD,17284,1980-07-30,6122,VB007152
Barbara,Scott,barbara.scott65@icloud.com,(957) 350-5053,7954 Cedar Ln,Dayton,il,69161,11-Jun-1991,2250,VB007153
James,Harris,james.harris30@hotmail.com,3024556274,4507 Sunset Blvd,Salem,TN,32883,04-22-1948,4571,VB007154
Betty,Davis,betty.davis31@gmail.com,779-514-2009,4547 Park Blvd,Arlington,OR,19919,03/03/1968,4068,VB007155
Jessica,Martin,jessica.martin56@hotmail.com,+14972234449,1415 Park Blvd,Marion,id,34048,1950-09-21,2213,VB007156
Karen,Thomas,,647.417.9780,325 Park Blvd,Springfield,NH,96676,06-Oct-1996,1538,VB007157
Karen,Adams,karen.adams41@yahoo.com,(476) 991-2298,1141 Washington St,Marion,RI,94241,01-16-1990,3240,VB007158
Jennifer,Martin,jennifer.martin50@aol.com,7082704858,1095 Valley Ln,Dayton,vt,89330,03/28/1978,2971,VB007159
Daniel,Young,daniel.young15@yahoo.com,640-770-1384,4264 Maple Dr,Burlington,NM,31075,1966-02-07,2332,VB007160
Robert,Baker,robert.baker43@icloud.com,+16075342020,9984 Main St,Georgetown,WY,92307,28-Mar-1961,9401,VB007161
John,Hill,john.hill4@aol.com,356.991.9000,5446 Valley Ln,Springfield,nd,50981,06-25-1961,7103,VB007162
Jessica,Thompson,jessica.thompson93@aol.com,(980) 597-8910,4207 Park Blvd,Manchester,IA,13848,06/17/1953,8392,VB007163
Betty,Scott,betty.scott23@yahoo.com,2032391494,3665 Hill Rd,Richmond,OH,60446,2004-08-23,8345,VB007164
Ashley,Davis,ashley.davis38@icloud.com,635-960-4966,1724 Lincoln Ave,Dayton,al,75059,28-Sep-1988,1745,VB007165
Nancy,Harris,nancy.harris76@yahoo.com,+12637809405,5458 Sunset Blvd,Greenville,AR,34379,03-17-1984,1134,VB007166
Lisa,Davis,lisa.davis67@hotmail.com,724.972.3086,4847 Main St,Clinton,ND,54718,10/15/1989,4414,VB007167
Betty,Scott,betty.scott16@outlook.com,(314) 287-4561,4017 Lincoln Ave,Manchester,md,63460,1985-01-17,6843,VB007168
Robert,Jones,robert.jones69@aol.com,2709867139,763 Maple Dr,Franklin,HI,95433,25-Feb-1949,7798,VB007169
Thomas,Smith,thomas.smith17@gmail.com,327-743-1055,4055 Sunset Blvd,Burlington,UT,77527,05-24-1965,8389,VB007170
Betty,Hill,betty.hill24@icloud.com,+12223339549,847 Maple Dr,Franklin,ia,32558,05/29/2001,7621,VB007171
James,Martin,james.martin10@gmail.com,914.518.1037,3810 Oak Ave,Arlington,SD,25108,1968-10-24,2714,VB007172
Linda,Johnson,linda.johnson23@outlook.com,(899) 471-7754,8657 Lincoln Ave,Georgetown,SD,99667,08-Sep-1969,2808,VB007173
Margaret,Brown,,9724317511,9132 Lake Rd,Franklin,mt,11824,09-22-1963,9791,VB007174
Matthew,Jackson,matthew.jackson23@gmail.com,867-923-6783,211 Maple Dr,Arlington,AR,12918,07/29/1985,6636,VB007175
Joseph,Nelson,joseph.nelson72@icloud.com,+17078122035,3050 Lincoln Ave,Clinton,SC,28708,1944-10-06,4347,VB007176
Betty,Taylor,betty.taylor77@yahoo.com,602.545.7873,8138 Valley Ln,Arlington,mi,97883,23-Oct-1946,3992,VB007177
Christopher,Baker,christopher.baker91@yahoo.com,(921) 292-2363,4598 Sunset Blvd,Franklin,AR,11443,06-07-1975,4496,VB007178
Betty,Martin,betty.martin19@outlook.com,3549236931,752 Valley Ln,Manchester,MO,19638,01/01/1993,4872,VB007179
Jessica,Nguyen,jessica.nguyen63@aol.com,308-469-4625,2853 Main St,Springfield,ks,13582,1958-05-12,7672,VB007180
Jessica,Walker,jessica.walker96@hotmail.com,+16489197500,2364 Hill Rd,Oxford,MD,82964,23-Aug-1942,7521,VB007181
David,Martin,david.martin21@aol.com,803.358.5393,4653 Maple Dr,Fairview,MA,15821,06-01-1976,9950,VB007182
Sandra,White,,(823) 869-6482,1629 Washington St,Richmond,in,79402,08/03/2004,1155,VB007183
Richard,Johnson,richard.johnson85@hotmail.com,4345452718,7978 Lake Rd,Oxford,Illinois,20536,1979-04-03,3629,VB007184
Linda,Wilson,linda.wilson86@outlook.com,204-339-4457,7608 Main St,Arlington,UT,41736,26-Oct-2002,9764,VB007185
Patricia,Davis,patricia.davis72@aol.com,+17617307706,9921 Valley Ln,Greenville,az,34218,08-20-2002,8750,VB007186
Anthony,Torres,anthony.torres22@yahoo.com,606.923.7304,6683 Sunset Blvd,Fairview,NH,82038,05/08/1978,2961,VB007187
Joseph,Jackson,joseph.jackson35@yahoo.com,(274) 656-1490,188 Sunset Blvd,Springfield,CT,81316,1987-07-21,5488,VB007188
Barbara,Smith,barbara.smith97@hotmail.com,2276589681,1198 Main St,Franklin,sc,31280,14-May-1997,5571,VB007189
Thomas,Wilson,thomas.wilson78@gmail.com,903-538-4766,6625 Sunset Blvd,Clinton,NH,94694,12-24-1984,4428,VB007190
Susan,Wilson,,+15996985149,2211 Hill Rd,Springfield,CT,35292,07/20/1998,5134,VB007191
Thomas,Garcia,thomas.garcia96@yahoo.com,687.816.2641,9050 Lincoln Ave,Georgetown,ok,44246,1978-08-05,8543,VB007192
Mark,Baker,,(538) 404-2497,4016 Forest Ave,Manchester,CO,50092,13-Nov-1965,4064,VB007193
Patricia,Thomas,patricia.thomas30@yahoo.com,2436141249,7834 Washington St,Springfield,LA,73397,06-30-1984,1298,VB007194
Christopher,White,christopher.white51@outlook.com,963-238-5057,3579 Jefferson Dr,Richmond,fl,73660,08/20/1957,8774,VB007195
Jennifer,Baker,jennifer.baker84@gmail.com,+12657802435,6771 Lake Rd,Fairview,MT,44032,1981-05-12,1322,VB007196
Lisa,Johnson,lisa.johnson28@icloud.com,449.736.1365,8028 Lake Rd,Georgetown,MO,39705,26-Jun-1973,1527,VB007197
Jessica,Wright,jessica.wright56@gmail.com,(756) 442-8619,6181 Maple Dr,Burlington,ri,58912,03-25-1940,8916,VB007198
William,Brown,,7484086030,4415 Park Blvd,Greenville,Michigan,42526,07/31/1983,5777,VB007199
Daniel,Johnson,daniel.johnson15@hotmail.com,515-743-8332,1490 Hill Rd,Salem,RI,92922,1964-12-17,2802,VB007200
Mary,Smith,mary.smith89@icloud.com,+14506097177,2329 River Dr,Arlington,or,12276,25-Jun-1956,4010,VB007201
Matthew,King,matthew.king49@aol.com,244.512.3145,4048 Valley Ln,Dayton,VA,69155,07-27-1960,9569,VB007202
Ashley,Adams,ashley.adams55@gmail.com,(364) 915-5275,8296 Oak Ave,Georgetown,NE,88920,02/19/1989,6353,VB007203
Sarah,Taylor,sarah.taylor59@outlook.com,5508304627,9307 Sunset Blvd,Dayton,ne,29920,1947-02-23,9392,VB007204
Nancy,Anderson,nancy.anderson45@aol.com,802-411-9593,9694 Valley Ln,Springfield,VA,29719,01-Jun-1973,5577,VB007205
Susan,Young,susan.young28@aol.com,+12857538560,3805 Maple Dr,Manchester,MA,19384,02-27-1964,6254,VB007206
Ashley,Walker,ashley.walker16@aol.com,725.761.5472,2322 Forest Ave,Richmond,de,59273,01/12/1996,7970,VB007207
Lisa,Taylor,lisa.taylor13@gmail.com,(381) 531-7562,7353 Cedar Ln,Dayton,Ohio,59259,1951-08-09,8512,VB007208
Betty,Nelson,betty.nelson12@icloud.com,3949586769,4756 Main St,Springfield,CA,46727,09-Oct-1961,5807,VB007209
Patricia,Wright,patricia.wright95@yahoo.com,689-200-8038,6139 Lincoln Ave,Arlington,ia,94608,06-24-1974,7489,VB007210
Lisa,Jones,,+13234536676,8249 Hill Rd,Salem,AK,43168,06/23/1958,3320,VB007211
Thomas,Davis,thomas.davis69@icloud.com,725.914.4143,7206 Park Blvd,Madison,OH,84130,1954-11-28,4114,VB007212
Anthony,Young,anthony.young8@aol.com,(694) 931-6071,1619 Sunset Blvd,Arlington,ga,28900,08-Nov-1964,9912,VB007213
Nancy,Davis,nancy.davis65@yahoo.com,5574432078,1056 Lincoln Ave,Fairview,KY,10416,05-26-1979,8148,VB007214
Betty,Hill,,674-479-1200,3274 Hill Rd,Fairview,UT,51514,09/05/1945,6099,VB007215
Robert,Davis,,+19307854737,2944 Lake Rd,Greenville,oh,29553,1996-12-21,7591,VB007216
Mary,Jackson,mary.jackson96@yahoo.com,310.802.8600,3744 Lincoln Ave,Arlington,CT,39767,04-May-1953,6415,VB007217
Jennifer,Anderson,jennifer.anderson2@icloud.com,(324) 547-4583,4436 River Dr,Clinton,UT,16390,05-29-1952,8092,VB007218
James,Thompson,,4182126236,467 Park Blvd,Clinton,in,61621,02/04/1944,6802,VB007219
Joseph,Anderson,joseph.anderson54@hotmail.com,513-791-7163,4058 Jefferson Dr,Manchester,OR,33942,1948-08-06,5983,VB007220
Christopher,Adams,christopher.adams86@outlook.com,+16835864414,9696 Washington St,Georgetown,WI,39217,08-Sep-1995,9325,VB007221
Patricia,Torres,,953.321.7482,9550 Jefferson Dr,Salem,va,34891,06-27-1975,7564,VB007222
Daniel,King,daniel.king25@icloud.com,(840) 505-5341,8532 Oak Ave,Fairview,MD,40910,09/06/1971,1040,VB007223
William,Young,william.young3@icloud.com,7114558009,2737 Lincoln Ave,Greenville,OH,84151,1944-01-21,2670,VB007224
William,King,,329-605-9392,7500 Lake Rd,Salem,nd,97035,30-Oct-1951,2720,VB007225
Patricia,Williams,patricia.williams39@gmail.com,+12002233063,7252 Jefferson Dr,Georgetown,MD,22991,06-03-1999,9888,VB007226
Sandra,Jackson,sandra.jackson95@yahoo.com,265.999.4695,44 Washington St,Clinton,CA,13544,04/20/1983,6614,VB007227
Daniel,Hill,daniel.hill10@yahoo.com,(740) 971-4258,9574 Hill Rd,Oxford,ct,80327,1969-01-13,9990,VB007228
Anthony,Davis,anthony.davis10@gmail.com,5407685137,3332 Jefferson Dr,Burlington,AZ,24959,14-Sep-1960,2030,VB007229
Margaret,Anderson,,971-340-2671,5331 Hill Rd,Springfield,WI,89171,09-23-1996,1026,VB007230
Sandra,Nguyen,sandra.nguyen23@aol.com,+15879568090,7983 Lincoln Ave,Dayton,ak,59470,09/05/1944,1467,VB007231
Betty,Nelson,betty.nelson61@icloud.com,404.530.3173,4801 Oak Ave,Arlington,AK,37132,1991-10-26,8555,VB007232
Linda,Baker,linda.baker39@aol.com,(365) 696-3139,1962 Main St,Georgetown,ND,61607,01-Jul-1988,4170,VB007233
Charles,Allen,charles.allen9@gmail.com,2309503607,3797 Oak Ave,Dayton,ct,75461,12-11-2000,8805,VB007234
Karen,Davis,,847-386-3296,8600 Lake Rd,Springfield,KS,43494,09/09/1947,4158,VB007235
Linda,Brown,linda.brown38@yahoo.com,+19654794255,1878 Maple Dr,Richmond,NC,71878,1940-05-06,1129,VB007236
Charles,Smith,,584.656.4025,8400 Sunset Blvd,Greenville,ma,32170,22-Oct-1965,5208,VB007237
Matthew,Thompson,matthew.thompson47@yahoo.com,(263) 916-5625,1211 Lincoln Ave,Burlington,OK,18943,01-19-1986,5132,VB007238
Susan,Miller,susan.miller91@aol.com,2184799908,6835 Forest Ave,Dayton,HI,51442,05/16/1949,5941,VB007239
David,Walker,david.walker22@hotmail.com,251-478-5011,4921 Park Blvd,Greenville,nv,97734,1951-03-23,1375,VB007240
John,Nguyen,john.nguyen93@yahoo.com,+15583041591,5381 Lake Rd,Marion,VA,53494,01-Oct-1985,9002,VB007241
Mark,Garcia,,804.409.9283,7269 Jefferson Dr,Salem,AZ,12347,09-30-1976,4257,VB007242
Sarah,Harris,sarah.harris44@icloud.com,(491) 475-6309,4414 Jefferson Dr,Franklin,ia,24671,03/05/1947,1309,VB007243
Betty,Allen,betty.allen90@gmail.com,8772697352,5608 Lincoln Ave,Clinton,ND,87540,1946-06-05,4008,VB007244
Jessica,Johnson,,682-817-9961,8131 Park Blvd,Salem,CO,29862,03-Mar-1941,1116,VB007245
Margaret,Scott,margaret.scott60@gmail.com,+14688225823,930 Cedar Ln,Georgetown,in,75889,10-24-1957,1585,VB007246
Ashley,Nguyen,ashley.nguyen53@icloud.com,366.693.4723,3811 Main St,Marion,Texas,84772,01/12/1941,4963,VB007247
Susan,Hall,susan.hall91@aol.com,(984) 718-6327,8353 Lake Rd,Dayton,NM,50426,1997-10-08,3601,VB007248
Mark,Wright,mark.wright23@icloud.com,4845096941,18 Forest Ave,Georgetown,ut,93105,10-Jan-1997,1655,VB007249
Mary,Davis,mary.davis79@gmail.com,318-920-6369,563 Lincoln Ave,Dayton,VT,65698,01-22-2002,3274,VB007250
Mark,Brown,,+16552229806,8252 Sunset Blvd,Oxford,ME,96702,08/05/1985,1500,VB007251
Richard,Martin,richard.martin71@yahoo.com,422.751.2267,5281 Lake Rd,Richmond,ct,29606,1961-06-16,5993,VB007252
Charles,Harris,charles.harris74@hotmail.com,(839) 658-2522,6656 Washington St,Franklin,NM,20480,05-Jan-1940,3931,VB007253
Jessica,Johnson,jessica.johnson48@hotmail.com,9029628045,273 Park Blvd,Franklin,AZ,96634,10-05-1949,3981,VB007254
David,Scott,david.scott85@outlook.com,364-373-9434,317 Jefferson Dr,Burlington,la,39288,07/12/1975,2470,VB007255
Christopher,Brown,christopher.brown76@icloud.com,+12025176108,7380 Main St,Marion,MS,64273,1940-02-14,5503,VB007256
Susan,Young,,663.709.9939,4513 Lake Rd,Dayton,MA,35536,07-Nov-1988,2806,VB007257
Daniel,Martin,daniel.martin28@hotmail.com,(234) 996-3059,3695 Oak Ave,Springfield,mn,48863,12-31-1995,3771,VB007258
Barbara,Davis,barbara.davis37@outlook.com,8413293150,8631 Jefferson Dr,Greenville,AK,14607,07/13/1999,6846,VB007259
Charles,Anderson,charles.anderson1@hotmail.com,727-927-7783,2226 Lake Rd,Clinton,ID,30852,2002-10-16,5217,VB007260
Mark,Miller,,+18055457544,9007 Hill Rd,Clinton,ne,57108,25-Aug-1984,2978,VB007261
Nancy,Williams,,720.840.1247,8073 Park Blvd,Salem,CO,62878,03-24-1964,7818,VB007262
Margaret,Torres,margaret.torres57@hotmail.com,(805) 761-4855,9754 Main St,Greenville,HI,81076,12/07/1967,3563,VB007263
William,Walker,,3473249328,7951 Washington St,Burlington,ma,97124,1962-09-01,7963,VB007264
Thomas,White,thomas.white19@icloud.com,254-362-8046,1544 Cedar Ln,Richmond,OK,62238,30-Sep-1982,3390,VB007265
Mary,Martin,mary.martin31@icloud.com,+16523284238,9934 Valley Ln,Marion,CT,97385,02-12-1970,8957,VB007266
William,Williams,william.williams50@aol.com,283.879.5033,5630 Washington St,Burlington,ny,98350,05/31/1978,4912,VB007267
William,Wright,william.wright14@aol.com,(445) 563-9622,5544 Maple Dr,Georgetown,WY,17176,1941-05-23,6351,VB007268
Richard,Garcia,richard.garcia33@hotmail.com,9315919037,8385 Washington St,Richmond,VT,22800,09-Dec-1998,1407,VB007269
Karen,Brown,karen.brown82@icloud.com,628-594-7731,2758 Lake Rd,Oxford,nc,39486,02-08-1991,3662,VB007270
William,Baker,william.baker52@yahoo.com,+13504508989,5319 Cedar Ln,Manchester,Ohio,79390,08/16/1955,8110,VB007271
James,Garcia,james.garcia97@hotmail.com,355.449.6227,414 Maple Dr,Arlington,TN,36204,1951-04-21,8423,VB007272
Michael,Wilson,michael.wilson59@outlook.com,(844) 302-7053,797 River Dr,Madison,az,69013,10-Oct-1964,2693,VB007273
Matthew,Brown,matthew.brown28@hotmail.com,7135126243,8691 Forest Ave,Franklin,UT,49329,09-06-1994,4445,VB007274
Richard,Miller,richard.miller45@icloud.com,956-649-7789,8823 Forest Ave,Madison,LA,36634,01/12/1981,3332,VB007275
Joseph,King,joseph.king58@icloud.com,+14939789421,2074 Oak Ave,Dayton,fl,59080,1984-04-02,1571,VB007276
Ashley,Thomas,ashley.thomas59@outlook.com,264.439.7875,6125 Jefferson Dr,Georgetown,KY,77316,05-Jun-1988,8171,VB007277
James,Nelson,,(843) 368-3703,1287 Cedar Ln,Georgetown,MN,89545,06-19-1944,6153,VB007278
Matthew,Taylor,matthew.taylor87@gmail.com,3893657425,2540 Park Blvd,Burlington,md,32861,06/13/1969,2015,VB007279
Mary,Scott,,208-383-7029,5731 Oak Ave,Greenville,ND,31115,1981-07-04,7775,VB007280
Karen,Wright,karen.wright85@hotmail.com,+12957637265,9387 River Dr,Georgetown,NE,92621,13-Jul-1946,4549,VB007281
Charles,Taylor,charles.taylor98@outlook.com,951.203.4220,2476 Main St,Springfield,wi,37744,06-07-1999,1353,VB007282
Patricia,Wright,patricia.wright2@hotmail.com,(530) 470-1804,7124 Lake Rd,Madison,WA,75123,03/14/1987,3400,VB007283
Matthew,Taylor,matthew.taylor11@aol.com,3518149847,7812 Park Blvd,Salem,ND,20040,1953-07-05,3879,VB007284
Barbara,Allen,barbara.allen83@aol.com,560-607-1490,1879 Maple Dr,Manchester,ma,66280,05-Sep-1956,6861,VB007285
Matthew,Johnson,matthew.johnson36@outlook.com,+19699843265,3195 Lake Rd,Madison,NE,87162,05-20-1968,2600,VB007286
Ashley,Martin,,495.576.7169,8272 Jefferson Dr,Burlington,OK,34063,12/18/1978,4870,VB007287
Matthew,Johnson,matthew.johnson16@gmail.com,(324) 946-5811,2422 Maple Dr,Marion,ne,24747,1953-08-17,5616,VB007288
Robert,King,,2977047392,7514 Jefferson Dr,Salem,North Carolina,99259,02-May-1944,1300,VB007289
Sarah,Williams,sarah.williams73@aol.com,894-744-8021,4041 Maple Dr,Marion,PA,56972,03-26-1995,2458,VB007290
Sandra,Hall,,+16017858027,8519 Washington St,Burlington,nj,85352,04/22/1995,3063,VB007291
Barbara,Walker,barbara.walker89@icloud.com,911.604.2129,4750 Main St,Fairview,ND,85368,1973-06-28,2960,VB007292
Karen,Miller,karen.miller37@yahoo.com,(305) 327-9940,3624 Forest Ave,Oxford,KS,89062,15-Apr-1999,3067,VB007293
Margaret,Baker,,7397297930,3441 River Dr,Springfield,id,92566,10-29-1996,1574,VB007294
Christopher,Brown,christopher.brown9@outlook.com,721-523-8379,5771 Park Blvd,Burlington,IN,44334,10/09/1985,1078,VB007295
Mary,Garcia,mary.garcia18@yahoo.com,+15557687069,9719 Cedar Ln,Richmond,MN,77000,1945-01-07,4379,VB007296
Nancy,Garcia,nancy.garcia5@icloud.com,600.869.6328,9799 Oak Ave,Springfield,al,46189,22-Jul-1962,4106,VB007297
John,Wilson,john.wilson94@gmail.com,(210) 726-7609,1212 Hill Rd,Oxford,Texas,11264,11-09-1951,4845,VB007298
John,White,john.white89@icloud.com,9552726120,5230 Lake Rd,Richmond,KS,16739,04/21/1991,5967,VB007299
John,Wright,john.wright5@aol.com,875-491-9730,3719 Sunset Blvd,Richmond,il,17218,1956-03-31,3380,VB007300
Betty,Allen,betty.allen89@aol.com,+16824159762,4387 Oak Ave,Fairview,DE,86028,20-May-1979,7135,VB007301
Sandra,Walker,sandra.walker45@gmail.com,777.858.3392,4176 Washington St,Salem,LA,99415,08-28-1947,2204,VB007302
William,Hall,william.hall74@outlook.com,(231) 665-4692,2311 Main St,Madison,tn,86394,06/19/1988,3876,VB007303
Mary,Johnson,mary.johnson12@outlook.com,7682439794,717 River Dr,Manchester,OK,33759,1964-03-21,3310,VB007304
Richard,Walker,richard.walker80@hotmail.com,921-394-7481,729 Hill Rd,Springfield,TN,48701,20-May-1996,9478,VB007305
Jessica,Hill,jessica.hill15@outlook.com,+18916908848,3453 Valley Ln,Greenville,tn,63857,01-05-1942,4992,VB007306
Linda,Wilson,linda.wilson55@gmail.com,889.454.2734,6777 Oak Ave,Fairview,Texas,49068,02/16/1941,8984,VB007307
Nancy,Davis,nancy.davis4@outlook.com,(452) 537-5573,6887 Main St,Springfield,WV,73938,1992-02-23,8539,VB007308
Jessica,Torres,jessica.torres52@yahoo.com,9115755630,5798 Sunset Blvd,Greenville,hi,85119,28-Jan-1995,9034,VB007309
Susan,Garcia,susan.garcia56@yahoo.com,817-877-5086,8013 Forest Ave,Dayton,ND,59977,06-29-1982,8240,VB007310
William,Walker,william.walker35@hotmail.com,+14035564217,3800 Valley Ln,Manchester,AZ,69872,01/12/1987,2018,VB007311
Anthony,Torres,anthony.torres69@aol.com,323.986.6754,6827 Lake Rd,Burlington,sc,60061,1941-03-26,5814,VB007312
Karen,Harris,karen.harris87@yahoo.com,(651) 894-2770,6497 Main St,Oxford,NM,40104,20-Jul-1943,7057,VB007313
Ashley,Davis,ashley.davis38@gmail.com,9878822346,9959 Lincoln Ave,Madison,ID,31060,07-27-1985,6867,VB007314
Mark,King,mark.king58@aol.com,379-471-6715,5427 River Dr,Oxford,ne,46208,10/01/1967,4122,VB007315
Jennifer,Brown,jennifer.brown33@outlook.com,+13657838048,7939 Hill Rd,Oxford,KS,94353,1959-08-12,3390,VB007316
Robert,Jones,robert.jones13@hotmail.com,234.874.4401,1163 Cedar Ln,Madison,MS,39132,29-Jul-1986,9195,VB007317
Robert,Johnson,,(222) 582-1291,8445 Main St,Madison,mn,80238,01-13-1996,6880,VB007318
Christopher,King,christopher.king52@icloud.com,6922632692,86 Valley Ln,Arlington,AR,25921,10/18/1973,1625,VB007319
Sandra,Jones,sandra.jones89@outlook.com,831-628-7029,4715 River Dr,Greenville,CO,22112,1974-07-28,8400,VB007320
Ashley,Allen,ashley.allen9@icloud.com,+16759175951,6690 Oak Ave,Greenville,az,14877,22-Apr-1967,9071,VB007321
Daniel,Young,daniel.young65@hotmail.com,987.371.7185,3340 Washington St,Georgetown,VT,35904,06-06-1954,6646,VB007322
Sandra,Jones,,(692) 448-3590,6520 Hill Rd,Dayton,MA,94326,05/07/1984,9755,VB007323
Thomas,Taylor,thomas.taylor74@gmail.com,2802579529,3166 Oak Ave,Richmond,ok,54289,1998-12-19,4348,VB007324
Mary,Nguyen,,729-563-9858,4910 Park Blvd,Arlington,SC,14144,04-Aug-1994,4831,VB007325
Jennifer,Wilson,jennifer.wilson70@icloud.com,+18739585471,5408 Forest Ave,Franklin,MS,86392,01-30-1978,7738,VB007326
Robert,Davis,,323.337.8908,4614 River Dr,Oxford,va,11308,12/03/1949,8993,VB007327
Jennifer,Davis,jennifer.davis17@aol.com,(363) 281-5724,935 Lake Rd,Arlington,VT,10868,1986-02-14,5733,VB007328
Patricia,Wilson,patricia.wilson53@hotmail.com,6275649466,1556 Hill Rd,Oxford,OH,96888,24-Feb-1949,1154,VB007329
Anthony,King,,921-686-5440,2242 Lincoln Ave,Salem,ky,47354,07-25-1987,9848,VB007330
Karen,Wright,karen.wright10@outlook.com,+15036833896,9413 Lake Rd,Salem,ME,61904,02/09/1957,2070,VB007331
James,Wilson,james.wilson60@yahoo.com,456.599.1140,3280 River Dr,Salem,NE,52314,1967-12-27,6758,VB007332
Patricia,Jackson,patricia.jackson72@icloud.com,(764) 441-5999,8208 Jefferson Dr,Burlington,me,32138,29-May-1977,3980,VB007333
Betty,Johnson,betty.johnson43@outlook.com,8416651527,9860 Washington St,Madison,ME,98324,11-01-1944,8540,VB007334
Margaret,Adams,margaret.adams16@yahoo.com,897-494-6048,9350 Jefferson Dr,Greenville,RI,51017,01/30/1948,2034,VB007335
Karen,Anderson,karen.anderson88@icloud.com,+19807369863,4702 Lincoln Ave,Dayton,md,44836,1999-09-23,3231,VB007336
Karen,Davis,karen.davis54@icloud.com,413.900.1460,1178 Hill Rd,Arlington,OK,48829,14-Dec-1967,6451,VB007337
Linda,Hill,,(707) 591-7475,804 Maple Dr,Salem,CT,62041,04-30-1990,3950,VB007338
Jennifer,Garcia,jennifer.garcia62@hotmail.com,7248012219,7361 Main St,Manchester,va,44646,09/06/2004,7003,VB007339
Betty,Adams,betty.adams42@hotmail.com,867-478-6079,8426 Lincoln Ave,Georgetown,AL,29099,2000-10-04,5893,VB007340
Daniel,Torres,daniel.torres54@icloud.com,+18909956362,8033 Oak Ave,Dayton,NM,17235,01-Jul-1950,6032,VB007341
Jessica,Miller,jessica.miller80@yahoo.com,586.444.8855,2558 Hill Rd,Oxford,mo,44446,01-28-1973,9467,VB007342
Lisa,Young,lisa.young99@hotmail.com,(456) 232-3458,2678 Valley Ln,Salem,MT,48255,02/11/1974,5657,VB007343
Sandra,Smith,sandra.smith69@yahoo.com,7366323346,4988 Valley Ln,Dayton,NE,45649,1996-05-20,4008,VB007344
Margaret,Thompson,margaret.thompson61@outlook.com,759-539-9766,6477 Main St,Franklin,la,84350,25-Oct-1948,6691,VB007345
Mark,Scott,mark.scott40@gmail.com,+19842814418,5684 Washington St,Franklin,IN,88741,07-13-1940,3646,VB007346
Richard,Nguyen,richard.nguyen39@aol.com,383.906.4191,7315 Main St,Georgetown,IL,42542,10/23/1956,9994,VB007347
William,Martin,william.martin84@gmail.com,(228) 957-2306,4427 Valley Ln,Fairview,ok,11646,1942-03-27,1284,VB007348
Matthew,White,,5686848939,2611 Jefferson Dr,Madison,Ohio,72810,16-Jun-1983,5732,VB007349
Anthony,Johnson,anthony.johnson28@yahoo.com,350-646-6849,7374 Forest Ave,Arlington,MT,11196,05-08-1982,8084,VB007350
Patricia,Anderson,patricia.anderson98@gmail.com,+17486488563,7819 Main St,Burlington,ri,99168,12/03/1998,3247,VB007351
Karen,Anderson,,578.453.7073,4407 Lake Rd,Greenville,MS,57708,1958-04-16,7589,VB007352
Linda,Anderson,linda.anderson30@hotmail.com,(360) 645-3238,7509 Jefferson Dr,Franklin,UT,58832,07-Sep-1952,4335,VB007353
Karen,Martin,karen.martin65@aol.com,7142759321,2806 Hill Rd,Burlington,nv,48111,07-11-1960,1237,VB007354
John,Smith,john.smith68@gmail.com,743-834-9336,6810 Hill Rd,Manchester,MT,19860,03/29/1962,3451,VB007355
Michael,Nguyen,michael.nguyen90@yahoo.com,+14975574095,6418 Lake Rd,Fairview,MA,87577,1976-04-28,6197,VB007356
Sandra,White,sandra.white59@aol.com,590.317.4204,7694 Oak Ave,Georgetown,nj,64124,07-Nov-1997,7484,VB007357
Thomas,Wilson,thomas.wilson4@aol.com,(223) 214-2745,4783 Cedar Ln,Manchester,CT,15211,01-23-1946,8108,VB007358
Susan,Anderson,susan.anderson27@gmail.com,7448565212,4793 Jefferson Dr,Madison,VA,61152,10/19/1993,1693,VB007359
Michael,Nguyen,,660-364-8707,7703 Maple Dr,Marion,sd,28731,1982-08-06,7374,VB007360
David,Williams,david.williams51@outlook.com,+16099848295,193 River Dr,Fairview,NE,92593,17-Sep-1959,3303,VB007361
Barbara,Walker,,539.483.3573,5936 Washington St,Marion,GA,33292,12-05-1944,4921,VB007362
Sarah,Miller,sarah.miller26@icloud.com,(539) 625-3759,3347 Valley Ln,Fairview,ut,31770,11/10/2004,5428,VB007363
William,Hall,william.hall59@outlook.com,7113342720,6661 Valley Ln,Marion,CT,10455,1969-11-23,2836,VB007364
Michael,Jackson,michael.jackson5@icloud.com,943-353-7243,1286 Oak Ave,Arlington,IA,84108,03-Mar-1985,9982,VB007365
Betty,Adams,betty.adams5@hotmail.com,+13543292335,8663 Park Blvd,Georgetown,nj,95762,07-05-1966,7658,VB007366
Thomas,Scott,thomas.scott97@hotmail.com,971.725.1894,5802 Oak Ave,Springfield,NE,65412,02/20/1960,5007,VB007367
Patricia,Wright,patricia.wright34@yahoo.com,(961) 494-5594,1548 Washington St,Georgetown,IL,60200,1962-10-17,2841,VB007368
Richard,Adams,richard.adams99@yahoo.com,4414963998,8899 Park Blvd,Arlington,va,11621,01-Apr-1951,3417,VB007369
David,Allen,david.allen73@yahoo.com,456-622-6335,8668 Park Blvd,Springfield,IN,53482,10-10-1952,7698,VB007370
Patricia,Miller,patricia.miller80@icloud.com,+19083239693,4379 Oak Ave,Marion,AK,57036,04/21/1948,5743,VB007371
William,Martin,,229.700.4602,5679 Maple Dr,Salem,mi,65089,1972-11-23,3214,VB007372
Barbara,Davis,barbara.davis77@gmail.com,(648) 798-4072,637 Cedar Ln,Greenville,IN,23555,28-Dec-1950,1786,VB007373
Margaret,Adams,margaret.adams12@gmail.com,4316627448,9915 Washington St,Greenville,KS,87835,03-06-1942,4100,VB007374
Christopher,Miller,christopher.miller33@outlook.com,551-961-9721,8276 River Dr,Fairview,or,42416,02/10/1948,3967,VB007375
Barbara,Brown,barbara.brown42@yahoo.com,+18326716928,1444 River Dr,Richmond,CT,41891,1979-02-01,7560,VB007376
Joseph,Wright,joseph.wright98@yahoo.com,372.273.9636,6329 Forest Ave,Arlington,IN,36879,13-May-2003,8272,VB007377
Ashley,Harris,ashley.harris8@yahoo.com,(404) 840-2999,8517 Cedar Ln,Dayton,ms,64461,02-28-2004,8962,VB007378
William,Brown,william.brown91@gmail.com,9699524084,1150 Sunset Blvd,Manchester,WY,62410,01/21/1959,8185,VB007379
Thomas,White,,857-663-2137,926 Washington St,Georgetown,OR,29842,2000-08-14,6764,VB007380
James,Hall,james.hall90@outlook.com,+18325679582,2752 River Dr,Franklin,nv,86414,02-Jul-1948,4271,VB007381
Richard,Adams,richard.adams61@hotmail.com,576.525.3934,6216 Washington St,Clinton,NV,61927,11-02-1962,2117,VB007382
Linda,King,linda.king15@gmail.com,(670) 836-4882,1369 Hill Rd,Madison,DE,52211,03/08/1965,3726,VB007383
Ashley,Davis,ashley.davis7@hotmail.com,8707256441,5636 Jefferson Dr,Clinton,ny,42282,1993-09-28,6921,VB007384
Richard,Wilson,richard.wilson49@aol.com,892-561-5660,5251 Main St,Springfield,Pennsylvania,15913,02-Jul-1951,7003,VB007385
John,Thomas,john.thomas75@hotmail.com,+17537452183,2687 Cedar Ln,Clinton,WA,83517,04-05-1987,7746,VB007386
Sarah,Brown,sarah.brown43@aol.com,981.519.5733,4023 Maple Dr,Richmond,il,86464,12/27/1987,1680,VB007387
Mark,Taylor,mark.taylor15@yahoo.com,(533) 340-9010,6992 Lincoln Ave,Greenville,MN,54916,1995-05-04,5047,VB007388
Mary,White,mary.white88@aol.com,2916048570,6059 Lincoln Ave,Greenville,OH,91277,04-May-1984,8838,VB007389
Christopher,Harris,,430-332-8893,5537 Washington St,Fairview,wa,40115,06-17-1970,8939,VB007390
Thomas,Thomas,thomas.thomas70@aol.com,+16089005566,345 Sunset Blvd,Salem,Ohio,80842,02/11/1941,3483,VB007391
Nancy,Wright,nancy.wright41@yahoo.com,674.381.7312,4507 Forest Ave,Richmond,SC,34286,1944-01-22,5608,VB007392
Joseph,Williams,,(368) 289-8292,4688 Lake Rd,Fairview,in,22891,12-Aug-1964,6841,VB007393
Michael,Scott,michael.scott85@outlook.com,2335247873,9358 Main St,Madison,WI,41140,01-19-1977,5966,VB007394
Thomas,Walker,thomas.walker30@hotmail.com,809-264-9402,8478 Lake Rd,Manchester,MN,30520,03/17/1955,3553,VB007395
Matthew,Jones,matthew.jones90@hotmail.com,+16402141672,1313 Lincoln Ave,Franklin,co,57925,1979-01-14,7806,VB007396
Charles,Johnson,charles.johnson35@yahoo.com,880.345.2988,8377 Oak Ave,Springfield,AK,98555,19-May-1994,8660,VB007397
Sarah,Thomas,sarah.thomas96@outlook.com,(536) 887-3042,7187 Maple Dr,Madison,IA,21856,03-13-1989,1242,VB007398
Margaret,King,margaret.king2@yahoo.com,9319943562,9641 Sunset Blvd,Richmond,mn,53734,11/06/1984,7526,VB007399
Richard,Torres,,349-394-6308,8335 Park Blvd,Franklin,Ohio,10879,1955-09-20,6234,VB007400
Charles,Adams,charles.adams22@outlook.com,+14632106425,9969 Maple Dr,Marion,HI,63682,11-Aug-1969,6128,VB007401
Betty,Wilson,betty.wilson74@icloud.com,982.339.8644,9332 Lincoln Ave,Fairview,sd,53525,11-06-1982,3243,VB007402
John,Hill,,(304) 421-2937,191 Oak Ave,Arlington,LA,15236,11/08/1969,8422,VB007403
Karen,Wilson,karen.wilson9@yahoo.com,4628989566,2447 Washington St,Georgetown,AK,48600,1942-11-05,8139,VB007404
James,Martin,james.martin86@outlook.com,632-989-1893,4964 River Dr,Madison,wv,93115,27-May-1950,8377,VB007405
Richard,Jones,richard.jones11@aol.com,+17584432148,2914 Park Blvd,Dayton,OR,71581,04-30-1980,4860,VB007406
Ashley,Wilson,ashley.wilson13@outlook.com,819.533.4444,4910 Washington St,Marion,WY,55392,05/07/1977,5124,VB007407
Margaret,Scott,margaret.scott92@hotmail.com,(458) 985-2408,1094 Sunset Blvd,Oxford,ia,93538,1983-07-28,5701,VB007408
Robert,Thomas,,8848535333,2623 Cedar Ln,Richmond,ND,11399,17-Aug-1988,3975,VB007409
William,Anderson,william.anderson79@hotmail.com,524-557-9594,6202 Sunset Blvd,Georgetown,NV,44356,03-23-1993,7912,VB007410
Christopher,Jackson,christopher.jackson3@outlook.com,+18893219762,97 Sunset Blvd,Burlington,sc,18288,07/15/1992,1745,VB007411
Karen,Jones,karen.jones90@outlook.com,743.949.2014,8966 Washington St,Manchester,OR,70285,1942-03-27,9156,VB007412
Mary,Miller,,(739) 303-4763,160 Valley Ln,Dayton,CT,82158,11-Aug-1964,6769,VB007413
Mark,Adams,mark.adams21@icloud.com,3132715270,6738 Cedar Ln,Richmond,ut,23026,11-16-1952,4714,VB007414
Nancy,Walker,,747-455-1559,2866 Oak Ave,Fairview,MT,73790,09/10/1945,7686,VB007415
Patricia,Brown,patricia.brown53@yahoo.com,+14476703713,2844 Cedar Ln,Madison,CT,10415,1961-06-03,6054,VB007416
Patricia,Young,patricia.young72@gmail.com,501.527.8507,6457 Valley Ln,Greenville,hi,84055,21-Mar-1978,3561,VB007417
Mary,Jackson,mary.jackson51@outlook.com,(983) 727-2313,1522 Oak Ave,Salem,AZ,12740,02-23-2003,2665,VB007418
Thomas,Jones,thomas.jones21@yahoo.com,7442647416,3067 Lincoln Ave,Clinton,WA,36574,08/14/1998,4726,VB007419
Patricia,Scott,patricia.scott19@icloud.com,818-839-9246,5846 Hill Rd,Madison,sc,97455,1946-06-18,7642,VB007420
Michael,Thompson,michael.thompson15@hotmail.com,+13266772807,8516 Maple Dr,Salem,WI,57349,23-Mar-2003,5723,VB007421
Jennifer,Young,jennifer.young82@aol.com,752.690.5161,2818 Oak Ave,Springfield,PA,44931,12-09-1960,9911,VB007422
Anthony,Scott,anthony.scott41@icloud.com,(857) 614-7233,2701 Main St,Manchester,ms,94757,01/21/1978,4190,VB007423
Sarah,Scott,sarah.scott14@hotmail.com,5785743774,5851 Cedar Ln,Burlington,MD,64614,1940-11-06,6465,VB007424
Charles,Anderson,charles.anderson23@outlook.com,399-579-1845,4553 Cedar Ln,Arlington,LA,27370,07-Aug-1942,8605,VB007425
Jessica,Nelson,jessica.nelson66@hotmail.com,+12264556922,5803 Valley Ln,Fairview,mo,84575,09-23-1961,6473,VB007426
Jessica,Allen,,758.753.3804,6907 Valley Ln,Marion,ND,45766,08/04/1948,2790,VB007427
Karen,Nguyen,karen.nguyen49@icloud.com,(518) 282-7830,916 Oak Ave,Arlington,NH,55871,1943-05-31,7297,VB007428
Charles,Smith,charles.smith50@icloud.com,9649089285,190 Jefferson Dr,Madison,ky,51942,15-Dec-1996,1050,VB007429
Robert,Wilson,robert.wilson98@gmail.com,777-420-7130,818 Jefferson Dr,Dayton,AL,20150,09-18-1949,6436,VB007430
David,Garcia,david.garcia5@outlook.com,+13109145990,9355 Oak Ave,Fairview,CT,15440,09/30/1963,8067,VB007431
Sarah,Thompson,sarah.thompson10@aol.com,368.452.7774,5927 Cedar Ln,Richmond,ky,63266,1945-05-09,8075,VB007432
Betty,Nelson,betty.nelson35@aol.com,(578) 515-4749,6585 Maple Dr,Dayton,WY,67631,24-Jul-1998,5369,VB007433
Anthony,Davis,anthony.davis72@gmail.com,9873619229,8788 Washington St,Burlington,CT,77649,12-21-1946,9930,VB007434
Jennifer,Martin,jennifer.martin67@aol.com,938-465-3735,6093 Maple Dr,Burlington,wy,45227,08/04/1950,1480,VB007435
Jessica,Scott,jessica.scott8@aol.com,+16799394801,609 Lake Rd,Fairview,OK,28354,1997-04-22,1916,VB007436
Robert,Nelson,robert.nelson1@hotmail.com,700.787.2124,640 Hill Rd,Richmond,NJ,22479,21-Sep-1953,7811,VB007437
Robert,Hall,robert.hall18@icloud.com,(421) 406-4108,4553 Hill Rd,Madison,tn,67246,09-12-1941,2011,VB007438
Charles,Wilson,charles.wilson96@icloud.com,2514955613,588 River Dr,Marion,LA,86455,03/24/1947,3921,VB007439
Betty,Baker,betty.baker67@hotmail.com,590-866-4539,4648 Lincoln Ave,Fairview,TX,34783,1963-11-07,8730,VB007440
Linda,Young,linda.young72@icloud.com,+13915902712,6793 Hill Rd,Salem,wy,92581,31-Dec-1963,9467,VB007441
Linda,Brown,,406.938.9097,1931 Lincoln Ave,Marion,AZ,87581,06-07-1987,3415,VB007442
Jessica,Martin,jessica.martin44@aol.com,(347) 520-6231,5659 River Dr,Greenville,WI,58567,03/14/1986,2739,VB007443
Jessica,Williams,jessica.williams41@gmail.com,8225123047,3683 Sunset Blvd,Dayton,ok,32299,1953-12-10,6815,VB007444
Margaret,Taylor,,338-214-4126,1834 Jefferson Dr,Springfield,VT,34670,28-May-1942,4428,VB007445
Michael,Davis,michael.davis20@aol.com,+18226787980,18 Maple Dr,Oxford,RI,32037,03-12-1954,4675,VB007446
Jessica,Johnson,jessica.johnson60@gmail.com,943.613.9648,7707 Lake Rd,Clinton,wi,71662,06/04/1945,8878,VB007447
Linda,Thomas,linda.thomas21@icloud.com,(958) 890-9556,1268 Cedar Ln,Salem,Florida,98513,1963-09-06,3832,VB007448
Betty,Smith,betty.smith85@outlook.com,4398891920,2964 Cedar Ln,Marion,WY,51798,03-Mar-1999,1533,VB007449
Linda,Thomas,linda.thomas30@gmail.com,433-446-6437,8470 Washington St,Clinton,id,62700,06-28-1985,6677,VB007450
Michael,Martin,michael.martin37@gmail.com,+14789324025,8448 Lincoln Ave,Richmond,ND,44814,08/03/1998,9947,VB007451
Jessica,Anderson,jessica.anderson7@yahoo.com,442.488.7664,4163 Hill Rd,Franklin,OK,37070,2003-05-03,6161,VB007452
Christopher,Williams,christopher.williams7@hotmail.com,(972) 924-9444,4693 Oak Ave,Georgetown,wa,54042,10-Aug-1967,9628,VB007453
Christopher,White,christopher.white98@hotmail.com,2855821996,2331 Oak Ave,Marion,MT,44174,07-25-1970,3274,VB007454
Matthew,Hill,matthew.hill75@icloud.com,757-601-8219,7550 Forest Ave,Burlington,AR,53861,05/06/1972,5885,VB007455
Anthony,Martin,anthony.martin16@yahoo.com,+16097769408,1561 Lake Rd,Richmond,ks,39205,1964-04-11,6887,VB007456
John,Baker,john.baker70@aol.com,372.718.2040,220 Washington St,Georgetown,WA,83884,05-Jun-1954,6697,VB007457
Linda,Wilson,linda.wilson70@gmail.com,(341) 354-4788,6276 Washington St,Greenville,VA,38043,10-05-1945,7797,VB007458
Christopher,Jones,christopher.jones27@hotmail.com,9218247577,3969 Park Blvd,Arlington,va,72690,12/31/1954,8031,VB007459
David,Baker,david.baker20@hotmail.com,822-298-2489,4381 Sunset Blvd,Manchester,Georgia,25587,1945-01-06,6754,VB007460
Lisa,Walker,lisa.walker19@gmail.com,+12224197618,7730 Sunset Blvd,Richmond,KY,14616,10-Mar-1943,4020,VB007461
Susan,Hall,susan.hall93@yahoo.com,940.663.5214,889 Sunset Blvd,Clinton,or,47631,05-16-1959,6661,VB007462
Charles,King,charles.king13@gmail.com,(346) 984-6071,8965 Jefferson Dr,Manchester,CO,75393,06/10/1948,8451,VB007463
Anthony,Harris,anthony.harris75@icloud.com,4816148950,2994 Jefferson Dr,Arlington,NE,92811,1979-06-08,8578,VB007464
Nancy,Jones,nancy.jones79@hotmail.com,979-396-2461,8518 Washington St,Clinton,mt,62189,17-May-1953,2744,VB007465
Linda,Hall,,+16897446805,7063 Washington St,Burlington,WV,13456,05-15-1982,9944,VB007466
Ashley,Anderson,ashley.anderson20@yahoo.com,490.271.9991,722 Hill Rd,Marion,NJ,52998,10/10/1973,8708,VB007467
Jessica,Smith,jessica.smith84@yahoo.com,(536) 351-1651,8971 Jefferson Dr,Marion,ct,85293,1956-03-11,6042,VB007468
Richard,White,richard.white41@outlook.com,5208815176,6133 Maple Dr,Dayton,NM,18799,08-Mar-1948,2398,VB007469
Mark,Nelson,mark.nelson60@aol.com,590-952-3341,9006 Cedar Ln,Richmond,MS,20784,06-02-1992,8748,VB007470
Mark,Walker,mark.walker44@aol.com,+16405624839,1321 Park Blvd,Dayton,in,45452,12/25/1955,3940,VB007471
Betty,Thomas,betty.thomas33@outlook.com,587.248.5131,1761 Valley Ln,Madison,NJ,34262,1994-07-15,2381,VB007472
David,Young,david.young70@icloud.com,(644) 630-5056,1806 Sunset Blvd,Dayton,LA,97386,06-Nov-1959,9879,VB007473
Nancy,Torres,nancy.torres15@aol.com,7759832175,9326 Lake Rd,Georgetown,nm,68408,04-23-1965,5350,VB007474
Jessica,Miller,jessica.miller42@outlook.com,406-757-8329,4668 Maple Dr,Arlington,UT,25246,12/26/1982,6895,VB007475
Sarah,Thompson,sarah.thompson81@aol.com,+13056966080,5583 Jefferson Dr,Georgetown,KS,30597,1964-09-02,2134,VB007476
Charles,Hill,charles.hill85@outlook.com,265.867.1646,6445 Main St,Fairview,ri,94337,20-Nov-2001,5753,VB007477
Betty,Williams,betty.williams47@aol.com,(807) 311-8405,8255 Cedar Ln,Oxford,AZ,96363,10-12-1986,5941,VB007478
Betty,Nguyen,betty.nguyen87@aol.com,7538102020,8391 Lake Rd,Manchester,WI,55463,02/19/1960,3655,VB007479
Mark,Young,mark.young40@outlook.com,634-498-7953,7914 Maple Dr,Springfield,ak,80597,1953-06-19,4376,VB007480
Linda,Allen,linda.allen83@hotmail.com,+13775845676,915 Main St,Marion,ND,72971,25-May-2001,2337,VB007481
Sarah,Garcia,sarah.garcia32@icloud.com,584.353.9603,5425 Washington St,Burlington,NC,47683,12-19-1997,9926,VB007482
John,Jackson,john.jackson38@hotmail.com,(646) 348-2905,3756 Maple Dr,Salem,nv,26116,08/29/2003,4703,VB007483
James,Baker,,7769198768,3310 Cedar Ln,Dayton,WA,35693,1966-07-24,9248,VB007484
Jessica,Adams,jessica.adams55@aol.com,594-771-8720,5007 Main St,Fairview,IN,10188,22-Oct-1962,7124,VB007485
Jessica,Williams,jessica.williams92@hotmail.com,+16064706822,5971 Forest Ave,Georgetown,ia,18722,07-11-1945,1719,VB007486
Ashley,Martin,ashley.martin11@yahoo.com,289.258.2451,8199 Park Blvd,Greenville,MO,31652,07/04/1999,3240,VB007487
Christopher,King,,(397) 595-2992,4222 Lake Rd,Richmond,CA,97157,1997-07-26,9875,VB007488
Linda,Scott,linda.scott23@outlook.com,3315416344,1546 Main St,Oxford,ia,52424,14-Jul-1958,2616,VB007489
Mary,Garcia,mary.garcia60@hotmail.com,512-671-8615,306 River Dr,Madison,Ohio,20310,06-13-1958,4927,VB007490
Karen,Torres,karen.torres9@outlook.com,+13482777022,1423 Hill Rd,Richmond,KY,94712,10/25/1981,5637,VB007491
James,Anderson,james.anderson61@icloud.com,207.687.8821,4467 Lake Rd,Burlington,la,48832,1983-01-31,1929,VB007492
Charles,White,charles.white79@gmail.com,(316) 618-5823,4521 Sunset Blvd,Greenville,WA,40759,31-Aug-2004,8417,VB007493
Karen,Scott,karen.scott84@gmail.com,5899001059,3593 River Dr,Madison,OK,39312,03-06-1997,7773,VB007494
Matthew,Taylor,matthew.taylor43@yahoo.com,233-239-9614,3294 Park Blvd,Arlington,ma,60595,06/21/1984,1887,VB007495
Robert,Hill,robert.hill21@yahoo.com,+17332668034,1910 Sunset Blvd,Marion,HI,96900,1959-01-17,4366,VB007496
Sarah,Jones,sarah.jones23@hotmail.com,266.346.6789,3254 Valley Ln,Dayton,NH,91570,18-Jan-1971,8025,VB007497
Thomas,Garcia,thomas.garcia28@aol.com,(282) 615-3164,124 Cedar Ln,Madison,vt,34615,01-21-1988,9927,VB007498
Susan,Adams,,6316591672,9664 Lake Rd,Richmond,SC,91389,12/09/1941,5973,VB007499
END OF FILE,,,,,,,,,,
Total Records:,7500,,,,,,,,,
Generated:,2026-06-04,,,,,,,,,
